cluster_id,cluster_label,faulttype,subcategory,faultcause,ticket_count
0,Proactive poor experience link loss | Proactive | เหตุเสียใช,Proactive-poor experience modem performance,Proactive,Auto close by BOT,4985
0,Proactive poor experience link loss | Proactive | เหตุเสียใช,Proactive-poor experience modem performance,Proactive,ไม่ทราบสาเหตุ,237
0,Proactive poor experience link loss | Proactive | เหตุเสียใช,Proactive-poor experience modem performance,Proactive,Monitor เหตุเสียครบตามเงื่อนไข,40
0,Proactive poor experience link loss | Proactive | เหตุเสียใช,Proactive poor experience link loss,Proactive,Monitor เหตุเสียครบตามเงื่อนไข,16
0,Proactive poor experience link loss | Proactive | เหตุเสียใช,Proactive-poor experience modem performance,Proactive,เหตุเสียใช้ได้ ก่อนช่างถึงบ้าน,16
0,Proactive poor experience link loss | Proactive | เหตุเสียใช,Proactive poor experience link loss,Proactive,Reboot,15
0,Proactive poor experience link loss | Proactive | เหตุเสียใช,Proactive poor experience link loss,Proactive,เหตุเสียใช้ได้ ก่อนช่างถึงบ้าน,14
0,Proactive poor experience link loss | Proactive | เหตุเสียใช,Proactive poor experience link loss,Proactive,ขัดข้อง/เสีย,14
0,Proactive poor experience link loss | Proactive | เหตุเสียใช,Proactive poor experience link loss,Proactive,สายหัก/สายงอ/สายถูกดึงรั้ง,12
0,Proactive poor experience link loss | Proactive | เหตุเสียใช,Proactive poor experience link loss,Proactive,ทดสอบและอธิบายลูกค้า,10
0,Proactive poor experience link loss | Proactive | เหตุเสียใช,Proactive poor experience link loss,Proactive,หัวสายสำเร็จSC-APC เสีย,9
0,Proactive poor experience link loss | Proactive | เหตุเสียใช,Proactive poor experience link loss,Proactive,ลูกค้าเปลี่ยนใจ/ลูกค้าขอยกเลิกบริการเอง,9
0,Proactive poor experience link loss | Proactive | เหตุเสียใช,Proactive poor experience link loss,Proactive,CONFIG CHANGE,7
0,Proactive poor experience link loss | Proactive | เหตุเสียใช,Proactive poor experience link loss,Proactive,Modemไม่ lock/ไม่ Synch/High Loss,7
0,Proactive poor experience link loss | Proactive | เหตุเสียใช,Proactive poor experience link loss,Proactive,การใช้งานของลูกค้า,6
0,Proactive poor experience link loss | Proactive | เหตุเสียใช,Proactive-poor experience modem performance,Proactive,ลูกค้าเปลี่ยนใจ/ลูกค้าขอยกเลิกบริการเอง,6
0,Proactive poor experience link loss | Proactive | เหตุเสียใช,Proactive poor experience link loss,Proactive,ลูกค้าต้องการเปลี่ยน Modem,5
0,Proactive poor experience link loss | Proactive | เหตุเสียใช,Proactive poor experience link loss,Proactive,หัวสายสำเร็จSC-APC หลวม /ไม่สนิท,4
0,Proactive poor experience link loss | Proactive | เหตุเสียใช,Proactive poor experience link loss,Proactive,มีค่า Loss สูง,4
0,Proactive poor experience link loss | Proactive | เหตุเสียใช,Proactive poor experience link loss,Proactive,ไฟไม่เข้า,3
0,Proactive poor experience link loss | Proactive | เหตุเสียใช,Proactive poor experience link loss,Proactive,Area Manager เห็นชอบให้มีการเปลี่ยน CPE,3
0,Proactive poor experience link loss | Proactive | เหตุเสียใช,Proactive poor experience link loss,Proactive,Auto close by BOT,3
0,Proactive poor experience link loss | Proactive | เหตุเสียใช,Proactive-poor experience modem performance,Proactive,ลูกค้าแจ้งเสีย (เปิด Reactive Ticket),3
0,Proactive poor experience link loss | Proactive | เหตุเสียใช,Proactive poor experience link loss,Proactive,ลูกค้าแจ้งเสีย (เปิด Reactive Ticket),2
0,Proactive poor experience link loss | Proactive | เหตุเสียใช,Proactive poor experience link loss,Proactive,ไม่ทราบสาเหตุ,2
0,Proactive poor experience link loss | Proactive | เหตุเสียใช,Proactive poor experience link loss,Proactive,ลูกค้าแจ้งขอยกเลิกบริการ,2
0,Proactive poor experience link loss | Proactive | เหตุเสียใช,Proactive-poor experience modem performance,Proactive,การใช้งานของลูกค้า,2
0,Proactive poor experience link loss | Proactive | เหตุเสียใช,Proactive Rehome,Proactive,Modemไม่ lock/ไม่ Synch/High Loss,2
0,Proactive poor experience link loss | Proactive | เหตุเสียใช,Proactive poor experience link loss,Proactive,"ลูกค้าไม่สะดวก (ไม่อยู่บ้าน,ไม่แจ้งเหตุผล)",1
0,Proactive poor experience link loss | Proactive | เหตุเสียใช,Proactive poor experience link loss,Proactive,หัวสายสำเร็จSC-APC สกปรก,1
0,Proactive poor experience link loss | Proactive | เหตุเสียใช,Proactive poor experience link loss,Proactive,สายไม่เป็นระเบียบ,1
0,Proactive poor experience link loss | Proactive | เหตุเสียใช,Proactive poor experience link loss,Proactive,Ticket มีการระบุให้เปลี่ยนอุปกรณ์,1
0,Proactive poor experience link loss | Proactive | เหตุเสียใช,Proactive poor experience link loss,Proactive,อุปกรณ์คืนค่าโรงงาน,1
0,Proactive poor experience link loss | Proactive | เหตุเสียใช,Proactive poor experience link loss,Proactive,มีเสียงผิดปกติในตัวโมเด็ม,1
0,Proactive poor experience link loss | Proactive | เหตุเสียใช,Proactive poor experience link loss,Proactive,ไม่มีสัญญาณ CATV หรือ ค่า RF ไม่ได้ตามค่ามาตรฐาน,1
0,Proactive poor experience link loss | Proactive | เหตุเสียใช,Proactive poor experience link loss,Proactive,ไม่ตรงรุ่น,1
0,Proactive poor experience link loss | Proactive | เหตุเสียใช,Proactive poor experience link loss,Proactive,BUG FIRMWARE,1
0,Proactive poor experience link loss | Proactive | เหตุเสียใช,Proactive poor experience link loss,Proactive,LAN เสีย,1
0,Proactive poor experience link loss | Proactive | เหตุเสียใช,Proactive-poor experience modem performance,Proactive,อุปกรณ์คืนค่าโรงงาน,1
0,Proactive poor experience link loss | Proactive | เหตุเสียใช,Proactive-poor experience modem performance,Proactive,สายหัก/สายงอ/สายถูกดึงรั้ง,1
0,Proactive poor experience link loss | Proactive | เหตุเสียใช,Proactive-poor experience modem performance,Proactive,CONFIG CHANGE/BUG FIRMWARE,1
0,Proactive poor experience link loss | Proactive | เหตุเสียใช,Proactive-poor experience modem performance,Proactive,การไฟฟ้าย้ายแนว/จัดระเบียบสาย,1
1,Cloud CCTV-ดูย้อนหลังไม่ได้ | IOT-ปัญหาการใช้งาน | การใช้งาน,Cloud CCTV-ดูกล้องจาก Live View ไม่ได้,IOT-ปัญหาการใช้งาน,การใช้งานของลูกค้า,7439
1,Cloud CCTV-ดูย้อนหลังไม่ได้ | IOT-ปัญหาการใช้งาน | การใช้งาน,Cloud CCTV-ดูย้อนหลังไม่ได้,IOT-ปัญหาการใช้งาน,การใช้งานของลูกค้า,4810
1,Cloud CCTV-ดูย้อนหลังไม่ได้ | IOT-ปัญหาการใช้งาน | การใช้งาน,Cloud CCTV-ดูกล้องจาก Live View ไม่ได้,IOT-ปัญหาการใช้งาน,Monitor เหตุเสียครบตามเงื่อนไข,702
1,Cloud CCTV-ดูย้อนหลังไม่ได้ | IOT-ปัญหาการใช้งาน | การใช้งาน,Cloud CCTV-ดูย้อนหลังไม่ได้,IOT-ปัญหาการใช้งาน,Monitor เหตุเสียครบตามเงื่อนไข,535
1,Cloud CCTV-ดูย้อนหลังไม่ได้ | IOT-ปัญหาการใช้งาน | การใช้งาน,Cloud CCTV-ดูกล้องจาก Live View ไม่ได้,IOT-ปัญหาการใช้งาน,ไม่ทราบสาเหตุ,506
1,Cloud CCTV-ดูย้อนหลังไม่ได้ | IOT-ปัญหาการใช้งาน | การใช้งาน,Cloud CCTV-ดูกล้องจาก Live View ไม่ได้,IOT-ปัญหาการใช้งาน,ส่งงานไม่ถูกต้อง,284
1,Cloud CCTV-ดูย้อนหลังไม่ได้ | IOT-ปัญหาการใช้งาน | การใช้งาน,Cloud CCTV-ดูย้อนหลังไม่ได้,IOT-ปัญหาการใช้งาน,ไม่ทราบสาเหตุ,283
1,Cloud CCTV-ดูย้อนหลังไม่ได้ | IOT-ปัญหาการใช้งาน | การใช้งาน,Cloud CCTV-ดูย้อนหลังไม่ได้,IOT-ปัญหาการใช้งาน,ส่งงานไม่ถูกต้อง,262
1,Cloud CCTV-ดูย้อนหลังไม่ได้ | IOT-ปัญหาการใช้งาน | การใช้งาน,Cloud CCTV-ดูกล้องจาก Live View ไม่ได้,IOT-ปัญหาการใช้งาน,CONFIG.PARAMETER ไม่ถูกต้อง,100
1,Cloud CCTV-ดูย้อนหลังไม่ได้ | IOT-ปัญหาการใช้งาน | การใช้งาน,Cloud CCTV-ดูกล้องจาก Live View ไม่ได้,IOT-ปัญหาการใช้งาน,ลูกค้าเปลี่ยนใจ/ลูกค้าขอยกเลิกบริการเอง,87
1,Cloud CCTV-ดูย้อนหลังไม่ได้ | IOT-ปัญหาการใช้งาน | การใช้งาน,ปัญหาอุปกรณ์กล้อง CCTV,แจ้งเสีย IOT,,41
1,Cloud CCTV-ดูย้อนหลังไม่ได้ | IOT-ปัญหาการใช้งาน | การใช้งาน,Cloud CCTV-ดูย้อนหลังไม่ได้,IOT-ปัญหาการใช้งาน,ลูกค้าเปลี่ยนใจ/ลูกค้าขอยกเลิกบริการเอง,37
1,Cloud CCTV-ดูย้อนหลังไม่ได้ | IOT-ปัญหาการใช้งาน | การใช้งาน,Cloud CCTV-ดูย้อนหลังไม่ได้,IOT-ปัญหาการใช้งาน,CONFIG.PARAMETER ไม่ถูกต้อง,37
1,Cloud CCTV-ดูย้อนหลังไม่ได้ | IOT-ปัญหาการใช้งาน | การใช้งาน,Cloud CCTV-ดูกล้องจาก Live View ไม่ได้,IOT-ปัญหาการใช้งาน,เหตุเสียใช้ได้ ก่อนช่างถึงบ้าน,27
1,Cloud CCTV-ดูย้อนหลังไม่ได้ | IOT-ปัญหาการใช้งาน | การใช้งาน,Cloud CCTV-ดูกล้องจาก Live View ไม่ได้,IOT-ปัญหาการใช้งาน,ขัดข้อง/เสีย,24
1,Cloud CCTV-ดูย้อนหลังไม่ได้ | IOT-ปัญหาการใช้งาน | การใช้งาน,Cloud CCTV-ดูย้อนหลังไม่ได้,IOT-ปัญหาการใช้งาน,เหตุเสียใช้ได้ ก่อนช่างถึงบ้าน,18
1,Cloud CCTV-ดูย้อนหลังไม่ได้ | IOT-ปัญหาการใช้งาน | การใช้งาน,Cloud CCTV-ดูกล้องจาก Live View ไม่ได้,IOT-ปัญหาการใช้งาน,Costomer Knowledge,14
1,Cloud CCTV-ดูย้อนหลังไม่ได้ | IOT-ปัญหาการใช้งาน | การใช้งาน,Cloud CCTV-ดูย้อนหลังไม่ได้,IOT-ปัญหาการใช้งาน,ไม่พบปัญหาการใช้งานแล้ว,10
1,Cloud CCTV-ดูย้อนหลังไม่ได้ | IOT-ปัญหาการใช้งาน | การใช้งาน,Cloud CCTV-ดูย้อนหลังไม่ได้,IOT-ปัญหาการใช้งาน,Costomer Knowledge,4
1,Cloud CCTV-ดูย้อนหลังไม่ได้ | IOT-ปัญหาการใช้งาน | การใช้งาน,Cloud CCTV-ดูกล้องจาก Live View ไม่ได้,IOT-ปัญหาการใช้งาน,ทดสอบและอธิบายลูกค้า,4
1,Cloud CCTV-ดูย้อนหลังไม่ได้ | IOT-ปัญหาการใช้งาน | การใช้งาน,Cloud CCTV-ดูย้อนหลังไม่ได้,IOT-ปัญหาการใช้งาน,ขัดข้อง/เสีย,3
1,Cloud CCTV-ดูย้อนหลังไม่ได้ | IOT-ปัญหาการใช้งาน | การใช้งาน,Cloud CCTV-ดูกล้องจาก Live View ไม่ได้,IOT-ปัญหาการใช้งาน,ไม่พบปัญหาการใช้งานแล้ว,3
1,Cloud CCTV-ดูย้อนหลังไม่ได้ | IOT-ปัญหาการใช้งาน | การใช้งาน,Cloud CCTV-ดูกล้องจาก Live View ไม่ได้,IOT-ปัญหาการใช้งาน,พบปัญหาใหม่,3
1,Cloud CCTV-ดูย้อนหลังไม่ได้ | IOT-ปัญหาการใช้งาน | การใช้งาน,Cloud CCTV-ดูกล้องจาก Live View ไม่ได้,IOT-ปัญหาการใช้งาน,สายหัก/สายงอ/สายถูกดึงรั้ง,2
1,Cloud CCTV-ดูย้อนหลังไม่ได้ | IOT-ปัญหาการใช้งาน | การใช้งาน,Cloud CCTV-ดูกล้องจาก Live View ไม่ได้,IOT-ปัญหาการใช้งาน,CONFIG CHANGE,2
1,Cloud CCTV-ดูย้อนหลังไม่ได้ | IOT-ปัญหาการใช้งาน | การใช้งาน,Cloud CCTV-ดูย้อนหลังไม่ได้,IOT-ปัญหาการใช้งาน,พบปัญหาใหม่,2
1,Cloud CCTV-ดูย้อนหลังไม่ได้ | IOT-ปัญหาการใช้งาน | การใช้งาน,Cloud CCTV-ดูกล้องจาก Live View ไม่ได้,IOT-ปัญหาการใช้งาน,ลูกค้าแจ้งขอยกเลิกบริการ,2
1,Cloud CCTV-ดูย้อนหลังไม่ได้ | IOT-ปัญหาการใช้งาน | การใช้งาน,Cloud CCTV-ดูย้อนหลังไม่ได้,IOT-ปัญหาการใช้งาน,เปลี่ยน process การทำงาน,2
1,Cloud CCTV-ดูย้อนหลังไม่ได้ | IOT-ปัญหาการใช้งาน | การใช้งาน,Cloud CCTV-ดูกล้องจาก Live View ไม่ได้,IOT-ปัญหาการใช้งาน,Connect WiFi ไม่ได้/ไม่พบ SSID,2
1,Cloud CCTV-ดูย้อนหลังไม่ได้ | IOT-ปัญหาการใช้งาน | การใช้งาน,Cloud CCTV-ดูกล้องจาก Live View ไม่ได้,IOT-ปัญหาการใช้งาน,เหตุเสียภายใน 90 วัน,1
1,Cloud CCTV-ดูย้อนหลังไม่ได้ | IOT-ปัญหาการใช้งาน | การใช้งาน,Cloud CCTV-ดูกล้องจาก Live View ไม่ได้,IOT-ปัญหาการใช้งาน,ลูกค้าต้องการเปลี่ยน Mesh Wifi,1
1,Cloud CCTV-ดูย้อนหลังไม่ได้ | IOT-ปัญหาการใช้งาน | การใช้งาน,Cloud CCTV-ดูกล้องจาก Live View ไม่ได้,IOT-ปัญหาการใช้งาน,Sync Speed ได้ แต่ Test Speed WIFI 2.4 GHz ไม่ได้ตาม Package,1
1,Cloud CCTV-ดูย้อนหลังไม่ได้ | IOT-ปัญหาการใช้งาน | การใช้งาน,Cloud CCTV-ดูย้อนหลังไม่ได้,IOT-ปัญหาการใช้งาน,ลูกค้าต้องการเปลี่ยน Modem,1
1,Cloud CCTV-ดูย้อนหลังไม่ได้ | IOT-ปัญหาการใช้งาน | การใช้งาน,Cloud CCTV-ดูย้อนหลังไม่ได้,IOT-ปัญหาการใช้งาน,ลูกค้าไม่อยู่บ้าน,1
1,Cloud CCTV-ดูย้อนหลังไม่ได้ | IOT-ปัญหาการใช้งาน | การใช้งาน,Cloud CCTV-ดูย้อนหลังไม่ได้,IOT-ปัญหาการใช้งาน,Sync Speed/RSSI ไม่ได้ WIFI ตาม Criteria /Low Signal 5 GHz,1
1,Cloud CCTV-ดูย้อนหลังไม่ได้ | IOT-ปัญหาการใช้งาน | การใช้งาน,Cloud CCTV-ดูย้อนหลังไม่ได้,IOT-ปัญหาการใช้งาน,ทดสอบและอธิบายลูกค้า,1
1,Cloud CCTV-ดูย้อนหลังไม่ได้ | IOT-ปัญหาการใช้งาน | การใช้งาน,Cloud CCTV-ดูย้อนหลังไม่ได้,IOT-ปัญหาการใช้งาน,เทศบาลตัดแต่งต้นไม้,1
1,Cloud CCTV-ดูย้อนหลังไม่ได้ | IOT-ปัญหาการใช้งาน | การใช้งาน,Cloud CCTV-ดูกล้องจาก Live View ไม่ได้,IOT-ปัญหาการใช้งาน,ความเชี่ยวชาญในงาน,1
1,Cloud CCTV-ดูย้อนหลังไม่ได้ | IOT-ปัญหาการใช้งาน | การใช้งาน,Cloud CCTV-ดูกล้องจาก Live View ไม่ได้,IOT-ปัญหาการใช้งาน,ลูกค้าต้องการเปลี่ยน Modem,1
1,Cloud CCTV-ดูย้อนหลังไม่ได้ | IOT-ปัญหาการใช้งาน | การใช้งาน,Cloud CCTV-ดูกล้องจาก Live View ไม่ได้,IOT-ปัญหาการใช้งาน,Modemไม่ lock/ไม่ Synch/High Loss,1
1,Cloud CCTV-ดูย้อนหลังไม่ได้ | IOT-ปัญหาการใช้งาน | การใช้งาน,Cloud CCTV-ดูย้อนหลังไม่ได้,IOT-ปัญหาการใช้งาน,Sync Speed ได้ แต่ Test Speed WIFI 5 GHz ไม่ได้ตาม Package,1
1,Cloud CCTV-ดูย้อนหลังไม่ได้ | IOT-ปัญหาการใช้งาน | การใช้งาน,Cloud CCTV-ดูกล้องจาก Live View ไม่ได้,IOT-ปัญหาการใช้งาน,ข้อต่อหลวม ไม่ดี/ไม่สนิท,1
1,Cloud CCTV-ดูย้อนหลังไม่ได้ | IOT-ปัญหาการใช้งาน | การใช้งาน,Cloud CCTV-ดูกล้องจาก Live View ไม่ได้,IOT-ปัญหาการใช้งาน,Reboot,1
1,Cloud CCTV-ดูย้อนหลังไม่ได้ | IOT-ปัญหาการใช้งาน | การใช้งาน,Cloud CCTV-ดูกล้องจาก Live View ไม่ได้,IOT-ปัญหาการใช้งาน,เทศบาลตัดแต่งต้นไม้,1
1,Cloud CCTV-ดูย้อนหลังไม่ได้ | IOT-ปัญหาการใช้งาน | การใช้งาน,Cloud CCTV-ดูกล้องจาก Live View ไม่ได้,IOT-ปัญหาการใช้งาน,TDG ชำระค่า onsite,1
2,Proactive - Change Power Adaptor | คุณภาพสัญญาน | หัวสายสำเร,Proactive - Change Power Adaptor,คุณภาพสัญญาน,การใช้งานของลูกค้า,22
2,Proactive - Change Power Adaptor | คุณภาพสัญญาน | หัวสายสำเร,Proactive - Change Power Adaptor,คุณภาพสัญญาน,ขัดข้อง/เสีย,21
2,Proactive - Change Power Adaptor | คุณภาพสัญญาน | หัวสายสำเร,Proactive - Change Power Adaptor,คุณภาพสัญญาน,เหตุเสียใช้ได้ ก่อนช่างถึงบ้าน,8
2,Proactive - Change Power Adaptor | คุณภาพสัญญาน | หัวสายสำเร,Proactive - Change Power Adaptor,แจ้งเสีย-คุณภาพสัญญาณ,,8
2,Proactive - Change Power Adaptor | คุณภาพสัญญาน | หัวสายสำเร,Proactive - Change Power Adaptor,คุณภาพสัญญาน,CONFIG CHANGE,6
2,Proactive - Change Power Adaptor | คุณภาพสัญญาน | หัวสายสำเร,Proactive - Change Power Adaptor,คุณภาพสัญญาน,Connect WiFi ไม่ได้/ไม่พบ SSID,5
2,Proactive - Change Power Adaptor | คุณภาพสัญญาน | หัวสายสำเร,Proactive - Change Power Adaptor,คุณภาพสัญญาน,หัวสายสำเร็จSC-APC หลวม /ไม่สนิท,4
2,Proactive - Change Power Adaptor | คุณภาพสัญญาน | หัวสายสำเร,Proactive - Change Power Adaptor,คุณภาพสัญญาน,การไฟฟ้าย้ายแนว/จัดระเบียบสาย,4
2,Proactive - Change Power Adaptor | คุณภาพสัญญาน | หัวสายสำเร,Proactive - Change Power Adaptor,คุณภาพสัญญาน,ลูกค้าต้องการเปลี่ยน Modem,4
2,Proactive - Change Power Adaptor | คุณภาพสัญญาน | หัวสายสำเร,Proactive - Change Power Adaptor,คุณภาพสัญญาน,ไม่ทราบสาเหตุ,4
2,Proactive - Change Power Adaptor | คุณภาพสัญญาน | หัวสายสำเร,Proactive - Change Power Adaptor,คุณภาพสัญญาน,Monitor เหตุเสียครบตามเงื่อนไข,3
2,Proactive - Change Power Adaptor | คุณภาพสัญญาน | หัวสายสำเร,Proactive - Change Power Adaptor,คุณภาพสัญญาน,Modemไม่ lock/ไม่ Synch/High Loss,3
2,Proactive - Change Power Adaptor | คุณภาพสัญญาน | หัวสายสำเร,Proactive - Change Power Adaptor,คุณภาพสัญญาน,ส่งงานไม่ถูกต้อง,3
2,Proactive - Change Power Adaptor | คุณภาพสัญญาน | หัวสายสำเร,Proactive - Change Power Adaptor,คุณภาพสัญญาน,ทดสอบและอธิบายลูกค้า,2
2,Proactive - Change Power Adaptor | คุณภาพสัญญาน | หัวสายสำเร,Proactive - Change Power Adaptor,คุณภาพสัญญาน,ไฟไม่เข้า,2
2,Proactive - Change Power Adaptor | คุณภาพสัญญาน | หัวสายสำเร,Proactive - Change Power Adaptor,คุณภาพสัญญาน,อุปกรณ์คืนค่าโรงงาน,2
2,Proactive - Change Power Adaptor | คุณภาพสัญญาน | หัวสายสำเร,Proactive - Change Power Adaptor,คุณภาพสัญญาน,Reboot,1
2,Proactive - Change Power Adaptor | คุณภาพสัญญาน | หัวสายสำเร,Proactive - Change Power Adaptor,คุณภาพสัญญาน,มีค่า Loss สูง,1
2,Proactive - Change Power Adaptor | คุณภาพสัญญาน | หัวสายสำเร,Proactive - Change Power Adaptor,คุณภาพสัญญาน,Ticket มีการระบุให้เปลี่ยนอุปกรณ์,1
2,Proactive - Change Power Adaptor | คุณภาพสัญญาน | หัวสายสำเร,Proactive - Change Power Adaptor,คุณภาพสัญญาน,สัตว์ (เช่น ลิง กระรอก ช้าง ),1
2,Proactive - Change Power Adaptor | คุณภาพสัญญาน | หัวสายสำเร,Proactive - Change Power Adaptor,คุณภาพสัญญาน,บุคคลเจตนาร้าย-ตัดทำลายข่ายสาย,1
2,Proactive - Change Power Adaptor | คุณภาพสัญญาน | หัวสายสำเร,Proactive - Change Power Adaptor,คุณภาพสัญญาน,ไม่ตรงรุ่น,1
2,Proactive - Change Power Adaptor | คุณภาพสัญญาน | หัวสายสำเร,Proactive - Change Power Adaptor,คุณภาพสัญญาน,Switch on/off เสีย/ชำรุดแตกหัก,1
2,Proactive - Change Power Adaptor | คุณภาพสัญญาน | หัวสายสำเร,Proactive - Change Power Adaptor,คุณภาพสัญญาน,Modem ไม่รองรับ Package ลูกค้า,1
2,Proactive - Change Power Adaptor | คุณภาพสัญญาน | หัวสายสำเร,Proactive - Change Power Adaptor,คุณภาพสัญญาน,สายหัก/สายงอ/สายถูกดึงรั้ง,1
2,Proactive - Change Power Adaptor | คุณภาพสัญญาน | หัวสายสำเร,Proactive - Change Power Adaptor,คุณภาพสัญญาน,สายเสื่อมสภาพ,1
2,Proactive - Change Power Adaptor | คุณภาพสัญญาน | หัวสายสำเร,Proactive - Change Power Adaptor,คุณภาพสัญญาน,ลูกค้าเปลี่ยนใจ/ลูกค้าขอยกเลิกบริการเอง,1
2,Proactive - Change Power Adaptor | คุณภาพสัญญาน | หัวสายสำเร,Proactive - Change Power Adaptor,คุณภาพสัญญาน,ลูกค้าแจ้งเสีย (เปิด Reactive Ticket),1
2,Proactive - Change Power Adaptor | คุณภาพสัญญาน | หัวสายสำเร,Proactive - Change Power Adaptor,คุณภาพสัญญาน,Remote ไม่ทำงาน,1
3,เปลี่ยนอุปกรณ์ STB เป็น 4K | บริการหลังการขาย | ส่งงานไม่ถูก,เปลี่ยนอุปกรณ์ STB เป็น Inno Hybrid Plus,บริการหลังการขาย,ลูกค้าต้องการเปลี่ยน Hybrid Box,28
3,เปลี่ยนอุปกรณ์ STB เป็น 4K | บริการหลังการขาย | ส่งงานไม่ถูก,เปลี่ยนอุปกรณ์ STB เป็น Inno Hybrid Plus,บริการหลังการขาย,ลูกค้าต้องการเปลี่ยน Set Top Box,12
3,เปลี่ยนอุปกรณ์ STB เป็น 4K | บริการหลังการขาย | ส่งงานไม่ถูก,เปลี่ยนอุปกรณ์ Inno Hybrid Plus เป็น STB,บริการหลังการขาย,ลูกค้าต้องการเปลี่ยน Set Top Box,11
3,เปลี่ยนอุปกรณ์ STB เป็น 4K | บริการหลังการขาย | ส่งงานไม่ถูก,เปลี่ยนอุปกรณ์ STB เป็น Inno Hybrid Plus,บริการหลังการขาย,การใช้งานของลูกค้า,6
3,เปลี่ยนอุปกรณ์ STB เป็น 4K | บริการหลังการขาย | ส่งงานไม่ถูก,เปลี่ยนอุปกรณ์ STB เป็น Inno Hybrid Plus,บริการหลังการขาย,ขัดข้อง/เสีย,6
3,เปลี่ยนอุปกรณ์ STB เป็น 4K | บริการหลังการขาย | ส่งงานไม่ถูก,เปลี่ยนอุปกรณ์ Inno Hybrid Plus เป็น STB,บริการหลังการขาย,การใช้งานของลูกค้า,5
3,เปลี่ยนอุปกรณ์ STB เป็น 4K | บริการหลังการขาย | ส่งงานไม่ถูก,เปลี่ยนกล่อง Hybrid เป็น STB และเพิ่ม OTT,บริการหลังการขาย,ลูกค้าต้องการเปลี่ยน Set Top Box,4
3,เปลี่ยนอุปกรณ์ STB เป็น 4K | บริการหลังการขาย | ส่งงานไม่ถูก,เปลี่ยนอุปกรณ์ STB เป็น Inno Hybrid Plus,บริการหลังการขาย,เหตุเสียใช้ได้ ก่อนช่างถึงบ้าน,4
3,เปลี่ยนอุปกรณ์ STB เป็น 4K | บริการหลังการขาย | ส่งงานไม่ถูก,เปลี่ยน Modem และกล่อง Inno Hybrid Plus,บริการหลังการขาย,อุปกรณ์ Hang,3
3,เปลี่ยนอุปกรณ์ STB เป็น 4K | บริการหลังการขาย | ส่งงานไม่ถูก,เปลี่ยนอุปกรณ์ STB เป็น Inno Hybrid Plus,บริการหลังการขาย,กล่องไม่อ่านการ์ด,3
3,เปลี่ยนอุปกรณ์ STB เป็น 4K | บริการหลังการขาย | ส่งงานไม่ถูก,เปลี่ยน Modem และกล่อง Inno Hybrid Plus,บริการหลังการขาย,ลูกค้าต้องการเปลี่ยน Hybrid Box,3
3,เปลี่ยนอุปกรณ์ STB เป็น 4K | บริการหลังการขาย | ส่งงานไม่ถูก,เปลี่ยนกล่อง Hybrid เป็น STB และเพิ่ม OTT,บริการหลังการขาย,การใช้งานของลูกค้า,3
3,เปลี่ยนอุปกรณ์ STB เป็น 4K | บริการหลังการขาย | ส่งงานไม่ถูก,เปลี่ยน Modem และกล่อง Inno Hybrid Plus,บริการหลังการขาย,ลูกค้าต้องการเปลี่ยน Set Top Box,3
3,เปลี่ยนอุปกรณ์ STB เป็น 4K | บริการหลังการขาย | ส่งงานไม่ถูก,เปลี่ยนอุปกรณ์ STB เป็น Inno Hybrid Plus,บริการหลังการขาย,CONFIG CHANGE,3
3,เปลี่ยนอุปกรณ์ STB เป็น 4K | บริการหลังการขาย | ส่งงานไม่ถูก,เปลี่ยนอุปกรณ์ Inno Hybrid Plus เป็น STB,บริการหลังการขาย,CONFIG CHANGE,3
3,เปลี่ยนอุปกรณ์ STB เป็น 4K | บริการหลังการขาย | ส่งงานไม่ถูก,เปลี่ยนอุปกรณ์ STB เป็น 4K,บริการหลังการขาย,ส่งงานไม่ถูกต้อง,2
3,เปลี่ยนอุปกรณ์ STB เป็น 4K | บริการหลังการขาย | ส่งงานไม่ถูก,เปลี่ยนอุปกรณ์ STB เป็น 4K,บริการหลังการขาย,ไม่ทราบสาเหตุ,2
3,เปลี่ยนอุปกรณ์ STB เป็น 4K | บริการหลังการขาย | ส่งงานไม่ถูก,เปลี่ยนอุปกรณ์ STB เป็น Inno Hybrid Plus,บริการหลังการขาย,Monitor เหตุเสียครบตามเงื่อนไข,2
3,เปลี่ยนอุปกรณ์ STB เป็น 4K | บริการหลังการขาย | ส่งงานไม่ถูก,เปลี่ยนอุปกรณ์ 4K เป็น Mpeg4,บริการหลังการขาย,ลูกค้าต้องการเปลี่ยน Set Top Box,2
3,เปลี่ยนอุปกรณ์ STB เป็น 4K | บริการหลังการขาย | ส่งงานไม่ถูก,เปลี่ยนอุปกรณ์ Inno Hybrid Plus เป็น STB,บริการหลังการขาย,อุปกรณ์ Hang,2
3,เปลี่ยนอุปกรณ์ STB เป็น 4K | บริการหลังการขาย | ส่งงานไม่ถูก,เปลี่ยน Modem และกล่อง Inno Hybrid Plus,บริการหลังการขาย,การใช้งานของลูกค้า,2
3,เปลี่ยนอุปกรณ์ STB เป็น 4K | บริการหลังการขาย | ส่งงานไม่ถูก,เปลี่ยนอุปกรณ์ Inno Hybrid Plus เป็น STB,บริการหลังการขาย,ไม่ทราบสาเหตุ,2
3,เปลี่ยนอุปกรณ์ STB เป็น 4K | บริการหลังการขาย | ส่งงานไม่ถูก,เปลี่ยนอุปกรณ์ STB เป็น Inno Hybrid Plus,บริการหลังการขาย,อุปกรณ์ Hang,2
3,เปลี่ยนอุปกรณ์ STB เป็น 4K | บริการหลังการขาย | ส่งงานไม่ถูก,เปลี่ยนอุปกรณ์ Inno Hybrid Plus เป็น STB,บริการหลังการขาย,ลูกค้าต้องการเปลี่ยน Hybrid Box,2
3,เปลี่ยนอุปกรณ์ STB เป็น 4K | บริการหลังการขาย | ส่งงานไม่ถูก,เปลี่ยนอุปกรณ์ STB เป็น Inno Hybrid Plus,บริการหลังการขาย,ส่งงานไม่ถูกต้อง,2
3,เปลี่ยนอุปกรณ์ STB เป็น 4K | บริการหลังการขาย | ส่งงานไม่ถูก,เปลี่ยนอุปกรณ์ STB เป็น Inno Hybrid Plus,บริการหลังการขาย,Reboot,2
3,เปลี่ยนอุปกรณ์ STB เป็น 4K | บริการหลังการขาย | ส่งงานไม่ถูก,เปลี่ยนอุปกรณ์ STB เป็น Inno Hybrid Plus,บริการหลังการขาย,ลูกค้าเปลี่ยนใจ/ลูกค้าขอยกเลิกบริการเอง,1
3,เปลี่ยนอุปกรณ์ STB เป็น 4K | บริการหลังการขาย | ส่งงานไม่ถูก,เปลี่ยนอุปกรณ์ Inno Hybrid Plus เป็น STB,บริการหลังการขาย,Monitor เหตุเสียครบตามเงื่อนไข,1
3,เปลี่ยนอุปกรณ์ STB เป็น 4K | บริการหลังการขาย | ส่งงานไม่ถูก,เปลี่ยนอุปกรณ์ STB เป็น Inno Hybrid Plus,บริการหลังการขาย,สายหัก/สายงอ/สายถูกดึงรั้ง,1
3,เปลี่ยนอุปกรณ์ STB เป็น 4K | บริการหลังการขาย | ส่งงานไม่ถูก,เปลี่ยนอุปกรณ์ Inno Hybrid Plus เป็น STB,บริการหลังการขาย,หลอดไฟ LED Status เสีย,1
3,เปลี่ยนอุปกรณ์ STB เป็น 4K | บริการหลังการขาย | ส่งงานไม่ถูก,เปลี่ยน Modem และกล่อง Inno Hybrid Plus,บริการหลังการขาย,ทดสอบและอธิบายลูกค้า,1
3,เปลี่ยนอุปกรณ์ STB เป็น 4K | บริการหลังการขาย | ส่งงานไม่ถูก,เปลี่ยน Modem และกล่อง Inno Hybrid Plus,บริการหลังการขาย,อุปกรณ์คืนค่าโรงงาน,1
3,เปลี่ยนอุปกรณ์ STB เป็น 4K | บริการหลังการขาย | ส่งงานไม่ถูก,เปลี่ยน Modem และกล่อง Inno Hybrid Plus,บริการหลังการขาย,Port HDMI/AV/optical/usb เสีย,1
3,เปลี่ยนอุปกรณ์ STB เป็น 4K | บริการหลังการขาย | ส่งงานไม่ถูก,เปลี่ยนอุปกรณ์ 4K เป็น Mpeg4,บริการหลังการขาย,ลูกค้าต้องการเปลี่ยน Hybrid Box,1
3,เปลี่ยนอุปกรณ์ STB เป็น 4K | บริการหลังการขาย | ส่งงานไม่ถูก,เปลี่ยนอุปกรณ์ STB เป็น Inno Hybrid Plus,บริการหลังการขาย,ช่องรายการถูกล็อค(CA14),1
3,เปลี่ยนอุปกรณ์ STB เป็น 4K | บริการหลังการขาย | ส่งงานไม่ถูก,เปลี่ยนอุปกรณ์ STB เป็น Inno Hybrid Plus,บริการหลังการขาย,Port HDMI/AV/optical/usb เสีย,1
3,เปลี่ยนอุปกรณ์ STB เป็น 4K | บริการหลังการขาย | ส่งงานไม่ถูก,เปลี่ยนกล่อง Hybrid เป็น STB และเพิ่ม OTT,บริการหลังการขาย,ส่งงานไม่ถูกต้อง,1
3,เปลี่ยนอุปกรณ์ STB เป็น 4K | บริการหลังการขาย | ส่งงานไม่ถูก,เปลี่ยนกล่อง Hybrid เป็น STB และเพิ่ม OTT,บริการหลังการขาย,ลูกค้าเปลี่ยนใจ/ลูกค้าขอยกเลิกบริการเอง,1
3,เปลี่ยนอุปกรณ์ STB เป็น 4K | บริการหลังการขาย | ส่งงานไม่ถูก,เปลี่ยนกล่อง Hybrid เป็น STB และเพิ่ม OTT,บริการหลังการขาย,ไฟไม่เข้า,1
3,เปลี่ยนอุปกรณ์ STB เป็น 4K | บริการหลังการขาย | ส่งงานไม่ถูก,เปลี่ยน Modem และกล่อง Inno Hybrid Plus,บริการหลังการขาย,ขัดข้อง/เสีย,1
3,เปลี่ยนอุปกรณ์ STB เป็น 4K | บริการหลังการขาย | ส่งงานไม่ถูก,เปลี่ยนอุปกรณ์ STB เป็น Inno Hybrid Plus,บริการหลังการขาย,ไม่ทราบสาเหตุ,1
3,เปลี่ยนอุปกรณ์ STB เป็น 4K | บริการหลังการขาย | ส่งงานไม่ถูก,เปลี่ยน Modem และกล่อง Inno Hybrid Plus,บริการหลังการขาย,ไม่มีสัญญาณ CATV หรือ ค่า RF ไม่ได้ตามค่ามาตรฐาน,1
3,เปลี่ยนอุปกรณ์ STB เป็น 4K | บริการหลังการขาย | ส่งงานไม่ถูก,เปลี่ยน Modem และกล่อง Inno Hybrid Plus,บริการหลังการขาย,ลูกค้าต้องการเปลี่ยน TrueID TV Box,1
3,เปลี่ยนอุปกรณ์ STB เป็น 4K | บริการหลังการขาย | ส่งงานไม่ถูก,เปลี่ยน Modem และกล่อง Inno Hybrid Plus,บริการหลังการขาย,ลูกค้าต้องการเปลี่ยน Modem,1
3,เปลี่ยนอุปกรณ์ STB เป็น 4K | บริการหลังการขาย | ส่งงานไม่ถูก,เปลี่ยน Modem และกล่อง Inno Hybrid Plus,บริการหลังการขาย,กล่องรับสัญญาณขัดข้อง (ER16/E048),1
3,เปลี่ยนอุปกรณ์ STB เป็น 4K | บริการหลังการขาย | ส่งงานไม่ถูก,เปลี่ยนอุปกรณ์ Inno Hybrid Plus เป็น STB,บริการหลังการขาย,ค่าสัญญาณดี แต่พบภาพขาดหาย/ ภาพแตก/ เสียงขาดหาย,1
3,เปลี่ยนอุปกรณ์ STB เป็น 4K | บริการหลังการขาย | ส่งงานไม่ถูก,เปลี่ยนอุปกรณ์ Inno Hybrid Plus เป็น STB,บริการหลังการขาย,Modemไม่ lock/ไม่ Synch/High Loss,1
3,เปลี่ยนอุปกรณ์ STB เป็น 4K | บริการหลังการขาย | ส่งงานไม่ถูก,เปลี่ยนอุปกรณ์ STB เป็น Inno Hybrid Plus,บริการหลังการขาย,กล่องรับสัญญาณขัดข้อง (CA9/CA11),1
3,เปลี่ยนอุปกรณ์ STB เป็น 4K | บริการหลังการขาย | ส่งงานไม่ถูก,เปลี่ยนอุปกรณ์ STB เป็น Inno Hybrid Plus,บริการหลังการขาย,อุปกรณ์คืนค่าโรงงาน,1
3,เปลี่ยนอุปกรณ์ STB เป็น 4K | บริการหลังการขาย | ส่งงานไม่ถูก,เปลี่ยนอุปกรณ์ STB เป็น 4K,บริการหลังการขาย,ลูกค้าต้องการเปลี่ยน Set Top Box,1
3,เปลี่ยนอุปกรณ์ STB เป็น 4K | บริการหลังการขาย | ส่งงานไม่ถูก,เปลี่ยน Modem และกล่อง Inno Hybrid Plus,บริการหลังการขาย,Reboot,1
3,เปลี่ยนอุปกรณ์ STB เป็น 4K | บริการหลังการขาย | ส่งงานไม่ถูก,เปลี่ยน Modem และกล่อง Inno Hybrid Plus,บริการหลังการขาย,ลูกค้าแจ้งขอยกเลิกบริการ,1
3,เปลี่ยนอุปกรณ์ STB เป็น 4K | บริการหลังการขาย | ส่งงานไม่ถูก,เปลี่ยนอุปกรณ์ Inno Hybrid Plus เป็น STB,บริการหลังการขาย,Reboot,1
3,เปลี่ยนอุปกรณ์ STB เป็น 4K | บริการหลังการขาย | ส่งงานไม่ถูก,เปลี่ยนอุปกรณ์ STB เป็น Inno Hybrid Plus,บริการหลังการขาย,กล่องรับสัญญาณขัดข้อง (ER16/E048),1
3,เปลี่ยนอุปกรณ์ STB เป็น 4K | บริการหลังการขาย | ส่งงานไม่ถูก,เปลี่ยนกล่อง Hybrid เป็น STB และเพิ่ม OTT,บริการหลังการขาย,ลูกค้าต้องการเปลี่ยน Hybrid Box,1
3,เปลี่ยนอุปกรณ์ STB เป็น 4K | บริการหลังการขาย | ส่งงานไม่ถูก,เปลี่ยนอุปกรณ์ STB เป็น Inno Hybrid Plus,บริการหลังการขาย,ค่าสัญญาณดี แต่พบภาพขาดหาย/ ภาพแตก/ เสียงขาดหาย,1
4,Proactive-Change ONT | Proactive | Monitor เหตุเสียครบตามเงื,Proactive Rehome,Proactive,ระยะสาย Drop Wire ไกล,283
4,Proactive-Change ONT | Proactive | Monitor เหตุเสียครบตามเงื,Proactive-Change ONT,Proactive,ลูกค้าเปลี่ยนใจ/ลูกค้าขอยกเลิกบริการเอง,157
4,Proactive-Change ONT | Proactive | Monitor เหตุเสียครบตามเงื,Proactive-Change ONT,Proactive,เหตุเสียใช้ได้ ก่อนช่างถึงบ้าน,119
4,Proactive-Change ONT | Proactive | Monitor เหตุเสียครบตามเงื,Proactive Rehome,Proactive,สายหัก/สายงอ/สายถูกดึงรั้ง,113
4,Proactive-Change ONT | Proactive | Monitor เหตุเสียครบตามเงื,Proactive Rehome,Proactive,การใช้งานของลูกค้า,87
4,Proactive-Change ONT | Proactive | Monitor เหตุเสียครบตามเงื,Proactive Rehome,Proactive,Port เสีย,61
4,Proactive-Change ONT | Proactive | Monitor เหตุเสียครบตามเงื,Proactive-Change ONT,Proactive,Monitor เหตุเสียครบตามเงื่อนไข,57
4,Proactive-Change ONT | Proactive | Monitor เหตุเสียครบตามเงื,Proactive Rehome,Proactive,การไฟฟ้าย้ายแนว/จัดระเบียบสาย,35
4,Proactive-Change ONT | Proactive | Monitor เหตุเสียครบตามเงื,Proactive Rehome,Proactive,ทดสอบและอธิบายลูกค้า,34
4,Proactive-Change ONT | Proactive | Monitor เหตุเสียครบตามเงื,Proactive-Change ONT,Proactive,Auto close by BOT,25
4,Proactive-Change ONT | Proactive | Monitor เหตุเสียครบตามเงื,Proactive Rehome,Proactive,ไม่ทราบสาเหตุ,23
4,Proactive-Change ONT | Proactive | Monitor เหตุเสียครบตามเงื,Proactive-Change ONT,Proactive,Area Manager เห็นชอบให้มีการเปลี่ยน CPE,16
4,Proactive-Change ONT | Proactive | Monitor เหตุเสียครบตามเงื,Proactive Rehome,Proactive,ขัดข้อง/เสีย,16
4,Proactive-Change ONT | Proactive | Monitor เหตุเสียครบตามเงื,Proactive Rehome,Proactive,ไม่พบปัญหาการใช้งานแล้ว,14
4,Proactive-Change ONT | Proactive | Monitor เหตุเสียครบตามเงื,Proactive-Change ONT,Proactive,การใช้งานของลูกค้า,13
4,Proactive-Change ONT | Proactive | Monitor เหตุเสียครบตามเงื,Proactive-Change ONT,Proactive,Ticket มีการระบุให้เปลี่ยนอุปกรณ์,13
4,Proactive-Change ONT | Proactive | Monitor เหตุเสียครบตามเงื,Proactive Rehome,Proactive,ลูกค้าเปลี่ยนใจ/ลูกค้าขอยกเลิกบริการเอง,13
4,Proactive-Change ONT | Proactive | Monitor เหตุเสียครบตามเงื,Proactive Rehome,Proactive,Monitor เหตุเสียครบตามเงื่อนไข,11
4,Proactive-Change ONT | Proactive | Monitor เหตุเสียครบตามเงื,Proactive Rehome,Proactive,เหตุเสียใช้ได้ ก่อนช่างถึงบ้าน,11
4,Proactive-Change ONT | Proactive | Monitor เหตุเสียครบตามเงื,Proactive-Change ONT,Proactive,ไม่ทราบสาเหตุ,8
4,Proactive-Change ONT | Proactive | Monitor เหตุเสียครบตามเงื,Proactive-Change ONT,Proactive,ส่งงานไม่ถูกต้อง,7
4,Proactive-Change ONT | Proactive | Monitor เหตุเสียครบตามเงื,Proactive Rehome,Proactive,ลูกค้าแจ้งขอยกเลิกบริการ,6
4,Proactive-Change ONT | Proactive | Monitor เหตุเสียครบตามเงื,Proactive-Change ONT,Proactive,ขัดข้อง/เสีย,6
4,Proactive-Change ONT | Proactive | Monitor เหตุเสียครบตามเงื,Proactive Rehome,Proactive,หัวสายสำเร็จSC-APC เสีย,6
4,Proactive-Change ONT | Proactive | Monitor เหตุเสียครบตามเงื,Proactive Rehome,Proactive,Auto close by BOT,5
4,Proactive-Change ONT | Proactive | Monitor เหตุเสียครบตามเงื,Proactive Rehome,Proactive,รถเกี่ยว,5
4,Proactive-Change ONT | Proactive | Monitor เหตุเสียครบตามเงื,Proactive Rehome,Proactive,หัวสายสำเร็จSC-APC หลวม /ไม่สนิท,4
4,Proactive-Change ONT | Proactive | Monitor เหตุเสียครบตามเงื,Proactive Rehome,Proactive,ลูกค้าแจ้งเสีย (เปิด Reactive Ticket),4
4,Proactive-Change ONT | Proactive | Monitor เหตุเสียครบตามเงื,Proactive Rehome,Proactive,CONFIG CHANGE,3
4,Proactive-Change ONT | Proactive | Monitor เหตุเสียครบตามเงื,Proactive-Change ONT,Proactive,ลูกค้าแจ้งเสีย (เปิด Reactive Ticket),3
4,Proactive-Change ONT | Proactive | Monitor เหตุเสียครบตามเงื,Proactive Rehome,Proactive,สายเสื่อมสภาพ,3
4,Proactive-Change ONT | Proactive | Monitor เหตุเสียครบตามเงื,Proactive-Change ONT,Proactive,เปลี่ยน process การทำงาน,3
4,Proactive-Change ONT | Proactive | Monitor เหตุเสียครบตามเงื,Proactive-Change ONT,Proactive,ไฟไม่เข้า,3
4,Proactive-Change ONT | Proactive | Monitor เหตุเสียครบตามเงื,Proactive Rehome,Proactive,เทศบาลตัดแต่งต้นไม้,3
4,Proactive-Change ONT | Proactive | Monitor เหตุเสียครบตามเงื,Proactive-Change ONT,Proactive,มีเสียงผิดปกติในตัวโมเด็ม,3
4,Proactive-Change ONT | Proactive | Monitor เหตุเสียครบตามเงื,Proactive-Change ONT,Proactive,ลูกค้าแจ้งขอยกเลิกบริการ,2
4,Proactive-Change ONT | Proactive | Monitor เหตุเสียครบตามเงื,Proactive install Spiltter L3,Proactive,Support install Splitter L3,2
4,Proactive-Change ONT | Proactive | Monitor เหตุเสียครบตามเงื,Proactive Rehome,Proactive,สัตว์ (เช่น ลิง กระรอก ช้าง ),2
4,Proactive-Change ONT | Proactive | Monitor เหตุเสียครบตามเงื,Proactive Rehome,Proactive,เหตุเสียภายใน 90 วัน,2
4,Proactive-Change ONT | Proactive | Monitor เหตุเสียครบตามเงื,Proactive Rehome,Proactive,ไฟไหม้,2
4,Proactive-Change ONT | Proactive | Monitor เหตุเสียครบตามเงื,Proactive Rehome,Proactive,ลูกค้าต้องการเปลี่ยน Set Top Box,2
4,Proactive-Change ONT | Proactive | Monitor เหตุเสียครบตามเงื,Proactive Rehome,Proactive,Reboot,2
4,Proactive-Change ONT | Proactive | Monitor เหตุเสียครบตามเงื,Proactive Rehome,Proactive,ลูกค้าต้องการเปลี่ยน Modem,2
4,Proactive-Change ONT | Proactive | Monitor เหตุเสียครบตามเงื,Proactive Rehome,Proactive,อุปกรณ์คืนค่าโรงงาน,2
4,Proactive-Change ONT | Proactive | Monitor เหตุเสียครบตามเงื,Proactive Rehome,Proactive,ไฟไม่เข้า,1
4,Proactive-Change ONT | Proactive | Monitor เหตุเสียครบตามเงื,Proactive Rehome,Proactive,Ticket มีการระบุให้เปลี่ยนอุปกรณ์,1
4,Proactive-Change ONT | Proactive | Monitor เหตุเสียครบตามเงื,Proactive-Burst speed,บริการหลังการขาย,เหตุเสียใช้ได้ ก่อนช่างถึงบ้าน,1
4,Proactive-Change ONT | Proactive | Monitor เหตุเสียครบตามเงื,Proactive Rehome,Proactive,ไม่เก็บค่าบริการ,1
4,Proactive-Change ONT | Proactive | Monitor เหตุเสียครบตามเงื,Proactive Rehome,Proactive,ติดตั้งไม่ได้มาตรฐาน,1
4,Proactive-Change ONT | Proactive | Monitor เหตุเสียครบตามเงื,Proactive Rehome,Proactive,ลูกค้าไม่อยู่บ้าน,1
4,Proactive-Change ONT | Proactive | Monitor เหตุเสียครบตามเงื,Proactive Rehome,Proactive,ลูกค้าต้องการเปลี่ยน Mesh Wifi,1
4,Proactive-Change ONT | Proactive | Monitor เหตุเสียครบตามเงื,Proactive Rehome,Proactive,กล่องไม่อ่านการ์ด,1
4,Proactive-Change ONT | Proactive | Monitor เหตุเสียครบตามเงื,Proactive Rehome,Proactive,ค่าสัญญาณดี แต่พบภาพขาดหาย/ ภาพแตก/ เสียงขาดหาย,1
4,Proactive-Change ONT | Proactive | Monitor เหตุเสียครบตามเงื,Proactive Rehome,Proactive,"สายขาด,หัก (Crack)",1
4,Proactive-Change ONT | Proactive | Monitor เหตุเสียครบตามเงื,Proactive-Change ONT,Proactive,Reboot,1
4,Proactive-Change ONT | Proactive | Monitor เหตุเสียครบตามเงื,Proactive Rehome,Proactive,ข้อต่อหลวม ไม่ดี/ไม่สนิท,1
4,Proactive-Change ONT | Proactive | Monitor เหตุเสียครบตามเงื,Proactive-Change ONT,Proactive,ไม่พบปัญหาการใช้งานแล้ว,1
4,Proactive-Change ONT | Proactive | Monitor เหตุเสียครบตามเงื,Repeat Same 4 Ticket Escalation to SROM,Proactive,ขัดข้อง/เสีย,1
4,Proactive-Change ONT | Proactive | Monitor เหตุเสียครบตามเงื,Repeat Same 4 Ticket Escalation to SROM,Proactive,ไม่ทราบสาเหตุ,1
4,Proactive-Change ONT | Proactive | Monitor เหตุเสียครบตามเงื,Proactive Rehome,Proactive,ส่งงานไม่ถูกต้อง,1
4,Proactive-Change ONT | Proactive | Monitor เหตุเสียครบตามเงื,Proactive Rehome,Proactive,ทรูรับผิดชอบ,1
4,Proactive-Change ONT | Proactive | Monitor เหตุเสียครบตามเงื,Proactive Rehome,Proactive,หลวม/แตกหัก,1
5,เปลี่ยน TrueID Gen2 | บริการหลังการขาย | ลูกค้าต้องการเปลี่ย,เปลี่ยน TrueID Gen2,บริการหลังการขาย,ลูกค้าต้องการเปลี่ยน TrueID TV Box,763
5,เปลี่ยน TrueID Gen2 | บริการหลังการขาย | ลูกค้าต้องการเปลี่ย,เปลี่ยน TrueID Gen2,บริการหลังการขาย,การใช้งานของลูกค้า,113
5,เปลี่ยน TrueID Gen2 | บริการหลังการขาย | ลูกค้าต้องการเปลี่ย,เปลี่ยน TrueID Gen2,บริการหลังการขาย,ไฟไม่เข้า,74
5,เปลี่ยน TrueID Gen2 | บริการหลังการขาย | ลูกค้าต้องการเปลี่ย,เปลี่ยน TrueID Gen2,บริการหลังการขาย,อุปกรณ์ Hang,57
5,เปลี่ยน TrueID Gen2 | บริการหลังการขาย | ลูกค้าต้องการเปลี่ย,Soft-X Unregistered,โทรเข้า-ออก,CONFIG CHANGE/BUG FIRMWARE,50
5,เปลี่ยน TrueID Gen2 | บริการหลังการขาย | ลูกค้าต้องการเปลี่ย,เปลี่ยน TrueID Gen2,บริการหลังการขาย,ส่งงานไม่ถูกต้อง,36
5,เปลี่ยน TrueID Gen2 | บริการหลังการขาย | ลูกค้าต้องการเปลี่ย,เปลี่ยน TrueID Gen2,บริการหลังการขาย,ขัดข้อง/เสีย,27
5,เปลี่ยน TrueID Gen2 | บริการหลังการขาย | ลูกค้าต้องการเปลี่ย,เปลี่ยน TrueID Gen2,บริการหลังการขาย,CONFIG CHANGE,25
5,เปลี่ยน TrueID Gen2 | บริการหลังการขาย | ลูกค้าต้องการเปลี่ย,เปลี่ยน TrueID Gen2,บริการหลังการขาย,ลูกค้าเปลี่ยนใจ/ลูกค้าขอยกเลิกบริการเอง,25
5,เปลี่ยน TrueID Gen2 | บริการหลังการขาย | ลูกค้าต้องการเปลี่ย,เปลี่ยน TrueID Gen2,บริการหลังการขาย,ค่าสัญญาณดี ภาพค้าง/ ขาดหาย,23
5,เปลี่ยน TrueID Gen2 | บริการหลังการขาย | ลูกค้าต้องการเปลี่ย,เปลี่ยน TrueID Gen2,บริการหลังการขาย,อุปกรณ์คืนค่าโรงงาน,23
5,เปลี่ยน TrueID Gen2 | บริการหลังการขาย | ลูกค้าต้องการเปลี่ย,เปลี่ยน TrueID Gen2,บริการหลังการขาย,เหตุเสียใช้ได้ ก่อนช่างถึงบ้าน,20
5,เปลี่ยน TrueID Gen2 | บริการหลังการขาย | ลูกค้าต้องการเปลี่ย,เปลี่ยน TrueID Gen2,บริการหลังการขาย,Remote ไม่ทำงาน,19
5,เปลี่ยน TrueID Gen2 | บริการหลังการขาย | ลูกค้าต้องการเปลี่ย,เปลี่ยน TrueID Gen2,บริการหลังการขาย,Monitor เหตุเสียครบตามเงื่อนไข,16
5,เปลี่ยน TrueID Gen2 | บริการหลังการขาย | ลูกค้าต้องการเปลี่ย,เปลี่ยน TrueID Gen2,บริการหลังการขาย,ไม่ทราบสาเหตุ,16
5,เปลี่ยน TrueID Gen2 | บริการหลังการขาย | ลูกค้าต้องการเปลี่ย,เปลี่ยน TrueID Gen2,บริการหลังการขาย,ค่าสัญญาณดี ไม่มีภาพ/ ไม่มีเสียง,12
5,เปลี่ยน TrueID Gen2 | บริการหลังการขาย | ลูกค้าต้องการเปลี่ย,เปลี่ยน TrueID Gen2,บริการหลังการขาย,ลูกค้าต้องการเปลี่ยน Hybrid Box,10
5,เปลี่ยน TrueID Gen2 | บริการหลังการขาย | ลูกค้าต้องการเปลี่ย,เปลี่ยน TrueID Gen2,บริการหลังการขาย,Area Manager เห็นชอบให้มีการเปลี่ยน CPE,6
5,เปลี่ยน TrueID Gen2 | บริการหลังการขาย | ลูกค้าต้องการเปลี่ย,เปลี่ยน TrueID Gen2,บริการหลังการขาย,ลูกค้าต้องการเปลี่ยน Set Top Box,5
5,เปลี่ยน TrueID Gen2 | บริการหลังการขาย | ลูกค้าต้องการเปลี่ย,เปลี่ยน TrueID Gen2,บริการหลังการขาย,เปลี่ยน process การทำงาน,5
5,เปลี่ยน TrueID Gen2 | บริการหลังการขาย | ลูกค้าต้องการเปลี่ย,เปลี่ยน TrueID Gen2,บริการหลังการขาย,กล่องไม่อ่านการ์ด,3
5,เปลี่ยน TrueID Gen2 | บริการหลังการขาย | ลูกค้าต้องการเปลี่ย,เปลี่ยน TrueID Gen2,บริการหลังการขาย,กล่องรับสัญญาณขัดข้อง (CA9/CA11),3
5,เปลี่ยน TrueID Gen2 | บริการหลังการขาย | ลูกค้าต้องการเปลี่ย,เปลี่ยน TrueID Gen2,บริการหลังการขาย,ลูกค้าต้องการเปลี่ยน Modem,3
5,เปลี่ยน TrueID Gen2 | บริการหลังการขาย | ลูกค้าต้องการเปลี่ย,เปลี่ยน TrueID Gen2,บริการหลังการขาย,ทดสอบและอธิบายลูกค้า,2
5,เปลี่ยน TrueID Gen2 | บริการหลังการขาย | ลูกค้าต้องการเปลี่ย,เปลี่ยน TrueID Gen2,บริการหลังการขาย,Port HDMI/AV/optical/usb เสีย,2
5,เปลี่ยน TrueID Gen2 | บริการหลังการขาย | ลูกค้าต้องการเปลี่ย,เปลี่ยน TrueID Gen2,บริการหลังการขาย,Switch on/off เสีย/ชำรุดแตกหัก,2
5,เปลี่ยน TrueID Gen2 | บริการหลังการขาย | ลูกค้าต้องการเปลี่ย,Soft-X Unregistered,โทรเข้า-ออก,CONFIG CHANGE,2
5,เปลี่ยน TrueID Gen2 | บริการหลังการขาย | ลูกค้าต้องการเปลี่ย,เปลี่ยน TrueID Gen2,บริการหลังการขาย,เชื่อมต่อ Remote ไม่ได้ (กล่องเสีย),2
5,เปลี่ยน TrueID Gen2 | บริการหลังการขาย | ลูกค้าต้องการเปลี่ย,เปลี่ยน TrueID Gen2,บริการหลังการขาย,สูญหาย,2
5,เปลี่ยน TrueID Gen2 | บริการหลังการขาย | ลูกค้าต้องการเปลี่ย,เปลี่ยน TrueID Gen2,บริการหลังการขาย,Modemไม่ lock/ไม่ Synch/High Loss,2
5,เปลี่ยน TrueID Gen2 | บริการหลังการขาย | ลูกค้าต้องการเปลี่ย,เปลี่ยน TrueID Gen2,บริการหลังการขาย,wifi ของกล่องเสีย,2
5,เปลี่ยน TrueID Gen2 | บริการหลังการขาย | ลูกค้าต้องการเปลี่ย,เปลี่ยน TrueID Gen2,บริการหลังการขาย,Port Lan เสีย,1
5,เปลี่ยน TrueID Gen2 | บริการหลังการขาย | ลูกค้าต้องการเปลี่ย,เปลี่ยน TrueID Gen2,บริการหลังการขาย,สัตว์ (เช่น ลิง กระรอก ช้าง ),1
5,เปลี่ยน TrueID Gen2 | บริการหลังการขาย | ลูกค้าต้องการเปลี่ย,เปลี่ยน TrueID Gen2,บริการหลังการขาย,สายหัก/สายงอ/สายถูกดึงรั้ง,1
5,เปลี่ยน TrueID Gen2 | บริการหลังการขาย | ลูกค้าต้องการเปลี่ย,Proactive-Burst speed,บริการหลังการขาย,ลูกค้าต้องการเปลี่ยน TrueID TV Box,1
5,เปลี่ยน TrueID Gen2 | บริการหลังการขาย | ลูกค้าต้องการเปลี่ย,เปลี่ยน TrueID Gen2,บริการหลังการขาย,กล่องรับสัญญาณขัดข้อง (ER16/E048),1
5,เปลี่ยน TrueID Gen2 | บริการหลังการขาย | ลูกค้าต้องการเปลี่ย,เปลี่ยน TrueID Gen2,บริการหลังการขาย,ไม่พบปัญหาการใช้งานแล้ว,1
5,เปลี่ยน TrueID Gen2 | บริการหลังการขาย | ลูกค้าต้องการเปลี่ย,เปลี่ยน TrueID Gen2,บริการหลังการขาย,ค่าสัญญาณดี แต่พบภาพขาดหาย/ ภาพแตก/ เสียงขาดหาย,1
5,เปลี่ยน TrueID Gen2 | บริการหลังการขาย | ลูกค้าต้องการเปลี่ย,เปลี่ยน TrueID Gen2,บริการหลังการขาย,Reboot,1
5,เปลี่ยน TrueID Gen2 | บริการหลังการขาย | ลูกค้าต้องการเปลี่ย,เปลี่ยน TrueID Gen2,บริการหลังการขาย,Modem ไม่รองรับ Package ลูกค้า,1
5,เปลี่ยน TrueID Gen2 | บริการหลังการขาย | ลูกค้าต้องการเปลี่ย,เปลี่ยน TrueID Gen2,บริการหลังการขาย,Connect WiFi ไม่ได้/ไม่พบ SSID,1
5,เปลี่ยน TrueID Gen2 | บริการหลังการขาย | ลูกค้าต้องการเปลี่ย,เปลี่ยน TrueID Gen2,บริการหลังการขาย,Modem แตกหัก/สีผิดสภาพเดิม,1
5,เปลี่ยน TrueID Gen2 | บริการหลังการขาย | ลูกค้าต้องการเปลี่ย,เปลี่ยน TrueID Gen2,บริการหลังการขาย,คำสั่งเสียงไม่ทำงาน,1
5,เปลี่ยน TrueID Gen2 | บริการหลังการขาย | ลูกค้าต้องการเปลี่ย,เปลี่ยน TrueID Gen2,บริการหลังการขาย,Sync Speed ได้ แต่ Test Speed LAN ไม่ได้ตาม Package,1
5,เปลี่ยน TrueID Gen2 | บริการหลังการขาย | ลูกค้าต้องการเปลี่ย,เปลี่ยน TrueID Gen2,บริการหลังการขาย,สั่งด้วยเสียไม่ได้ (กล่องเสีย),1
5,เปลี่ยน TrueID Gen2 | บริการหลังการขาย | ลูกค้าต้องการเปลี่ย,เปลี่ยน TrueID Gen2,บริการหลังการขาย,ข้อต่อหลวม ไม่ดี/ไม่สนิท,1
5,เปลี่ยน TrueID Gen2 | บริการหลังการขาย | ลูกค้าต้องการเปลี่ย,เปลี่ยน TrueID Gen2,บริการหลังการขาย,Ticket มีการระบุให้เปลี่ยนอุปกรณ์,1
5,เปลี่ยน TrueID Gen2 | บริการหลังการขาย | ลูกค้าต้องการเปลี่ย,เปลี่ยน TrueID Gen2,บริการหลังการขาย,สายเสื่อมสภาพ,1
6,ขอเปลี่ยน Router Converter | บริการหลังการขาย | ลูกค้าต้องกา,ขอเปลี่ยน Router Converter,บริการหลังการขาย,ลูกค้าต้องการเปลี่ยน Modem,104
6,ขอเปลี่ยน Router Converter | บริการหลังการขาย | ลูกค้าต้องกา,ขอเปลี่ยน Router Converter,บริการหลังการขาย,การใช้งานของลูกค้า,20
6,ขอเปลี่ยน Router Converter | บริการหลังการขาย | ลูกค้าต้องกา,ขอเปลี่ยน Router Converter,บริการหลังการขาย,Ticket มีการระบุให้เปลี่ยนอุปกรณ์,17
6,ขอเปลี่ยน Router Converter | บริการหลังการขาย | ลูกค้าต้องกา,ขอเปลี่ยน Router Converter,บริการหลังการขาย,ไฟไม่เข้า,13
6,ขอเปลี่ยน Router Converter | บริการหลังการขาย | ลูกค้าต้องกา,ขอเปลี่ยน Router Converter,บริการหลังการขาย,Connect WiFi ไม่ได้/ไม่พบ SSID,8
6,ขอเปลี่ยน Router Converter | บริการหลังการขาย | ลูกค้าต้องกา,ขอเปลี่ยน Router Converter,บริการหลังการขาย,ส่งงานไม่ถูกต้อง,8
6,ขอเปลี่ยน Router Converter | บริการหลังการขาย | ลูกค้าต้องกา,ขอเปลี่ยน Router Converter,บริการหลังการขาย,Modem ไม่รองรับ Package ลูกค้า,8
6,ขอเปลี่ยน Router Converter | บริการหลังการขาย | ลูกค้าต้องกา,ขอเปลี่ยน Router Converter,บริการหลังการขาย,ลูกค้าเปลี่ยนใจ/ลูกค้าขอยกเลิกบริการเอง,6
6,ขอเปลี่ยน Router Converter | บริการหลังการขาย | ลูกค้าต้องกา,ขอเปลี่ยน Router Converter,บริการหลังการขาย,Monitor เหตุเสียครบตามเงื่อนไข,6
6,ขอเปลี่ยน Router Converter | บริการหลังการขาย | ลูกค้าต้องกา,ขอเปลี่ยน Router Converter,บริการหลังการขาย,Modem แตกหัก/สีผิดสภาพเดิม,5
6,ขอเปลี่ยน Router Converter | บริการหลังการขาย | ลูกค้าต้องกา,ขอเปลี่ยน Router Converter,บริการหลังการขาย,Switch on/off เสีย/ชำรุดแตกหัก,4
6,ขอเปลี่ยน Router Converter | บริการหลังการขาย | ลูกค้าต้องกา,ขอเปลี่ยน Router Converter,บริการหลังการขาย,Reboot,4
6,ขอเปลี่ยน Router Converter | บริการหลังการขาย | ลูกค้าต้องกา,ขอเปลี่ยน Router Converter,บริการหลังการขาย,CONFIG CHANGE,4
6,ขอเปลี่ยน Router Converter | บริการหลังการขาย | ลูกค้าต้องกา,ขอเปลี่ยน Router Converter,บริการหลังการขาย,เหตุเสียใช้ได้ ก่อนช่างถึงบ้าน,4
6,ขอเปลี่ยน Router Converter | บริการหลังการขาย | ลูกค้าต้องกา,ขอเปลี่ยน Router Converter,บริการหลังการขาย,ทดสอบและอธิบายลูกค้า,3
6,ขอเปลี่ยน Router Converter | บริการหลังการขาย | ลูกค้าต้องกา,ขอเปลี่ยน Router Converter,บริการหลังการขาย,ไม่ทราบสาเหตุ,2
6,ขอเปลี่ยน Router Converter | บริการหลังการขาย | ลูกค้าต้องกา,ขอเปลี่ยน Router Converter,บริการหลังการขาย,Modemไม่ lock/ไม่ Synch/High Loss,2
6,ขอเปลี่ยน Router Converter | บริการหลังการขาย | ลูกค้าต้องกา,ขอเปลี่ยน Router Converter,บริการหลังการขาย,การไฟฟ้าย้ายแนว/จัดระเบียบสาย,2
6,ขอเปลี่ยน Router Converter | บริการหลังการขาย | ลูกค้าต้องกา,ขอเปลี่ยน Router Converter,บริการหลังการขาย,ขัดข้อง/เสีย,2
6,ขอเปลี่ยน Router Converter | บริการหลังการขาย | ลูกค้าต้องกา,ขอเปลี่ยน Router Converter,บริการหลังการขาย,LAN เสีย,2
6,ขอเปลี่ยน Router Converter | บริการหลังการขาย | ลูกค้าต้องกา,ขอเปลี่ยน Router Converter,บริการหลังการขาย,สายหัก/สายงอ/สายถูกดึงรั้ง,2
6,ขอเปลี่ยน Router Converter | บริการหลังการขาย | ลูกค้าต้องกา,ขอเปลี่ยน Router Converter,บริการหลังการขาย,สายเสื่อมสภาพ,1
6,ขอเปลี่ยน Router Converter | บริการหลังการขาย | ลูกค้าต้องกา,ขอเปลี่ยน Router Converter,บริการหลังการขาย,สูญหาย,1
6,ขอเปลี่ยน Router Converter | บริการหลังการขาย | ลูกค้าต้องกา,ขอเปลี่ยน Router Converter,บริการหลังการขาย,กล่องไม่อ่านการ์ด,1
6,ขอเปลี่ยน Router Converter | บริการหลังการขาย | ลูกค้าต้องกา,ขอเปลี่ยน Router Converter,บริการหลังการขาย,หัวสายสำเร็จSC-APC เสีย,1
6,ขอเปลี่ยน Router Converter | บริการหลังการขาย | ลูกค้าต้องกา,ขอเปลี่ยน Router Converter,บริการหลังการขาย,ลูกค้าทำอุปกรณ์เสียหาย,1
6,ขอเปลี่ยน Router Converter | บริการหลังการขาย | ลูกค้าต้องกา,ขอเปลี่ยน Router Converter,บริการหลังการขาย,ลูกค้าต้องการเปลี่ยน Set Top Box,1
6,ขอเปลี่ยน Router Converter | บริการหลังการขาย | ลูกค้าต้องกา,ขอเปลี่ยน Router Converter,บริการหลังการขาย,หัวสายสำเร็จSC-APC หลวม /ไม่สนิท,1
6,ขอเปลี่ยน Router Converter | บริการหลังการขาย | ลูกค้าต้องกา,ขอเปลี่ยน Router Converter,บริการหลังการขาย,อุปกรณ์คืนค่าโรงงาน,1
6,ขอเปลี่ยน Router Converter | บริการหลังการขาย | ลูกค้าต้องกา,เปลี่ยน Router เพื่อรองรับ Smart Home Router,บริการหลังการขาย,ลูกค้าต้องการเปลี่ยน Modem,1
6,ขอเปลี่ยน Router Converter | บริการหลังการขาย | ลูกค้าต้องกา,ขอเปลี่ยน Router Converter,บริการหลังการขาย,Voice ไม่ติด (ไฟ Phone ไม่ติด),1
6,ขอเปลี่ยน Router Converter | บริการหลังการขาย | ลูกค้าต้องกา,เปลี่ยน Router เพื่อรองรับ Smart Home Router,บริการหลังการขาย,ส่งงานไม่ถูกต้อง,1
6,ขอเปลี่ยน Router Converter | บริการหลังการขาย | ลูกค้าต้องกา,Disable/Enable NAT IP,บริการหลังการขาย,เปลี่ยน process การทำงาน,1
7,ลูกค้าขอเปลี่ยน Router เพื่อรองรับBridge Mode | บริการหลังกา,Disable/Enable NAT IP,บริการหลังการขาย,,582
7,ลูกค้าขอเปลี่ยน Router เพื่อรองรับBridge Mode | บริการหลังกา,ลูกค้าขอตั้งค่า bridge Mode (Router รองรับ),บริการหลังการขาย,,148
7,ลูกค้าขอเปลี่ยน Router เพื่อรองรับBridge Mode | บริการหลังกา,ลูกค้าขอเปลี่ยน Router เพื่อรองรับBridge Mode,บริการหลังการขาย,ลูกค้าต้องการเปลี่ยน Modem,134
7,ลูกค้าขอเปลี่ยน Router เพื่อรองรับBridge Mode | บริการหลังกา,ลูกค้าขอตั้งค่า bridge Mode (Router รองรับ),บริการหลังการขาย,ลูกค้าต้องการเปลี่ยน Modem,109
7,ลูกค้าขอเปลี่ยน Router เพื่อรองรับBridge Mode | บริการหลังกา,เปลี่ยน Router เป็นรุ่นรองรับ  bridge Mode,บริการหลังการขาย,ลูกค้าต้องการเปลี่ยน Modem,81
7,ลูกค้าขอเปลี่ยน Router เพื่อรองรับBridge Mode | บริการหลังกา,ลูกค้าขอเปลี่ยน Router เพื่อรองรับBridge Mode,บริการหลังการขาย,การใช้งานของลูกค้า,27
7,ลูกค้าขอเปลี่ยน Router เพื่อรองรับBridge Mode | บริการหลังกา,ลูกค้าขอเปลี่ยน Router เพื่อรองรับBridge Mode,บริการหลังการขาย,Modem ไม่รองรับ Package ลูกค้า,25
7,ลูกค้าขอเปลี่ยน Router เพื่อรองรับBridge Mode | บริการหลังกา,ลูกค้าขอตั้งค่า bridge Mode (Router รองรับ),บริการหลังการขาย,Modem ไม่รองรับ Package ลูกค้า,22
7,ลูกค้าขอเปลี่ยน Router เพื่อรองรับBridge Mode | บริการหลังกา,ลูกค้าขอเปลี่ยน Router เพื่อรองรับBridge Mode,บริการหลังการขาย,Ticket มีการระบุให้เปลี่ยนอุปกรณ์,21
7,ลูกค้าขอเปลี่ยน Router เพื่อรองรับBridge Mode | บริการหลังกา,ลูกค้าขอตั้งค่า bridge Mode (Router รองรับ),บริการหลังการขาย,Ticket มีการระบุให้เปลี่ยนอุปกรณ์,18
7,ลูกค้าขอเปลี่ยน Router เพื่อรองรับBridge Mode | บริการหลังกา,ลูกค้าขอตั้งค่า bridge Mode (Router รองรับ),บริการหลังการขาย,การใช้งานของลูกค้า,17
7,ลูกค้าขอเปลี่ยน Router เพื่อรองรับBridge Mode | บริการหลังกา,เปลี่ยน Router เป็นรุ่นรองรับ  bridge Mode,บริการหลังการขาย,Ticket มีการระบุให้เปลี่ยนอุปกรณ์,14
7,ลูกค้าขอเปลี่ยน Router เพื่อรองรับBridge Mode | บริการหลังกา,ลูกค้าขอเปลี่ยน Router เพื่อรองรับBridge Mode,บริการหลังการขาย,ลูกค้าเปลี่ยนใจ/ลูกค้าขอยกเลิกบริการเอง,13
7,ลูกค้าขอเปลี่ยน Router เพื่อรองรับBridge Mode | บริการหลังกา,เปลี่ยน Router เป็นรุ่นรองรับ  bridge Mode,บริการหลังการขาย,การใช้งานของลูกค้า,13
7,ลูกค้าขอเปลี่ยน Router เพื่อรองรับBridge Mode | บริการหลังกา,เปลี่ยน Router เป็นรุ่นรองรับ  bridge Mode,บริการหลังการขาย,Modem ไม่รองรับ Package ลูกค้า,12
7,ลูกค้าขอเปลี่ยน Router เพื่อรองรับBridge Mode | บริการหลังกา,ลูกค้าขอตั้งค่า bridge Mode (Router รองรับ),บริการหลังการขาย,ลูกค้าเปลี่ยนใจ/ลูกค้าขอยกเลิกบริการเอง,10
7,ลูกค้าขอเปลี่ยน Router เพื่อรองรับBridge Mode | บริการหลังกา,ลูกค้าขอเปลี่ยน Router เพื่อรองรับBridge Mode,บริการหลังการขาย,เหตุเสียใช้ได้ ก่อนช่างถึงบ้าน,9
7,ลูกค้าขอเปลี่ยน Router เพื่อรองรับBridge Mode | บริการหลังกา,ลูกค้าขอตั้งค่า bridge Mode (Router รองรับ),บริการหลังการขาย,CONFIG CHANGE,7
7,ลูกค้าขอเปลี่ยน Router เพื่อรองรับBridge Mode | บริการหลังกา,เปลี่ยน Router เป็นรุ่นรองรับ  bridge Mode,บริการหลังการขาย,ลูกค้าเปลี่ยนใจ/ลูกค้าขอยกเลิกบริการเอง,7
7,ลูกค้าขอเปลี่ยน Router เพื่อรองรับBridge Mode | บริการหลังกา,ลูกค้าขอตั้งค่า bridge Mode (Router รองรับ),บริการหลังการขาย,เหตุเสียใช้ได้ ก่อนช่างถึงบ้าน,5
7,ลูกค้าขอเปลี่ยน Router เพื่อรองรับBridge Mode | บริการหลังกา,ลูกค้าขอตั้งค่า bridge Mode (Router รองรับ),บริการหลังการขาย,ส่งงานไม่ถูกต้อง,5
7,ลูกค้าขอเปลี่ยน Router เพื่อรองรับBridge Mode | บริการหลังกา,ลูกค้าขอเปลี่ยน Router เพื่อรองรับBridge Mode,บริการหลังการขาย,ส่งงานไม่ถูกต้อง,5
7,ลูกค้าขอเปลี่ยน Router เพื่อรองรับBridge Mode | บริการหลังกา,ลูกค้าขอเปลี่ยน Router เพื่อรองรับBridge Mode,บริการหลังการขาย,ไม่ทราบสาเหตุ,4
7,ลูกค้าขอเปลี่ยน Router เพื่อรองรับBridge Mode | บริการหลังกา,ลูกค้าขอเปลี่ยน Router เพื่อรองรับBridge Mode,บริการหลังการขาย,CONFIG CHANGE,4
7,ลูกค้าขอเปลี่ยน Router เพื่อรองรับBridge Mode | บริการหลังกา,เปลี่ยน Router เป็นรุ่นรองรับ  bridge Mode,บริการหลังการขาย,ส่งงานไม่ถูกต้อง,4
7,ลูกค้าขอเปลี่ยน Router เพื่อรองรับBridge Mode | บริการหลังกา,เปลี่ยน Router เป็นรุ่นรองรับ  bridge Mode,บริการหลังการขาย,เหตุเสียใช้ได้ ก่อนช่างถึงบ้าน,4
7,ลูกค้าขอเปลี่ยน Router เพื่อรองรับBridge Mode | บริการหลังกา,เปลี่ยน Router เป็นรุ่นรองรับ  bridge Mode,บริการหลังการขาย,ไม่ทราบสาเหตุ,3
7,ลูกค้าขอเปลี่ยน Router เพื่อรองรับBridge Mode | บริการหลังกา,ลูกค้าขอตั้งค่า bridge Mode,บริการหลังการขาย,,3
7,ลูกค้าขอเปลี่ยน Router เพื่อรองรับBridge Mode | บริการหลังกา,ลูกค้าขอเปลี่ยน Router เพื่อรองรับBridge Mode,บริการหลังการขาย,Monitor เหตุเสียครบตามเงื่อนไข,3
7,ลูกค้าขอเปลี่ยน Router เพื่อรองรับBridge Mode | บริการหลังกา,ลูกค้าขอเปลี่ยน Router เพื่อรองรับBridge Mode,บริการหลังการขาย,Modemไม่ lock/ไม่ Synch/High Loss,2
7,ลูกค้าขอเปลี่ยน Router เพื่อรองรับBridge Mode | บริการหลังกา,เปลี่ยน Router เป็นรุ่นรองรับ  bridge Mode,บริการหลังการขาย,CONFIG CHANGE,2
7,ลูกค้าขอเปลี่ยน Router เพื่อรองรับBridge Mode | บริการหลังกา,ลูกค้าขอตั้งค่า bridge Mode (Router รองรับ),บริการหลังการขาย,Monitor เหตุเสียครบตามเงื่อนไข,2
7,ลูกค้าขอเปลี่ยน Router เพื่อรองรับBridge Mode | บริการหลังกา,ลูกค้าขอเปลี่ยน Router เพื่อรองรับBridge Mode,บริการหลังการขาย,ทดสอบและอธิบายลูกค้า,2
7,ลูกค้าขอเปลี่ยน Router เพื่อรองรับBridge Mode | บริการหลังกา,ลูกค้าขอเปลี่ยน Router เพื่อรองรับBridge Mode,บริการหลังการขาย,เปลี่ยน process การทำงาน,2
7,ลูกค้าขอเปลี่ยน Router เพื่อรองรับBridge Mode | บริการหลังกา,ลูกค้าขอตั้งค่า bridge Mode (Router รองรับ),บริการหลังการขาย,ไม่ทราบสาเหตุ,2
7,ลูกค้าขอเปลี่ยน Router เพื่อรองรับBridge Mode | บริการหลังกา,ลูกค้าขอเปลี่ยน Router เพื่อรองรับBridge Mode,บริการหลังการขาย,ขัดข้อง/เสีย,1
7,ลูกค้าขอเปลี่ยน Router เพื่อรองรับBridge Mode | บริการหลังกา,ลูกค้าขอตั้งค่า bridge Mode (Router รองรับ),บริการหลังการขาย,Reboot,1
7,ลูกค้าขอเปลี่ยน Router เพื่อรองรับBridge Mode | บริการหลังกา,ลูกค้าขอเปลี่ยน Router เพื่อรองรับBridge Mode,บริการหลังการขาย,Exp ดี - ลูกค้าไม่สะดวกให้ตรวจสอบ,1
7,ลูกค้าขอเปลี่ยน Router เพื่อรองรับBridge Mode | บริการหลังกา,Disable/Enable NAT IP,บริการหลังการขาย,ลูกค้าต้องการเปลี่ยน Modem,1
7,ลูกค้าขอเปลี่ยน Router เพื่อรองรับBridge Mode | บริการหลังกา,ลูกค้าขอเปลี่ยน Router เพื่อรองรับBridge Mode,บริการหลังการขาย,หัวสายสำเร็จSC-APC หลวม /ไม่สนิท,1
7,ลูกค้าขอเปลี่ยน Router เพื่อรองรับBridge Mode | บริการหลังกา,ลูกค้าขอตั้งค่า bridge Mode (Router รองรับ),บริการหลังการขาย,ขัดข้อง/เสีย,1
7,ลูกค้าขอเปลี่ยน Router เพื่อรองรับBridge Mode | บริการหลังกา,ลูกค้าขอตั้งค่า bridge Mode (Router รองรับ),บริการหลังการขาย,หัวสายสำเร็จSC-APC เสีย,1
7,ลูกค้าขอเปลี่ยน Router เพื่อรองรับBridge Mode | บริการหลังกา,เปลี่ยน Router เป็นรุ่นรองรับ  bridge Mode,บริการหลังการขาย,Modemไม่ lock/ไม่ Synch/High Loss,1
7,ลูกค้าขอเปลี่ยน Router เพื่อรองรับBridge Mode | บริการหลังกา,ลูกค้าขอตั้งค่า bridge Mode (Router รองรับ),บริการหลังการขาย,ข้อต่อหลวม ไม่ดี/ไม่สนิท,1
7,ลูกค้าขอเปลี่ยน Router เพื่อรองรับBridge Mode | บริการหลังกา,ลูกค้าขอเปลี่ยน Router เพื่อรองรับBridge Mode,บริการหลังการขาย,Area Manager เห็นชอบให้มีการเปลี่ยน CPE,1
7,ลูกค้าขอเปลี่ยน Router เพื่อรองรับBridge Mode | บริการหลังกา,ลูกค้าขอเปลี่ยน Router เพื่อรองรับBridge Mode,บริการหลังการขาย,ข้อต่อหลวม ไม่ดี/ไม่สนิท,1
7,ลูกค้าขอเปลี่ยน Router เพื่อรองรับBridge Mode | บริการหลังกา,ลูกค้าขอตั้งค่า bridge Mode (Router รองรับ),บริการหลังการขาย,BUG FIRMWARE,1
7,ลูกค้าขอเปลี่ยน Router เพื่อรองรับBridge Mode | บริการหลังกา,อุปกรณ์ลูกค้า (device),ใช้งาน VPN ไม่ได้,Area Manager เห็นชอบให้มีการเปลี่ยน CPE,1
7,ลูกค้าขอเปลี่ยน Router เพื่อรองรับBridge Mode | บริการหลังกา,ลูกค้าขอเปลี่ยน Router เพื่อรองรับBridge Mode,บริการหลังการขาย,ไม่พบปัญหาการใช้งานแล้ว,1
7,ลูกค้าขอเปลี่ยน Router เพื่อรองรับBridge Mode | บริการหลังกา,ลูกค้าขอเปลี่ยน Router เพื่อรองรับBridge Mode,บริการหลังการขาย,การไฟฟ้าย้ายแนว/จัดระเบียบสาย,1
7,ลูกค้าขอเปลี่ยน Router เพื่อรองรับBridge Mode | บริการหลังกา,ลูกค้าขอเปลี่ยน Router เพื่อรองรับBridge Mode,บริการหลังการขาย,Reboot,1
7,ลูกค้าขอเปลี่ยน Router เพื่อรองรับBridge Mode | บริการหลังกา,ลูกค้าขอตั้งค่า bridge Mode (Router รองรับ),บริการหลังการขาย,มีเสียงผิดปกติในตัวโมเด็ม,1
7,ลูกค้าขอเปลี่ยน Router เพื่อรองรับBridge Mode | บริการหลังกา,ลูกค้าขอตั้งค่า bridge Mode (Router รองรับ),บริการหลังการขาย,ทดสอบและอธิบายลูกค้า,1
7,ลูกค้าขอเปลี่ยน Router เพื่อรองรับBridge Mode | บริการหลังกา,ลูกค้าขอตั้งค่า bridge Mode,บริการหลังการขาย,ลูกค้าต้องการเปลี่ยน Modem,1
8,เปลี่ยน Router/MESH T3 เป็น Skyworth | บริการหลังการขาย | Co,เปลี่ยน Router/MESH T3 เป็น Skyworth,บริการหลังการขาย,ลูกค้าต้องการเปลี่ยน Modem,70
8,เปลี่ยน Router/MESH T3 เป็น Skyworth | บริการหลังการขาย | Co,เปลี่ยน Router/MESH T3 เป็น Skyworth,บริการหลังการขาย,การใช้งานของลูกค้า,15
8,เปลี่ยน Router/MESH T3 เป็น Skyworth | บริการหลังการขาย | Co,เปลี่ยน Router/MESH T3 เป็น Skyworth,บริการหลังการขาย,Ticket มีการระบุให้เปลี่ยนอุปกรณ์,8
8,เปลี่ยน Router/MESH T3 เป็น Skyworth | บริการหลังการขาย | Co,เปลี่ยน Router/MESH T3 เป็น Skyworth,บริการหลังการขาย,ไฟไม่เข้า,7
8,เปลี่ยน Router/MESH T3 เป็น Skyworth | บริการหลังการขาย | Co,เปลี่ยน Router/MESH T3 เป็น Skyworth,บริการหลังการขาย,Modem ไม่รองรับ Package ลูกค้า,6
8,เปลี่ยน Router/MESH T3 เป็น Skyworth | บริการหลังการขาย | Co,เปลี่ยน Router/MESH T3 เป็น Skyworth,บริการหลังการขาย,CONFIG CHANGE,6
8,เปลี่ยน Router/MESH T3 เป็น Skyworth | บริการหลังการขาย | Co,เปลี่ยน Router/MESH T3 เป็น Skyworth,บริการหลังการขาย,ขัดข้อง/เสีย,5
8,เปลี่ยน Router/MESH T3 เป็น Skyworth | บริการหลังการขาย | Co,เปลี่ยน Router/MESH T3 เป็น Skyworth,บริการหลังการขาย,ทดสอบและอธิบายลูกค้า,5
8,เปลี่ยน Router/MESH T3 เป็น Skyworth | บริการหลังการขาย | Co,เปลี่ยน Router/MESH T3 เป็น Skyworth,บริการหลังการขาย,ส่งงานไม่ถูกต้อง,5
8,เปลี่ยน Router/MESH T3 เป็น Skyworth | บริการหลังการขาย | Co,เปลี่ยน Router/MESH T3 เป็น Skyworth,บริการหลังการขาย,Reboot,4
8,เปลี่ยน Router/MESH T3 เป็น Skyworth | บริการหลังการขาย | Co,เปลี่ยน Router/MESH T3 เป็น Skyworth,บริการหลังการขาย,ลูกค้าเปลี่ยนใจ/ลูกค้าขอยกเลิกบริการเอง,4
8,เปลี่ยน Router/MESH T3 เป็น Skyworth | บริการหลังการขาย | Co,เปลี่ยน Router/MESH T3 เป็น Skyworth,บริการหลังการขาย,เหตุเสียใช้ได้ ก่อนช่างถึงบ้าน,4
8,เปลี่ยน Router/MESH T3 เป็น Skyworth | บริการหลังการขาย | Co,เปลี่ยน Router/MESH T3 เป็น Skyworth,บริการหลังการขาย,Modemไม่ lock/ไม่ Synch/High Loss,4
8,เปลี่ยน Router/MESH T3 เป็น Skyworth | บริการหลังการขาย | Co,เปลี่ยน Router/MESH T3 เป็น Skyworth,บริการหลังการขาย,Connect WiFi ไม่ได้/ไม่พบ SSID,3
8,เปลี่ยน Router/MESH T3 เป็น Skyworth | บริการหลังการขาย | Co,เปลี่ยน Router/MESH T3 เป็น Skyworth,บริการหลังการขาย,Voice ไม่ติด (ไฟ Phone ไม่ติด),3
8,เปลี่ยน Router/MESH T3 เป็น Skyworth | บริการหลังการขาย | Co,เปลี่ยน Router/MESH T3 เป็น Skyworth,บริการหลังการขาย,อุปกรณ์คืนค่าโรงงาน,2
8,เปลี่ยน Router/MESH T3 เป็น Skyworth | บริการหลังการขาย | Co,เปลี่ยน Router/MESH T3 เป็น Skyworth,บริการหลังการขาย,Modem แตกหัก/สีผิดสภาพเดิม,1
8,เปลี่ยน Router/MESH T3 เป็น Skyworth | บริการหลังการขาย | Co,เปลี่ยน Router/MESH T3 เป็น Skyworth,บริการหลังการขาย,Sync Speed ได้ แต่ Test Speed WIFI 5 GHz ไม่ได้ตาม Package,1
8,เปลี่ยน Router/MESH T3 เป็น Skyworth | บริการหลังการขาย | Co,เปลี่ยน Router/MESH T3 เป็น Skyworth,บริการหลังการขาย,Monitor เหตุเสียครบตามเงื่อนไข,1
8,เปลี่ยน Router/MESH T3 เป็น Skyworth | บริการหลังการขาย | Co,เปลี่ยน Router/MESH T3 เป็น Skyworth,บริการหลังการขาย,Sync Speed ได้ แต่ Test Speed WIFI 2.4 GHz ไม่ได้ตาม Package,1
8,เปลี่ยน Router/MESH T3 เป็น Skyworth | บริการหลังการขาย | Co,เปลี่ยน Router/MESH T3 เป็น Skyworth,บริการหลังการขาย,ลูกค้าต้องการเปลี่ยน Mesh Wifi,1
8,เปลี่ยน Router/MESH T3 เป็น Skyworth | บริการหลังการขาย | Co,เปลี่ยน Router/MESH T3 เป็น Skyworth,บริการหลังการขาย,Switch on/off เสีย/ชำรุดแตกหัก,1
8,เปลี่ยน Router/MESH T3 เป็น Skyworth | บริการหลังการขาย | Co,เปลี่ยน Router/MESH T3 เป็น Skyworth,บริการหลังการขาย,สายหัก/สายงอ/สายถูกดึงรั้ง,1
8,เปลี่ยน Router/MESH T3 เป็น Skyworth | บริการหลังการขาย | Co,เปลี่ยน Router/MESH T3 เป็น Skyworth,บริการหลังการขาย,ไม่ทราบสาเหตุ,1
8,เปลี่ยน Router/MESH T3 เป็น Skyworth | บริการหลังการขาย | Co,เปลี่ยน Router/MESH T3 เป็น Skyworth,บริการหลังการขาย,ลูกค้าทำอุปกรณ์เสียหาย,1
8,เปลี่ยน Router/MESH T3 เป็น Skyworth | บริการหลังการขาย | Co,เปลี่ยน Router/MESH T3 เป็น Skyworth,บริการหลังการขาย,สูญหาย,1
8,เปลี่ยน Router/MESH T3 เป็น Skyworth | บริการหลังการขาย | Co,เปลี่ยน Router/MESH T3 เป็น Skyworth,บริการหลังการขาย,พบปัญหาใหม่,1
8,เปลี่ยน Router/MESH T3 เป็น Skyworth | บริการหลังการขาย | Co,เปลี่ยน Router/MESH T3 เป็น Skyworth,บริการหลังการขาย,Sync Speed ได้ แต่ Test Speed LAN ไม่ได้ตาม Package,1
9,กล่อง Set top boxขัดข้อง | CMDU-ปัญหาอุปกรณ์ | Remote ไม่ทำง,กล่อง Set top boxขัดข้อง,CMDU-ปัญหาอุปกรณ์,ขัดข้อง/เสีย,7
9,กล่อง Set top boxขัดข้อง | CMDU-ปัญหาอุปกรณ์ | Remote ไม่ทำง,กล่อง Set top boxขัดข้อง,CMDU-ปัญหาอุปกรณ์,เหตุเสียใช้ได้ ก่อนช่างถึงบ้าน,6
9,กล่อง Set top boxขัดข้อง | CMDU-ปัญหาอุปกรณ์ | Remote ไม่ทำง,กล่อง Set top boxขัดข้อง,CMDU-ปัญหาอุปกรณ์,การใช้งานของลูกค้า,5
9,กล่อง Set top boxขัดข้อง | CMDU-ปัญหาอุปกรณ์ | Remote ไม่ทำง,กล่อง Set top boxขัดข้อง,CMDU-ปัญหาอุปกรณ์,ส่งงานไม่ถูกต้อง,5
9,กล่อง Set top boxขัดข้อง | CMDU-ปัญหาอุปกรณ์ | Remote ไม่ทำง,กล่อง Set top boxขัดข้อง,CMDU-ปัญหาอุปกรณ์,Monitor เหตุเสียครบตามเงื่อนไข,3
9,กล่อง Set top boxขัดข้อง | CMDU-ปัญหาอุปกรณ์ | Remote ไม่ทำง,กล่อง Set top boxขัดข้อง,CMDU-ปัญหาอุปกรณ์,CONFIG CHANGE,3
9,กล่อง Set top boxขัดข้อง | CMDU-ปัญหาอุปกรณ์ | Remote ไม่ทำง,กล่อง Set top boxขัดข้อง,CMDU-ปัญหาอุปกรณ์,ไฟไม่เข้า,3
9,กล่อง Set top boxขัดข้อง | CMDU-ปัญหาอุปกรณ์ | Remote ไม่ทำง,รีโมตคำสั่งเสียงไม่ทำงาน,CMDU-ปัญหาอุปกรณ์,ขัดข้อง/เสีย,3
9,กล่อง Set top boxขัดข้อง | CMDU-ปัญหาอุปกรณ์ | Remote ไม่ทำง,กล่อง Set top boxขัดข้อง,CMDU-ปัญหาอุปกรณ์,อุปกรณ์ Hang,3
9,กล่อง Set top boxขัดข้อง | CMDU-ปัญหาอุปกรณ์ | Remote ไม่ทำง,กล่อง Set top boxขัดข้อง,CMDU-ปัญหาอุปกรณ์,ลูกค้าต้องการเปลี่ยน Set Top Box,2
9,กล่อง Set top boxขัดข้อง | CMDU-ปัญหาอุปกรณ์ | Remote ไม่ทำง,กล่อง Set top boxขัดข้อง,CMDU-ปัญหาอุปกรณ์,ลูกค้าเปลี่ยนใจ/ลูกค้าขอยกเลิกบริการเอง,2
9,กล่อง Set top boxขัดข้อง | CMDU-ปัญหาอุปกรณ์ | Remote ไม่ทำง,กล่อง Set top boxขัดข้อง,CMDU-ปัญหาอุปกรณ์,กล่องไม่อ่านการ์ด,2
9,กล่อง Set top boxขัดข้อง | CMDU-ปัญหาอุปกรณ์ | Remote ไม่ทำง,กล่อง Set top boxขัดข้อง,CMDU-ปัญหาอุปกรณ์,อุปกรณ์คืนค่าโรงงาน,2
9,กล่อง Set top boxขัดข้อง | CMDU-ปัญหาอุปกรณ์ | Remote ไม่ทำง,กล่อง Set top boxขัดข้อง,CMDU-ปัญหาอุปกรณ์,Remote ไม่ทำงาน,1
9,กล่อง Set top boxขัดข้อง | CMDU-ปัญหาอุปกรณ์ | Remote ไม่ทำง,ค่าสัญญาณไม่ดี,เปิด Web ไม่ได้,ลูกค้าต้องการเปลี่ยน Set Top Box,1
9,กล่อง Set top boxขัดข้อง | CMDU-ปัญหาอุปกรณ์ | Remote ไม่ทำง,รีโมตเสียใช้งานไม่ได้,CMDU-ปัญหาอุปกรณ์,ขัดข้อง/เสีย,1
9,กล่อง Set top boxขัดข้อง | CMDU-ปัญหาอุปกรณ์ | Remote ไม่ทำง,กล่อง Set top boxขัดข้อง,CMDU-ปัญหาอุปกรณ์,ข้อต่อหลวม ไม่ดี/ไม่สนิท,1
9,กล่อง Set top boxขัดข้อง | CMDU-ปัญหาอุปกรณ์ | Remote ไม่ทำง,ค่าสัญญาณไม่ดี,CMDU-ปัญหาสัญญาณ,กล่องไม่อ่านการ์ด,1
9,กล่อง Set top boxขัดข้อง | CMDU-ปัญหาอุปกรณ์ | Remote ไม่ทำง,กล่อง Set top boxขัดข้อง,CMDU-ปัญหาอุปกรณ์,ช่องรายการถูกล็อค(CA14),1
9,กล่อง Set top boxขัดข้อง | CMDU-ปัญหาอุปกรณ์ | Remote ไม่ทำง,Set-top box หาย/ชำรุด,บริการหลังการขาย,Modemไม่ lock/ไม่ Synch/High Loss,1
9,กล่อง Set top boxขัดข้อง | CMDU-ปัญหาอุปกรณ์ | Remote ไม่ทำง,ค่าสัญญาณไม่ดี,CMDU-ปัญหาสัญญาณ,ลูกค้าต้องการเปลี่ยน Hybrid Box,1
9,กล่อง Set top boxขัดข้อง | CMDU-ปัญหาอุปกรณ์ | Remote ไม่ทำง,กล่อง Set top boxขัดข้อง,CMDU-ปัญหาอุปกรณ์,ลูกค้าต้องการเปลี่ยน Modem,1
9,กล่อง Set top boxขัดข้อง | CMDU-ปัญหาอุปกรณ์ | Remote ไม่ทำง,กล่อง Set top boxขัดข้อง,CMDU-ปัญหาอุปกรณ์,BUG FIRMWARE,1
9,กล่อง Set top boxขัดข้อง | CMDU-ปัญหาอุปกรณ์ | Remote ไม่ทำง,รีโมตเสียใช้งานไม่ได้,CMDU-ปัญหาอุปกรณ์,ส่งงานไม่ถูกต้อง,1
9,กล่อง Set top boxขัดข้อง | CMDU-ปัญหาอุปกรณ์ | Remote ไม่ทำง,รีโมตคำสั่งเสียงไม่ทำงาน,CMDU-ปัญหาอุปกรณ์,ส่งงานไม่ถูกต้อง,1
9,กล่อง Set top boxขัดข้อง | CMDU-ปัญหาอุปกรณ์ | Remote ไม่ทำง,กล่อง Set top boxขัดข้อง,CMDU-ปัญหาอุปกรณ์,ค่าสัญญาณดี แต่พบภาพขาดหาย/ ภาพแตก/ เสียงขาดหาย,1
9,กล่อง Set top boxขัดข้อง | CMDU-ปัญหาอุปกรณ์ | Remote ไม่ทำง,กล่อง Set top boxขัดข้อง,CMDU-ปัญหาอุปกรณ์,Modemไม่ lock/ไม่ Synch/High Loss,1
9,กล่อง Set top boxขัดข้อง | CMDU-ปัญหาอุปกรณ์ | Remote ไม่ทำง,กล่อง Set top boxขัดข้อง,CMDU-ปัญหาอุปกรณ์,ไม่ทราบสาเหตุ,1
9,กล่อง Set top boxขัดข้อง | CMDU-ปัญหาอุปกรณ์ | Remote ไม่ทำง,ER16: ไม่พบสัญญาณ,CMDU-ปัญหาสัญญาณ,ลูกค้าต้องการเปลี่ยน Set Top Box,1
9,กล่อง Set top boxขัดข้อง | CMDU-ปัญหาอุปกรณ์ | Remote ไม่ทำง,กล่อง Set top boxขัดข้อง,CMDU-ปัญหาอุปกรณ์,หัวสายสำเร็จSC-APC เสีย,1
10,ย้ายจุด/เดินสายภายในบ้าน ประเภทเดินสายลอยตีกิ๊บ จุดละ1000 บา,ย้ายจุด/เดินสายภายในบ้าน ประเภทเดินสายลอยตีกิ๊บ จุดละ1000 บาท 20เมตร (รวม VAT),บริการหลังการขาย,การใช้งานของลูกค้า,737
10,ย้ายจุด/เดินสายภายในบ้าน ประเภทเดินสายลอยตีกิ๊บ จุดละ1000 บา,ย้ายจุด/เดินสายภายในบ้าน ประเภทเดินสายลอยตีกิ๊บ จุดละ1000 บาท 20เมตร (รวม VAT),บริการหลังการขาย,ลูกค้าเปลี่ยนใจ/ลูกค้าขอยกเลิกบริการเอง,353
10,ย้ายจุด/เดินสายภายในบ้าน ประเภทเดินสายลอยตีกิ๊บ จุดละ1000 บา,ย้ายจุด/เดินสายภายในบ้าน ประเภทเดินสายลอยตีกิ๊บ จุดละ1000 บาท 20เมตร (รวม VAT),บริการหลังการขาย,เก็บค่าบริการ,305
10,ย้ายจุด/เดินสายภายในบ้าน ประเภทเดินสายลอยตีกิ๊บ จุดละ1000 บา,ย้ายจุด/เดินสายภายในบ้าน ประเภทเดินสายลอยตีกิ๊บ จุดละ1000 บาท 20เมตร (รวม VAT),บริการหลังการขาย,เหตุเสียใช้ได้ ก่อนช่างถึงบ้าน,273
10,ย้ายจุด/เดินสายภายในบ้าน ประเภทเดินสายลอยตีกิ๊บ จุดละ1000 บา,ย้ายจุด/เดินสายภายในบ้าน ประเภทเดินสายลอยตีกิ๊บ จุดละ1000 บาท 20เมตร (รวม VAT),บริการหลังการขาย,เหตุเสียภายใน 90 วัน,163
10,ย้ายจุด/เดินสายภายในบ้าน ประเภทเดินสายลอยตีกิ๊บ จุดละ1000 บา,ย้ายจุด/เดินสายภายในบ้าน ประเภทเดินสายลอยตีกิ๊บ จุดละ1000 บาท 20เมตร (รวม VAT),บริการหลังการขาย,ขัดข้อง/เสีย,129
10,ย้ายจุด/เดินสายภายในบ้าน ประเภทเดินสายลอยตีกิ๊บ จุดละ1000 บา,ย้ายจุด/เดินสายภายในบ้าน ประเภทเดินสายลอยตีกิ๊บ จุดละ1000 บาท 20เมตร (รวม VAT),บริการหลังการขาย,สายหัก/สายงอ/สายถูกดึงรั้ง,111
10,ย้ายจุด/เดินสายภายในบ้าน ประเภทเดินสายลอยตีกิ๊บ จุดละ1000 บา,ย้ายจุด/เดินสายภายในบ้าน ประเภทเดินสายลอยตีกิ๊บ จุดละ1000 บาท 20เมตร (รวม VAT),บริการหลังการขาย,เปลี่ยน process การทำงาน,105
10,ย้ายจุด/เดินสายภายในบ้าน ประเภทเดินสายลอยตีกิ๊บ จุดละ1000 บา,ย้ายจุด/เดินสายภายในบ้าน ประเภทเดินสายลอยตีกิ๊บ จุดละ1000 บาท 20เมตร (รวม VAT),บริการหลังการขาย,ไม่ทราบสาเหตุ,95
10,ย้ายจุด/เดินสายภายในบ้าน ประเภทเดินสายลอยตีกิ๊บ จุดละ1000 บา,ย้ายจุด/เดินสายภายในบ้าน ประเภทเดินสายลอยตีกิ๊บ จุดละ1000 บาท 20เมตร (รวม VAT),บริการหลังการขาย,Monitor เหตุเสียครบตามเงื่อนไข,66
10,ย้ายจุด/เดินสายภายในบ้าน ประเภทเดินสายลอยตีกิ๊บ จุดละ1000 บา,ย้ายจุด/เดินสายภายในบ้าน ประเภทเดินสายลอยตีกิ๊บ จุดละ1000 บาท 20เมตร (รวม VAT),บริการหลังการขาย,ส่งงานไม่ถูกต้อง,66
10,ย้ายจุด/เดินสายภายในบ้าน ประเภทเดินสายลอยตีกิ๊บ จุดละ1000 บา,ย้ายจุด/เดินสายภายในบ้าน ประเภทเดินสายลอยตีกิ๊บ จุดละ1000 บาท 20เมตร (รวม VAT),บริการหลังการขาย,ไม่เก็บค่าบริการ,50
10,ย้ายจุด/เดินสายภายในบ้าน ประเภทเดินสายลอยตีกิ๊บ จุดละ1000 บา,ย้ายจุด/เดินสายภายในบ้าน ประเภทเดินสายลอยตีกิ๊บ จุดละ1000 บาท 20เมตร (รวม VAT),บริการหลังการขาย,ทดสอบและอธิบายลูกค้า,44
10,ย้ายจุด/เดินสายภายในบ้าน ประเภทเดินสายลอยตีกิ๊บ จุดละ1000 บา,ย้ายจุด/เดินสายภายในบ้าน ประเภทเดินสายลอยตีกิ๊บ จุดละ1000 บาท 20เมตร (รวม VAT),บริการหลังการขาย,สายเสื่อมสภาพ,36
10,ย้ายจุด/เดินสายภายในบ้าน ประเภทเดินสายลอยตีกิ๊บ จุดละ1000 บา,ย้ายจุด/เดินสายภายในบ้าน ประเภทเดินสายลอยตีกิ๊บ จุดละ1000 บาท 20เมตร (รวม VAT),บริการหลังการขาย,หัวสายสำเร็จSC-APC เสีย,35
10,ย้ายจุด/เดินสายภายในบ้าน ประเภทเดินสายลอยตีกิ๊บ จุดละ1000 บา,ย้ายจุด/เดินสายภายในบ้าน ประเภทเดินสายลอยตีกิ๊บ จุดละ1000 บาท 20เมตร (รวม VAT),บริการหลังการขาย,CONFIG CHANGE,27
10,ย้ายจุด/เดินสายภายในบ้าน ประเภทเดินสายลอยตีกิ๊บ จุดละ1000 บา,ย้ายจุด/เดินสายภายในบ้าน ประเภทเดินสายลอยตีกิ๊บ จุดละ1000 บาท 20เมตร (รวม VAT),บริการหลังการขาย,การไฟฟ้าย้ายแนว/จัดระเบียบสาย,21
10,ย้ายจุด/เดินสายภายในบ้าน ประเภทเดินสายลอยตีกิ๊บ จุดละ1000 บา,ย้ายจุด/เดินสายภายในบ้าน ประเภทเดินสายลอยตีกิ๊บ จุดละ1000 บาท 20เมตร (รวม VAT),บริการหลังการขาย,ลูกค้าต้องการเปลี่ยน Modem,18
10,ย้ายจุด/เดินสายภายในบ้าน ประเภทเดินสายลอยตีกิ๊บ จุดละ1000 บา,ย้ายจุด/เดินสายภายในบ้าน ประเภทเดินสายลอยตีกิ๊บ จุดละ1000 บาท 20เมตร (รวม VAT),บริการหลังการขาย,Project Inspection Dropwire,15
10,ย้ายจุด/เดินสายภายในบ้าน ประเภทเดินสายลอยตีกิ๊บ จุดละ1000 บา,ย้ายจุด/เดินสายภายในบ้าน ประเภทเดินสายลอยตีกิ๊บ จุดละ1000 บาท 20เมตร (รวม VAT),บริการหลังการขาย,ไฟไม่เข้า,12
10,ย้ายจุด/เดินสายภายในบ้าน ประเภทเดินสายลอยตีกิ๊บ จุดละ1000 บา,ย้ายจุด/เดินสายภายในบ้าน ประเภทเดินสายลอยตีกิ๊บ จุดละ1000 บาท 20เมตร (รวม VAT),บริการหลังการขาย,Modemไม่ lock/ไม่ Synch/High Loss,12
10,ย้ายจุด/เดินสายภายในบ้าน ประเภทเดินสายลอยตีกิ๊บ จุดละ1000 บา,ย้ายจุด/เดินสายภายในบ้าน ประเภทเดินสายลอยตีกิ๊บ จุดละ1000 บาท 20เมตร (รวม VAT),บริการหลังการขาย,ลูกค้าร้องขอ,11
10,ย้ายจุด/เดินสายภายในบ้าน ประเภทเดินสายลอยตีกิ๊บ จุดละ1000 บา,ย้ายจุด/เดินสายภายในบ้าน ประเภทเดินสายลอยตีกิ๊บ จุดละ1000 บาท 20เมตร (รวม VAT),บริการหลังการขาย,หัวสายสำเร็จSC-APC หลวม /ไม่สนิท,11
10,ย้ายจุด/เดินสายภายในบ้าน ประเภทเดินสายลอยตีกิ๊บ จุดละ1000 บา,ย้ายจุด/เดินสายภายในบ้าน ประเภทเดินสายลอยตีกิ๊บ จุดละ1000 บาท 20เมตร (รวม VAT),บริการหลังการขาย,Connect WiFi ไม่ได้/ไม่พบ SSID,6
10,ย้ายจุด/เดินสายภายในบ้าน ประเภทเดินสายลอยตีกิ๊บ จุดละ1000 บา,ย้ายจุด/เดินสายภายในบ้าน ประเภทเดินสายลอยตีกิ๊บ จุดละ1000 บาท 20เมตร (รวม VAT),บริการหลังการขาย,ไม่พบปัญหาการใช้งานแล้ว,6
10,ย้ายจุด/เดินสายภายในบ้าน ประเภทเดินสายลอยตีกิ๊บ จุดละ1000 บา,ย้ายจุด/เดินสายภายในบ้าน ประเภทเดินสายลอยตีกิ๊บ จุดละ1000 บาท 20เมตร (รวม VAT),บริการหลังการขาย,Reboot,5
10,ย้ายจุด/เดินสายภายในบ้าน ประเภทเดินสายลอยตีกิ๊บ จุดละ1000 บา,ย้ายจุด/เดินสายภายในบ้าน ประเภทเดินสายลอยตีกิ๊บ จุดละ1000 บาท 20เมตร (รวม VAT),บริการหลังการขาย,ระยะสาย D/W,4
10,ย้ายจุด/เดินสายภายในบ้าน ประเภทเดินสายลอยตีกิ๊บ จุดละ1000 บา,ย้ายจุด/เดินสายภายในบ้าน ประเภทเดินสายลอยตีกิ๊บ จุดละ1000 บาท 20เมตร (รวม VAT),บริการหลังการขาย,ลูกค้าใช้งาน Wi Fi ห่างจาก Modem,4
10,ย้ายจุด/เดินสายภายในบ้าน ประเภทเดินสายลอยตีกิ๊บ จุดละ1000 บา,ย้ายจุด/เดินสายภายในบ้าน ประเภทเดินสายลอยตีกิ๊บ จุดละ1000 บาท 20เมตร (รวม VAT),บริการหลังการขาย,Sync Speed ได้ แต่ Test Speed WIFI 5 GHz ไม่ได้ตาม Package,4
10,ย้ายจุด/เดินสายภายในบ้าน ประเภทเดินสายลอยตีกิ๊บ จุดละ1000 บา,ย้ายจุด/เดินสายภายในบ้าน ประเภทเดินสายลอยตีกิ๊บ จุดละ1000 บาท 20เมตร (รวม VAT),บริการหลังการขาย,Area Manager เห็นชอบให้มีการเปลี่ยน CPE,4
10,ย้ายจุด/เดินสายภายในบ้าน ประเภทเดินสายลอยตีกิ๊บ จุดละ1000 บา,ย้ายจุด/เดินสายภายในบ้าน ประเภทเดินสายลอยตีกิ๊บ จุดละ1000 บาท 20เมตร (รวม VAT),บริการหลังการขาย,Modem ไม่รองรับ Package ลูกค้า,4
10,ย้ายจุด/เดินสายภายในบ้าน ประเภทเดินสายลอยตีกิ๊บ จุดละ1000 บา,ย้ายจุด/เดินสายภายในบ้าน ประเภทเดินสายลอยตีกิ๊บ จุดละ1000 บาท 20เมตร (รวม VAT),บริการหลังการขาย,Sync Speed/RSSI ไม่ได้ WIFI ตาม Criteria /Low Signal 5 GHz,3
10,ย้ายจุด/เดินสายภายในบ้าน ประเภทเดินสายลอยตีกิ๊บ จุดละ1000 บา,ย้ายจุด/เดินสายภายในบ้าน ประเภทเดินสายลอยตีกิ๊บ จุดละ1000 บาท 20เมตร (รวม VAT),บริการหลังการขาย,มีค่า Loss สูง,3
10,ย้ายจุด/เดินสายภายในบ้าน ประเภทเดินสายลอยตีกิ๊บ จุดละ1000 บา,ย้ายจุด/เดินสายภายในบ้าน ประเภทเดินสายลอยตีกิ๊บ จุดละ1000 บาท 20เมตร (รวม VAT),บริการหลังการขาย,ข้อต่อหลวม ไม่ดี/ไม่สนิท,3
10,ย้ายจุด/เดินสายภายในบ้าน ประเภทเดินสายลอยตีกิ๊บ จุดละ1000 บา,ย้ายจุด/เดินสายภายในบ้าน ประเภทเดินสายลอยตีกิ๊บ จุดละ1000 บาท 20เมตร (รวม VAT),บริการหลังการขาย,สายขาด,3
10,ย้ายจุด/เดินสายภายในบ้าน ประเภทเดินสายลอยตีกิ๊บ จุดละ1000 บา,ย้ายจุด/เดินสายภายในบ้าน ประเภทเดินสายลอยตีกิ๊บ จุดละ1000 บาท 20เมตร (รวม VAT),บริการหลังการขาย,อุปกรณ์คืนค่าโรงงาน,2
10,ย้ายจุด/เดินสายภายในบ้าน ประเภทเดินสายลอยตีกิ๊บ จุดละ1000 บา,ย้ายจุด/เดินสายภายในบ้าน ประเภทเดินสายลอยตีกิ๊บ จุดละ1000 บาท 20เมตร (รวม VAT),บริการหลังการขาย,"สายขาด,หัก (Crack)",2
10,ย้ายจุด/เดินสายภายในบ้าน ประเภทเดินสายลอยตีกิ๊บ จุดละ1000 บา,ย้ายจุด/เดินสายภายในบ้าน ประเภทเดินสายลอยตีกิ๊บ จุดละ1000 บาท 20เมตร (รวม VAT),บริการหลังการขาย,สัตว์ (เช่น ลิง กระรอก ช้าง ),2
10,ย้ายจุด/เดินสายภายในบ้าน ประเภทเดินสายลอยตีกิ๊บ จุดละ1000 บา,ย้ายจุด/เดินสายภายในบ้าน ประเภทเดินสายลอยตีกิ๊บ จุดละ1000 บาท 20เมตร (รวม VAT),บริการหลังการขาย,บุคคลเจตนาร้าย-ตัดทำลายข่ายสาย,2
10,ย้ายจุด/เดินสายภายในบ้าน ประเภทเดินสายลอยตีกิ๊บ จุดละ1000 บา,ย้ายจุด/เดินสายภายในบ้าน ประเภทเดินสายลอยตีกิ๊บ จุดละ1000 บาท 20เมตร (รวม VAT),บริการหลังการขาย,ไม่มีสัญญาณ CATV หรือ ค่า RF ไม่ได้ตามค่ามาตรฐาน,2
10,ย้ายจุด/เดินสายภายในบ้าน ประเภทเดินสายลอยตีกิ๊บ จุดละ1000 บา,ย้ายจุด/เดินสายภายในบ้าน ประเภทเดินสายลอยตีกิ๊บ จุดละ1000 บาท 20เมตร (รวม VAT),บริการหลังการขาย,เสนอบริการพิเศษ,2
10,ย้ายจุด/เดินสายภายในบ้าน ประเภทเดินสายลอยตีกิ๊บ จุดละ1000 บา,ย้ายจุด/เดินสายภายในบ้าน ประเภทเดินสายลอยตีกิ๊บ จุดละ1000 บาท 20เมตร (รวม VAT),บริการหลังการขาย,Wi-fi 2.4G ไม่รองรับ Speed,2
10,ย้ายจุด/เดินสายภายในบ้าน ประเภทเดินสายลอยตีกิ๊บ จุดละ1000 บา,ย้ายจุด/เดินสายภายในบ้าน ประเภทเดินสายลอยตีกิ๊บ จุดละ1000 บาท 20เมตร (รวม VAT),บริการหลังการขาย,ลูกค้าแจ้งขอยกเลิกบริการ,2
10,ย้ายจุด/เดินสายภายในบ้าน ประเภทเดินสายลอยตีกิ๊บ จุดละ1000 บา,ย้ายจุด/เดินสายภายในบ้าน ประเภทเดินสายลอยตีกิ๊บ จุดละ1000 บาท 20เมตร (รวม VAT),บริการหลังการขาย,Exp ดี - ลูกค้าไม่สะดวกให้ตรวจสอบ,2
10,ย้ายจุด/เดินสายภายในบ้าน ประเภทเดินสายลอยตีกิ๊บ จุดละ1000 บา,ย้ายจุด/เดินสายภายในบ้าน ประเภทเดินสายลอยตีกิ๊บ จุดละ1000 บาท 20เมตร (รวม VAT),บริการหลังการขาย,Port HDMI/AV เสีย,1
10,ย้ายจุด/เดินสายภายในบ้าน ประเภทเดินสายลอยตีกิ๊บ จุดละ1000 บา,ย้ายจุดติดตั้งภายในบ้าน/เดินสายภายใน,บริการหลังการขาย,ลูกค้าเปลี่ยนใจ/ลูกค้าขอยกเลิกบริการเอง,1
10,ย้ายจุด/เดินสายภายในบ้าน ประเภทเดินสายลอยตีกิ๊บ จุดละ1000 บา,ย้ายจุดติดตั้งภายในบ้าน/เดินสายภายใน,บริการหลังการขาย,เหตุเสียภายใน 90 วัน,1
10,ย้ายจุด/เดินสายภายในบ้าน ประเภทเดินสายลอยตีกิ๊บ จุดละ1000 บา,ย้ายจุดติดตั้งภายในบ้าน/เดินสายภายใน,บริการหลังการขาย,อุปกรณ์คืนค่าโรงงาน,1
10,ย้ายจุด/เดินสายภายในบ้าน ประเภทเดินสายลอยตีกิ๊บ จุดละ1000 บา,ย้ายจุด/เดินสายภายในบ้าน ประเภทเดินสายลอยตีกิ๊บ จุดละ1000 บาท 20เมตร (รวม VAT),บริการหลังการขาย,ลูกค้าต้องการเปลี่ยน Hybrid Box,1
10,ย้ายจุด/เดินสายภายในบ้าน ประเภทเดินสายลอยตีกิ๊บ จุดละ1000 บา,ย้ายจุดติดตั้งภายในบ้าน/เดินสายภายใน,บริการหลังการขาย,การใช้งานของลูกค้า,1
10,ย้ายจุด/เดินสายภายในบ้าน ประเภทเดินสายลอยตีกิ๊บ จุดละ1000 บา,ย้ายจุดติดตั้งภายในบ้าน/เดินสายภายใน,บริการหลังการขาย,สายเสื่อมสภาพ,1
10,ย้ายจุด/เดินสายภายในบ้าน ประเภทเดินสายลอยตีกิ๊บ จุดละ1000 บา,ย้ายจุด/เดินสายภายในบ้าน ประเภทเดินสายลอยตีกิ๊บ จุดละ1000 บาท 20เมตร (รวม VAT),บริการหลังการขาย,ลูกค้าแจ้งเสีย (เปิด Reactive Ticket),1
10,ย้ายจุด/เดินสายภายในบ้าน ประเภทเดินสายลอยตีกิ๊บ จุดละ1000 บา,ย้ายจุด/เดินสายภายในบ้าน ประเภทเดินสายลอยตีกิ๊บ จุดละ1000 บาท 20เมตร (รวม VAT),บริการหลังการขาย,ลูกค้าต้องการเปลี่ยน Set Top Box,1
10,ย้ายจุด/เดินสายภายในบ้าน ประเภทเดินสายลอยตีกิ๊บ จุดละ1000 บา,ย้ายจุด/เดินสายภายในบ้าน ประเภทเดินสายลอยตีกิ๊บ จุดละ1000 บาท 20เมตร (รวม VAT),บริการหลังการขาย,ลูกค้าชำระค่า onsite,1
10,ย้ายจุด/เดินสายภายในบ้าน ประเภทเดินสายลอยตีกิ๊บ จุดละ1000 บา,ย้ายจุด/เดินสายภายในบ้าน ประเภทเดินสายลอยตีกิ๊บ จุดละ1000 บาท 20เมตร (รวม VAT),บริการหลังการขาย,CONFIG.PARAMETER ไม่ถูกต้อง,1
10,ย้ายจุด/เดินสายภายในบ้าน ประเภทเดินสายลอยตีกิ๊บ จุดละ1000 บา,ย้ายจุด/เดินสายภายในบ้าน ประเภทเดินสายลอยตีกิ๊บ จุดละ1000 บาท 20เมตร (รวม VAT),บริการหลังการขาย,Sync Speed ได้ แต่ Test Speed WIFI 2.4 GHz ไม่ได้ตาม Package,1
10,ย้ายจุด/เดินสายภายในบ้าน ประเภทเดินสายลอยตีกิ๊บ จุดละ1000 บา,ย้ายจุด/เดินสายภายในบ้าน ประเภทเดินสายลอยตีกิ๊บ จุดละ1000 บาท 20เมตร (รวม VAT),บริการหลังการขาย,สัญญาณ Wifi ไม่ครอบคลุม,1
10,ย้ายจุด/เดินสายภายในบ้าน ประเภทเดินสายลอยตีกิ๊บ จุดละ1000 บา,ย้ายจุด/เดินสายภายในบ้าน ประเภทเดินสายลอยตีกิ๊บ จุดละ1000 บาท 20เมตร (รวม VAT),บริการหลังการขาย,กล่องไม่อ่านการ์ด,1
10,ย้ายจุด/เดินสายภายในบ้าน ประเภทเดินสายลอยตีกิ๊บ จุดละ1000 บา,ย้ายจุด/เดินสายภายในบ้าน ประเภทเดินสายลอยตีกิ๊บ จุดละ1000 บาท 20เมตร (รวม VAT),บริการหลังการขาย,ไฟฟ้าดับ,1
10,ย้ายจุด/เดินสายภายในบ้าน ประเภทเดินสายลอยตีกิ๊บ จุดละ1000 บา,ย้ายจุด/เดินสายภายในบ้าน ประเภทเดินสายลอยตีกิ๊บ จุดละ1000 บาท 20เมตร (รวม VAT),บริการหลังการขาย,Switch on/off เสีย/ชำรุดแตกหัก,1
10,ย้ายจุด/เดินสายภายในบ้าน ประเภทเดินสายลอยตีกิ๊บ จุดละ1000 บา,ย้ายจุด/เดินสายภายในบ้าน ประเภทเดินสายลอยตีกิ๊บ จุดละ1000 บาท 20เมตร (รวม VAT),บริการหลังการขาย,เทศบาลตัดแต่งต้นไม้,1
10,ย้ายจุด/เดินสายภายในบ้าน ประเภทเดินสายลอยตีกิ๊บ จุดละ1000 บา,ย้ายจุด/เดินสายภายในบ้าน ประเภทเดินสายลอยตีกิ๊บ จุดละ1000 บาท 20เมตร (รวม VAT),บริการหลังการขาย,แตกหัก,1
10,ย้ายจุด/เดินสายภายในบ้าน ประเภทเดินสายลอยตีกิ๊บ จุดละ1000 บา,ย้ายจุด/เดินสายภายในบ้าน ประเภทเดินสายลอยตีกิ๊บ จุดละ1000 บาท 20เมตร (รวม VAT),บริการหลังการขาย,LAN เสีย,1
10,ย้ายจุด/เดินสายภายในบ้าน ประเภทเดินสายลอยตีกิ๊บ จุดละ1000 บา,ย้ายจุด/เดินสายภายในบ้าน ประเภทเดินสายลอยตีกิ๊บ จุดละ1000 บาท 20เมตร (รวม VAT),บริการหลังการขาย,BUG FIRMWARE,1
10,ย้ายจุด/เดินสายภายในบ้าน ประเภทเดินสายลอยตีกิ๊บ จุดละ1000 บา,ย้ายจุด/เดินสายภายในบ้าน ประเภทเดินสายลอยตีกิ๊บ จุดละ1000 บาท 20เมตร (รวม VAT),บริการหลังการขาย,ระยะสาย Drop Wire ไกล,1
10,ย้ายจุด/เดินสายภายในบ้าน ประเภทเดินสายลอยตีกิ๊บ จุดละ1000 บา,ย้ายจุด/เดินสายภายในบ้าน ประเภทเดินสายลอยตีกิ๊บ จุดละ1000 บาท 20เมตร (รวม VAT),บริการหลังการขาย,พบปัญหาใหม่,1
10,ย้ายจุด/เดินสายภายในบ้าน ประเภทเดินสายลอยตีกิ๊บ จุดละ1000 บา,ย้ายจุด/เดินสายภายในบ้าน ประเภทเดินสายลอยตีกิ๊บ จุดละ1000 บาท 20เมตร (รวม VAT),บริการหลังการขาย,Modem แตกหัก/สีผิดสภาพเดิม,1
10,ย้ายจุด/เดินสายภายในบ้าน ประเภทเดินสายลอยตีกิ๊บ จุดละ1000 บา,ย้ายจุดติดตั้งภายในบ้าน/เดินสายภายใน,บริการหลังการขาย,สายหัก/สายงอ/สายถูกดึงรั้ง,1
11,ปัญหาอุปกรณ์ Router รุ่น T3 ST-244F & ST-244Fv2 ต้องเปลี่ยนเ,ปัญหาอุปกรณ์ Router รุ่น T3 ST-244F & ST-244Fv2 ต้องเปลี่ยนเป็น GigatexWiFi5,Internet หลุดบ่อย,ลูกค้าต้องการเปลี่ยน Modem,46
11,ปัญหาอุปกรณ์ Router รุ่น T3 ST-244F & ST-244Fv2 ต้องเปลี่ยนเ,ปัญหาอุปกรณ์ Router รุ่น T3 ST-244F & ST-244Fv2 ต้องเปลี่ยนเป็น GigatexWiFi5,Internet ช้า,ลูกค้าต้องการเปลี่ยน Modem,34
11,ปัญหาอุปกรณ์ Router รุ่น T3 ST-244F & ST-244Fv2 ต้องเปลี่ยนเ,ปัญหาอุปกรณ์ Router รุ่น T3 ST-244F & ST-244Fv2 ต้องเปลี่ยนเป็น GigatexWiFi5,เปิด Web ไม่ได้,ลูกค้าต้องการเปลี่ยน Modem,22
11,ปัญหาอุปกรณ์ Router รุ่น T3 ST-244F & ST-244Fv2 ต้องเปลี่ยนเ,ปัญหาอุปกรณ์ Router รุ่น T3 ST-244F & ST-244Fv2 ต้องเปลี่ยนเป็น GigatexWiFi5,Internet หลุดบ่อย,Ticket มีการระบุให้เปลี่ยนอุปกรณ์,20
11,ปัญหาอุปกรณ์ Router รุ่น T3 ST-244F & ST-244Fv2 ต้องเปลี่ยนเ,ปัญหาอุปกรณ์ Router รุ่น T3 ST-244F & ST-244Fv2 ต้องเปลี่ยนเป็น GigatexWiFi5,Internet ช้า,Ticket มีการระบุให้เปลี่ยนอุปกรณ์,14
11,ปัญหาอุปกรณ์ Router รุ่น T3 ST-244F & ST-244Fv2 ต้องเปลี่ยนเ,ปัญหาอุปกรณ์ Router รุ่น T3 ST-244F & ST-244Fv2 ต้องเปลี่ยนเป็น GigatexWiFi5,เปิด Web ไม่ได้,Connect WiFi ไม่ได้/ไม่พบ SSID,11
11,ปัญหาอุปกรณ์ Router รุ่น T3 ST-244F & ST-244Fv2 ต้องเปลี่ยนเ,ปัญหาอุปกรณ์ Router รุ่น T3 ST-244F & ST-244Fv2 ต้องเปลี่ยนเป็น GigatexWiFi5,Internet หลุดบ่อย,ไฟไม่เข้า,9
11,ปัญหาอุปกรณ์ Router รุ่น T3 ST-244F & ST-244Fv2 ต้องเปลี่ยนเ,ปัญหาอุปกรณ์ Router รุ่น T3 ST-244F & ST-244Fv2 ต้องเปลี่ยนเป็น GigatexWiFi5,Internet หลุดบ่อย,Reboot,9
11,ปัญหาอุปกรณ์ Router รุ่น T3 ST-244F & ST-244Fv2 ต้องเปลี่ยนเ,ปัญหาอุปกรณ์ Router รุ่น T3 ST-244F & ST-244Fv2 ต้องเปลี่ยนเป็น GigatexWiFi5,เปิด Web ไม่ได้,การใช้งานของลูกค้า,9
11,ปัญหาอุปกรณ์ Router รุ่น T3 ST-244F & ST-244Fv2 ต้องเปลี่ยนเ,ปัญหาอุปกรณ์ Router รุ่น T3 ST-244F & ST-244Fv2 ต้องเปลี่ยนเป็น GigatexWiFi5,Internet หลุดบ่อย,ขัดข้อง/เสีย,7
11,ปัญหาอุปกรณ์ Router รุ่น T3 ST-244F & ST-244Fv2 ต้องเปลี่ยนเ,ปัญหาอุปกรณ์ Router รุ่น T3 ST-244F & ST-244Fv2 ต้องเปลี่ยนเป็น GigatexWiFi5,Internet หลุดบ่อย,Connect WiFi ไม่ได้/ไม่พบ SSID,6
11,ปัญหาอุปกรณ์ Router รุ่น T3 ST-244F & ST-244Fv2 ต้องเปลี่ยนเ,ปัญหาอุปกรณ์ Router รุ่น T3 ST-244F & ST-244Fv2 ต้องเปลี่ยนเป็น GigatexWiFi5,เปิด Web ไม่ได้,Ticket มีการระบุให้เปลี่ยนอุปกรณ์,6
11,ปัญหาอุปกรณ์ Router รุ่น T3 ST-244F & ST-244Fv2 ต้องเปลี่ยนเ,ปัญหาอุปกรณ์ Router รุ่น T3 ST-244F & ST-244Fv2 ต้องเปลี่ยนเป็น GigatexWiFi5,Internet ช้า,Connect WiFi ไม่ได้/ไม่พบ SSID,5
11,ปัญหาอุปกรณ์ Router รุ่น T3 ST-244F & ST-244Fv2 ต้องเปลี่ยนเ,ปัญหาอุปกรณ์ Router รุ่น T3 ST-244F / ST-244Fv2 ต้องเปลี่ยนเป็น GigatexWiFi5 + Mesh,Internet หลุดบ่อย,ลูกค้าต้องการเปลี่ยน Modem,5
11,ปัญหาอุปกรณ์ Router รุ่น T3 ST-244F & ST-244Fv2 ต้องเปลี่ยนเ,ปัญหาอุปกรณ์ Router รุ่น T3 ST-244F & ST-244Fv2 ต้องเปลี่ยนเป็น GigatexWiFi5,Internet หลุดบ่อย,การใช้งานของลูกค้า,5
11,ปัญหาอุปกรณ์ Router รุ่น T3 ST-244F & ST-244Fv2 ต้องเปลี่ยนเ,ปัญหาอุปกรณ์ Router รุ่น T3 ST-244F & ST-244Fv2 ต้องเปลี่ยนเป็น GigatexWiFi5,Internet ช้า,Modemไม่ lock/ไม่ Synch/High Loss,4
11,ปัญหาอุปกรณ์ Router รุ่น T3 ST-244F & ST-244Fv2 ต้องเปลี่ยนเ,ปัญหาอุปกรณ์ Router รุ่น T3 ST-244F & ST-244Fv2 ต้องเปลี่ยนเป็น GigatexWiFi5,เปิด Web ไม่ได้,เหตุเสียใช้ได้ ก่อนช่างถึงบ้าน,4
11,ปัญหาอุปกรณ์ Router รุ่น T3 ST-244F & ST-244Fv2 ต้องเปลี่ยนเ,ปัญหาอุปกรณ์ Router รุ่น T3 ST-244F & ST-244Fv2 ต้องเปลี่ยนเป็น GigatexWiFi5,Internet หลุดบ่อย,Sync Speed/RSSI ไม่ได้ WIFI ตาม Criteria /Low Signal 5 GHz,4
11,ปัญหาอุปกรณ์ Router รุ่น T3 ST-244F & ST-244Fv2 ต้องเปลี่ยนเ,ปัญหาอุปกรณ์ Router รุ่น T3 ST-244F & ST-244Fv2 ต้องเปลี่ยนเป็น GigatexWiFi5,Internet หลุดบ่อย,Modemไม่ lock/ไม่ Synch/High Loss,4
11,ปัญหาอุปกรณ์ Router รุ่น T3 ST-244F & ST-244Fv2 ต้องเปลี่ยนเ,ปัญหาอุปกรณ์ Router รุ่น T3 ST-244F & ST-244Fv2 ต้องเปลี่ยนเป็น GigatexWiFi5,เปิด Web ไม่ได้,Reboot,4
11,ปัญหาอุปกรณ์ Router รุ่น T3 ST-244F & ST-244Fv2 ต้องเปลี่ยนเ,ปัญหาอุปกรณ์ Router รุ่น T3 ST-244F / ST-244Fv2 ต้องเปลี่ยนเป็น GigatexWiFi5 + Mesh,Internet หลุดบ่อย,Ticket มีการระบุให้เปลี่ยนอุปกรณ์,4
11,ปัญหาอุปกรณ์ Router รุ่น T3 ST-244F & ST-244Fv2 ต้องเปลี่ยนเ,ปัญหาอุปกรณ์ Router รุ่น T3 ST-244F & ST-244Fv2 ต้องเปลี่ยนเป็น GigatexWiFi5,เปิด Web ไม่ได้,Sync Speed/RSSI ไม่ได้ WIFI ตาม Criteria /Low Signal 5 GHz,4
11,ปัญหาอุปกรณ์ Router รุ่น T3 ST-244F & ST-244Fv2 ต้องเปลี่ยนเ,ปัญหาอุปกรณ์ Router รุ่น T3 ST-244F & ST-244Fv2 ต้องเปลี่ยนเป็น GigatexWiFi5,Internet หลุดบ่อย,ลูกค้าเปลี่ยนใจ/ลูกค้าขอยกเลิกบริการเอง,3
11,ปัญหาอุปกรณ์ Router รุ่น T3 ST-244F & ST-244Fv2 ต้องเปลี่ยนเ,ปัญหาอุปกรณ์ Router รุ่น T3 ST-244F & ST-244Fv2 ต้องเปลี่ยนเป็น GigatexWiFi5,เปิด Web ไม่ได้,Sync Speed ได้ แต่ Test Speed WIFI 5 GHz ไม่ได้ตาม Package,3
11,ปัญหาอุปกรณ์ Router รุ่น T3 ST-244F & ST-244Fv2 ต้องเปลี่ยนเ,ปัญหาอุปกรณ์ Router รุ่น T3 ST-244F & ST-244Fv2 ต้องเปลี่ยนเป็น GigatexWiFi5,Internet ช้า,ไฟไม่เข้า,3
11,ปัญหาอุปกรณ์ Router รุ่น T3 ST-244F & ST-244Fv2 ต้องเปลี่ยนเ,ปัญหาอุปกรณ์ Router รุ่น T3 ST-244F & ST-244Fv2 ต้องเปลี่ยนเป็น GigatexWiFi5,Internet หลุดบ่อย,Sync Speed ได้ แต่ Test Speed WIFI 2.4 GHz ไม่ได้ตาม Package,3
11,ปัญหาอุปกรณ์ Router รุ่น T3 ST-244F & ST-244Fv2 ต้องเปลี่ยนเ,ปัญหาอุปกรณ์ Router รุ่น T3 ST-244F & ST-244Fv2 ต้องเปลี่ยนเป็น GigatexWiFi5,Internet หลุดบ่อย,Area Manager เห็นชอบให้มีการเปลี่ยน CPE,3
11,ปัญหาอุปกรณ์ Router รุ่น T3 ST-244F & ST-244Fv2 ต้องเปลี่ยนเ,ปัญหาอุปกรณ์ Router รุ่น T3 ST-244F & ST-244Fv2 ต้องเปลี่ยนเป็น GigatexWiFi5,Internet ช้า,Area Manager เห็นชอบให้มีการเปลี่ยน CPE,3
11,ปัญหาอุปกรณ์ Router รุ่น T3 ST-244F & ST-244Fv2 ต้องเปลี่ยนเ,ปัญหาอุปกรณ์ Router รุ่น T3 ST-244F & ST-244Fv2 ต้องเปลี่ยนเป็น GigatexWiFi5,Internet ช้า,ขัดข้อง/เสีย,3
11,ปัญหาอุปกรณ์ Router รุ่น T3 ST-244F & ST-244Fv2 ต้องเปลี่ยนเ,ปัญหาอุปกรณ์ Router รุ่น T3 ST-244F & ST-244Fv2 ต้องเปลี่ยนเป็น GigatexWiFi5,Internet ช้า,Modem ไม่รองรับ Package ลูกค้า,3
11,ปัญหาอุปกรณ์ Router รุ่น T3 ST-244F & ST-244Fv2 ต้องเปลี่ยนเ,ปัญหาอุปกรณ์ Router รุ่น T3 ST-244F & ST-244Fv2 ต้องเปลี่ยนเป็น GigatexWiFi5,เปิด Web ไม่ได้,Modem ไม่รองรับ Package ลูกค้า,3
11,ปัญหาอุปกรณ์ Router รุ่น T3 ST-244F & ST-244Fv2 ต้องเปลี่ยนเ,ปัญหาอุปกรณ์ Router รุ่น T3 ST-244F / ST-244Fv2 ต้องเปลี่ยนเป็น GigatexWiFi5 + Mesh,Internet ช้า,ลูกค้าต้องการเปลี่ยน Modem,3
11,ปัญหาอุปกรณ์ Router รุ่น T3 ST-244F & ST-244Fv2 ต้องเปลี่ยนเ,ปัญหาอุปกรณ์ Router รุ่น T3 ST-244F & ST-244Fv2 ต้องเปลี่ยนเป็น GigatexWiFi5,Internet ช้า,Modem แตกหัก/สีผิดสภาพเดิม,2
11,ปัญหาอุปกรณ์ Router รุ่น T3 ST-244F & ST-244Fv2 ต้องเปลี่ยนเ,ปัญหาอุปกรณ์ Router รุ่น T3 ST-244F & ST-244Fv2 ต้องเปลี่ยนเป็น GigatexWiFi5,Internet ช้า,Sync Speed/RSSI ไม่ได้ WIFI ตาม Criteria /Low Signal 5 GHz,2
11,ปัญหาอุปกรณ์ Router รุ่น T3 ST-244F & ST-244Fv2 ต้องเปลี่ยนเ,ปัญหาอุปกรณ์ Router รุ่น T3 ST-244F & ST-244Fv2 ต้องเปลี่ยนเป็น GigatexWiFi5,Internet ช้า,Reboot,2
11,ปัญหาอุปกรณ์ Router รุ่น T3 ST-244F & ST-244Fv2 ต้องเปลี่ยนเ,ปัญหาอุปกรณ์ Router รุ่น T3 ST-244F / ST-244Fv2 ต้องเปลี่ยนเป็น GigatexWiFi5 + Mesh,Internet หลุดบ่อย,Connect WiFi ไม่ได้/ไม่พบ SSID,2
11,ปัญหาอุปกรณ์ Router รุ่น T3 ST-244F & ST-244Fv2 ต้องเปลี่ยนเ,ปัญหาอุปกรณ์ Router รุ่น T3 ST-244F & ST-244Fv2 ต้องเปลี่ยนเป็น GigatexWiFi5,Internet ช้า,Sync Speed ได้ แต่ Test Speed WIFI 5 GHz ไม่ได้ตาม Package,2
11,ปัญหาอุปกรณ์ Router รุ่น T3 ST-244F & ST-244Fv2 ต้องเปลี่ยนเ,ปัญหาอุปกรณ์ Router รุ่น T3 ST-244F & ST-244Fv2 ต้องเปลี่ยนเป็น GigatexWiFi5,Internet ช้า,การใช้งานของลูกค้า,2
11,ปัญหาอุปกรณ์ Router รุ่น T3 ST-244F & ST-244Fv2 ต้องเปลี่ยนเ,ปัญหาอุปกรณ์ Router รุ่น T3 ST-244F & ST-244Fv2 ต้องเปลี่ยนเป็น GigatexWiFi5,Internet หลุดบ่อย,Modem ไม่รองรับ Package ลูกค้า,2
11,ปัญหาอุปกรณ์ Router รุ่น T3 ST-244F & ST-244Fv2 ต้องเปลี่ยนเ,ปัญหาอุปกรณ์ Router รุ่น T3 ST-244F & ST-244Fv2 ต้องเปลี่ยนเป็น GigatexWiFi5,Internet หลุดบ่อย,เหตุเสียใช้ได้ ก่อนช่างถึงบ้าน,2
11,ปัญหาอุปกรณ์ Router รุ่น T3 ST-244F & ST-244Fv2 ต้องเปลี่ยนเ,ปัญหาอุปกรณ์ Router รุ่น T3 ST-244F & ST-244Fv2 ต้องเปลี่ยนเป็น GigatexWiFi5,Internet ช้า,Monitor เหตุเสียครบตามเงื่อนไข,2
11,ปัญหาอุปกรณ์ Router รุ่น T3 ST-244F & ST-244Fv2 ต้องเปลี่ยนเ,ปัญหาอุปกรณ์ Router รุ่น T3 ST-244F & ST-244Fv2 ต้องเปลี่ยนเป็น GigatexWiFi5,Internet ช้า,Sync Speed ได้ แต่ Test Speed LAN ไม่ได้ตาม Package,2
11,ปัญหาอุปกรณ์ Router รุ่น T3 ST-244F & ST-244Fv2 ต้องเปลี่ยนเ,ปัญหาอุปกรณ์ Router รุ่น T3 ST-244F & ST-244Fv2 ต้องเปลี่ยนเป็น GigatexWiFi5,เปิด Web ไม่ได้,ขัดข้อง/เสีย,2
11,ปัญหาอุปกรณ์ Router รุ่น T3 ST-244F & ST-244Fv2 ต้องเปลี่ยนเ,ปัญหาอุปกรณ์ Router รุ่น T3 ST-244F & ST-244Fv2 ต้องเปลี่ยนเป็น GigatexWiFi5,Internet ช้า,มีเสียงผิดปกติในตัวโมเด็ม,2
11,ปัญหาอุปกรณ์ Router รุ่น T3 ST-244F & ST-244Fv2 ต้องเปลี่ยนเ,ปัญหาอุปกรณ์ Router รุ่น T3 ST-244F & ST-244Fv2 ต้องเปลี่ยนเป็น GigatexWiFi5,Internet หลุดบ่อย,มีสัญญาณรบกวน WiFi สูง,1
11,ปัญหาอุปกรณ์ Router รุ่น T3 ST-244F & ST-244Fv2 ต้องเปลี่ยนเ,ปัญหาอุปกรณ์ Router รุ่น T3 ST-244F & ST-244Fv2 ต้องเปลี่ยนเป็น GigatexWiFi5,Internet หลุดบ่อย,ทดสอบและอธิบายลูกค้า,1
11,ปัญหาอุปกรณ์ Router รุ่น T3 ST-244F & ST-244Fv2 ต้องเปลี่ยนเ,ปัญหาอุปกรณ์ Router รุ่น T3 ST-244F / ST-244Fv2 ต้องเปลี่ยนเป็น GigatexWiFi5 + Mesh,Internet ช้า,เสาอากาศชำรุด,1
11,ปัญหาอุปกรณ์ Router รุ่น T3 ST-244F & ST-244Fv2 ต้องเปลี่ยนเ,ปัญหาอุปกรณ์ Router รุ่น T3 ST-244F & ST-244Fv2 ต้องเปลี่ยนเป็น GigatexWiFi5,เปิด Web ไม่ได้,BUG FIRMWARE,1
11,ปัญหาอุปกรณ์ Router รุ่น T3 ST-244F & ST-244Fv2 ต้องเปลี่ยนเ,ปัญหาอุปกรณ์ Router รุ่น T3 ST-244F / ST-244Fv2 ต้องเปลี่ยนเป็น GigatexWiFi5 + Mesh,Internet หลุดบ่อย,CONFIG CHANGE,1
11,ปัญหาอุปกรณ์ Router รุ่น T3 ST-244F & ST-244Fv2 ต้องเปลี่ยนเ,ปัญหาอุปกรณ์ Router รุ่น T3 ST-244F & ST-244Fv2 ต้องเปลี่ยนเป็น GigatexWiFi5,เปิด Web ไม่ได้,สายหัก/สายงอ/สายถูกดึงรั้ง,1
11,ปัญหาอุปกรณ์ Router รุ่น T3 ST-244F & ST-244Fv2 ต้องเปลี่ยนเ,ปัญหาอุปกรณ์ Router รุ่น T3 ST-244F & ST-244Fv2 ต้องเปลี่ยนเป็น GigatexWiFi5,Internet ช้า,ทดสอบและอธิบายลูกค้า,1
11,ปัญหาอุปกรณ์ Router รุ่น T3 ST-244F & ST-244Fv2 ต้องเปลี่ยนเ,ปัญหาอุปกรณ์ Router รุ่น T3 ST-244F / ST-244Fv2 ต้องเปลี่ยนเป็น GigatexWiFi5 + Mesh,Internet หลุดบ่อย,Reboot,1
11,ปัญหาอุปกรณ์ Router รุ่น T3 ST-244F & ST-244Fv2 ต้องเปลี่ยนเ,ปัญหาอุปกรณ์ Router รุ่น T3 ST-244F / ST-244Fv2 ต้องเปลี่ยนเป็น GigatexWiFi5 + Mesh,Internet หลุดบ่อย,ขัดข้อง/เสีย,1
11,ปัญหาอุปกรณ์ Router รุ่น T3 ST-244F & ST-244Fv2 ต้องเปลี่ยนเ,ปัญหาอุปกรณ์ Router รุ่น T3 ST-244F & ST-244Fv2 ต้องเปลี่ยนเป็น GigatexWiFi5,Internet ช้า,CONFIG CHANGE,1
11,ปัญหาอุปกรณ์ Router รุ่น T3 ST-244F & ST-244Fv2 ต้องเปลี่ยนเ,ปัญหาอุปกรณ์ Router รุ่น T3 ST-244F / ST-244Fv2 ต้องเปลี่ยนเป็น GigatexWiFi5 + Mesh,Internet ช้า,Modem ไม่รองรับ Package ลูกค้า,1
11,ปัญหาอุปกรณ์ Router รุ่น T3 ST-244F & ST-244Fv2 ต้องเปลี่ยนเ,ปัญหาอุปกรณ์ Router รุ่น T3 ST-244F / ST-244Fv2 ต้องเปลี่ยนเป็น GigatexWiFi5 + Mesh,เปิด Web ไม่ได้,Sync Speed ได้ แต่ Test Speed LAN ไม่ได้ตาม Package,1
11,ปัญหาอุปกรณ์ Router รุ่น T3 ST-244F & ST-244Fv2 ต้องเปลี่ยนเ,ปัญหาอุปกรณ์ Router รุ่น T3 ST-244F / ST-244Fv2 ต้องเปลี่ยนเป็น GigatexWiFi5 + Mesh,Internet หลุดบ่อย,Sync Speed ได้ แต่ Test Speed WIFI 5 GHz ไม่ได้ตาม Package,1
11,ปัญหาอุปกรณ์ Router รุ่น T3 ST-244F & ST-244Fv2 ต้องเปลี่ยนเ,ปัญหาอุปกรณ์ Router รุ่น T3 ST-244F / ST-244Fv2 ต้องเปลี่ยนเป็น GigatexWiFi5 + Mesh,เปิด Web ไม่ได้,Reboot,1
11,ปัญหาอุปกรณ์ Router รุ่น T3 ST-244F & ST-244Fv2 ต้องเปลี่ยนเ,ปัญหาอุปกรณ์ Router รุ่น T3 ST-244F / ST-244Fv2 ต้องเปลี่ยนเป็น GigatexWiFi5 + Mesh,Internet หลุดบ่อย,ส่งงานไม่ถูกต้อง,1
11,ปัญหาอุปกรณ์ Router รุ่น T3 ST-244F & ST-244Fv2 ต้องเปลี่ยนเ,ปัญหาอุปกรณ์ Router รุ่น T3 ST-244F & ST-244Fv2 ต้องเปลี่ยนเป็น GigatexWiFi5,เปิด Web ไม่ได้,,1
11,ปัญหาอุปกรณ์ Router รุ่น T3 ST-244F & ST-244Fv2 ต้องเปลี่ยนเ,ปัญหาอุปกรณ์ Router รุ่น T3 ST-244F & ST-244Fv2 ต้องเปลี่ยนเป็น GigatexWiFi5,Internet หลุดบ่อย,,1
11,ปัญหาอุปกรณ์ Router รุ่น T3 ST-244F & ST-244Fv2 ต้องเปลี่ยนเ,ปัญหาอุปกรณ์ Router รุ่น T3 ST-244F & ST-244Fv2 ต้องเปลี่ยนเป็น GigatexWiFi5,Internet ช้า,,1
11,ปัญหาอุปกรณ์ Router รุ่น T3 ST-244F & ST-244Fv2 ต้องเปลี่ยนเ,ปัญหาอุปกรณ์ Router รุ่น T3 ST-244F & ST-244Fv2 ต้องเปลี่ยนเป็น GigatexWiFi5,เปิด Web ไม่ได้,Modem แตกหัก/สีผิดสภาพเดิม,1
11,ปัญหาอุปกรณ์ Router รุ่น T3 ST-244F & ST-244Fv2 ต้องเปลี่ยนเ,ปัญหาอุปกรณ์ Router รุ่น T3 ST-244F & ST-244Fv2 ต้องเปลี่ยนเป็น GigatexWiFi5,เปิด Web ไม่ได้,CONFIG CHANGE,1
11,ปัญหาอุปกรณ์ Router รุ่น T3 ST-244F & ST-244Fv2 ต้องเปลี่ยนเ,ปัญหาอุปกรณ์ Router รุ่น T3 ST-244F & ST-244Fv2 ต้องเปลี่ยนเป็น GigatexWiFi5,Internet ช้า,ข้อต่อหลวม ไม่ดี/ไม่สนิท,1
11,ปัญหาอุปกรณ์ Router รุ่น T3 ST-244F & ST-244Fv2 ต้องเปลี่ยนเ,ปัญหาอุปกรณ์ Router รุ่น T3 ST-244F / ST-244Fv2 ต้องเปลี่ยนเป็น GigatexWiFi5 + Mesh,Internet หลุดบ่อย,เหตุเสียใช้ได้ ก่อนช่างถึงบ้าน,1
11,ปัญหาอุปกรณ์ Router รุ่น T3 ST-244F & ST-244Fv2 ต้องเปลี่ยนเ,ปัญหาอุปกรณ์ Router รุ่น T3 ST-244F / ST-244Fv2 ต้องเปลี่ยนเป็น GigatexWiFi5 + Mesh,เปิด Web ไม่ได้,ลูกค้าต้องการเปลี่ยน Modem,1
11,ปัญหาอุปกรณ์ Router รุ่น T3 ST-244F & ST-244Fv2 ต้องเปลี่ยนเ,ปัญหาอุปกรณ์ Router รุ่น T3 ST-244F & ST-244Fv2 ต้องเปลี่ยนเป็น GigatexWiFi5,Internet หลุดบ่อย,Modem แตกหัก/สีผิดสภาพเดิม,1
11,ปัญหาอุปกรณ์ Router รุ่น T3 ST-244F & ST-244Fv2 ต้องเปลี่ยนเ,ปัญหาอุปกรณ์ Router รุ่น T3 ST-244F & ST-244Fv2 ต้องเปลี่ยนเป็น GigatexWiFi5,Internet หลุดบ่อย,Sync Speed ได้ แต่ Test Speed WIFI 5 GHz ไม่ได้ตาม Package,1
11,ปัญหาอุปกรณ์ Router รุ่น T3 ST-244F & ST-244Fv2 ต้องเปลี่ยนเ,ปัญหาอุปกรณ์ Router รุ่น T3 ST-244F & ST-244Fv2 ต้องเปลี่ยนเป็น GigatexWiFi5,Internet หลุดบ่อย,Sync Speed/RSSI ไม่ได้ WIFI ตาม Criteria /Low Signal 2.4 GHz,1
11,ปัญหาอุปกรณ์ Router รุ่น T3 ST-244F & ST-244Fv2 ต้องเปลี่ยนเ,ปัญหาอุปกรณ์ Router รุ่น T3 ST-244F & ST-244Fv2 ต้องเปลี่ยนเป็น GigatexWiFi5,Internet หลุดบ่อย,Wi-fi 2.4G ไม่รองรับ Speed,1
11,ปัญหาอุปกรณ์ Router รุ่น T3 ST-244F & ST-244Fv2 ต้องเปลี่ยนเ,ปัญหาอุปกรณ์ Router รุ่น T3 ST-244F / ST-244Fv2 ต้องเปลี่ยนเป็น GigatexWiFi5 + Mesh,Internet หลุดบ่อย,Modem ไม่รองรับ Package ลูกค้า,1
11,ปัญหาอุปกรณ์ Router รุ่น T3 ST-244F & ST-244Fv2 ต้องเปลี่ยนเ,ปัญหาอุปกรณ์ Router รุ่น T3 ST-244F & ST-244Fv2 ต้องเปลี่ยนเป็น GigatexWiFi5,Internet ช้า,เหตุเสียใช้ได้ ก่อนช่างถึงบ้าน,1
11,ปัญหาอุปกรณ์ Router รุ่น T3 ST-244F & ST-244Fv2 ต้องเปลี่ยนเ,ปัญหาอุปกรณ์ Router รุ่น T3 ST-244F & ST-244Fv2 ต้องเปลี่ยนเป็น GigatexWiFi5,เปิด Web ไม่ได้,ไฟไม่เข้า,1
11,ปัญหาอุปกรณ์ Router รุ่น T3 ST-244F & ST-244Fv2 ต้องเปลี่ยนเ,ปัญหาอุปกรณ์ Router รุ่น T3 ST-244F / ST-244Fv2 ต้องเปลี่ยนเป็น GigatexWiFi5 + Mesh,Internet ช้า,การใช้งานของลูกค้า,1
11,ปัญหาอุปกรณ์ Router รุ่น T3 ST-244F & ST-244Fv2 ต้องเปลี่ยนเ,ปัญหาอุปกรณ์ Router รุ่น T3 ST-244F & ST-244Fv2 ต้องเปลี่ยนเป็น GigatexWiFi5,เปิด Web ไม่ได้,Monitor เหตุเสียครบตามเงื่อนไข,1
11,ปัญหาอุปกรณ์ Router รุ่น T3 ST-244F & ST-244Fv2 ต้องเปลี่ยนเ,ปัญหาอุปกรณ์ Router รุ่น T3 ST-244F / ST-244Fv2 ต้องเปลี่ยนเป็น GigatexWiFi5 + Mesh,Internet หลุดบ่อย,Modemไม่ lock/ไม่ Synch/High Loss,1
12,Proactive poor experience outside plant | Proactive | สายหัก,Proactive poor experience outside plant,Proactive,สายหัก/สายงอ/สายถูกดึงรั้ง,817
12,Proactive poor experience outside plant | Proactive | สายหัก,Proactive poor experience outside plant,Proactive,หัวสายสำเร็จSC-APC เสีย,647
12,Proactive poor experience outside plant | Proactive | สายหัก,Proactive poor experience outside plant,Proactive,Modemไม่ lock/ไม่ Synch/High Loss,463
12,Proactive poor experience outside plant | Proactive | สายหัก,Proactive poor experience outside plant,Proactive,ขัดข้อง/เสีย,398
12,Proactive poor experience outside plant | Proactive | สายหัก,Proactive poor experience outside plant,Proactive,ลูกค้าต้องการเปลี่ยน Modem,366
12,Proactive poor experience outside plant | Proactive | สายหัก,Proactive poor experience outside plant,Proactive,Reboot,294
12,Proactive poor experience outside plant | Proactive | สายหัก,Proactive poor experience outside plant,Proactive,มีค่า Loss สูง,290
12,Proactive poor experience outside plant | Proactive | สายหัก,Proactive poor experience outside plant,Proactive,Monitor เหตุเสียครบตามเงื่อนไข,277
12,Proactive poor experience outside plant | Proactive | สายหัก,Proactive poor experience outside plant,Proactive,Ticket มีการระบุให้เปลี่ยนอุปกรณ์,253
12,Proactive poor experience outside plant | Proactive | สายหัก,Proactive poor experience outside plant,Proactive,การใช้งานของลูกค้า,236
12,Proactive poor experience outside plant | Proactive | สายหัก,Proactive poor experience outside plant,Proactive,หัวสายสำเร็จSC-APC หลวม /ไม่สนิท,224
12,Proactive poor experience outside plant | Proactive | สายหัก,Proactive poor experience outside plant,Proactive,Area Manager เห็นชอบให้มีการเปลี่ยน CPE,219
12,Proactive poor experience outside plant | Proactive | สายหัก,Proactive poor experience outside plant,Proactive,CONFIG CHANGE,209
12,Proactive poor experience outside plant | Proactive | สายหัก,Proactive poor experience outside plant,Proactive,เหตุเสียใช้ได้ ก่อนช่างถึงบ้าน,199
12,Proactive poor experience outside plant | Proactive | สายหัก,Proactive poor experience outside plant,Proactive,Connect WiFi ไม่ได้/ไม่พบ SSID,134
12,Proactive poor experience outside plant | Proactive | สายหัก,Proactive poor experience outside plant,Proactive,ไฟไม่เข้า,121
12,Proactive poor experience outside plant | Proactive | สายหัก,Proactive poor experience outside plant,Proactive,สายเสื่อมสภาพ,120
12,Proactive poor experience outside plant | Proactive | สายหัก,Proactive poor experience outside plant,Proactive,ลูกค้าเปลี่ยนใจ/ลูกค้าขอยกเลิกบริการเอง,115
12,Proactive poor experience outside plant | Proactive | สายหัก,Proactive poor experience outside plant,Proactive,ไม่ทราบสาเหตุ,104
12,Proactive poor experience outside plant | Proactive | สายหัก,Proactive poor experience outside plant,Proactive,ลูกค้าแจ้งเสีย (เปิด Reactive Ticket),101
12,Proactive poor experience outside plant | Proactive | สายหัก,Proactive poor experience outside plant,Proactive,การไฟฟ้าย้ายแนว/จัดระเบียบสาย,87
12,Proactive poor experience outside plant | Proactive | สายหัก,Proactive poor experience outside plant,Proactive,หัวสายสำเร็จSC-APC สกปรก,78
12,Proactive poor experience outside plant | Proactive | สายหัก,Proactive poor experience outside plant,Proactive,หลวม/แตกหัก,74
12,Proactive poor experience outside plant | Proactive | สายหัก,Proactive poor experience outside plant,Proactive,Modem ไม่รองรับ Package ลูกค้า,67
12,Proactive poor experience outside plant | Proactive | สายหัก,Proactive poor experience outside plant,Proactive,Auto close by BOT,66
12,Proactive poor experience outside plant | Proactive | สายหัก,Proactive poor experience outside plant,Proactive,แมลง(เช่น จักจั่น มด ปลวก),64
12,Proactive poor experience outside plant | Proactive | สายหัก,Proactive poor experience outside plant,Proactive,Sync Speed ได้ แต่ Test Speed WIFI 5 GHz ไม่ได้ตาม Package,57
12,Proactive poor experience outside plant | Proactive | สายหัก,Proactive poor experience outside plant,Proactive,ระยะสาย Drop Wire ไกล,51
12,Proactive poor experience outside plant | Proactive | สายหัก,Proactive poor experience outside plant,Proactive,Sync Speed/RSSI ไม่ได้ WIFI ตาม Criteria /Low Signal 5 GHz,45
12,Proactive poor experience outside plant | Proactive | สายหัก,Proactive poor experience outside plant,Proactive,เทศบาลตัดแต่งต้นไม้,36
12,Proactive poor experience outside plant | Proactive | สายหัก,Proactive poor experience outside plant,Proactive,สัตว์ (เช่น ลิง กระรอก ช้าง ),29
12,Proactive poor experience outside plant | Proactive | สายหัก,Proactive poor experience outside plant,Proactive,รถเกี่ยว,29
12,Proactive poor experience outside plant | Proactive | สายหัก,Proactive poor experience outside plant,Proactive,ข้อต่อหลวม ไม่ดี/ไม่สนิท,27
12,Proactive poor experience outside plant | Proactive | สายหัก,Proactive poor experience outside plant,Proactive,มีเสียงผิดปกติในตัวโมเด็ม,26
12,Proactive poor experience outside plant | Proactive | สายหัก,Proactive poor experience outside plant,Proactive,ไม่ตรงรุ่น,26
12,Proactive poor experience outside plant | Proactive | สายหัก,Proactive poor experience outside plant,Proactive,Port เสีย,25
12,Proactive poor experience outside plant | Proactive | สายหัก,Proactive poor experience outside plant,Proactive,ทดสอบและอธิบายลูกค้า,23
12,Proactive poor experience outside plant | Proactive | สายหัก,Proactive poor experience outside plant,Proactive,อุปกรณ์คืนค่าโรงงาน,23
12,Proactive poor experience outside plant | Proactive | สายหัก,Proactive poor experience outside plant,Proactive,Sync Speed ได้ แต่ Test Speed WIFI 2.4 GHz ไม่ได้ตาม Package,20
12,Proactive poor experience outside plant | Proactive | สายหัก,Proactive poor experience outside plant,Proactive,Switch on/off เสีย/ชำรุดแตกหัก,18
12,Proactive poor experience outside plant | Proactive | สายหัก,Proactive poor experience outside plant,Proactive,ไม่พบปัญหาการใช้งานแล้ว,10
12,Proactive poor experience outside plant | Proactive | สายหัก,Proactive poor experience outside plant,Proactive,Modem แตกหัก/สีผิดสภาพเดิม,10
12,Proactive poor experience outside plant | Proactive | สายหัก,Proactive poor experience outside plant,Proactive,เปลี่ยน process การทำงาน,10
12,Proactive poor experience outside plant | Proactive | สายหัก,Proactive poor experience outside plant,Proactive,ลูกค้าแจ้งขอยกเลิกบริการ,8
12,Proactive poor experience outside plant | Proactive | สายหัก,Proactive poor experience outside plant,Proactive,LAN เสีย,8
12,Proactive poor experience outside plant | Proactive | สายหัก,Proactive poor experience outside plant,Proactive,Wi-fi 2.4G ไม่รองรับ Speed,7
12,Proactive poor experience outside plant | Proactive | สายหัก,Proactive poor experience outside plant,Proactive,Sync Speed ได้ แต่ Test Speed LAN ไม่ได้ตาม Package,6
12,Proactive poor experience outside plant | Proactive | สายหัก,Proactive poor experience outside plant,Proactive,สกปรก,5
12,Proactive poor experience outside plant | Proactive | สายหัก,Proactive poor experience outside plant,Proactive,บุคคลเจตนาร้าย-ตัดทำลายข่ายสาย,5
12,Proactive poor experience outside plant | Proactive | สายหัก,Proactive poor experience outside plant,Proactive,"ลูกค้าไม่สะดวก (ไม่อยู่บ้าน,ไม่แจ้งเหตุผล)",5
12,Proactive poor experience outside plant | Proactive | สายหัก,Proactive poor experience outside plant,Proactive,Sync Speed/RSSI ไม่ได้ WIFI ตาม Criteria /Low Signal 2.4 GHz,5
12,Proactive poor experience outside plant | Proactive | สายหัก,Proactive poor experience outside plant,Proactive,พายุ,5
12,Proactive poor experience outside plant | Proactive | สายหัก,Proactive poor experience outside plant,Proactive,ไม่มีสัญญาณ CATV หรือ ค่า RF ไม่ได้ตามค่ามาตรฐาน,4
12,Proactive poor experience outside plant | Proactive | สายหัก,Proactive poor experience outside plant,Proactive,สายไม่เป็นระเบียบ,4
12,Proactive poor experience outside plant | Proactive | สายหัก,Proactive poor experience outside plant,Proactive,ส่งงานไม่ถูกต้อง,3
12,Proactive poor experience outside plant | Proactive | สายหัก,Proactive poor experience outside plant,Proactive,Voice ไม่ติด (ไฟ Phone ไม่ติด),3
12,Proactive poor experience outside plant | Proactive | สายหัก,Proactive poor experience outside plant,Proactive,มีสัญญาณรบกวน WiFi สูง,3
12,Proactive poor experience outside plant | Proactive | สายหัก,Proactive poor experience outside plant,Proactive,ลูกค้าไม่อยู่บ้าน,3
12,Proactive poor experience outside plant | Proactive | สายหัก,Proactive poor experience outside plant,Proactive,เสาอากาศชำรุด,3
12,Proactive poor experience outside plant | Proactive | สายหัก,Proactive poor experience outside plant,Proactive,BUG FIRMWARE,2
12,Proactive poor experience outside plant | Proactive | สายหัก,Proactive poor experience outside plant,Proactive,Module เสีย,2
12,Proactive poor experience outside plant | Proactive | สายหัก,Proactive poor experience outside plant,Proactive,อุปกรณ์ Hang,2
12,Proactive poor experience outside plant | Proactive | สายหัก,Proactive poor experience outside plant,Proactive,ไฟไหม้,2
12,Proactive poor experience outside plant | Proactive | สายหัก,Proactive poor experience outside plant,Proactive,Exp ดี - ลูกค้าไม่สะดวกให้ตรวจสอบ,2
12,Proactive poor experience outside plant | Proactive | สายหัก,Proactive poor experience outside plant,Proactive,พบปัญหาใหม่,1
12,Proactive poor experience outside plant | Proactive | สายหัก,Proactive poor experience outside plant,Proactive,ลูกค้าทำอุปกรณ์เสียหาย,1
12,Proactive poor experience outside plant | Proactive | สายหัก,Proactive poor experience outside plant,Proactive,ลูกค้าปิด Modem,1
12,Proactive poor experience outside plant | Proactive | สายหัก,Proactive poor experience outside plant,Proactive,"สายขาด,หัก (Crack)",1
12,Proactive poor experience outside plant | Proactive | สายหัก,Proactive poor experience outside plant,Proactive,Costomer Knowledge,1
12,Proactive poor experience outside plant | Proactive | สายหัก,Proactive poor experience outside plant,Proactive,ไฟฟ้าดับ,1
12,Proactive poor experience outside plant | Proactive | สายหัก,Proactive poor experience outside plant,Proactive,เหตุเสียภายใน 90 วัน,1
12,Proactive poor experience outside plant | Proactive | สายหัก,Proactive poor experience outside plant,Proactive,ลูกค้าใช้งาน Wi Fi ห่างจาก Modem,1
12,Proactive poor experience outside plant | Proactive | สายหัก,Proactive poor experience outside plant,Proactive,ติดตั้งไม่ได้มาตรฐาน,1
13,Proactive - PPPOE หลุดบ่อย | Proactive | การใช้งานของลูกค้า,Proactive - PPPOE หลุดบ่อย,Proactive,การใช้งานของลูกค้า,3879
13,Proactive - PPPOE หลุดบ่อย | Proactive | การใช้งานของลูกค้า,Proactive - PPPOE หลุดบ่อย,Proactive,เหตุเสียใช้ได้ ก่อนช่างถึงบ้าน,1121
13,Proactive - PPPOE หลุดบ่อย | Proactive | การใช้งานของลูกค้า,Proactive - PPPOE หลุดบ่อย,Proactive,สายหัก/สายงอ/สายถูกดึงรั้ง,654
13,Proactive - PPPOE หลุดบ่อย | Proactive | การใช้งานของลูกค้า,Proactive - PPPOE หลุดบ่อย,Proactive,ลูกค้าต้องการเปลี่ยน Modem,90
13,Proactive - PPPOE หลุดบ่อย | Proactive | การใช้งานของลูกค้า,Proactive - PPPOE หลุดบ่อย,Proactive,ขัดข้อง/เสีย,84
13,Proactive - PPPOE หลุดบ่อย | Proactive | การใช้งานของลูกค้า,Proactive - PPPOE หลุดบ่อย,Proactive,CONFIG CHANGE,70
13,Proactive - PPPOE หลุดบ่อย | Proactive | การใช้งานของลูกค้า,Proactive - PPPOE หลุดบ่อย,Proactive,ลูกค้าใช้งาน Wi Fi ห่างจาก Modem,50
13,Proactive - PPPOE หลุดบ่อย | Proactive | การใช้งานของลูกค้า,Proactive - PPPOE หลุดบ่อย,Proactive,Connect WiFi ไม่ได้/ไม่พบ SSID,44
13,Proactive - PPPOE หลุดบ่อย | Proactive | การใช้งานของลูกค้า,Proactive - PPPOE หลุดบ่อย,Proactive,Modemไม่ lock/ไม่ Synch/High Loss,44
13,Proactive - PPPOE หลุดบ่อย | Proactive | การใช้งานของลูกค้า,Proactive - PPPOE หลุดบ่อย,Proactive,ข้อต่อหลวม ไม่ดี/ไม่สนิท,32
13,Proactive - PPPOE หลุดบ่อย | Proactive | การใช้งานของลูกค้า,Proactive - PPPOE หลุดบ่อย,Proactive,หัวสายสำเร็จSC-APC เสีย,28
13,Proactive - PPPOE หลุดบ่อย | Proactive | การใช้งานของลูกค้า,Proactive - PPPOE หลุดบ่อย,Proactive,ลูกค้าเปลี่ยนใจ/ลูกค้าขอยกเลิกบริการเอง,28
13,Proactive - PPPOE หลุดบ่อย | Proactive | การใช้งานของลูกค้า,Proactive - PPPOE หลุดบ่อย,Proactive,ไม่พบปัญหาการใช้งานแล้ว,27
13,Proactive - PPPOE หลุดบ่อย | Proactive | การใช้งานของลูกค้า,Proactive - PPPOE หลุดบ่อย,Proactive,ไฟไม่เข้า,27
13,Proactive - PPPOE หลุดบ่อย | Proactive | การใช้งานของลูกค้า,Proactive - PPPOE หลุดบ่อย,Proactive,ไฟฟ้าดับ,25
13,Proactive - PPPOE หลุดบ่อย | Proactive | การใช้งานของลูกค้า,Proactive - PPPOE หลุดบ่อย,Proactive,หัวสายสำเร็จSC-APC หลวม /ไม่สนิท,25
13,Proactive - PPPOE หลุดบ่อย | Proactive | การใช้งานของลูกค้า,Proactive - PPPOE หลุดบ่อย,Proactive,ไม่ทราบสาเหตุ,21
13,Proactive - PPPOE หลุดบ่อย | Proactive | การใช้งานของลูกค้า,Proactive - PPPOE หลุดบ่อย,Proactive,บุคคลเจตนาร้าย-ตัดทำลายข่ายสาย,19
13,Proactive - PPPOE หลุดบ่อย | Proactive | การใช้งานของลูกค้า,Proactive - PPPOE หลุดบ่อย,Proactive,สายขาด,18
13,Proactive - PPPOE หลุดบ่อย | Proactive | การใช้งานของลูกค้า,Proactive - PPPOE หลุดบ่อย,Proactive,Reboot,17
13,Proactive - PPPOE หลุดบ่อย | Proactive | การใช้งานของลูกค้า,Proactive - PPPOE หลุดบ่อย,Proactive,ลูกค้าแจ้งเสีย (เปิด Reactive Ticket),16
13,Proactive - PPPOE หลุดบ่อย | Proactive | การใช้งานของลูกค้า,Proactive - PPPOE หลุดบ่อย,Proactive,ลูกค้าแจ้งขอยกเลิกบริการ,14
13,Proactive - PPPOE หลุดบ่อย | Proactive | การใช้งานของลูกค้า,Proactive - PPPOE หลุดบ่อย,Proactive,ไม่มีสัญญาณ CATV หรือ ค่า RF ไม่ได้ตามค่ามาตรฐาน,13
13,Proactive - PPPOE หลุดบ่อย | Proactive | การใช้งานของลูกค้า,Proactive - PPPOE หลุดบ่อย,Proactive,การไฟฟ้าย้ายแนว/จัดระเบียบสาย,12
13,Proactive - PPPOE หลุดบ่อย | Proactive | การใช้งานของลูกค้า,Proactive - PPPOE หลุดบ่อย,Proactive,Port เสีย,12
13,Proactive - PPPOE หลุดบ่อย | Proactive | การใช้งานของลูกค้า,Proactive - PPPOE หลุดบ่อย,Proactive,มีค่า Loss สูง,10
13,Proactive - PPPOE หลุดบ่อย | Proactive | การใช้งานของลูกค้า,Proactive - PPPOE หลุดบ่อย,Proactive,ทดสอบและอธิบายลูกค้า,8
13,Proactive - PPPOE หลุดบ่อย | Proactive | การใช้งานของลูกค้า,Proactive - PPPOE หลุดบ่อย,Proactive,Mesh pair ไม่สำเร็จ,7
13,Proactive - PPPOE หลุดบ่อย | Proactive | การใช้งานของลูกค้า,Proactive - PPPOE หลุดบ่อย,Proactive,อุปกรณ์ Hang,7
13,Proactive - PPPOE หลุดบ่อย | Proactive | การใช้งานของลูกค้า,Proactive - PPPOE หลุดบ่อย,Proactive,สัตว์ (เช่น ลิง กระรอก ช้าง ),6
13,Proactive - PPPOE หลุดบ่อย | Proactive | การใช้งานของลูกค้า,Proactive - PPPOE หลุดบ่อย,Proactive,อุปกรณ์คืนค่าโรงงาน,5
13,Proactive - PPPOE หลุดบ่อย | Proactive | การใช้งานของลูกค้า,Proactive - PPPOE หลุดบ่อย,Proactive,ระยะสาย Drop Wire ไกล,4
13,Proactive - PPPOE หลุดบ่อย | Proactive | การใช้งานของลูกค้า,Proactive - PPPOE หลุดบ่อย,Proactive,รถเกี่ยว,4
13,Proactive - PPPOE หลุดบ่อย | Proactive | การใช้งานของลูกค้า,Proactive - PPPOE หลุดบ่อย,Proactive,ลูกค้าต้องการเปลี่ยน Mesh Wifi,4
13,Proactive - PPPOE หลุดบ่อย | Proactive | การใช้งานของลูกค้า,Proactive - PPPOE หลุดบ่อย,Proactive,Area Manager เห็นชอบให้มีการเปลี่ยน CPE,4
13,Proactive - PPPOE หลุดบ่อย | Proactive | การใช้งานของลูกค้า,Proactive - PPPOE หลุดบ่อย,Proactive,Monitor เหตุเสียครบตามเงื่อนไข,4
13,Proactive - PPPOE หลุดบ่อย | Proactive | การใช้งานของลูกค้า,Proactive - PPPOE หลุดบ่อย,Proactive,ลูกค้าต้องการเปลี่ยน Set Top Box,3
13,Proactive - PPPOE หลุดบ่อย | Proactive | การใช้งานของลูกค้า,Proactive - PPPOE หลุดบ่อย,Proactive,เหตุเสียภายใน 90 วัน,3
13,Proactive - PPPOE หลุดบ่อย | Proactive | การใช้งานของลูกค้า,Proactive - PPPOE หลุดบ่อย,Proactive,ลูกค้าไม่อยู่บ้าน,3
13,Proactive - PPPOE หลุดบ่อย | Proactive | การใช้งานของลูกค้า,Proactive - PPPOE หลุดบ่อย,Proactive,Auto close by BOT,3
13,Proactive - PPPOE หลุดบ่อย | Proactive | การใช้งานของลูกค้า,Proactive - PPPOE หลุดบ่อย,Proactive,Voice ไม่ติด (ไฟ Phone ไม่ติด),3
13,Proactive - PPPOE หลุดบ่อย | Proactive | การใช้งานของลูกค้า,Proactive - PPPOE หลุดบ่อย,Proactive,มีเสียงผิดปกติในตัวโมเด็ม,2
13,Proactive - PPPOE หลุดบ่อย | Proactive | การใช้งานของลูกค้า,Proactive - PPPOE หลุดบ่อย,Proactive,ส่งงานไม่ถูกต้อง,2
13,Proactive - PPPOE หลุดบ่อย | Proactive | การใช้งานของลูกค้า,Proactive - PPPOE หลุดบ่อย,Proactive,พายุ,2
13,Proactive - PPPOE หลุดบ่อย | Proactive | การใช้งานของลูกค้า,Proactive - PPPOE หลุดบ่อย,Proactive,สายไม่เป็นระเบียบ,2
13,Proactive - PPPOE หลุดบ่อย | Proactive | การใช้งานของลูกค้า,Proactive - PPPOE หลุดบ่อย,Proactive,หัวสายสำเร็จSC-APC สกปรก,2
13,Proactive - PPPOE หลุดบ่อย | Proactive | การใช้งานของลูกค้า,Proactive - PPPOE หลุดบ่อย,Proactive,Modem ไม่รองรับ Package ลูกค้า,2
13,Proactive - PPPOE หลุดบ่อย | Proactive | การใช้งานของลูกค้า,Proactive - PPPOE หลุดบ่อย,Proactive,ค่าสัญญาณดี แต่พบภาพขาดหาย/ ภาพแตก/ เสียงขาดหาย,2
13,Proactive - PPPOE หลุดบ่อย | Proactive | การใช้งานของลูกค้า,Proactive - PPPOE หลุดบ่อย,Proactive,Costomer Knowledge,2
13,Proactive - PPPOE หลุดบ่อย | Proactive | การใช้งานของลูกค้า,Proactive - PPPOE หลุดบ่อย,Proactive,กล่องไม่อ่านการ์ด,2
13,Proactive - PPPOE หลุดบ่อย | Proactive | การใช้งานของลูกค้า,Proactive - PPPOE หลุดบ่อย,Proactive,ไม่ตรงรุ่น,1
13,Proactive - PPPOE หลุดบ่อย | Proactive | การใช้งานของลูกค้า,Proactive - PPPOE หลุดบ่อย,Proactive,สายเสื่อมสภาพ,1
13,Proactive - PPPOE หลุดบ่อย | Proactive | การใช้งานของลูกค้า,Proactive install Spiltter L3,Proactive,ทดสอบและอธิบายลูกค้า,1
13,Proactive - PPPOE หลุดบ่อย | Proactive | การใช้งานของลูกค้า,Proactive - PPPOE หลุดบ่อย,Proactive,เทศบาลตัดแต่งต้นไม้,1
13,Proactive - PPPOE หลุดบ่อย | Proactive | การใช้งานของลูกค้า,Proactive - PPPOE หลุดบ่อย,Proactive,กล่องรับสัญญาณขัดข้อง (ER16/E048),1
13,Proactive - PPPOE หลุดบ่อย | Proactive | การใช้งานของลูกค้า,Proactive - PPPOE หลุดบ่อย,Proactive,Ticket มีการระบุให้เปลี่ยนอุปกรณ์,1
13,Proactive - PPPOE หลุดบ่อย | Proactive | การใช้งานของลูกค้า,Proactive - PPPOE หลุดบ่อย,Proactive,BUG FIRMWARE,1
13,Proactive - PPPOE หลุดบ่อย | Proactive | การใช้งานของลูกค้า,Proactive - PPPOE หลุดบ่อย,Proactive,ลูกค้าใช้งาน Wi Fi ห่างจาก Mesh,1
13,Proactive - PPPOE หลุดบ่อย | Proactive | การใช้งานของลูกค้า,Proactive - PPPOE หลุดบ่อย,Proactive,พบปัญหาใหม่,1
13,Proactive - PPPOE หลุดบ่อย | Proactive | การใช้งานของลูกค้า,Proactive - PPPOE หลุดบ่อย,Proactive,CONFIG.PARAMETER ไม่ถูกต้อง,1
13,Proactive - PPPOE หลุดบ่อย | Proactive | การใช้งานของลูกค้า,Proactive - PPPOE หลุดบ่อย,Proactive,เปลี่ยน process การทำงาน,1
13,Proactive - PPPOE หลุดบ่อย | Proactive | การใช้งานของลูกค้า,Proactive - PPPOE หลุดบ่อย,Proactive,"ลูกค้าไม่สะดวก (ไม่อยู่บ้าน,ไม่แจ้งเหตุผล)",1
13,Proactive - PPPOE หลุดบ่อย | Proactive | การใช้งานของลูกค้า,Proactive - PPPOE หลุดบ่อย,Proactive,Wi-fi 2.4G ไม่รองรับ Speed,1
13,Proactive - PPPOE หลุดบ่อย | Proactive | การใช้งานของลูกค้า,Proactive - PPPOE หลุดบ่อย,Proactive,คำสั่งเสียงไม่ทำงาน,1
13,Proactive - PPPOE หลุดบ่อย | Proactive | การใช้งานของลูกค้า,Proactive - PPPOE หลุดบ่อย,Proactive,ช่องรายการถูกล็อค(CA14),1
13,Proactive - PPPOE หลุดบ่อย | Proactive | การใช้งานของลูกค้า,Proactive - PPPOE หลุดบ่อย,Proactive,lat-long,1
13,Proactive - PPPOE หลุดบ่อย | Proactive | การใช้งานของลูกค้า,Proactive - PPPOE หลุดบ่อย,Proactive,Modem แตกหัก/สีผิดสภาพเดิม,1
14,ขอเปลี่ยน Mesh(T626PRO) เพื่อรองรับเฉพาะ AI Package | บริการ,ขอเปลี่ยน Router+Mesh(T626PRO) เพื่อรองรับเฉพาะ AI Package,บริการหลังการขาย,ลูกค้าต้องการเปลี่ยน Modem,7
14,ขอเปลี่ยน Mesh(T626PRO) เพื่อรองรับเฉพาะ AI Package | บริการ,ขอเปลี่ยน Router+Mesh(T626PRO) เพื่อรองรับเฉพาะ AI Package,บริการหลังการขาย,Ticket มีการระบุให้เปลี่ยนอุปกรณ์,5
14,ขอเปลี่ยน Mesh(T626PRO) เพื่อรองรับเฉพาะ AI Package | บริการ,ขอเปลี่ยน Router+Mesh(T626PRO) เพื่อรองรับเฉพาะ AI Package,บริการหลังการขาย,ส่งงานไม่ถูกต้อง,5
14,ขอเปลี่ยน Mesh(T626PRO) เพื่อรองรับเฉพาะ AI Package | บริการ,ขอเปลี่ยน Router+Mesh(T626PRO) เพื่อรองรับเฉพาะ AI Package,บริการหลังการขาย,Modem ไม่รองรับ Package ลูกค้า,2
14,ขอเปลี่ยน Mesh(T626PRO) เพื่อรองรับเฉพาะ AI Package | บริการ,ขอเปลี่ยน Router+Mesh(T626PRO) เพื่อรองรับเฉพาะ AI Package,บริการหลังการขาย,เปลี่ยน process การทำงาน,2
14,ขอเปลี่ยน Mesh(T626PRO) เพื่อรองรับเฉพาะ AI Package | บริการ,ขอเปลี่ยน Router+Mesh(T626PRO) เพื่อรองรับเฉพาะ AI Package,บริการหลังการขาย,การใช้งานของลูกค้า,2
14,ขอเปลี่ยน Mesh(T626PRO) เพื่อรองรับเฉพาะ AI Package | บริการ,ขอเปลี่ยน Mesh(T626PRO) เพื่อรองรับเฉพาะ AI Package,บริการหลังการขาย,Ticket มีการระบุให้เปลี่ยนอุปกรณ์,2
14,ขอเปลี่ยน Mesh(T626PRO) เพื่อรองรับเฉพาะ AI Package | บริการ,ขอเปลี่ยน Mesh(T626PRO) เพื่อรองรับเฉพาะ AI Package,บริการหลังการขาย,ลูกค้าต้องการเปลี่ยน Modem,1
14,ขอเปลี่ยน Mesh(T626PRO) เพื่อรองรับเฉพาะ AI Package | บริการ,ขอเปลี่ยน Router+Mesh(T626PRO) เพื่อรองรับเฉพาะ AI Package,บริการหลังการขาย,ลูกค้าต้องการเปลี่ยน Mesh Wifi,1
14,ขอเปลี่ยน Mesh(T626PRO) เพื่อรองรับเฉพาะ AI Package | บริการ,ขอเปลี่ยน Router+Mesh(T626PRO) เพื่อรองรับเฉพาะ AI Package,บริการหลังการขาย,เหตุเสียภายใน 90 วัน,1
14,ขอเปลี่ยน Mesh(T626PRO) เพื่อรองรับเฉพาะ AI Package | บริการ,ขอเปลี่ยน Router+Mesh(T626PRO) เพื่อรองรับเฉพาะ AI Package,บริการหลังการขาย,อุปกรณ์คืนค่าโรงงาน,1
14,ขอเปลี่ยน Mesh(T626PRO) เพื่อรองรับเฉพาะ AI Package | บริการ,ขอเปลี่ยน Mesh(T626PRO) เพื่อรองรับเฉพาะ AI Package,บริการหลังการขาย,ขัดข้อง/เสีย,1
14,ขอเปลี่ยน Mesh(T626PRO) เพื่อรองรับเฉพาะ AI Package | บริการ,ขอเปลี่ยน Router+Mesh(T626PRO) เพื่อรองรับเฉพาะ AI Package,บริการหลังการขาย,Modemไม่ lock/ไม่ Synch/High Loss,1
14,ขอเปลี่ยน Mesh(T626PRO) เพื่อรองรับเฉพาะ AI Package | บริการ,ขอเปลี่ยน Router+Mesh(T626PRO) เพื่อรองรับเฉพาะ AI Package,บริการหลังการขาย,ไม่ทราบสาเหตุ,1
14,ขอเปลี่ยน Mesh(T626PRO) เพื่อรองรับเฉพาะ AI Package | บริการ,ขอเปลี่ยน Router+Mesh(T626PRO) เพื่อรองรับเฉพาะ AI Package,บริการหลังการขาย,เหตุเสียใช้ได้ ก่อนช่างถึงบ้าน,1
14,ขอเปลี่ยน Mesh(T626PRO) เพื่อรองรับเฉพาะ AI Package | บริการ,ติดตั้ง Mesh เป็น AP(พร้อมเก็บAPกลับ),บริการหลังการขาย,Ticket มีการระบุให้เปลี่ยนอุปกรณ์,1
14,ขอเปลี่ยน Mesh(T626PRO) เพื่อรองรับเฉพาะ AI Package | บริการ,ขอเปลี่ยน Mesh(T626PRO) เพื่อรองรับเฉพาะ AI Package,บริการหลังการขาย,Mesh pair ไม่สำเร็จ,1
14,ขอเปลี่ยน Mesh(T626PRO) เพื่อรองรับเฉพาะ AI Package | บริการ,ขอเปลี่ยน Router+Mesh(T626PRO) เพื่อรองรับเฉพาะ AI Package,บริการหลังการขาย,Sync Speed ได้ แต่ Test Speed WIFI 5 GHz ไม่ได้ตาม Package,1
14,ขอเปลี่ยน Mesh(T626PRO) เพื่อรองรับเฉพาะ AI Package | บริการ,ขอเปลี่ยน Mesh(T626PRO) เพื่อรองรับเฉพาะ AI Package,บริการหลังการขาย,ลูกค้าเปลี่ยน Package ใหม่,1
14,ขอเปลี่ยน Mesh(T626PRO) เพื่อรองรับเฉพาะ AI Package | บริการ,ขอเปลี่ยน Router+Mesh(T626PRO) เพื่อรองรับเฉพาะ AI Package,บริการหลังการขาย,ไฟไม่เข้า,1
14,ขอเปลี่ยน Mesh(T626PRO) เพื่อรองรับเฉพาะ AI Package | บริการ,ขอเปลี่ยน Mesh(T626PRO) เพื่อรองรับเฉพาะ AI Package,บริการหลังการขาย,Reboot,1
14,ขอเปลี่ยน Mesh(T626PRO) เพื่อรองรับเฉพาะ AI Package | บริการ,ขอเปลี่ยน Mesh(T626PRO) เพื่อรองรับเฉพาะ AI Package,บริการหลังการขาย,ลูกค้าต้องการเปลี่ยน Mesh Wifi,1
15,Retention Fault | คุณภาพสัญญาน | Monitor เหตุเสียครบตามเงื่อ,Retention Fault,คุณภาพสัญญาน,การใช้งานของลูกค้า,1604
15,Retention Fault | คุณภาพสัญญาน | Monitor เหตุเสียครบตามเงื่อ,Retention Fault,คุณภาพสัญญาน,เหตุเสียใช้ได้ ก่อนช่างถึงบ้าน,1047
15,Retention Fault | คุณภาพสัญญาน | Monitor เหตุเสียครบตามเงื่อ,Retention Fault,แจ้งเสีย-คุณภาพสัญญาณ,,790
15,Retention Fault | คุณภาพสัญญาน | Monitor เหตุเสียครบตามเงื่อ,Retention Fault,คุณภาพสัญญาน,CONFIG CHANGE,766
15,Retention Fault | คุณภาพสัญญาน | Monitor เหตุเสียครบตามเงื่อ,Retention Fault,คุณภาพสัญญาน,ลูกค้าต้องการเปลี่ยน Modem,730
15,Retention Fault | คุณภาพสัญญาน | Monitor เหตุเสียครบตามเงื่อ,Retention Fault,คุณภาพสัญญาน,ขัดข้อง/เสีย,646
15,Retention Fault | คุณภาพสัญญาน | Monitor เหตุเสียครบตามเงื่อ,Retention Fault,คุณภาพสัญญาน,Reboot,364
15,Retention Fault | คุณภาพสัญญาน | Monitor เหตุเสียครบตามเงื่อ,Retention Fault,คุณภาพสัญญาน,ลูกค้าเปลี่ยนใจ/ลูกค้าขอยกเลิกบริการเอง,348
15,Retention Fault | คุณภาพสัญญาน | Monitor เหตุเสียครบตามเงื่อ,Retention Fault,คุณภาพสัญญาน,Monitor เหตุเสียครบตามเงื่อนไข,324
15,Retention Fault | คุณภาพสัญญาน | Monitor เหตุเสียครบตามเงื่อ,Retention Fault,คุณภาพสัญญาน,สายหัก/สายงอ/สายถูกดึงรั้ง,308
15,Retention Fault | คุณภาพสัญญาน | Monitor เหตุเสียครบตามเงื่อ,Retention Fault,คุณภาพสัญญาน,Modemไม่ lock/ไม่ Synch/High Loss,234
15,Retention Fault | คุณภาพสัญญาน | Monitor เหตุเสียครบตามเงื่อ,Retention Fault,คุณภาพสัญญาน,ไฟไม่เข้า,232
15,Retention Fault | คุณภาพสัญญาน | Monitor เหตุเสียครบตามเงื่อ,Retention Fault,คุณภาพสัญญาน,หัวสายสำเร็จSC-APC เสีย,168
15,Retention Fault | คุณภาพสัญญาน | Monitor เหตุเสียครบตามเงื่อ,Retention Fault,คุณภาพสัญญาน,รถเกี่ยว,138
15,Retention Fault | คุณภาพสัญญาน | Monitor เหตุเสียครบตามเงื่อ,Retention Fault,คุณภาพสัญญาน,ไม่ทราบสาเหตุ,135
15,Retention Fault | คุณภาพสัญญาน | Monitor เหตุเสียครบตามเงื่อ,Retention Fault,คุณภาพสัญญาน,หัวสายสำเร็จSC-APC หลวม /ไม่สนิท,127
15,Retention Fault | คุณภาพสัญญาน | Monitor เหตุเสียครบตามเงื่อ,Retention Fault,คุณภาพสัญญาน,การไฟฟ้าย้ายแนว/จัดระเบียบสาย,127
15,Retention Fault | คุณภาพสัญญาน | Monitor เหตุเสียครบตามเงื่อ,Retention Fault,คุณภาพสัญญาน,ทดสอบและอธิบายลูกค้า,111
15,Retention Fault | คุณภาพสัญญาน | Monitor เหตุเสียครบตามเงื่อ,Retention Fault,คุณภาพสัญญาน,อุปกรณ์คืนค่าโรงงาน,101
15,Retention Fault | คุณภาพสัญญาน | Monitor เหตุเสียครบตามเงื่อ,Retention Fault,คุณภาพสัญญาน,ส่งงานไม่ถูกต้อง,81
15,Retention Fault | คุณภาพสัญญาน | Monitor เหตุเสียครบตามเงื่อ,Retention Fault,คุณภาพสัญญาน,เทศบาลตัดแต่งต้นไม้,77
15,Retention Fault | คุณภาพสัญญาน | Monitor เหตุเสียครบตามเงื่อ,Retention Fault,คุณภาพสัญญาน,Modem ไม่รองรับ Package ลูกค้า,69
15,Retention Fault | คุณภาพสัญญาน | Monitor เหตุเสียครบตามเงื่อ,Retention Fault,คุณภาพสัญญาน,สัตว์ (เช่น ลิง กระรอก ช้าง ),48
15,Retention Fault | คุณภาพสัญญาน | Monitor เหตุเสียครบตามเงื่อ,Retention Fault,คุณภาพสัญญาน,มีค่า Loss สูง,47
15,Retention Fault | คุณภาพสัญญาน | Monitor เหตุเสียครบตามเงื่อ,Retention Fault,คุณภาพสัญญาน,Switch on/off เสีย/ชำรุดแตกหัก,42
15,Retention Fault | คุณภาพสัญญาน | Monitor เหตุเสียครบตามเงื่อ,Retention Fault,คุณภาพสัญญาน,สายเสื่อมสภาพ,41
15,Retention Fault | คุณภาพสัญญาน | Monitor เหตุเสียครบตามเงื่อ,Retention Fault,คุณภาพสัญญาน,ระยะสาย Drop Wire ไกล,39
15,Retention Fault | คุณภาพสัญญาน | Monitor เหตุเสียครบตามเงื่อ,Retention Fault,คุณภาพสัญญาน,BUG FIRMWARE,37
15,Retention Fault | คุณภาพสัญญาน | Monitor เหตุเสียครบตามเงื่อ,Retention Fault,คุณภาพสัญญาน,Modem แตกหัก/สีผิดสภาพเดิม,30
15,Retention Fault | คุณภาพสัญญาน | Monitor เหตุเสียครบตามเงื่อ,Retention Fault,คุณภาพสัญญาน,บุคคลเจตนาร้าย-ตัดทำลายข่ายสาย,28
15,Retention Fault | คุณภาพสัญญาน | Monitor เหตุเสียครบตามเงื่อ,Retention Fault,คุณภาพสัญญาน,ไฟไหม้,28
15,Retention Fault | คุณภาพสัญญาน | Monitor เหตุเสียครบตามเงื่อ,Retention Fault,คุณภาพสัญญาน,มีเสียงผิดปกติในตัวโมเด็ม,28
15,Retention Fault | คุณภาพสัญญาน | Monitor เหตุเสียครบตามเงื่อ,Retention Fault,คุณภาพสัญญาน,อุปกรณ์ Hang,27
15,Retention Fault | คุณภาพสัญญาน | Monitor เหตุเสียครบตามเงื่อ,Retention Fault,คุณภาพสัญญาน,Ticket มีการระบุให้เปลี่ยนอุปกรณ์,25
15,Retention Fault | คุณภาพสัญญาน | Monitor เหตุเสียครบตามเงื่อ,Retention Fault,คุณภาพสัญญาน,Area Manager เห็นชอบให้มีการเปลี่ยน CPE,25
15,Retention Fault | คุณภาพสัญญาน | Monitor เหตุเสียครบตามเงื่อ,Retention Fault,คุณภาพสัญญาน,เปลี่ยน process การทำงาน,24
15,Retention Fault | คุณภาพสัญญาน | Monitor เหตุเสียครบตามเงื่อ,Retention Fault,คุณภาพสัญญาน,Remote ไม่ทำงาน,23
15,Retention Fault | คุณภาพสัญญาน | Monitor เหตุเสียครบตามเงื่อ,Retention Fault,คุณภาพสัญญาน,CONFIG.PARAMETER ไม่ถูกต้อง,17
15,Retention Fault | คุณภาพสัญญาน | Monitor เหตุเสียครบตามเงื่อ,Retention Fault,คุณภาพสัญญาน,LAN เสีย,17
15,Retention Fault | คุณภาพสัญญาน | Monitor เหตุเสียครบตามเงื่อ,Retention Fault,คุณภาพสัญญาน,ไม่พบปัญหาการใช้งานแล้ว,17
15,Retention Fault | คุณภาพสัญญาน | Monitor เหตุเสียครบตามเงื่อ,Retention Fault,คุณภาพสัญญาน,ไม่ตรงรุ่น,16
15,Retention Fault | คุณภาพสัญญาน | Monitor เหตุเสียครบตามเงื่อ,Retention Fault,คุณภาพสัญญาน,พายุ,16
15,Retention Fault | คุณภาพสัญญาน | Monitor เหตุเสียครบตามเงื่อ,Retention Fault,คุณภาพสัญญาน,Costomer Knowledge,15
15,Retention Fault | คุณภาพสัญญาน | Monitor เหตุเสียครบตามเงื่อ,Retention Fault,คุณภาพสัญญาน,Mesh pair ไม่สำเร็จ,12
15,Retention Fault | คุณภาพสัญญาน | Monitor เหตุเสียครบตามเงื่อ,Retention Fault,คุณภาพสัญญาน,ข้อต่อหลวม ไม่ดี/ไม่สนิท,11
15,Retention Fault | คุณภาพสัญญาน | Monitor เหตุเสียครบตามเงื่อ,Retention Fault,คุณภาพสัญญาน,หัวสายสำเร็จSC-APC สกปรก,11
15,Retention Fault | คุณภาพสัญญาน | Monitor เหตุเสียครบตามเงื่อ,Retention Fault,คุณภาพสัญญาน,ค่าสัญญาณดี ภาพค้าง/ ขาดหาย,11
15,Retention Fault | คุณภาพสัญญาน | Monitor เหตุเสียครบตามเงื่อ,Retention Fault,คุณภาพสัญญาน,ค่าสัญญาณดี ไม่มีภาพ/ ไม่มีเสียง,10
15,Retention Fault | คุณภาพสัญญาน | Monitor เหตุเสียครบตามเงื่อ,Retention Fault,คุณภาพสัญญาน,สูญหาย,9
15,Retention Fault | คุณภาพสัญญาน | Monitor เหตุเสียครบตามเงื่อ,Retention Fault,คุณภาพสัญญาน,เหตุเสียภายใน 90 วัน,9
15,Retention Fault | คุณภาพสัญญาน | Monitor เหตุเสียครบตามเงื่อ,Retention Fault,คุณภาพสัญญาน,หลวม/แตกหัก,9
15,Retention Fault | คุณภาพสัญญาน | Monitor เหตุเสียครบตามเงื่อ,มีเสียงซ่าในสาย,คุณภาพสัญญาน,CONFIG CHANGE/BUG FIRMWARE,9
15,Retention Fault | คุณภาพสัญญาน | Monitor เหตุเสียครบตามเงื่อ,Retention Fault,คุณภาพสัญญาน,ลูกค้าต้องการเปลี่ยน Hybrid Box,8
15,Retention Fault | คุณภาพสัญญาน | Monitor เหตุเสียครบตามเงื่อ,Retention Fault,คุณภาพสัญญาน,Port เสีย,7
15,Retention Fault | คุณภาพสัญญาน | Monitor เหตุเสียครบตามเงื่อ,รับ-ส่ง Fax ไม่ได้,คุณภาพสัญญาน,CONFIG CHANGE/BUG FIRMWARE,7
15,Retention Fault | คุณภาพสัญญาน | Monitor เหตุเสียครบตามเงื่อ,Retention Fault,คุณภาพสัญญาน,หลอดไฟ LED Status เสีย,7
15,Retention Fault | คุณภาพสัญญาน | Monitor เหตุเสียครบตามเงื่อ,Retention Fault,คุณภาพสัญญาน,กล่องไม่อ่านการ์ด,7
15,Retention Fault | คุณภาพสัญญาน | Monitor เหตุเสียครบตามเงื่อ,Retention Fault,คุณภาพสัญญาน,ช่องรายการถูกล็อค(CA14),6
15,Retention Fault | คุณภาพสัญญาน | Monitor เหตุเสียครบตามเงื่อ,Retention Fault,คุณภาพสัญญาน,"สายขาด,หัก (Crack)",5
15,Retention Fault | คุณภาพสัญญาน | Monitor เหตุเสียครบตามเงื่อ,Retention Fault,คุณภาพสัญญาน,แมลง(เช่น จักจั่น มด ปลวก),5
15,Retention Fault | คุณภาพสัญญาน | Monitor เหตุเสียครบตามเงื่อ,Retention Fault,คุณภาพสัญญาน,อื่น ๆ,4
15,Retention Fault | คุณภาพสัญญาน | Monitor เหตุเสียครบตามเงื่อ,Retention Fault,คุณภาพสัญญาน,ไม่มีสัญญาณ CATV หรือ ค่า RF ไม่ได้ตามค่ามาตรฐาน,4
15,Retention Fault | คุณภาพสัญญาน | Monitor เหตุเสียครบตามเงื่อ,Retention Fault,คุณภาพสัญญาน,เสาอากาศชำรุด,4
15,Retention Fault | คุณภาพสัญญาน | Monitor เหตุเสียครบตามเงื่อ,Retention Fault,คุณภาพสัญญาน,ผรม ติดตั้งกล่องไม่สมบูรณ์,4
15,Retention Fault | คุณภาพสัญญาน | Monitor เหตุเสียครบตามเงื่อ,Retention Fault,คุณภาพสัญญาน,wifi ของกล่องเสีย,4
15,Retention Fault | คุณภาพสัญญาน | Monitor เหตุเสียครบตามเงื่อ,Retention Fault,คุณภาพสัญญาน,ค่าสัญญาณดี แต่พบภาพขาดหาย/ ภาพแตก/ เสียงขาดหาย,4
15,Retention Fault | คุณภาพสัญญาน | Monitor เหตุเสียครบตามเงื่อ,Retention Fault,คุณภาพสัญญาน,Auto close by BOT,3
15,Retention Fault | คุณภาพสัญญาน | Monitor เหตุเสียครบตามเงื่อ,Retention Fault,คุณภาพสัญญาน,Voice ไม่ติด (ไฟ Phone ไม่ติด),3
15,Retention Fault | คุณภาพสัญญาน | Monitor เหตุเสียครบตามเงื่อ,Retention Fault,คุณภาพสัญญาน,ไฟฟ้าดับ,2
15,Retention Fault | คุณภาพสัญญาน | Monitor เหตุเสียครบตามเงื่อ,Retention Fault,คุณภาพสัญญาน,ลูกค้าปิด Modem,2
15,Retention Fault | คุณภาพสัญญาน | Monitor เหตุเสียครบตามเงื่อ,Retention Fault,คุณภาพสัญญาน,เชื่อมต่อ Remote ไม่ได้ (กล่องเสีย),2
15,Retention Fault | คุณภาพสัญญาน | Monitor เหตุเสียครบตามเงื่อ,Retention Fault,คุณภาพสัญญาน,กล่องรับสัญญาณขัดข้อง (CA9/CA11),2
15,Retention Fault | คุณภาพสัญญาน | Monitor เหตุเสียครบตามเงื่อ,Retention Fault,คุณภาพสัญญาน,อุปกรณ์ลูกค้า TV/เครื่องเสียง/อุปกรณ์ Bluetooth,2
15,Retention Fault | คุณภาพสัญญาน | Monitor เหตุเสียครบตามเงื่อ,Retention Fault,คุณภาพสัญญาน,เสื่อมสภาพการใช้งาน,2
15,Retention Fault | คุณภาพสัญญาน | Monitor เหตุเสียครบตามเงื่อ,Retention Fault,คุณภาพสัญญาน,แมลง/สัตว์,2
15,Retention Fault | คุณภาพสัญญาน | Monitor เหตุเสียครบตามเงื่อ,Retention Fault,คุณภาพสัญญาน,คำสั่งเสียงไม่ทำงาน,2
15,Retention Fault | คุณภาพสัญญาน | Monitor เหตุเสียครบตามเงื่อ,Retention Fault,คุณภาพสัญญาน,ลูกค้าแจ้งขอยกเลิกบริการ,2
15,Retention Fault | คุณภาพสัญญาน | Monitor เหตุเสียครบตามเงื่อ,Retention Fault,คุณภาพสัญญาน,ติดตั้งไม่ได้มาตรฐาน,2
15,Retention Fault | คุณภาพสัญญาน | Monitor เหตุเสียครบตามเงื่อ,ค่าสัญญาณดี แต่ใช้งาน Voice ไม่ได้,คุณภาพสัญญาน,CONFIG CHANGE/BUG FIRMWARE,2
15,Retention Fault | คุณภาพสัญญาน | Monitor เหตุเสียครบตามเงื่อ,Retention Fault,คุณภาพสัญญาน,อุปกรณ์ไม่รองรับ,1
15,Retention Fault | คุณภาพสัญญาน | Monitor เหตุเสียครบตามเงื่อ,Retention Fault,คุณภาพสัญญาน,Module เสีย,1
15,Retention Fault | คุณภาพสัญญาน | Monitor เหตุเสียครบตามเงื่อ,Retention Fault,คุณภาพสัญญาน,ทรูรับผิดชอบ,1
15,Retention Fault | คุณภาพสัญญาน | Monitor เหตุเสียครบตามเงื่อ,Retention Fault,คุณภาพสัญญาน,กล่องรับสัญญาณขัดข้อง (ER16/E048),1
15,Retention Fault | คุณภาพสัญญาน | Monitor เหตุเสียครบตามเงื่อ,Retention Fault,คุณภาพสัญญาน,กล่องรับสัญญาณขัดข้อง (E161),1
15,Retention Fault | คุณภาพสัญญาน | Monitor เหตุเสียครบตามเงื่อ,Retention Fault,คุณภาพสัญญาน,ลูกค้าแจ้งเสีย (เปิด Reactive Ticket),1
15,Retention Fault | คุณภาพสัญญาน | Monitor เหตุเสียครบตามเงื่อ,Retention Fault,คุณภาพสัญญาน,CONFIG CHANGE/BUG FIRMWARE,1
15,Retention Fault | คุณภาพสัญญาน | Monitor เหตุเสียครบตามเงื่อ,Retention Fault,คุณภาพสัญญาน,พบปัญหาใหม่,1
15,Retention Fault | คุณภาพสัญญาน | Monitor เหตุเสียครบตามเงื่อ,Retention Fault,คุณภาพสัญญาน,Battery หมด/เสื่อม,1
15,Retention Fault | คุณภาพสัญญาน | Monitor เหตุเสียครบตามเงื่อ,Retention Fault,คุณภาพสัญญาน,ลูกค้าไม่อยู่บ้าน,1
15,Retention Fault | คุณภาพสัญญาน | Monitor เหตุเสียครบตามเงื่อ,Retention Fault,คุณภาพสัญญาน,สายขาด,1
15,Retention Fault | คุณภาพสัญญาน | Monitor เหตุเสียครบตามเงื่อ,Retention Fault,คุณภาพสัญญาน,ลูกค้าทำอุปกรณ์เสียหาย,1
15,Retention Fault | คุณภาพสัญญาน | Monitor เหตุเสียครบตามเงื่อ,ค่าสัญญาณไม่ดี,CMDU-ปัญหาสัญญาณ,Monitor เหตุเสียครบตามเงื่อนไข,1
16,ขอช่างติดตั้งกล้องCCTVฟรี -ช่างนำกล้องไปติดตั้ง | บริการหลัง,ขอช่างติดตั้งกล้องCCTVฟรี -ช่างนำกล้องไปติดตั้ง,บริการหลังการขาย,ตัวแทนไม่รับงานติดตั้งกล้อง CCTV,198
16,ขอช่างติดตั้งกล้องCCTVฟรี -ช่างนำกล้องไปติดตั้ง | บริการหลัง,ขอช่างติดตั้งกล้องCCTVฟรี -ช่างนำกล้องไปติดตั้ง,บริการหลังการขาย,การใช้งานของลูกค้า,173
16,ขอช่างติดตั้งกล้องCCTVฟรี -ช่างนำกล้องไปติดตั้ง | บริการหลัง,ขอช่างติดตั้งกล้องCCTVฟรี -ช่างนำกล้องไปติดตั้ง,บริการหลังการขาย,ช่างไม่ได้ติดตั้งกล้อง CCTV ให้ลูกค้า,76
16,ขอช่างติดตั้งกล้องCCTVฟรี -ช่างนำกล้องไปติดตั้ง | บริการหลัง,ขอช่างติดตั้งกล้องCCTVฟรี -ช่างนำกล้องไปติดตั้ง,บริการหลังการขาย,CONFIG.PARAMETER ไม่ถูกต้อง,46
16,ขอช่างติดตั้งกล้องCCTVฟรี -ช่างนำกล้องไปติดตั้ง | บริการหลัง,ขอช่างติดตั้งกล้องCCTVฟรี -ช่างนำกล้องไปติดตั้ง,บริการหลังการขาย,Costomer Knowledge,35
16,ขอช่างติดตั้งกล้องCCTVฟรี -ช่างนำกล้องไปติดตั้ง | บริการหลัง,ขอช่างติดตั้งกล้องCCTVฟรี -ช่างนำกล้องไปติดตั้ง,บริการหลังการขาย,Monitor เหตุเสียครบตามเงื่อนไข,30
16,ขอช่างติดตั้งกล้องCCTVฟรี -ช่างนำกล้องไปติดตั้ง | บริการหลัง,ขอช่างติดตั้งกล้องCCTVฟรี -ช่างนำกล้องไปติดตั้ง,บริการหลังการขาย,ลูกค้าชำระค่า onsite,12
16,ขอช่างติดตั้งกล้องCCTVฟรี -ช่างนำกล้องไปติดตั้ง | บริการหลัง,ขอช่างติดตั้งกล้องCCTVฟรี -ช่างนำกล้องไปติดตั้ง,บริการหลังการขาย,ลูกค้าเปลี่ยนใจ/ลูกค้าขอยกเลิกบริการเอง,11
16,ขอช่างติดตั้งกล้องCCTVฟรี -ช่างนำกล้องไปติดตั้ง | บริการหลัง,ขอช่างติดตั้งกล้องCCTVฟรี -ช่างนำกล้องไปติดตั้ง,บริการหลังการขาย,เหตุเสียใช้ได้ ก่อนช่างถึงบ้าน,11
16,ขอช่างติดตั้งกล้องCCTVฟรี -ช่างนำกล้องไปติดตั้ง | บริการหลัง,ขอช่างติดตั้งกล้องCCTVฟรี -ช่างนำกล้องไปติดตั้ง,บริการหลังการขาย,ไม่ทราบสาเหตุ,7
16,ขอช่างติดตั้งกล้องCCTVฟรี -ช่างนำกล้องไปติดตั้ง | บริการหลัง,ขอช่างติดตั้งกล้องCCTVฟรี -ช่างนำกล้องไปติดตั้ง,บริการหลังการขาย,TDG ชำระค่า onsite,5
16,ขอช่างติดตั้งกล้องCCTVฟรี -ช่างนำกล้องไปติดตั้ง | บริการหลัง,IOT ขอติตตั้งกล้องCCTV+ตัดสต๊อกช่าง,บริการหลังการขาย,การใช้งานของลูกค้า,4
16,ขอช่างติดตั้งกล้องCCTVฟรี -ช่างนำกล้องไปติดตั้ง | บริการหลัง,ขอช่างติดตั้งกล้องCCTVฟรี -ช่างนำกล้องไปติดตั้ง,บริการหลังการขาย,ขัดข้อง/เสีย,4
16,ขอช่างติดตั้งกล้องCCTVฟรี -ช่างนำกล้องไปติดตั้ง | บริการหลัง,ขอช่างติดตั้งกล้องCCTVฟรี -ช่างนำกล้องไปติดตั้ง,บริการหลังการขาย,CONFIG CHANGE,3
16,ขอช่างติดตั้งกล้องCCTVฟรี -ช่างนำกล้องไปติดตั้ง | บริการหลัง,ขอช่างติดตั้งกล้องCCTVฟรี -ช่างนำกล้องไปติดตั้ง,บริการหลังการขาย,ส่งงานไม่ถูกต้อง,3
16,ขอช่างติดตั้งกล้องCCTVฟรี -ช่างนำกล้องไปติดตั้ง | บริการหลัง,ขอช่างติดตั้งกล้องCCTVฟรี -ช่างนำกล้องไปติดตั้ง,บริการหลังการขาย,เปลี่ยน process การทำงาน,2
16,ขอช่างติดตั้งกล้องCCTVฟรี -ช่างนำกล้องไปติดตั้ง | บริการหลัง,ขอช่างติดตั้ง 1.CCTV 2.SOS 3. Siren ฟรี - ช่างนำอุปกรณ์ไปติดตั้ง,บริการหลังการขาย,การใช้งานของลูกค้า,2
16,ขอช่างติดตั้งกล้องCCTVฟรี -ช่างนำกล้องไปติดตั้ง | บริการหลัง,ขอช่างติดตั้ง 1.CCTV 2.SOS 3. Siren ฟรี - ช่างนำอุปกรณ์ไปติดตั้ง,บริการหลังการขาย,ลูกค้าเปลี่ยนใจ/ลูกค้าขอยกเลิกบริการเอง,2
16,ขอช่างติดตั้งกล้องCCTVฟรี -ช่างนำกล้องไปติดตั้ง | บริการหลัง,ขอช่างติดตั้งกล้องCCTVฟรี -ช่างนำกล้องไปติดตั้ง,บริการหลังการขาย,Exp ดี - ลูกค้าไม่สะดวกให้ตรวจสอบ,1
16,ขอช่างติดตั้งกล้องCCTVฟรี -ช่างนำกล้องไปติดตั้ง | บริการหลัง,ขอช่างนำกล้อง CCTV ไปติดตั้ง และเปิด Order MOCC ตัด stock - ลูกค้าร้องเรียนไม่ได้รับกล้อง,IOT-ขอบริการงานช่าง,การใช้งานของลูกค้า,1
16,ขอช่างติดตั้งกล้องCCTVฟรี -ช่างนำกล้องไปติดตั้ง | บริการหลัง,ขอช่างติดตั้งกล้องCCTVฟรี -ช่างนำกล้องไปติดตั้ง,บริการหลังการขาย,ทรูรับผิดชอบ,1
16,ขอช่างติดตั้งกล้องCCTVฟรี -ช่างนำกล้องไปติดตั้ง | บริการหลัง,ขอช่างติดตั้งกล้องCCTVฟรี -ช่างนำกล้องไปติดตั้ง,บริการหลังการขาย,ไม่พบปัญหาการใช้งานแล้ว,1
16,ขอช่างติดตั้งกล้องCCTVฟรี -ช่างนำกล้องไปติดตั้ง | บริการหลัง,ติดตั้งอุปกรณ์ (IOT),บริการหลังการขาย,ช่างไม่ได้ติดตั้งกล้อง CCTV ให้ลูกค้า,1
16,ขอช่างติดตั้งกล้องCCTVฟรี -ช่างนำกล้องไปติดตั้ง | บริการหลัง,ขอช่างติดตั้ง 1.CCTV 2.SOS 3. Siren ฟรี - ช่างนำอุปกรณ์ไปติดตั้ง,บริการหลังการขาย,Monitor เหตุเสียครบตามเงื่อนไข,1
16,ขอช่างติดตั้งกล้องCCTVฟรี -ช่างนำกล้องไปติดตั้ง | บริการหลัง,IoT Install,บริการหลังการขาย,ช่างไม่ได้ติดตั้งกล้อง CCTV ให้ลูกค้า,1
16,ขอช่างติดตั้งกล้องCCTVฟรี -ช่างนำกล้องไปติดตั้ง | บริการหลัง,ขอช่างติดตั้งกล้องCCTVฟรี -ช่างนำกล้องไปติดตั้ง,บริการหลังการขาย,ลูกค้าแจ้งขอยกเลิกบริการ,1
16,ขอช่างติดตั้งกล้องCCTVฟรี -ช่างนำกล้องไปติดตั้ง | บริการหลัง,ขอช่างติดตั้ง 1.CCTV 2.SOS 3. Siren ฟรี - ช่างนำอุปกรณ์ไปติดตั้ง,บริการหลังการขาย,ส่งงานไม่ถูกต้อง,1
16,ขอช่างติดตั้งกล้องCCTVฟรี -ช่างนำกล้องไปติดตั้ง | บริการหลัง,ขอช่างติดตั้งกล้องCCTVฟรี -ช่างนำกล้องไปติดตั้ง,บริการหลังการขาย,หัวสายสำเร็จSC-APC หลวม /ไม่สนิท,1
16,ขอช่างติดตั้งกล้องCCTVฟรี -ช่างนำกล้องไปติดตั้ง | บริการหลัง,ขอช่างติดตั้ง 1.CCTV 2.SOS 3. Siren 4.Door ฟรี - ช่างนำอุปกรณ์ไปติดตั้ง,บริการหลังการขาย,การใช้งานของลูกค้า,1
17,ปัญหาระบบ | เล่น Game Online ไม่ได้ | CONFIG CHANGE/BUG FIRM,ปัญหาระบบ,เล่น Game Online ไม่ได้,,747
17,ปัญหาระบบ | เล่น Game Online ไม่ได้ | CONFIG CHANGE/BUG FIRM,ปัญหาการใช้งานของลูกค้า,เล่น Game Online ไม่ได้,,411
17,ปัญหาระบบ | เล่น Game Online ไม่ได้ | CONFIG CHANGE/BUG FIRM,อุปกรณ์ลูกค้า (device),เล่น Game Online ไม่ได้,,102
17,ปัญหาระบบ | เล่น Game Online ไม่ได้ | CONFIG CHANGE/BUG FIRM,ปัญหาระบบ,เล่น Game Online ไม่ได้,ลูกค้าต้องการเปลี่ยน Modem,46
17,ปัญหาระบบ | เล่น Game Online ไม่ได้ | CONFIG CHANGE/BUG FIRM,ปัญหาระบบ,เล่น Game Online ไม่ได้,การใช้งานของลูกค้า,26
17,ปัญหาระบบ | เล่น Game Online ไม่ได้ | CONFIG CHANGE/BUG FIRM,ปัญหาระบบ,เล่น Game Online ไม่ได้,CONFIG CHANGE,24
17,ปัญหาระบบ | เล่น Game Online ไม่ได้ | CONFIG CHANGE/BUG FIRM,ปัญหาการใช้งานของลูกค้า,เล่น Game Online ไม่ได้,การใช้งานของลูกค้า,23
17,ปัญหาระบบ | เล่น Game Online ไม่ได้ | CONFIG CHANGE/BUG FIRM,ปัญหาการใช้งานของลูกค้า,เล่น Game Online ไม่ได้,CONFIG CHANGE,17
17,ปัญหาระบบ | เล่น Game Online ไม่ได้ | CONFIG CHANGE/BUG FIRM,ปัญหาระบบ,เล่น Game Online ไม่ได้,ลูกค้าเปลี่ยนใจ/ลูกค้าขอยกเลิกบริการเอง,16
17,ปัญหาระบบ | เล่น Game Online ไม่ได้ | CONFIG CHANGE/BUG FIRM,ปัญหาระบบ,เล่น Game Online ไม่ได้,เหตุเสียใช้ได้ ก่อนช่างถึงบ้าน,14
17,ปัญหาระบบ | เล่น Game Online ไม่ได้ | CONFIG CHANGE/BUG FIRM,ปัญหาการใช้งานของลูกค้า,เล่น Game Online ไม่ได้,ลูกค้าต้องการเปลี่ยน Modem,13
17,ปัญหาระบบ | เล่น Game Online ไม่ได้ | CONFIG CHANGE/BUG FIRM,ปัญหาระบบ,เล่น Game Online ไม่ได้,Reboot,10
17,ปัญหาระบบ | เล่น Game Online ไม่ได้ | CONFIG CHANGE/BUG FIRM,ปัญหาระบบ,เล่น Game Online ไม่ได้,ไม่ทราบสาเหตุ,10
17,ปัญหาระบบ | เล่น Game Online ไม่ได้ | CONFIG CHANGE/BUG FIRM,ปัญหาการใช้งานของลูกค้า,เล่น Game Online ไม่ได้,เหตุเสียใช้ได้ ก่อนช่างถึงบ้าน,8
17,ปัญหาระบบ | เล่น Game Online ไม่ได้ | CONFIG CHANGE/BUG FIRM,ปัญหาระบบ,เล่น Game Online ไม่ได้,Modemไม่ lock/ไม่ Synch/High Loss,7
17,ปัญหาระบบ | เล่น Game Online ไม่ได้ | CONFIG CHANGE/BUG FIRM,ปัญหาระบบ,เล่น Game Online ไม่ได้,CONFIG CHANGE/BUG FIRMWARE,5
17,ปัญหาระบบ | เล่น Game Online ไม่ได้ | CONFIG CHANGE/BUG FIRM,ปัญหาระบบ,เล่น Game Online ไม่ได้,ขัดข้อง/เสีย,5
17,ปัญหาระบบ | เล่น Game Online ไม่ได้ | CONFIG CHANGE/BUG FIRM,อุปกรณ์ลูกค้า (device),เล่น Game Online ไม่ได้,ลูกค้าเปลี่ยนใจ/ลูกค้าขอยกเลิกบริการเอง,4
17,ปัญหาระบบ | เล่น Game Online ไม่ได้ | CONFIG CHANGE/BUG FIRM,อุปกรณ์ลูกค้า (device),เล่น Game Online ไม่ได้,ลูกค้าต้องการเปลี่ยน Modem,4
17,ปัญหาระบบ | เล่น Game Online ไม่ได้ | CONFIG CHANGE/BUG FIRM,อุปกรณ์ลูกค้า (device),เล่น Game Online ไม่ได้,CONFIG CHANGE,4
17,ปัญหาระบบ | เล่น Game Online ไม่ได้ | CONFIG CHANGE/BUG FIRM,ปัญหาการใช้งานของลูกค้า,เล่น Game Online ไม่ได้,Reboot,4
17,ปัญหาระบบ | เล่น Game Online ไม่ได้ | CONFIG CHANGE/BUG FIRM,ปัญหาระบบ,เล่น Game Online ไม่ได้,ทดสอบและอธิบายลูกค้า,3
17,ปัญหาระบบ | เล่น Game Online ไม่ได้ | CONFIG CHANGE/BUG FIRM,ปัญหาการใช้งานของลูกค้า,เล่น Game Online ไม่ได้,ไฟไม่เข้า,3
17,ปัญหาระบบ | เล่น Game Online ไม่ได้ | CONFIG CHANGE/BUG FIRM,ปัญหาระบบ,เล่น Game Online ไม่ได้,Monitor เหตุเสียครบตามเงื่อนไข,3
17,ปัญหาระบบ | เล่น Game Online ไม่ได้ | CONFIG CHANGE/BUG FIRM,ปัญหาการใช้งานของลูกค้า,เล่น Game Online ไม่ได้,ไม่ทราบสาเหตุ,3
17,ปัญหาระบบ | เล่น Game Online ไม่ได้ | CONFIG CHANGE/BUG FIRM,ปัญหาการใช้งานของลูกค้า,เล่น Game Online ไม่ได้,ลูกค้าเปลี่ยนใจ/ลูกค้าขอยกเลิกบริการเอง,3
17,ปัญหาระบบ | เล่น Game Online ไม่ได้ | CONFIG CHANGE/BUG FIRM,ปัญหาการใช้งานของลูกค้า,เล่น Game Online ไม่ได้,CONFIG CHANGE/BUG FIRMWARE,3
17,ปัญหาระบบ | เล่น Game Online ไม่ได้ | CONFIG CHANGE/BUG FIRM,ปัญหาการใช้งานของลูกค้า,เล่น Game Online ไม่ได้,Ticket มีการระบุให้เปลี่ยนอุปกรณ์,3
17,ปัญหาระบบ | เล่น Game Online ไม่ได้ | CONFIG CHANGE/BUG FIRM,ปัญหาระบบ,เล่น Game Online ไม่ได้,Modem ไม่รองรับ Package ลูกค้า,3
17,ปัญหาระบบ | เล่น Game Online ไม่ได้ | CONFIG CHANGE/BUG FIRM,ปัญหาระบบ,เล่น Game Online ไม่ได้,Ticket มีการระบุให้เปลี่ยนอุปกรณ์,3
17,ปัญหาระบบ | เล่น Game Online ไม่ได้ | CONFIG CHANGE/BUG FIRM,ปัญหาการใช้งานของลูกค้า,เล่น Game Online ไม่ได้,ขัดข้อง/เสีย,3
17,ปัญหาระบบ | เล่น Game Online ไม่ได้ | CONFIG CHANGE/BUG FIRM,อุปกรณ์ลูกค้า (device),เล่น Game Online ไม่ได้,ขัดข้อง/เสีย,2
17,ปัญหาระบบ | เล่น Game Online ไม่ได้ | CONFIG CHANGE/BUG FIRM,ปัญหาการใช้งานของลูกค้า,เล่น Game Online ไม่ได้,Modemไม่ lock/ไม่ Synch/High Loss,2
17,ปัญหาระบบ | เล่น Game Online ไม่ได้ | CONFIG CHANGE/BUG FIRM,ปัญหาระบบ,เล่น Game Online ไม่ได้,ส่งงานไม่ถูกต้อง,2
17,ปัญหาระบบ | เล่น Game Online ไม่ได้ | CONFIG CHANGE/BUG FIRM,อุปกรณ์ลูกค้า (device),เล่น Game Online ไม่ได้,การใช้งานของลูกค้า,2
17,ปัญหาระบบ | เล่น Game Online ไม่ได้ | CONFIG CHANGE/BUG FIRM,อุปกรณ์ลูกค้า (device),เล่น Game Online ไม่ได้,เหตุเสียใช้ได้ ก่อนช่างถึงบ้าน,2
17,ปัญหาระบบ | เล่น Game Online ไม่ได้ | CONFIG CHANGE/BUG FIRM,ปัญหาระบบ,เล่น Game Online ไม่ได้,ไฟไม่เข้า,2
17,ปัญหาระบบ | เล่น Game Online ไม่ได้ | CONFIG CHANGE/BUG FIRM,ปัญหาการใช้งานของลูกค้า,เล่น Game Online ไม่ได้,Monitor เหตุเสียครบตามเงื่อนไข,2
17,ปัญหาระบบ | เล่น Game Online ไม่ได้ | CONFIG CHANGE/BUG FIRM,อุปกรณ์ลูกค้า (device),เล่น Game Online ไม่ได้,CONFIG CHANGE/BUG FIRMWARE,2
17,ปัญหาระบบ | เล่น Game Online ไม่ได้ | CONFIG CHANGE/BUG FIRM,ปัญหาระบบ,เล่น Game Online ไม่ได้,อุปกรณ์คืนค่าโรงงาน,2
17,ปัญหาระบบ | เล่น Game Online ไม่ได้ | CONFIG CHANGE/BUG FIRM,ปัญหาการใช้งานของลูกค้า,เล่น Game Online ไม่ได้,Modem ไม่รองรับ Package ลูกค้า,2
17,ปัญหาระบบ | เล่น Game Online ไม่ได้ | CONFIG CHANGE/BUG FIRM,ปัญหาการใช้งานของลูกค้า,เล่น Game Online ไม่ได้,CONFIG.PARAMETER ไม่ถูกต้อง,2
17,ปัญหาระบบ | เล่น Game Online ไม่ได้ | CONFIG CHANGE/BUG FIRM,ปัญหาระบบ,เล่น Game Online ไม่ได้,ลูกค้าแจ้งเสีย (เปิด Reactive Ticket),1
17,ปัญหาระบบ | เล่น Game Online ไม่ได้ | CONFIG CHANGE/BUG FIRM,ปัญหาระบบ,เล่น Game Online ไม่ได้,การไฟฟ้าย้ายแนว/จัดระเบียบสาย,1
17,ปัญหาระบบ | เล่น Game Online ไม่ได้ | CONFIG CHANGE/BUG FIRM,อุปกรณ์ลูกค้า (device),เล่น Game Online ไม่ได้,Reboot,1
17,ปัญหาระบบ | เล่น Game Online ไม่ได้ | CONFIG CHANGE/BUG FIRM,ปัญหาการใช้งานของลูกค้า,เล่น Game Online ไม่ได้,เปลี่ยน process การทำงาน,1
17,ปัญหาระบบ | เล่น Game Online ไม่ได้ | CONFIG CHANGE/BUG FIRM,ปัญหาระบบ,เล่น Game Online ไม่ได้,ไม่พบปัญหาการใช้งานแล้ว,1
17,ปัญหาระบบ | เล่น Game Online ไม่ได้ | CONFIG CHANGE/BUG FIRM,อุปกรณ์ลูกค้า (device),เล่น Game Online ไม่ได้,Monitor เหตุเสียครบตามเงื่อนไข,1
17,ปัญหาระบบ | เล่น Game Online ไม่ได้ | CONFIG CHANGE/BUG FIRM,ปัญหาระบบ,เล่น Game Online ไม่ได้,Modem แตกหัก/สีผิดสภาพเดิม,1
17,ปัญหาระบบ | เล่น Game Online ไม่ได้ | CONFIG CHANGE/BUG FIRM,ปัญหาระบบ,เล่น Game Online ไม่ได้,ลูกค้าแจ้งขอยกเลิกบริการ,1
17,ปัญหาระบบ | เล่น Game Online ไม่ได้ | CONFIG CHANGE/BUG FIRM,ปัญหาการใช้งานของลูกค้า,เล่น Game Online ไม่ได้,Modem แตกหัก/สีผิดสภาพเดิม,1
17,ปัญหาระบบ | เล่น Game Online ไม่ได้ | CONFIG CHANGE/BUG FIRM,ปัญหาการใช้งานของลูกค้า,เล่น Game Online ไม่ได้,ไม่เก็บค่าบริการ,1
17,ปัญหาระบบ | เล่น Game Online ไม่ได้ | CONFIG CHANGE/BUG FIRM,ปัญหาระบบ,เล่น Game Online ไม่ได้,สายหัก/สายงอ/สายถูกดึงรั้ง,1
17,ปัญหาระบบ | เล่น Game Online ไม่ได้ | CONFIG CHANGE/BUG FIRM,ปัญหาการใช้งานของลูกค้า,เล่น Game Online ไม่ได้,BUG FIRMWARE,1
17,ปัญหาระบบ | เล่น Game Online ไม่ได้ | CONFIG CHANGE/BUG FIRM,ปัญหาระบบ,เล่น Game Online ไม่ได้,Costomer Knowledge,1
17,ปัญหาระบบ | เล่น Game Online ไม่ได้ | CONFIG CHANGE/BUG FIRM,ปัญหาระบบ,เล่น Game Online ไม่ได้,เปลี่ยน process การทำงาน,1
17,ปัญหาระบบ | เล่น Game Online ไม่ได้ | CONFIG CHANGE/BUG FIRM,ปัญหาระบบ,เล่น Game Online ไม่ได้,LAN เสีย,1
17,ปัญหาระบบ | เล่น Game Online ไม่ได้ | CONFIG CHANGE/BUG FIRM,อุปกรณ์ลูกค้า (device),เล่น Game Online ไม่ได้,ส่งงานไม่ถูกต้อง,1
17,ปัญหาระบบ | เล่น Game Online ไม่ได้ | CONFIG CHANGE/BUG FIRM,เล่น Game ไม่ได้ (ระบุชื่อ Game),แจ้งเสีย-WiFi,,1
17,ปัญหาระบบ | เล่น Game Online ไม่ได้ | CONFIG CHANGE/BUG FIRM,อุปกรณ์ลูกค้า (device),เล่น Game Online ไม่ได้,ไม่ทราบสาเหตุ,1
17,ปัญหาระบบ | เล่น Game Online ไม่ได้ | CONFIG CHANGE/BUG FIRM,ปัญหาระบบ,เล่น Game Online ไม่ได้,มีเสียงผิดปกติในตัวโมเด็ม,1
17,ปัญหาระบบ | เล่น Game Online ไม่ได้ | CONFIG CHANGE/BUG FIRM,อุปกรณ์ลูกค้า (device),เล่น Game Online ไม่ได้,LAN เสีย,1
18,Proactive -monitor หลังปิดงาน Network event | Proactive | Mo,Proactive -monitor หลังปิดงาน Network event,Proactive,Auto close by BOT,6726
18,Proactive -monitor หลังปิดงาน Network event | Proactive | Mo,Proactive -monitor หลังปิดงาน Network event,Proactive,ลูกค้าแจ้งเสีย (เปิด Reactive Ticket),814
18,Proactive -monitor หลังปิดงาน Network event | Proactive | Mo,Proactive -monitor หลังปิดงาน Network event,Proactive,ขัดข้อง/เสีย,298
18,Proactive -monitor หลังปิดงาน Network event | Proactive | Mo,Proactive -monitor หลังปิดงาน Network event,Proactive,เหตุเสียใช้ได้ ก่อนช่างถึงบ้าน,249
18,Proactive -monitor หลังปิดงาน Network event | Proactive | Mo,Proactive -monitor หลังปิดงาน Network event,Proactive,Monitor เหตุเสียครบตามเงื่อนไข,216
18,Proactive -monitor หลังปิดงาน Network event | Proactive | Mo,Proactive -monitor หลังปิดงาน Network event,Proactive,ลูกค้าเปลี่ยนใจ/ลูกค้าขอยกเลิกบริการเอง,153
18,Proactive -monitor หลังปิดงาน Network event | Proactive | Mo,Proactive -monitor หลังปิดงาน Network event,Proactive,สายหัก/สายงอ/สายถูกดึงรั้ง,149
18,Proactive -monitor หลังปิดงาน Network event | Proactive | Mo,Proactive -monitor หลังปิดงาน Network event,Proactive,หัวสายสำเร็จSC-APC หลวม /ไม่สนิท,111
18,Proactive -monitor หลังปิดงาน Network event | Proactive | Mo,Proactive -monitor หลังปิดงาน Network event,Proactive,การใช้งานของลูกค้า,101
18,Proactive -monitor หลังปิดงาน Network event | Proactive | Mo,Proactive -monitor หลังปิดงาน Network event,Proactive,หัวสายสำเร็จSC-APC เสีย,95
18,Proactive -monitor หลังปิดงาน Network event | Proactive | Mo,Proactive -monitor หลังปิดงาน Network event,Proactive,การไฟฟ้าย้ายแนว/จัดระเบียบสาย,85
18,Proactive -monitor หลังปิดงาน Network event | Proactive | Mo,Proactive -monitor หลังปิดงาน Network event,Proactive,ไม่ทราบสาเหตุ,69
18,Proactive -monitor หลังปิดงาน Network event | Proactive | Mo,Proactive -monitor หลังปิดงาน Network event,Proactive,รถเกี่ยว,63
18,Proactive -monitor หลังปิดงาน Network event | Proactive | Mo,Proactive -monitor หลังปิดงาน Network event,Proactive,ไม่พบปัญหาการใช้งานแล้ว,49
18,Proactive -monitor หลังปิดงาน Network event | Proactive | Mo,Proactive -monitor หลังปิดงาน Network event,Proactive,ทดสอบและอธิบายลูกค้า,47
18,Proactive -monitor หลังปิดงาน Network event | Proactive | Mo,Proactive -monitor หลังปิดงาน Network event,Proactive,ไฟไหม้,44
18,Proactive -monitor หลังปิดงาน Network event | Proactive | Mo,Proactive -monitor หลังปิดงาน Network event,Proactive,มีค่า Loss สูง,34
18,Proactive -monitor หลังปิดงาน Network event | Proactive | Mo,Proactive -monitor หลังปิดงาน Network event,Proactive,เทศบาลตัดแต่งต้นไม้,32
18,Proactive -monitor หลังปิดงาน Network event | Proactive | Mo,Proactive -monitor หลังปิดงาน Network event,Proactive,ระยะสาย Drop Wire ไกล,19
18,Proactive -monitor หลังปิดงาน Network event | Proactive | Mo,Proactive -monitor หลังปิดงาน Network event,Proactive,Modemไม่ lock/ไม่ Synch/High Loss,19
18,Proactive -monitor หลังปิดงาน Network event | Proactive | Mo,Proactive -monitor หลังปิดงาน Network event,Proactive,ลูกค้าแจ้งขอยกเลิกบริการ,13
18,Proactive -monitor หลังปิดงาน Network event | Proactive | Mo,Proactive -monitor หลังปิดงาน Network event,Proactive,สัตว์ (เช่น ลิง กระรอก ช้าง ),13
18,Proactive -monitor หลังปิดงาน Network event | Proactive | Mo,Proactive -monitor หลังปิดงาน Network event,Proactive,พายุ,12
18,Proactive -monitor หลังปิดงาน Network event | Proactive | Mo,Proactive -monitor หลังปิดงาน Network event,Proactive,ลูกค้าปิด Modem,12
18,Proactive -monitor หลังปิดงาน Network event | Proactive | Mo,Proactive -monitor หลังปิดงาน Network event,Proactive,สายเสื่อมสภาพ,11
18,Proactive -monitor หลังปิดงาน Network event | Proactive | Mo,Proactive -monitor หลังปิดงาน Network event,Proactive,ส่งงานไม่ถูกต้อง,11
18,Proactive -monitor หลังปิดงาน Network event | Proactive | Mo,Proactive -monitor หลังปิดงาน Network event,Proactive,Reboot,9
18,Proactive -monitor หลังปิดงาน Network event | Proactive | Mo,Proactive -monitor หลังปิดงาน Network event,Proactive,หัวสายสำเร็จSC-APC สกปรก,9
18,Proactive -monitor หลังปิดงาน Network event | Proactive | Mo,Proactive -monitor หลังปิดงาน Network event,Proactive,หลวม/แตกหัก,9
18,Proactive -monitor หลังปิดงาน Network event | Proactive | Mo,Proactive -monitor หลังปิดงาน Network event,Proactive,ไฟไม่เข้า,8
18,Proactive -monitor หลังปิดงาน Network event | Proactive | Mo,Proactive -monitor หลังปิดงาน Network event,Proactive,บุคคลเจตนาร้าย-ตัดทำลายข่ายสาย,8
18,Proactive -monitor หลังปิดงาน Network event | Proactive | Mo,Proactive -monitor หลังปิดงาน Network event,Proactive,ไฟฟ้าดับ,7
18,Proactive -monitor หลังปิดงาน Network event | Proactive | Mo,Proactive -monitor หลังปิดงาน Network event,Proactive,Area Manager เห็นชอบให้มีการเปลี่ยน CPE,5
18,Proactive -monitor หลังปิดงาน Network event | Proactive | Mo,Proactive -monitor หลังปิดงาน Network event,Proactive,ข้อต่อหลวม ไม่ดี/ไม่สนิท,5
18,Proactive -monitor หลังปิดงาน Network event | Proactive | Mo,Proactive -monitor หลังปิดงาน Network event,Proactive,Connect WiFi ไม่ได้/ไม่พบ SSID,5
18,Proactive -monitor หลังปิดงาน Network event | Proactive | Mo,Proactive -monitor หลังปิดงาน Network event,Proactive,CONFIG CHANGE,5
18,Proactive -monitor หลังปิดงาน Network event | Proactive | Mo,Proactive -monitor หลังปิดงาน Network event,Proactive,ลูกค้าไม่อยู่บ้าน,4
18,Proactive -monitor หลังปิดงาน Network event | Proactive | Mo,Proactive -monitor หลังปิดงาน Network event,Proactive,เปลี่ยน process การทำงาน,4
18,Proactive -monitor หลังปิดงาน Network event | Proactive | Mo,Proactive -monitor หลังปิดงาน Network event,Proactive,Port เสีย,3
18,Proactive -monitor หลังปิดงาน Network event | Proactive | Mo,Proactive -monitor หลังปิดงาน Network event,Proactive,ลูกค้าต้องการเปลี่ยน Modem,3
18,Proactive -monitor หลังปิดงาน Network event | Proactive | Mo,Proactive -monitor หลังปิดงาน Network event,Proactive,"สายขาด,หัก (Crack)",3
18,Proactive -monitor หลังปิดงาน Network event | Proactive | Mo,Proactive -monitor หลังปิดงาน Network event,Proactive,Ticket มีการระบุให้เปลี่ยนอุปกรณ์,2
18,Proactive -monitor หลังปิดงาน Network event | Proactive | Mo,Proactive -monitor หลังปิดงาน Network event,Proactive,อื่น ๆ,2
18,Proactive -monitor หลังปิดงาน Network event | Proactive | Mo,Proactive -monitor หลังปิดงาน Network event,Proactive,ไม่มีสัญญาณ CATV หรือ ค่า RF ไม่ได้ตามค่ามาตรฐาน,2
18,Proactive -monitor หลังปิดงาน Network event | Proactive | Mo,Proactive -monitor หลังปิดงาน Network event,Proactive,แมลง(เช่น จักจั่น มด ปลวก),2
18,Proactive -monitor หลังปิดงาน Network event | Proactive | Mo,Proactive -monitor หลังปิดงาน Network event,Proactive,Fault After Event,2
18,Proactive -monitor หลังปิดงาน Network event | Proactive | Mo,Proactive -monitor หลังปิดงาน Network event,Proactive,อุปกรณ์คืนค่าโรงงาน,2
18,Proactive -monitor หลังปิดงาน Network event | Proactive | Mo,Proactive -monitor หลังปิดงาน Network event,Proactive,สายขาด,2
18,Proactive -monitor หลังปิดงาน Network event | Proactive | Mo,Proactive WiFi หลุดบ่อย,Proactive,Monitor เหตุเสียครบตามเงื่อนไข,1
18,Proactive -monitor หลังปิดงาน Network event | Proactive | Mo,Proactive -monitor หลังปิดงาน Network event,Proactive,"ลูกค้าไม่สะดวก (ไม่อยู่บ้าน,ไม่แจ้งเหตุผล)",1
18,Proactive -monitor หลังปิดงาน Network event | Proactive | Mo,Proactive -monitor หลังปิดงาน Network event,Proactive,ติดตั้งไม่ได้มาตรฐาน,1
18,Proactive -monitor หลังปิดงาน Network event | Proactive | Mo,Proactive -monitor หลังปิดงาน Network event,Proactive,พบปัญหาใหม่,1
18,Proactive -monitor หลังปิดงาน Network event | Proactive | Mo,Proactive -monitor หลังปิดงาน Network event,Proactive,สายไม่เป็นระเบียบ,1
19,Proactive-Fiber broken | Proactive | เหตุเสียใช้ได้ ก่อนช่าง,Proactive-Fiber broken,Proactive,Auto close by BOT,139855
19,Proactive-Fiber broken | Proactive | เหตุเสียใช้ได้ ก่อนช่าง,Proactive-Fiber broken,Proactive,ลูกค้าแจ้งเสีย (เปิด Reactive Ticket),51753
19,Proactive-Fiber broken | Proactive | เหตุเสียใช้ได้ ก่อนช่าง,Proactive-Fiber broken,Proactive,ขัดข้อง/เสีย,23717
19,Proactive-Fiber broken | Proactive | เหตุเสียใช้ได้ ก่อนช่าง,Proactive-Fiber broken,Proactive,เหตุเสียใช้ได้ ก่อนช่างถึงบ้าน,7339
19,Proactive-Fiber broken | Proactive | เหตุเสียใช้ได้ ก่อนช่าง,Proactive-Fiber broken,Proactive,Monitor เหตุเสียครบตามเงื่อนไข,5505
19,Proactive-Fiber broken | Proactive | เหตุเสียใช้ได้ ก่อนช่าง,Proactive-Fiber broken,Proactive,สายหัก/สายงอ/สายถูกดึงรั้ง,5386
19,Proactive-Fiber broken | Proactive | เหตุเสียใช้ได้ ก่อนช่าง,Proactive-Fiber broken,Proactive,รถเกี่ยว,4511
19,Proactive-Fiber broken | Proactive | เหตุเสียใช้ได้ ก่อนช่าง,Proactive-Fiber broken,Proactive,ลูกค้าเปลี่ยนใจ/ลูกค้าขอยกเลิกบริการเอง,3640
19,Proactive-Fiber broken | Proactive | เหตุเสียใช้ได้ ก่อนช่าง,Proactive-Fiber broken,Proactive,เทศบาลตัดแต่งต้นไม้,3314
19,Proactive-Fiber broken | Proactive | เหตุเสียใช้ได้ ก่อนช่าง,Proactive-Fiber broken,Proactive,การใช้งานของลูกค้า,2929
19,Proactive-Fiber broken | Proactive | เหตุเสียใช้ได้ ก่อนช่าง,Proactive-Fiber broken,Proactive,หัวสายสำเร็จSC-APC เสีย,2695
19,Proactive-Fiber broken | Proactive | เหตุเสียใช้ได้ ก่อนช่าง,Proactive-Fiber broken,Proactive,การไฟฟ้าย้ายแนว/จัดระเบียบสาย,2670
19,Proactive-Fiber broken | Proactive | เหตุเสียใช้ได้ ก่อนช่าง,Proactive-Fiber broken,Proactive,ไม่ทราบสาเหตุ,2407
19,Proactive-Fiber broken | Proactive | เหตุเสียใช้ได้ ก่อนช่าง,Proactive-Fiber broken,Proactive,หัวสายสำเร็จSC-APC หลวม /ไม่สนิท,2213
19,Proactive-Fiber broken | Proactive | เหตุเสียใช้ได้ ก่อนช่าง,Proactive-Fiber broken,Proactive,ไม่พบปัญหาการใช้งานแล้ว,1839
19,Proactive-Fiber broken | Proactive | เหตุเสียใช้ได้ ก่อนช่าง,Proactive-Fiber broken,Proactive,ลูกค้าแจ้งขอยกเลิกบริการ,1066
19,Proactive-Fiber broken | Proactive | เหตุเสียใช้ได้ ก่อนช่าง,Proactive-Fiber broken,Proactive,สัตว์ (เช่น ลิง กระรอก ช้าง ),936
19,Proactive-Fiber broken | Proactive | เหตุเสียใช้ได้ ก่อนช่าง,Proactive-Fiber broken,Proactive,ลูกค้าปิด Modem,885
19,Proactive-Fiber broken | Proactive | เหตุเสียใช้ได้ ก่อนช่าง,Proactive-Fiber broken,Proactive,Modemไม่ lock/ไม่ Synch/High Loss,685
19,Proactive-Fiber broken | Proactive | เหตุเสียใช้ได้ ก่อนช่าง,Proactive-Fiber broken,Proactive,ระยะสาย Drop Wire ไกล,643
19,Proactive-Fiber broken | Proactive | เหตุเสียใช้ได้ ก่อนช่าง,Proactive-Fiber broken,Proactive,สายเสื่อมสภาพ,602
19,Proactive-Fiber broken | Proactive | เหตุเสียใช้ได้ ก่อนช่าง,Proactive-Fiber broken,Proactive,ไฟไม่เข้า,560
19,Proactive-Fiber broken | Proactive | เหตุเสียใช้ได้ ก่อนช่าง,Proactive-Fiber broken,Proactive,บุคคลเจตนาร้าย-ตัดทำลายข่ายสาย,553
19,Proactive-Fiber broken | Proactive | เหตุเสียใช้ได้ ก่อนช่าง,Proactive-Fiber broken,Proactive,ไฟไหม้,516
19,Proactive-Fiber broken | Proactive | เหตุเสียใช้ได้ ก่อนช่าง,Proactive-Fiber broken,Proactive,ทดสอบและอธิบายลูกค้า,475
19,Proactive-Fiber broken | Proactive | เหตุเสียใช้ได้ ก่อนช่าง,Proactive-Fiber broken,Proactive,แมลง(เช่น จักจั่น มด ปลวก),473
19,Proactive-Fiber broken | Proactive | เหตุเสียใช้ได้ ก่อนช่าง,Proactive-Fiber broken,Proactive,มีค่า Loss สูง,458
19,Proactive-Fiber broken | Proactive | เหตุเสียใช้ได้ ก่อนช่าง,Proactive-Fiber broken,Proactive,พายุ,321
19,Proactive-Fiber broken | Proactive | เหตุเสียใช้ได้ ก่อนช่าง,Proactive-Fiber broken,Proactive,อื่น ๆ,285
19,Proactive-Fiber broken | Proactive | เหตุเสียใช้ได้ ก่อนช่าง,Proactive-Fiber broken,Proactive,Reboot,277
19,Proactive-Fiber broken | Proactive | เหตุเสียใช้ได้ ก่อนช่าง,Proactive-Fiber broken,Proactive,สายขาด,224
19,Proactive-Fiber broken | Proactive | เหตุเสียใช้ได้ ก่อนช่าง,Proactive-Fiber broken,Proactive,ข้อต่อหลวม ไม่ดี/ไม่สนิท,202
19,Proactive-Fiber broken | Proactive | เหตุเสียใช้ได้ ก่อนช่าง,Proactive-Fiber broken,Proactive,ไฟฟ้าดับ,201
19,Proactive-Fiber broken | Proactive | เหตุเสียใช้ได้ ก่อนช่าง,Proactive-Fiber broken,Proactive,เปลี่ยน process การทำงาน,153
19,Proactive-Fiber broken | Proactive | เหตุเสียใช้ได้ ก่อนช่าง,Proactive-Fiber broken,Proactive,หลวม/แตกหัก,153
19,Proactive-Fiber broken | Proactive | เหตุเสียใช้ได้ ก่อนช่าง,Proactive-Fiber broken,Proactive,ลูกค้าต้องการเปลี่ยน Modem,149
19,Proactive-Fiber broken | Proactive | เหตุเสียใช้ได้ ก่อนช่าง,Proactive-Fiber broken,Proactive,Port เสีย,146
19,Proactive-Fiber broken | Proactive | เหตุเสียใช้ได้ ก่อนช่าง,Proactive-Fiber broken,Proactive,ส่งงานไม่ถูกต้อง,136
19,Proactive-Fiber broken | Proactive | เหตุเสียใช้ได้ ก่อนช่าง,Proactive-Fiber broken,Proactive,ลูกค้าไม่อยู่บ้าน,121
19,Proactive-Fiber broken | Proactive | เหตุเสียใช้ได้ ก่อนช่าง,Proactive-Fiber broken,Proactive,"สายขาด,หัก (Crack)",88
19,Proactive-Fiber broken | Proactive | เหตุเสียใช้ได้ ก่อนช่าง,Proactive-Fiber broken,Proactive,CONFIG CHANGE,85
19,Proactive-Fiber broken | Proactive | เหตุเสียใช้ได้ ก่อนช่าง,Proactive-Fiber broken,Proactive,Ticket มีการระบุให้เปลี่ยนอุปกรณ์,77
19,Proactive-Fiber broken | Proactive | เหตุเสียใช้ได้ ก่อนช่าง,Proactive-Fiber broken,Proactive,หัวสายสำเร็จSC-APC สกปรก,72
19,Proactive-Fiber broken | Proactive | เหตุเสียใช้ได้ ก่อนช่าง,Proactive-Fiber broken,Proactive,"ลูกค้าไม่สะดวก (ไม่อยู่บ้าน,ไม่แจ้งเหตุผล)",55
19,Proactive-Fiber broken | Proactive | เหตุเสียใช้ได้ ก่อนช่าง,Proactive-Fiber broken,Proactive,Area Manager เห็นชอบให้มีการเปลี่ยน CPE,52
19,Proactive-Fiber broken | Proactive | เหตุเสียใช้ได้ ก่อนช่าง,Proactive-Fiber broken,Proactive,อุปกรณ์คืนค่าโรงงาน,52
19,Proactive-Fiber broken | Proactive | เหตุเสียใช้ได้ ก่อนช่าง,Proactive-Fiber broken,Proactive,ลูกค้าไม่ใช้งานชั่วคราวเกิน 1 อาทิตย์ขึ้นไป/หรือ Renovate บ้าน,32
19,Proactive-Fiber broken | Proactive | เหตุเสียใช้ได้ ก่อนช่าง,Proactive-Fiber broken,Proactive,เหตุเสียภายใน 90 วัน,29
19,Proactive-Fiber broken | Proactive | เหตุเสียใช้ได้ ก่อนช่าง,Proactive-Fiber broken,Proactive,Modem แตกหัก/สีผิดสภาพเดิม,19
19,Proactive-Fiber broken | Proactive | เหตุเสียใช้ได้ ก่อนช่าง,Proactive-Fiber broken,Proactive,LAN เสีย,19
19,Proactive-Fiber broken | Proactive | เหตุเสียใช้ได้ ก่อนช่าง,Proactive-Fiber broken,Proactive,มีเสียงผิดปกติในตัวโมเด็ม,17
19,Proactive-Fiber broken | Proactive | เหตุเสียใช้ได้ ก่อนช่าง,Proactive-Fiber broken,Proactive,Switch on/off เสีย/ชำรุดแตกหัก,16
19,Proactive-Fiber broken | Proactive | เหตุเสียใช้ได้ ก่อนช่าง,Proactive-Fiber broken,Proactive,ไม่มีสัญญาณ CATV หรือ ค่า RF ไม่ได้ตามค่ามาตรฐาน,16
19,Proactive-Fiber broken | Proactive | เหตุเสียใช้ได้ ก่อนช่าง,Proactive-Fiber broken,Proactive,Module เสีย,11
19,Proactive-Fiber broken | Proactive | เหตุเสียใช้ได้ ก่อนช่าง,Proactive-Fiber broken,Proactive,Modem ไม่รองรับ Package ลูกค้า,8
19,Proactive-Fiber broken | Proactive | เหตุเสียใช้ได้ ก่อนช่าง,Proactive-Fiber broken,Proactive,สายไม่เป็นระเบียบ,8
19,Proactive-Fiber broken | Proactive | เหตุเสียใช้ได้ ก่อนช่าง,Proactive-Fiber broken,Proactive,สกปรก,7
19,Proactive-Fiber broken | Proactive | เหตุเสียใช้ได้ ก่อนช่าง,Proactive-Fiber broken,Proactive,ติดตั้งไม่ได้มาตรฐาน,7
19,Proactive-Fiber broken | Proactive | เหตุเสียใช้ได้ ก่อนช่าง,Proactive - Fiber degrade,Proactive,สายหัก/สายงอ/สายถูกดึงรั้ง,7
19,Proactive-Fiber broken | Proactive | เหตุเสียใช้ได้ ก่อนช่าง,Proactive-Fiber broken,Proactive,หลอดไฟ LED Status เสีย,5
19,Proactive-Fiber broken | Proactive | เหตุเสียใช้ได้ ก่อนช่าง,Proactive-Fiber broken,Proactive,Voice ไม่ติด (ไฟ Phone ไม่ติด),5
19,Proactive-Fiber broken | Proactive | เหตุเสียใช้ได้ ก่อนช่าง,Proactive-Fiber broken,Proactive,อุปกรณ์ Hang,5
19,Proactive-Fiber broken | Proactive | เหตุเสียใช้ได้ ก่อนช่าง,Proactive-Fiber broken,Proactive,พบปัญหาใหม่,4
19,Proactive-Fiber broken | Proactive | เหตุเสียใช้ได้ ก่อนช่าง,Proactive-Fiber broken,Proactive,เสาอากาศชำรุด,4
19,Proactive-Fiber broken | Proactive | เหตุเสียใช้ได้ ก่อนช่าง,Proactive-Fiber broken,Proactive,ลูกค้าทำอุปกรณ์เสียหาย,3
19,Proactive-Fiber broken | Proactive | เหตุเสียใช้ได้ ก่อนช่าง,Proactive-Fiber broken,Proactive,Exp ดี - ลูกค้าไม่สะดวกให้ตรวจสอบ,3
19,Proactive-Fiber broken | Proactive | เหตุเสียใช้ได้ ก่อนช่าง,Proactive-Fiber broken,Proactive,กล่องไม่อ่านการ์ด,2
19,Proactive-Fiber broken | Proactive | เหตุเสียใช้ได้ ก่อนช่าง,Proactive-Fiber broken,Proactive,BUG FIRMWARE,2
19,Proactive-Fiber broken | Proactive | เหตุเสียใช้ได้ ก่อนช่าง,Proactive-Fiber broken,Proactive,CONFIG.PARAMETER ไม่ถูกต้อง,2
19,Proactive-Fiber broken | Proactive | เหตุเสียใช้ได้ ก่อนช่าง,Proactive-Fiber broken,Proactive,กล่องรับสัญญาณขัดข้อง (CA9/CA11),2
19,Proactive-Fiber broken | Proactive | เหตุเสียใช้ได้ ก่อนช่าง,Proactive-Fiber broken,Proactive,ไม่ตรงรุ่น,2
19,Proactive-Fiber broken | Proactive | เหตุเสียใช้ได้ ก่อนช่าง,Proactive-Fiber broken,Proactive,แมลง/สัตว์,2
19,Proactive-Fiber broken | Proactive | เหตุเสียใช้ได้ ก่อนช่าง,Proactive-Fiber broken,Proactive,wifi ของกล่องเสีย,1
19,Proactive-Fiber broken | Proactive | เหตุเสียใช้ได้ ก่อนช่าง,Proactive-Fiber broken,Proactive,ช่องรายการถูกล็อค(CA14),1
19,Proactive-Fiber broken | Proactive | เหตุเสียใช้ได้ ก่อนช่าง,Proactive - Fiber degrade,Proactive,เทศบาลตัดแต่งต้นไม้,1
19,Proactive-Fiber broken | Proactive | เหตุเสียใช้ได้ ก่อนช่าง,Proactive - Fiber degrade,Proactive,Ticket มีการระบุให้เปลี่ยนอุปกรณ์,1
19,Proactive-Fiber broken | Proactive | เหตุเสียใช้ได้ ก่อนช่าง,Proactive - Fiber degrade,Proactive,ลูกค้าเปลี่ยนใจ/ลูกค้าขอยกเลิกบริการเอง,1
19,Proactive-Fiber broken | Proactive | เหตุเสียใช้ได้ ก่อนช่าง,Proactive - Fiber degrade,Proactive,การไฟฟ้าย้ายแนว/จัดระเบียบสาย,1
19,Proactive-Fiber broken | Proactive | เหตุเสียใช้ได้ ก่อนช่าง,Proactive-Fiber broken,Proactive,เสนอบริการพิเศษ,1
19,Proactive-Fiber broken | Proactive | เหตุเสียใช้ได้ ก่อนช่าง,Proactive-Fiber broken,Proactive,ลูกค้าต้องการเปลี่ยน Hybrid Box,1
19,Proactive-Fiber broken | Proactive | เหตุเสียใช้ได้ ก่อนช่าง,Proactive-Fiber broken,Proactive,ไม่เก็บค่าบริการ,1
19,Proactive-Fiber broken | Proactive | เหตุเสียใช้ได้ ก่อนช่าง,Proactive-Fiber broken,Proactive,Costomer Knowledge,1
19,Proactive-Fiber broken | Proactive | เหตุเสียใช้ได้ ก่อนช่าง,Proactive-Fiber broken,Proactive,Project Inspection Dropwire,1
19,Proactive-Fiber broken | Proactive | เหตุเสียใช้ได้ ก่อนช่าง,Proactive-Fiber broken,Proactive,Mesh pair ไม่สำเร็จ,1
19,Proactive-Fiber broken | Proactive | เหตุเสียใช้ได้ ก่อนช่าง,Proactive-Fiber broken,Proactive,ช่องรายการถูกล็อค(E016/E017),1
19,Proactive-Fiber broken | Proactive | เหตุเสียใช้ได้ ก่อนช่าง,Proactive-Fiber broken,Proactive,Remote ไม่ทำงาน,1
20,แจ้งเสียมากกว่า 2 ครั้ง ภายใน 30 วัน | Internet ช้า | Modemไ,แจ้งเสียมากกว่า 2 ครั้ง ภายใน 30 วัน,Internet หลุดบ่อย,การใช้งานของลูกค้า,579
20,แจ้งเสียมากกว่า 2 ครั้ง ภายใน 30 วัน | Internet ช้า | Modemไ,แจ้งเสียมากกว่า 2 ครั้ง ภายใน 30 วัน,เปิด Web ไม่ได้,การใช้งานของลูกค้า,505
20,แจ้งเสียมากกว่า 2 ครั้ง ภายใน 30 วัน | Internet ช้า | Modemไ,แจ้งเสียมากกว่า 2 ครั้ง ภายใน 30 วัน,เปิด Web ไม่ได้,,390
20,แจ้งเสียมากกว่า 2 ครั้ง ภายใน 30 วัน | Internet ช้า | Modemไ,แจ้งเสียมากกว่า 2 ครั้ง ภายใน 30 วัน,Internet หลุดบ่อย,CONFIG CHANGE,371
20,แจ้งเสียมากกว่า 2 ครั้ง ภายใน 30 วัน | Internet ช้า | Modemไ,แจ้งเสียมากกว่า 2 ครั้ง ภายใน 30 วัน,เปิด Web ไม่ได้,เหตุเสียใช้ได้ ก่อนช่างถึงบ้าน,370
20,แจ้งเสียมากกว่า 2 ครั้ง ภายใน 30 วัน | Internet ช้า | Modemไ,แจ้งเสียมากกว่า 2 ครั้ง ภายใน 30 วัน,เปิด Web ไม่ได้,ขัดข้อง/เสีย,309
20,แจ้งเสียมากกว่า 2 ครั้ง ภายใน 30 วัน | Internet ช้า | Modemไ,แจ้งเสียมากกว่า 2 ครั้ง ภายใน 30 วัน,Internet ช้า,การใช้งานของลูกค้า,286
20,แจ้งเสียมากกว่า 2 ครั้ง ภายใน 30 วัน | Internet ช้า | Modemไ,แจ้งเสียมากกว่า 2 ครั้ง ภายใน 30 วัน,Internet หลุดบ่อย,ขัดข้อง/เสีย,284
20,แจ้งเสียมากกว่า 2 ครั้ง ภายใน 30 วัน | Internet ช้า | Modemไ,แจ้งเสียมากกว่า 2 ครั้ง ภายใน 30 วัน,Internet หลุดบ่อย,ลูกค้าต้องการเปลี่ยน Modem,279
20,แจ้งเสียมากกว่า 2 ครั้ง ภายใน 30 วัน | Internet ช้า | Modemไ,แจ้งเสียมากกว่า 2 ครั้ง ภายใน 30 วัน,Internet หลุดบ่อย,เหตุเสียใช้ได้ ก่อนช่างถึงบ้าน,260
20,แจ้งเสียมากกว่า 2 ครั้ง ภายใน 30 วัน | Internet ช้า | Modemไ,แจ้งเสียมากกว่า 2 ครั้ง ภายใน 30 วัน,Internet หลุดบ่อย,Connect WiFi ไม่ได้/ไม่พบ SSID,230
20,แจ้งเสียมากกว่า 2 ครั้ง ภายใน 30 วัน | Internet ช้า | Modemไ,แจ้งเสียมากกว่า 2 ครั้ง ภายใน 30 วัน,เปิด Web ไม่ได้,CONFIG CHANGE,228
20,แจ้งเสียมากกว่า 2 ครั้ง ภายใน 30 วัน | Internet ช้า | Modemไ,แจ้งเสียมากกว่า 2 ครั้ง ภายใน 30 วัน,Internet หลุดบ่อย,Reboot,225
20,แจ้งเสียมากกว่า 2 ครั้ง ภายใน 30 วัน | Internet ช้า | Modemไ,แจ้งเสียมากกว่า 2 ครั้ง ภายใน 30 วัน,Internet ช้า,CONFIG CHANGE,198
20,แจ้งเสียมากกว่า 2 ครั้ง ภายใน 30 วัน | Internet ช้า | Modemไ,แจ้งเสียมากกว่า 2 ครั้ง ภายใน 30 วัน,เปิด Web ไม่ได้,Connect WiFi ไม่ได้/ไม่พบ SSID,161
20,แจ้งเสียมากกว่า 2 ครั้ง ภายใน 30 วัน | Internet ช้า | Modemไ,แจ้งเสียมากกว่า 2 ครั้ง ภายใน 30 วัน,เปิด Web ไม่ได้,Monitor เหตุเสียครบตามเงื่อนไข,152
20,แจ้งเสียมากกว่า 2 ครั้ง ภายใน 30 วัน | Internet ช้า | Modemไ,แจ้งเสียมากกว่า 2 ครั้ง ภายใน 30 วัน,เปิด Web ไม่ได้,ลูกค้าเปลี่ยนใจ/ลูกค้าขอยกเลิกบริการเอง,142
20,แจ้งเสียมากกว่า 2 ครั้ง ภายใน 30 วัน | Internet ช้า | Modemไ,แจ้งเสียมากกว่า 2 ครั้ง ภายใน 30 วัน,เปิด Web ไม่ได้,ลูกค้าต้องการเปลี่ยน Modem,124
20,แจ้งเสียมากกว่า 2 ครั้ง ภายใน 30 วัน | Internet ช้า | Modemไ,แจ้งเสียมากกว่า 2 ครั้ง ภายใน 30 วัน,Internet ช้า,ลูกค้าต้องการเปลี่ยน Modem,123
20,แจ้งเสียมากกว่า 2 ครั้ง ภายใน 30 วัน | Internet ช้า | Modemไ,แจ้งเสียมากกว่า 2 ครั้ง ภายใน 30 วัน,Internet ช้า,เหตุเสียใช้ได้ ก่อนช่างถึงบ้าน,122
20,แจ้งเสียมากกว่า 2 ครั้ง ภายใน 30 วัน | Internet ช้า | Modemไ,แจ้งเสียมากกว่า 2 ครั้ง ภายใน 30 วัน,Internet หลุดบ่อย,Monitor เหตุเสียครบตามเงื่อนไข,117
20,แจ้งเสียมากกว่า 2 ครั้ง ภายใน 30 วัน | Internet ช้า | Modemไ,แจ้งเสียมากกว่า 2 ครั้ง ภายใน 30 วัน,Internet หลุดบ่อย,ลูกค้าเปลี่ยนใจ/ลูกค้าขอยกเลิกบริการเอง,117
20,แจ้งเสียมากกว่า 2 ครั้ง ภายใน 30 วัน | Internet ช้า | Modemไ,แจ้งเสียมากกว่า 2 ครั้ง ภายใน 30 วัน,Internet หลุดบ่อย,Modemไม่ lock/ไม่ Synch/High Loss,109
20,แจ้งเสียมากกว่า 2 ครั้ง ภายใน 30 วัน | Internet ช้า | Modemไ,แจ้งเสียมากกว่า 2 ครั้ง ภายใน 30 วัน,Internet ช้า,Connect WiFi ไม่ได้/ไม่พบ SSID,98
20,แจ้งเสียมากกว่า 2 ครั้ง ภายใน 30 วัน | Internet ช้า | Modemไ,แจ้งเสียมากกว่า 2 ครั้ง ภายใน 30 วัน,เปิด Web ไม่ได้,Reboot,92
20,แจ้งเสียมากกว่า 2 ครั้ง ภายใน 30 วัน | Internet ช้า | Modemไ,แจ้งเสียมากกว่า 2 ครั้ง ภายใน 30 วัน,Internet ช้า,ขัดข้อง/เสีย,82
20,แจ้งเสียมากกว่า 2 ครั้ง ภายใน 30 วัน | Internet ช้า | Modemไ,แจ้งเสียมากกว่า 2 ครั้ง ภายใน 30 วัน,เปิด Web ไม่ได้,Modemไม่ lock/ไม่ Synch/High Loss,82
20,แจ้งเสียมากกว่า 2 ครั้ง ภายใน 30 วัน | Internet ช้า | Modemไ,แจ้งเสียมากกว่า 2 ครั้ง ภายใน 30 วัน,Internet หลุดบ่อย,ไฟไม่เข้า,73
20,แจ้งเสียมากกว่า 2 ครั้ง ภายใน 30 วัน | Internet ช้า | Modemไ,แจ้งเสียมากกว่า 2 ครั้ง ภายใน 30 วัน,เปิด Web ไม่ได้,ไม่ทราบสาเหตุ,61
20,แจ้งเสียมากกว่า 2 ครั้ง ภายใน 30 วัน | Internet ช้า | Modemไ,แจ้งเสียมากกว่า 2 ครั้ง ภายใน 30 วัน,Internet หลุดบ่อย,Sync Speed ได้ แต่ Test Speed WIFI 5 GHz ไม่ได้ตาม Package,60
20,แจ้งเสียมากกว่า 2 ครั้ง ภายใน 30 วัน | Internet ช้า | Modemไ,แจ้งเสียมากกว่า 2 ครั้ง ภายใน 30 วัน,Internet หลุดบ่อย,ไม่ทราบสาเหตุ,58
20,แจ้งเสียมากกว่า 2 ครั้ง ภายใน 30 วัน | Internet ช้า | Modemไ,แจ้งเสียมากกว่า 2 ครั้ง ภายใน 30 วัน,เปิด Web ไม่ได้,ไฟไม่เข้า,58
20,แจ้งเสียมากกว่า 2 ครั้ง ภายใน 30 วัน | Internet ช้า | Modemไ,แจ้งเสียมากกว่า 2 ครั้ง ภายใน 30 วัน,Internet หลุดบ่อย,Sync Speed/RSSI ไม่ได้ WIFI ตาม Criteria /Low Signal 5 GHz,55
20,แจ้งเสียมากกว่า 2 ครั้ง ภายใน 30 วัน | Internet ช้า | Modemไ,แจ้งเสียมากกว่า 2 ครั้ง ภายใน 30 วัน,Internet หลุดบ่อย,ทดสอบและอธิบายลูกค้า,51
20,แจ้งเสียมากกว่า 2 ครั้ง ภายใน 30 วัน | Internet ช้า | Modemไ,แจ้งเสียมากกว่า 2 ครั้ง ภายใน 30 วัน,Internet หลุดบ่อย,สายหัก/สายงอ/สายถูกดึงรั้ง,50
20,แจ้งเสียมากกว่า 2 ครั้ง ภายใน 30 วัน | Internet ช้า | Modemไ,แจ้งเสียมากกว่า 2 ครั้ง ภายใน 30 วัน,Internet ช้า,Reboot,48
20,แจ้งเสียมากกว่า 2 ครั้ง ภายใน 30 วัน | Internet ช้า | Modemไ,แจ้งเสียมากกว่า 2 ครั้ง ภายใน 30 วัน,Internet ช้า,ลูกค้าเปลี่ยนใจ/ลูกค้าขอยกเลิกบริการเอง,47
20,แจ้งเสียมากกว่า 2 ครั้ง ภายใน 30 วัน | Internet ช้า | Modemไ,แจ้งเสียมากกว่า 2 ครั้ง ภายใน 30 วัน,Internet ช้า,Sync Speed ได้ แต่ Test Speed WIFI 5 GHz ไม่ได้ตาม Package,45
20,แจ้งเสียมากกว่า 2 ครั้ง ภายใน 30 วัน | Internet ช้า | Modemไ,แจ้งเสียมากกว่า 2 ครั้ง ภายใน 30 วัน,Internet ช้า,Monitor เหตุเสียครบตามเงื่อนไข,41
20,แจ้งเสียมากกว่า 2 ครั้ง ภายใน 30 วัน | Internet ช้า | Modemไ,แจ้งเสียมากกว่า 2 ครั้ง ภายใน 30 วัน,เปิด Web ไม่ได้,Sync Speed/RSSI ไม่ได้ WIFI ตาม Criteria /Low Signal 5 GHz,41
20,แจ้งเสียมากกว่า 2 ครั้ง ภายใน 30 วัน | Internet ช้า | Modemไ,แจ้งเสียมากกว่า 2 ครั้ง ภายใน 30 วัน,Internet หลุดบ่อย,อุปกรณ์คืนค่าโรงงาน,40
20,แจ้งเสียมากกว่า 2 ครั้ง ภายใน 30 วัน | Internet ช้า | Modemไ,แจ้งเสียมากกว่า 2 ครั้ง ภายใน 30 วัน,เปิด Web ไม่ได้,สายหัก/สายงอ/สายถูกดึงรั้ง,39
20,แจ้งเสียมากกว่า 2 ครั้ง ภายใน 30 วัน | Internet ช้า | Modemไ,แจ้งเสียมากกว่า 2 ครั้ง ภายใน 30 วัน,Internet ช้า,Sync Speed/RSSI ไม่ได้ WIFI ตาม Criteria /Low Signal 5 GHz,37
20,แจ้งเสียมากกว่า 2 ครั้ง ภายใน 30 วัน | Internet ช้า | Modemไ,แจ้งเสียมากกว่า 2 ครั้ง ภายใน 30 วัน,เปิด Web ไม่ได้,Sync Speed ได้ แต่ Test Speed WIFI 5 GHz ไม่ได้ตาม Package,37
20,แจ้งเสียมากกว่า 2 ครั้ง ภายใน 30 วัน | Internet ช้า | Modemไ,แจ้งเสียมากกว่า 2 ครั้ง ภายใน 30 วัน,เปิด Web ไม่ได้,อุปกรณ์คืนค่าโรงงาน,36
20,แจ้งเสียมากกว่า 2 ครั้ง ภายใน 30 วัน | Internet ช้า | Modemไ,แจ้งเสียมากกว่า 2 ครั้ง ภายใน 30 วัน,เปิด Web ไม่ได้,ทดสอบและอธิบายลูกค้า,34
20,แจ้งเสียมากกว่า 2 ครั้ง ภายใน 30 วัน | Internet ช้า | Modemไ,แจ้งเสียมากกว่า 2 ครั้ง ภายใน 30 วัน,Internet หลุดบ่อย,หัวสายสำเร็จSC-APC เสีย,33
20,แจ้งเสียมากกว่า 2 ครั้ง ภายใน 30 วัน | Internet ช้า | Modemไ,แจ้งเสียมากกว่า 2 ครั้ง ภายใน 30 วัน,Internet หลุดบ่อย,ส่งงานไม่ถูกต้อง,32
20,แจ้งเสียมากกว่า 2 ครั้ง ภายใน 30 วัน | Internet ช้า | Modemไ,แจ้งเสียมากกว่า 2 ครั้ง ภายใน 30 วัน,Internet หลุดบ่อย,,31
20,แจ้งเสียมากกว่า 2 ครั้ง ภายใน 30 วัน | Internet ช้า | Modemไ,แจ้งเสียมากกว่า 2 ครั้ง ภายใน 30 วัน,Internet ช้า,Modemไม่ lock/ไม่ Synch/High Loss,30
20,แจ้งเสียมากกว่า 2 ครั้ง ภายใน 30 วัน | Internet ช้า | Modemไ,แจ้งเสียมากกว่า 2 ครั้ง ภายใน 30 วัน,เปิด Web ไม่ได้,หัวสายสำเร็จSC-APC เสีย,26
20,แจ้งเสียมากกว่า 2 ครั้ง ภายใน 30 วัน | Internet ช้า | Modemไ,แจ้งเสียมากกว่า 2 ครั้ง ภายใน 30 วัน,Internet หลุดบ่อย,หัวสายสำเร็จSC-APC หลวม /ไม่สนิท,25
20,แจ้งเสียมากกว่า 2 ครั้ง ภายใน 30 วัน | Internet ช้า | Modemไ,แจ้งเสียมากกว่า 2 ครั้ง ภายใน 30 วัน,Internet ช้า,ทดสอบและอธิบายลูกค้า,23
20,แจ้งเสียมากกว่า 2 ครั้ง ภายใน 30 วัน | Internet ช้า | Modemไ,แจ้งเสียมากกว่า 2 ครั้ง ภายใน 30 วัน,Internet ช้า,,22
20,แจ้งเสียมากกว่า 2 ครั้ง ภายใน 30 วัน | Internet ช้า | Modemไ,แจ้งเสียมากกว่า 2 ครั้ง ภายใน 30 วัน,เปิด Web ไม่ได้,การไฟฟ้าย้ายแนว/จัดระเบียบสาย,20
20,แจ้งเสียมากกว่า 2 ครั้ง ภายใน 30 วัน | Internet ช้า | Modemไ,แจ้งเสียมากกว่า 2 ครั้ง ภายใน 30 วัน,Internet ช้า,ไฟไม่เข้า,19
20,แจ้งเสียมากกว่า 2 ครั้ง ภายใน 30 วัน | Internet ช้า | Modemไ,แจ้งเสียมากกว่า 2 ครั้ง ภายใน 30 วัน,เปิด Web ไม่ได้,เปลี่ยน process การทำงาน,18
20,แจ้งเสียมากกว่า 2 ครั้ง ภายใน 30 วัน | Internet ช้า | Modemไ,แจ้งเสียมากกว่า 2 ครั้ง ภายใน 30 วัน,เปิด Web ไม่ได้,ส่งงานไม่ถูกต้อง,18
20,แจ้งเสียมากกว่า 2 ครั้ง ภายใน 30 วัน | Internet ช้า | Modemไ,แจ้งเสียมากกว่า 2 ครั้ง ภายใน 30 วัน,Internet ช้า,Sync Speed ได้ แต่ Test Speed LAN ไม่ได้ตาม Package,16
20,แจ้งเสียมากกว่า 2 ครั้ง ภายใน 30 วัน | Internet ช้า | Modemไ,แจ้งเสียมากกว่า 2 ครั้ง ภายใน 30 วัน,Internet หลุดบ่อย,Sync Speed ได้ แต่ Test Speed LAN ไม่ได้ตาม Package,16
20,แจ้งเสียมากกว่า 2 ครั้ง ภายใน 30 วัน | Internet ช้า | Modemไ,แจ้งเสียมากกว่า 2 ครั้ง ภายใน 30 วัน,Internet หลุดบ่อย,ไม่ตรงรุ่น,16
20,แจ้งเสียมากกว่า 2 ครั้ง ภายใน 30 วัน | Internet ช้า | Modemไ,แจ้งเสียมากกว่า 2 ครั้ง ภายใน 30 วัน,Internet หลุดบ่อย,มีค่า Loss สูง,16
20,แจ้งเสียมากกว่า 2 ครั้ง ภายใน 30 วัน | Internet ช้า | Modemไ,แจ้งเสียมากกว่า 2 ครั้ง ภายใน 30 วัน,เปิด Web ไม่ได้,หัวสายสำเร็จSC-APC หลวม /ไม่สนิท,15
20,แจ้งเสียมากกว่า 2 ครั้ง ภายใน 30 วัน | Internet ช้า | Modemไ,แจ้งเสียมากกว่า 2 ครั้ง ภายใน 30 วัน,Internet ช้า,ไม่ทราบสาเหตุ,15
20,แจ้งเสียมากกว่า 2 ครั้ง ภายใน 30 วัน | Internet ช้า | Modemไ,แจ้งเสียมากกว่า 2 ครั้ง ภายใน 30 วัน,Internet ช้า,สายหัก/สายงอ/สายถูกดึงรั้ง,15
20,แจ้งเสียมากกว่า 2 ครั้ง ภายใน 30 วัน | Internet ช้า | Modemไ,แจ้งเสียมากกว่า 2 ครั้ง ภายใน 30 วัน,Internet ช้า,อุปกรณ์คืนค่าโรงงาน,13
20,แจ้งเสียมากกว่า 2 ครั้ง ภายใน 30 วัน | Internet ช้า | Modemไ,แจ้งเสียมากกว่า 2 ครั้ง ภายใน 30 วัน,Internet ช้า,หัวสายสำเร็จSC-APC เสีย,13
20,แจ้งเสียมากกว่า 2 ครั้ง ภายใน 30 วัน | Internet ช้า | Modemไ,แจ้งเสียมากกว่า 2 ครั้ง ภายใน 30 วัน,Internet ช้า,ส่งงานไม่ถูกต้อง,12
20,แจ้งเสียมากกว่า 2 ครั้ง ภายใน 30 วัน | Internet ช้า | Modemไ,แจ้งเสียมากกว่า 2 ครั้ง ภายใน 30 วัน,เปิด Web ไม่ได้,Sync Speed ได้ แต่ Test Speed LAN ไม่ได้ตาม Package,12
20,แจ้งเสียมากกว่า 2 ครั้ง ภายใน 30 วัน | Internet ช้า | Modemไ,แจ้งเสียมากกว่า 2 ครั้ง ภายใน 30 วัน,Internet ช้า,หัวสายสำเร็จSC-APC หลวม /ไม่สนิท,12
20,แจ้งเสียมากกว่า 2 ครั้ง ภายใน 30 วัน | Internet ช้า | Modemไ,แจ้งเสียมากกว่า 2 ครั้ง ภายใน 30 วัน,เปิด Web ไม่ได้,รถเกี่ยว,11
20,แจ้งเสียมากกว่า 2 ครั้ง ภายใน 30 วัน | Internet ช้า | Modemไ,แจ้งเสียมากกว่า 2 ครั้ง ภายใน 30 วัน,Internet หลุดบ่อย,Modem แตกหัก/สีผิดสภาพเดิม,11
20,แจ้งเสียมากกว่า 2 ครั้ง ภายใน 30 วัน | Internet ช้า | Modemไ,แจ้งเสียมากกว่า 2 ครั้ง ภายใน 30 วัน,Internet หลุดบ่อย,มีเสียงผิดปกติในตัวโมเด็ม,11
20,แจ้งเสียมากกว่า 2 ครั้ง ภายใน 30 วัน | Internet ช้า | Modemไ,แจ้งเสียมากกว่า 2 ครั้ง ภายใน 30 วัน,Internet หลุดบ่อย,Sync Speed ได้ แต่ Test Speed WIFI 2.4 GHz ไม่ได้ตาม Package,10
20,แจ้งเสียมากกว่า 2 ครั้ง ภายใน 30 วัน | Internet ช้า | Modemไ,แจ้งเสียมากกว่า 2 ครั้ง ภายใน 30 วัน,เปิด Web ไม่ได้,มีค่า Loss สูง,10
20,แจ้งเสียมากกว่า 2 ครั้ง ภายใน 30 วัน | Internet ช้า | Modemไ,แจ้งเสียมากกว่า 2 ครั้ง ภายใน 30 วัน,เปิด Web ไม่ได้,LAN เสีย,10
20,แจ้งเสียมากกว่า 2 ครั้ง ภายใน 30 วัน | Internet ช้า | Modemไ,แจ้งเสียมากกว่า 2 ครั้ง ภายใน 30 วัน,Internet หลุดบ่อย,เปลี่ยน process การทำงาน,10
20,แจ้งเสียมากกว่า 2 ครั้ง ภายใน 30 วัน | Internet ช้า | Modemไ,แจ้งเสียมากกว่า 2 ครั้ง ภายใน 30 วัน,Internet หลุดบ่อย,ลูกค้าใช้งาน Wi Fi ห่างจาก Modem,10
20,แจ้งเสียมากกว่า 2 ครั้ง ภายใน 30 วัน | Internet ช้า | Modemไ,แจ้งเสียมากกว่า 2 ครั้ง ภายใน 30 วัน,เปิด Web ไม่ได้,Sync Speed ได้ แต่ Test Speed WIFI 2.4 GHz ไม่ได้ตาม Package,9
20,แจ้งเสียมากกว่า 2 ครั้ง ภายใน 30 วัน | Internet ช้า | Modemไ,แจ้งเสียมากกว่า 2 ครั้ง ภายใน 30 วัน,Internet หลุดบ่อย,Modem ไม่รองรับ Package ลูกค้า,9
20,แจ้งเสียมากกว่า 2 ครั้ง ภายใน 30 วัน | Internet ช้า | Modemไ,แจ้งเสียมากกว่า 2 ครั้ง ภายใน 30 วัน,เปิด Web ไม่ได้,สัตว์ (เช่น ลิง กระรอก ช้าง ),9
20,แจ้งเสียมากกว่า 2 ครั้ง ภายใน 30 วัน | Internet ช้า | Modemไ,แจ้งเสียมากกว่า 2 ครั้ง ภายใน 30 วัน,เปิด Web ไม่ได้,ไม่พบปัญหาการใช้งานแล้ว,9
20,แจ้งเสียมากกว่า 2 ครั้ง ภายใน 30 วัน | Internet ช้า | Modemไ,แจ้งเสียมากกว่า 2 ครั้ง ภายใน 30 วัน,เปิด Web ไม่ได้,สายเสื่อมสภาพ,9
20,แจ้งเสียมากกว่า 2 ครั้ง ภายใน 30 วัน | Internet ช้า | Modemไ,แจ้งเสียมากกว่า 2 ครั้ง ภายใน 30 วัน,เปิด Web ไม่ได้,Modem ไม่รองรับ Package ลูกค้า,9
20,แจ้งเสียมากกว่า 2 ครั้ง ภายใน 30 วัน | Internet ช้า | Modemไ,แจ้งเสียมากกว่า 2 ครั้ง ภายใน 30 วัน,Internet หลุดบ่อย,BUG FIRMWARE,9
20,แจ้งเสียมากกว่า 2 ครั้ง ภายใน 30 วัน | Internet ช้า | Modemไ,แจ้งเสียมากกว่า 2 ครั้ง ภายใน 30 วัน,Internet หลุดบ่อย,LAN เสีย,9
20,แจ้งเสียมากกว่า 2 ครั้ง ภายใน 30 วัน | Internet ช้า | Modemไ,แจ้งเสียมากกว่า 2 ครั้ง ภายใน 30 วัน,Internet ช้า,Modem ไม่รองรับ Package ลูกค้า,9
20,แจ้งเสียมากกว่า 2 ครั้ง ภายใน 30 วัน | Internet ช้า | Modemไ,แจ้งเสียมากกว่า 2 ครั้ง ภายใน 30 วัน,Internet หลุดบ่อย,Area Manager เห็นชอบให้มีการเปลี่ยน CPE,8
20,แจ้งเสียมากกว่า 2 ครั้ง ภายใน 30 วัน | Internet ช้า | Modemไ,แจ้งเสียมากกว่า 2 ครั้ง ภายใน 30 วัน,เปิด Web ไม่ได้,มีเสียงผิดปกติในตัวโมเด็ม,8
20,แจ้งเสียมากกว่า 2 ครั้ง ภายใน 30 วัน | Internet ช้า | Modemไ,แจ้งเสียมากกว่า 2 ครั้ง ภายใน 30 วัน,Internet ช้า,ลูกค้าใช้งาน Wi Fi ห่างจาก Modem,8
20,แจ้งเสียมากกว่า 2 ครั้ง ภายใน 30 วัน | Internet ช้า | Modemไ,แจ้งเสียมากกว่า 2 ครั้ง ภายใน 30 วัน,Internet หลุดบ่อย,Sync Speed/RSSI ไม่ได้ WIFI ตาม Criteria /Low Signal 2.4 GHz,7
20,แจ้งเสียมากกว่า 2 ครั้ง ภายใน 30 วัน | Internet ช้า | Modemไ,แจ้งเสียมากกว่า 2 ครั้ง ภายใน 30 วัน,เปิด Web ไม่ได้,ลูกค้าใช้งาน Wi Fi ห่างจาก Modem,7
20,แจ้งเสียมากกว่า 2 ครั้ง ภายใน 30 วัน | Internet ช้า | Modemไ,แจ้งเสียมากกว่า 2 ครั้ง ภายใน 30 วัน,Internet หลุดบ่อย,Switch on/off เสีย/ชำรุดแตกหัก,7
20,แจ้งเสียมากกว่า 2 ครั้ง ภายใน 30 วัน | Internet ช้า | Modemไ,แจ้งเสียมากกว่า 2 ครั้ง ภายใน 30 วัน,เปิด Web ไม่ได้,BUG FIRMWARE,7
20,แจ้งเสียมากกว่า 2 ครั้ง ภายใน 30 วัน | Internet ช้า | Modemไ,แจ้งเสียมากกว่า 2 ครั้ง ภายใน 30 วัน,Internet หลุดบ่อย,การไฟฟ้าย้ายแนว/จัดระเบียบสาย,7
20,แจ้งเสียมากกว่า 2 ครั้ง ภายใน 30 วัน | Internet ช้า | Modemไ,แจ้งเสียมากกว่า 2 ครั้ง ภายใน 30 วัน,Internet หลุดบ่อย,เทศบาลตัดแต่งต้นไม้,7
20,แจ้งเสียมากกว่า 2 ครั้ง ภายใน 30 วัน | Internet ช้า | Modemไ,แจ้งเสียมากกว่า 2 ครั้ง ภายใน 30 วัน,เปิด Web ไม่ได้,Mesh pair ไม่สำเร็จ,7
20,แจ้งเสียมากกว่า 2 ครั้ง ภายใน 30 วัน | Internet ช้า | Modemไ,แจ้งเสียมากกว่า 2 ครั้ง ภายใน 30 วัน,Internet หลุดบ่อย,มีสัญญาณรบกวน WiFi สูง,7
20,แจ้งเสียมากกว่า 2 ครั้ง ภายใน 30 วัน | Internet ช้า | Modemไ,แจ้งเสียมากกว่า 2 ครั้ง ภายใน 30 วัน,เปิด Web ไม่ได้,Switch on/off เสีย/ชำรุดแตกหัก,6
20,แจ้งเสียมากกว่า 2 ครั้ง ภายใน 30 วัน | Internet ช้า | Modemไ,แจ้งเสียมากกว่า 2 ครั้ง ภายใน 30 วัน,Internet หลุดบ่อย,สายเสื่อมสภาพ,6
20,แจ้งเสียมากกว่า 2 ครั้ง ภายใน 30 วัน | Internet ช้า | Modemไ,แจ้งเสียมากกว่า 2 ครั้ง ภายใน 30 วัน,Internet หลุดบ่อย,Mesh pair ไม่สำเร็จ,6
20,แจ้งเสียมากกว่า 2 ครั้ง ภายใน 30 วัน | Internet ช้า | Modemไ,แจ้งเสียมากกว่า 2 ครั้ง ภายใน 30 วัน,Internet ช้า,Costomer Knowledge,6
20,แจ้งเสียมากกว่า 2 ครั้ง ภายใน 30 วัน | Internet ช้า | Modemไ,แจ้งเสียมากกว่า 2 ครั้ง ภายใน 30 วัน,Internet ช้า,มีเสียงผิดปกติในตัวโมเด็ม,5
20,แจ้งเสียมากกว่า 2 ครั้ง ภายใน 30 วัน | Internet ช้า | Modemไ,แจ้งเสียมากกว่า 2 ครั้ง ภายใน 30 วัน,Internet ช้า,Sync Speed ได้ แต่ Test Speed WIFI 2.4 GHz ไม่ได้ตาม Package,5
20,แจ้งเสียมากกว่า 2 ครั้ง ภายใน 30 วัน | Internet ช้า | Modemไ,แจ้งเสียมากกว่า 2 ครั้ง ภายใน 30 วัน,Internet หลุดบ่อย,ข้อต่อหลวม ไม่ดี/ไม่สนิท,5
20,แจ้งเสียมากกว่า 2 ครั้ง ภายใน 30 วัน | Internet ช้า | Modemไ,แจ้งเสียมากกว่า 2 ครั้ง ภายใน 30 วัน,Internet หลุดบ่อย,Wi-fi 2.4G ไม่รองรับ Speed,5
20,แจ้งเสียมากกว่า 2 ครั้ง ภายใน 30 วัน | Internet ช้า | Modemไ,แจ้งเสียมากกว่า 2 ครั้ง ภายใน 30 วัน,Internet หลุดบ่อย,สัตว์ (เช่น ลิง กระรอก ช้าง ),5
20,แจ้งเสียมากกว่า 2 ครั้ง ภายใน 30 วัน | Internet ช้า | Modemไ,แจ้งเสียมากกว่า 2 ครั้ง ภายใน 30 วัน,เปิด Web ไม่ได้,CONFIG.PARAMETER ไม่ถูกต้อง,5
20,แจ้งเสียมากกว่า 2 ครั้ง ภายใน 30 วัน | Internet ช้า | Modemไ,แจ้งเสียมากกว่า 2 ครั้ง ภายใน 30 วัน,เปิด Web ไม่ได้,มีสัญญาณรบกวน WiFi สูง,5
20,แจ้งเสียมากกว่า 2 ครั้ง ภายใน 30 วัน | Internet ช้า | Modemไ,แจ้งเสียมากกว่า 2 ครั้ง ภายใน 30 วัน,Internet หลุดบ่อย,ระยะสาย Drop Wire ไกล,4
20,แจ้งเสียมากกว่า 2 ครั้ง ภายใน 30 วัน | Internet ช้า | Modemไ,แจ้งเสียมากกว่า 2 ครั้ง ภายใน 30 วัน,Internet ช้า,เทศบาลตัดแต่งต้นไม้,4
20,แจ้งเสียมากกว่า 2 ครั้ง ภายใน 30 วัน | Internet ช้า | Modemไ,แจ้งเสียมากกว่า 2 ครั้ง ภายใน 30 วัน,Internet ช้า,มีสัญญาณรบกวน WiFi สูง,4
20,แจ้งเสียมากกว่า 2 ครั้ง ภายใน 30 วัน | Internet ช้า | Modemไ,แจ้งเสียมากกว่า 2 ครั้ง ภายใน 30 วัน,เปิด Web ไม่ได้,เทศบาลตัดแต่งต้นไม้,4
20,แจ้งเสียมากกว่า 2 ครั้ง ภายใน 30 วัน | Internet ช้า | Modemไ,แจ้งเสียมากกว่า 2 ครั้ง ภายใน 30 วัน,เปิด Web ไม่ได้,อื่น ๆ,4
20,แจ้งเสียมากกว่า 2 ครั้ง ภายใน 30 วัน | Internet ช้า | Modemไ,แจ้งเสียมากกว่า 2 ครั้ง ภายใน 30 วัน,Internet หลุดบ่อย,CONFIG.PARAMETER ไม่ถูกต้อง,4
20,แจ้งเสียมากกว่า 2 ครั้ง ภายใน 30 วัน | Internet ช้า | Modemไ,แจ้งเสียมากกว่า 2 ครั้ง ภายใน 30 วัน,Internet หลุดบ่อย,บุคคลเจตนาร้าย-ตัดทำลายข่ายสาย,4
20,แจ้งเสียมากกว่า 2 ครั้ง ภายใน 30 วัน | Internet ช้า | Modemไ,แจ้งเสียมากกว่า 2 ครั้ง ภายใน 30 วัน,เปิด Web ไม่ได้,Port เสีย,4
20,แจ้งเสียมากกว่า 2 ครั้ง ภายใน 30 วัน | Internet ช้า | Modemไ,แจ้งเสียมากกว่า 2 ครั้ง ภายใน 30 วัน,เปิด Web ไม่ได้,Area Manager เห็นชอบให้มีการเปลี่ยน CPE,4
20,แจ้งเสียมากกว่า 2 ครั้ง ภายใน 30 วัน | Internet ช้า | Modemไ,แจ้งเสียมากกว่า 2 ครั้ง ภายใน 30 วัน,Internet หลุดบ่อย,รถเกี่ยว,4
20,แจ้งเสียมากกว่า 2 ครั้ง ภายใน 30 วัน | Internet ช้า | Modemไ,แจ้งเสียมากกว่า 2 ครั้ง ภายใน 30 วัน,เปิด Web ไม่ได้,Costomer Knowledge,4
20,แจ้งเสียมากกว่า 2 ครั้ง ภายใน 30 วัน | Internet ช้า | Modemไ,แจ้งเสียมากกว่า 2 ครั้ง ภายใน 30 วัน,Internet ช้า,Mesh pair ไม่สำเร็จ,4
20,แจ้งเสียมากกว่า 2 ครั้ง ภายใน 30 วัน | Internet ช้า | Modemไ,แจ้งเสียมากกว่า 2 ครั้ง ภายใน 30 วัน,Internet ช้า,การไฟฟ้าย้ายแนว/จัดระเบียบสาย,4
20,แจ้งเสียมากกว่า 2 ครั้ง ภายใน 30 วัน | Internet ช้า | Modemไ,แจ้งเสียมากกว่า 2 ครั้ง ภายใน 30 วัน,Internet หลุดบ่อย,หัวสายสำเร็จSC-APC สกปรก,3
20,แจ้งเสียมากกว่า 2 ครั้ง ภายใน 30 วัน | Internet ช้า | Modemไ,แจ้งเสียมากกว่า 2 ครั้ง ภายใน 30 วัน,เปิด Web ไม่ได้,บุคคลเจตนาร้าย-ตัดทำลายข่ายสาย,3
20,แจ้งเสียมากกว่า 2 ครั้ง ภายใน 30 วัน | Internet ช้า | Modemไ,แจ้งเสียมากกว่า 2 ครั้ง ภายใน 30 วัน,เปิด Web ไม่ได้,Wi-fi 2.4G ไม่รองรับ Speed,3
20,แจ้งเสียมากกว่า 2 ครั้ง ภายใน 30 วัน | Internet ช้า | Modemไ,แจ้งเสียมากกว่า 2 ครั้ง ภายใน 30 วัน,Internet หลุดบ่อย,ไฟไหม้,3
20,แจ้งเสียมากกว่า 2 ครั้ง ภายใน 30 วัน | Internet ช้า | Modemไ,แจ้งเสียมากกว่า 2 ครั้ง ภายใน 30 วัน,Internet หลุดบ่อย,แมลง(เช่น จักจั่น มด ปลวก),3
20,แจ้งเสียมากกว่า 2 ครั้ง ภายใน 30 วัน | Internet ช้า | Modemไ,แจ้งเสียมากกว่า 2 ครั้ง ภายใน 30 วัน,เปิด Web ไม่ได้,ไม่ตรงรุ่น,3
20,แจ้งเสียมากกว่า 2 ครั้ง ภายใน 30 วัน | Internet ช้า | Modemไ,แจ้งเสียมากกว่า 2 ครั้ง ภายใน 30 วัน,เปิด Web ไม่ได้,ข้อต่อหลวม ไม่ดี/ไม่สนิท,3
20,แจ้งเสียมากกว่า 2 ครั้ง ภายใน 30 วัน | Internet ช้า | Modemไ,แจ้งเสียมากกว่า 2 ครั้ง ภายใน 30 วัน,Internet หลุดบ่อย,อุปกรณ์ Hang,3
20,แจ้งเสียมากกว่า 2 ครั้ง ภายใน 30 วัน | Internet ช้า | Modemไ,แจ้งเสียมากกว่า 2 ครั้ง ภายใน 30 วัน,เปิด Web ไม่ได้,Modem แตกหัก/สีผิดสภาพเดิม,3
20,แจ้งเสียมากกว่า 2 ครั้ง ภายใน 30 วัน | Internet ช้า | Modemไ,แจ้งเสียมากกว่า 2 ครั้ง ภายใน 30 วัน,เปิด Web ไม่ได้,ไฟไหม้,3
20,แจ้งเสียมากกว่า 2 ครั้ง ภายใน 30 วัน | Internet ช้า | Modemไ,แจ้งเสียมากกว่า 2 ครั้ง ภายใน 30 วัน,Internet หลุดบ่อย,Costomer Knowledge,3
20,แจ้งเสียมากกว่า 2 ครั้ง ภายใน 30 วัน | Internet ช้า | Modemไ,แจ้งเสียมากกว่า 2 ครั้ง ภายใน 30 วัน,Internet หลุดบ่อย,Ticket มีการระบุให้เปลี่ยนอุปกรณ์,3
20,แจ้งเสียมากกว่า 2 ครั้ง ภายใน 30 วัน | Internet ช้า | Modemไ,แจ้งเสียมากกว่า 2 ครั้ง ภายใน 30 วัน,Internet หลุดบ่อย,หลอดไฟ LED Status เสีย,3
20,แจ้งเสียมากกว่า 2 ครั้ง ภายใน 30 วัน | Internet ช้า | Modemไ,แจ้งเสียมากกว่า 2 ครั้ง ภายใน 30 วัน,Internet ช้า,เปลี่ยน process การทำงาน,3
20,แจ้งเสียมากกว่า 2 ครั้ง ภายใน 30 วัน | Internet ช้า | Modemไ,แจ้งเสียมากกว่า 2 ครั้ง ภายใน 30 วัน,Internet ช้า,BUG FIRMWARE,3
20,แจ้งเสียมากกว่า 2 ครั้ง ภายใน 30 วัน | Internet ช้า | Modemไ,แจ้งเสียมากกว่า 2 ครั้ง ภายใน 30 วัน,Internet ช้า,Area Manager เห็นชอบให้มีการเปลี่ยน CPE,3
20,แจ้งเสียมากกว่า 2 ครั้ง ภายใน 30 วัน | Internet ช้า | Modemไ,แจ้งเสียมากกว่า 2 ครั้ง ภายใน 30 วัน,เปิด Web ไม่ได้,Sync Speed/RSSI ไม่ได้ WIFI ตาม Criteria /Low Signal 2.4 GHz,3
20,แจ้งเสียมากกว่า 2 ครั้ง ภายใน 30 วัน | Internet ช้า | Modemไ,แจ้งเสียมากกว่า 2 ครั้ง ภายใน 30 วัน,เปิด Web ไม่ได้,ลูกค้าต้องการเปลี่ยน Mesh Wifi,2
20,แจ้งเสียมากกว่า 2 ครั้ง ภายใน 30 วัน | Internet ช้า | Modemไ,แจ้งเสียมากกว่า 2 ครั้ง ภายใน 30 วัน,เปิด Web ไม่ได้,ระยะสาย Drop Wire ไกล,2
20,แจ้งเสียมากกว่า 2 ครั้ง ภายใน 30 วัน | Internet ช้า | Modemไ,แจ้งเสียมากกว่า 2 ครั้ง ภายใน 30 วัน,เปิด Web ไม่ได้,Fault After Event,2
20,แจ้งเสียมากกว่า 2 ครั้ง ภายใน 30 วัน | Internet ช้า | Modemไ,แจ้งเสียมากกว่า 2 ครั้ง ภายใน 30 วัน,Internet หลุดบ่อย,"สายขาด,หัก (Crack)",2
20,แจ้งเสียมากกว่า 2 ครั้ง ภายใน 30 วัน | Internet ช้า | Modemไ,แจ้งเสียมากกว่า 2 ครั้ง ภายใน 30 วัน,Internet ช้า,รถเกี่ยว,2
20,แจ้งเสียมากกว่า 2 ครั้ง ภายใน 30 วัน | Internet ช้า | Modemไ,แจ้งเสียมากกว่า 2 ครั้ง ภายใน 30 วัน,เปิด Web ไม่ได้,เสาอากาศชำรุด,2
20,แจ้งเสียมากกว่า 2 ครั้ง ภายใน 30 วัน | Internet ช้า | Modemไ,แจ้งเสียมากกว่า 2 ครั้ง ภายใน 30 วัน,เปิด Web ไม่ได้,พายุ,2
20,แจ้งเสียมากกว่า 2 ครั้ง ภายใน 30 วัน | Internet ช้า | Modemไ,แจ้งเสียมากกว่า 2 ครั้ง ภายใน 30 วัน,Internet ช้า,มีค่า Loss สูง,2
20,แจ้งเสียมากกว่า 2 ครั้ง ภายใน 30 วัน | Internet ช้า | Modemไ,แจ้งเสียมากกว่า 2 ครั้ง ภายใน 30 วัน,Internet หลุดบ่อย,เสาอากาศชำรุด,2
20,แจ้งเสียมากกว่า 2 ครั้ง ภายใน 30 วัน | Internet ช้า | Modemไ,แจ้งเสียมากกว่า 2 ครั้ง ภายใน 30 วัน,เปิด Web ไม่ได้,สัญญาณ Wifi ไม่ครอบคลุม,2
20,แจ้งเสียมากกว่า 2 ครั้ง ภายใน 30 วัน | Internet ช้า | Modemไ,แจ้งเสียมากกว่า 2 ครั้ง ภายใน 30 วัน,เปิด Web ไม่ได้,สูญหาย,2
20,แจ้งเสียมากกว่า 2 ครั้ง ภายใน 30 วัน | Internet ช้า | Modemไ,แจ้งเสียมากกว่า 2 ครั้ง ภายใน 30 วัน,Internet หลุดบ่อย,ลูกค้าต้องการเปลี่ยน Hybrid Box,2
20,แจ้งเสียมากกว่า 2 ครั้ง ภายใน 30 วัน | Internet ช้า | Modemไ,แจ้งเสียมากกว่า 2 ครั้ง ภายใน 30 วัน,Internet ช้า,สัญญาณ Wifi ไม่ครอบคลุม,2
20,แจ้งเสียมากกว่า 2 ครั้ง ภายใน 30 วัน | Internet ช้า | Modemไ,แจ้งเสียมากกว่า 2 ครั้ง ภายใน 30 วัน,Internet ช้า,เหตุเสียภายใน 90 วัน,2
20,แจ้งเสียมากกว่า 2 ครั้ง ภายใน 30 วัน | Internet ช้า | Modemไ,แจ้งเสียมากกว่า 2 ครั้ง ภายใน 30 วัน,Internet หลุดบ่อย,Remote ไม่ทำงาน,2
20,แจ้งเสียมากกว่า 2 ครั้ง ภายใน 30 วัน | Internet ช้า | Modemไ,แจ้งเสียมากกว่า 2 ครั้ง ภายใน 30 วัน,Internet ช้า,บุคคลเจตนาร้าย-ตัดทำลายข่ายสาย,2
20,แจ้งเสียมากกว่า 2 ครั้ง ภายใน 30 วัน | Internet ช้า | Modemไ,แจ้งเสียมากกว่า 2 ครั้ง ภายใน 30 วัน,Internet หลุดบ่อย,Port เสีย,2
20,แจ้งเสียมากกว่า 2 ครั้ง ภายใน 30 วัน | Internet ช้า | Modemไ,แจ้งเสียมากกว่า 2 ครั้ง ภายใน 30 วัน,Internet ช้า,Wi-fi 2.4G ไม่รองรับ Speed,2
20,แจ้งเสียมากกว่า 2 ครั้ง ภายใน 30 วัน | Internet ช้า | Modemไ,แจ้งเสียมากกว่า 2 ครั้ง ภายใน 30 วัน,เปิด Web ไม่ได้,หัวสายสำเร็จSC-APC สกปรก,2
20,แจ้งเสียมากกว่า 2 ครั้ง ภายใน 30 วัน | Internet ช้า | Modemไ,แจ้งเสียมากกว่า 2 ครั้ง ภายใน 30 วัน,Internet ช้า,ไม่ตรงรุ่น,2
20,แจ้งเสียมากกว่า 2 ครั้ง ภายใน 30 วัน | Internet ช้า | Modemไ,แจ้งเสียมากกว่า 2 ครั้ง ภายใน 30 วัน,Internet ช้า,Ticket มีการระบุให้เปลี่ยนอุปกรณ์,2
20,แจ้งเสียมากกว่า 2 ครั้ง ภายใน 30 วัน | Internet ช้า | Modemไ,ปัญหาใช้งาน Page Pre Suspend,ปัญหา Super BRAS,,2
20,แจ้งเสียมากกว่า 2 ครั้ง ภายใน 30 วัน | Internet ช้า | Modemไ,แจ้งเสียมากกว่า 2 ครั้ง ภายใน 30 วัน,Internet ช้า,Sync Speed/RSSI ไม่ได้ WIFI ตาม Criteria /Low Signal 2.4 GHz,2
20,แจ้งเสียมากกว่า 2 ครั้ง ภายใน 30 วัน | Internet ช้า | Modemไ,แจ้งเสียมากกว่า 2 ครั้ง ภายใน 30 วัน,Internet ช้า,Modem แตกหัก/สีผิดสภาพเดิม,2
20,แจ้งเสียมากกว่า 2 ครั้ง ภายใน 30 วัน | Internet ช้า | Modemไ,แจ้งเสียมากกว่า 2 ครั้ง ภายใน 30 วัน,Internet หลุดบ่อย,เหตุเสียภายใน 90 วัน,2
20,แจ้งเสียมากกว่า 2 ครั้ง ภายใน 30 วัน | Internet ช้า | Modemไ,แจ้งเสียมากกว่า 2 ครั้ง ภายใน 30 วัน,Internet หลุดบ่อย,ไม่พบปัญหาการใช้งานแล้ว,2
20,แจ้งเสียมากกว่า 2 ครั้ง ภายใน 30 วัน | Internet ช้า | Modemไ,แจ้งเสียมากกว่า 2 ครั้ง ภายใน 30 วัน,เปิด Web ไม่ได้,Auto close by BOT,1
20,แจ้งเสียมากกว่า 2 ครั้ง ภายใน 30 วัน | Internet ช้า | Modemไ,แจ้งเสียมากกว่า 2 ครั้ง ภายใน 30 วัน,เปิด Web ไม่ได้,หลวม/แตกหัก,1
20,แจ้งเสียมากกว่า 2 ครั้ง ภายใน 30 วัน | Internet ช้า | Modemไ,แจ้งเสียมากกว่า 2 ครั้ง ภายใน 30 วัน,เปิด Web ไม่ได้,ลูกค้าใช้งาน Wi Fi ห่างจาก Mesh,1
20,แจ้งเสียมากกว่า 2 ครั้ง ภายใน 30 วัน | Internet ช้า | Modemไ,แจ้งเสียมากกว่า 2 ครั้ง ภายใน 30 วัน,Internet ช้า,Switch on/off เสีย/ชำรุดแตกหัก,1
20,แจ้งเสียมากกว่า 2 ครั้ง ภายใน 30 วัน | Internet ช้า | Modemไ,แจ้งเสียมากกว่า 2 ครั้ง ภายใน 30 วัน,Internet หลุดบ่อย,สกปรก,1
20,แจ้งเสียมากกว่า 2 ครั้ง ภายใน 30 วัน | Internet ช้า | Modemไ,แจ้งเสียมากกว่า 2 ครั้ง ภายใน 30 วัน,Internet ช้า,ค่าสัญญาณดี ไม่มีภาพ/ ไม่มีเสียง,1
20,แจ้งเสียมากกว่า 2 ครั้ง ภายใน 30 วัน | Internet ช้า | Modemไ,แจ้งเสียมากกว่า 2 ครั้ง ภายใน 30 วัน,เปิด Web ไม่ได้,Port Lan เสีย,1
20,แจ้งเสียมากกว่า 2 ครั้ง ภายใน 30 วัน | Internet ช้า | Modemไ,แจ้งเสียมากกว่า 2 ครั้ง ภายใน 30 วัน,Internet ช้า,ค่าสัญญาณดี ภาพค้าง/ ขาดหาย,1
20,แจ้งเสียมากกว่า 2 ครั้ง ภายใน 30 วัน | Internet ช้า | Modemไ,แจ้งเสียมากกว่า 2 ครั้ง ภายใน 30 วัน,Internet ช้า,LAN เสีย,1
20,แจ้งเสียมากกว่า 2 ครั้ง ภายใน 30 วัน | Internet ช้า | Modemไ,แจ้งเสียมากกว่า 2 ครั้ง ภายใน 30 วัน,Internet ช้า,พายุ,1
20,แจ้งเสียมากกว่า 2 ครั้ง ภายใน 30 วัน | Internet ช้า | Modemไ,แจ้งเสียมากกว่า 2 ครั้ง ภายใน 30 วัน,เปิด Web ไม่ได้,เหตุเสียภายใน 90 วัน,1
20,แจ้งเสียมากกว่า 2 ครั้ง ภายใน 30 วัน | Internet ช้า | Modemไ,แจ้งเสียมากกว่า 2 ครั้ง ภายใน 30 วัน,Connectได้แต่มีปัญหา,Connect WiFi ไม่ได้/ไม่พบ SSID,1
20,แจ้งเสียมากกว่า 2 ครั้ง ภายใน 30 วัน | Internet ช้า | Modemไ,แจ้งเสียมากกว่า 2 ครั้ง ภายใน 30 วัน,Internet ช้า,Port เสีย,1
20,แจ้งเสียมากกว่า 2 ครั้ง ภายใน 30 วัน | Internet ช้า | Modemไ,แจ้งเสียมากกว่า 2 ครั้ง ภายใน 30 วัน,เปิด Web ไม่ได้,ลูกค้าต้องการเปลี่ยน TrueID TV Box,1
20,แจ้งเสียมากกว่า 2 ครั้ง ภายใน 30 วัน | Internet ช้า | Modemไ,แจ้งเสียมากกว่า 2 ครั้ง ภายใน 30 วัน,Internet หลุดบ่อย,ลูกค้าทำอุปกรณ์เสียหาย,1
20,แจ้งเสียมากกว่า 2 ครั้ง ภายใน 30 วัน | Internet ช้า | Modemไ,แจ้งเสียมากกว่า 2 ครั้ง ภายใน 30 วัน,เปิด Web ไม่ได้,หลอดไฟ LED Status เสีย,1
20,แจ้งเสียมากกว่า 2 ครั้ง ภายใน 30 วัน | Internet ช้า | Modemไ,แจ้งเสียมากกว่า 2 ครั้ง ภายใน 30 วัน,Internet ช้า,ค่าสัญญาณดี แต่พบภาพขาดหาย/ ภาพแตก/ เสียงขาดหาย,1
20,แจ้งเสียมากกว่า 2 ครั้ง ภายใน 30 วัน | Internet ช้า | Modemไ,แจ้งเสียมากกว่า 2 ครั้ง ภายใน 30 วัน,Internet หลุดบ่อย,สูญหาย,1
20,แจ้งเสียมากกว่า 2 ครั้ง ภายใน 30 วัน | Internet ช้า | Modemไ,แจ้งเสียมากกว่า 2 ครั้ง ภายใน 30 วัน,Internet หลุดบ่อย,Auto close by BOT,1
20,แจ้งเสียมากกว่า 2 ครั้ง ภายใน 30 วัน | Internet ช้า | Modemไ,แจ้งเสียมากกว่า 2 ครั้ง ภายใน 30 วัน,เปิด Web ไม่ได้,เสื่อมสภาพการใช้งาน,1
20,แจ้งเสียมากกว่า 2 ครั้ง ภายใน 30 วัน | Internet ช้า | Modemไ,แจ้งเสียมากกว่า 2 ครั้ง ภายใน 30 วัน,Internet หลุดบ่อย,คำสั่งเสียงไม่ทำงาน,1
20,แจ้งเสียมากกว่า 2 ครั้ง ภายใน 30 วัน | Internet ช้า | Modemไ,แจ้งเสียมากกว่า 2 ครั้ง ภายใน 30 วัน,เปิด Web ไม่ได้,CONFIG CHANGE/BUG FIRMWARE,1
20,แจ้งเสียมากกว่า 2 ครั้ง ภายใน 30 วัน | Internet ช้า | Modemไ,แจ้งเสียมากกว่า 2 ครั้ง ภายใน 30 วัน,เปิด Web ไม่ได้,ลูกค้าแจ้งขอยกเลิกบริการ,1
20,แจ้งเสียมากกว่า 2 ครั้ง ภายใน 30 วัน | Internet ช้า | Modemไ,แจ้งเสียมากกว่า 2 ครั้ง ภายใน 30 วัน,Internet ช้า,สายเสื่อมสภาพ,1
20,แจ้งเสียมากกว่า 2 ครั้ง ภายใน 30 วัน | Internet ช้า | Modemไ,แจ้งเสียมากกว่า 2 ครั้ง ภายใน 30 วัน,เปิด Web ไม่ได้,Ticket มีการระบุให้เปลี่ยนอุปกรณ์,1
20,แจ้งเสียมากกว่า 2 ครั้ง ภายใน 30 วัน | Internet ช้า | Modemไ,แจ้งเสียมากกว่า 2 ครั้ง ภายใน 30 วัน,Internet หลุดบ่อย,สัญญาณ Wifi ไม่ครอบคลุม,1
20,แจ้งเสียมากกว่า 2 ครั้ง ภายใน 30 วัน | Internet ช้า | Modemไ,แจ้งเสียมากกว่า 2 ครั้ง ภายใน 30 วัน,Internet หลุดบ่อย,ช่องรายการถูกล็อค(E016/E017),1
20,แจ้งเสียมากกว่า 2 ครั้ง ภายใน 30 วัน | Internet ช้า | Modemไ,แจ้งเสียมากกว่า 2 ครั้ง ภายใน 30 วัน,Internet ช้า,สัตว์ (เช่น ลิง กระรอก ช้าง ),1
20,แจ้งเสียมากกว่า 2 ครั้ง ภายใน 30 วัน | Internet ช้า | Modemไ,แจ้งเสียมากกว่า 2 ครั้ง ภายใน 30 วัน,Internet ช้า,ลูกค้าใช้งาน Wi Fi ห่างจาก Mesh,1
20,แจ้งเสียมากกว่า 2 ครั้ง ภายใน 30 วัน | Internet ช้า | Modemไ,แจ้งเสียมากกว่า 2 ครั้ง ภายใน 30 วัน,Internet หลุดบ่อย,ช่องรายการถูกล็อค(CA14),1
20,แจ้งเสียมากกว่า 2 ครั้ง ภายใน 30 วัน | Internet ช้า | Modemไ,แจ้งเสียมากกว่า 2 ครั้ง ภายใน 30 วัน,Internet หลุดบ่อย,หลวม/แตกหัก,1
20,แจ้งเสียมากกว่า 2 ครั้ง ภายใน 30 วัน | Internet ช้า | Modemไ,แจ้งเสียมากกว่า 2 ครั้ง ภายใน 30 วัน,Internet ช้า,ลูกค้าต้องการเปลี่ยน Mesh Wifi,1
20,แจ้งเสียมากกว่า 2 ครั้ง ภายใน 30 วัน | Internet ช้า | Modemไ,แจ้งเสียมากกว่า 2 ครั้ง ภายใน 30 วัน,Internet หลุดบ่อย,ลูกค้าต้องการเปลี่ยน Mesh Wifi,1
21,Proactive monitor หลังปิดงานซ่อม | คุณภาพสัญญาน | ไม่ทราบสาเ,Proactive monitor หลังปิดงานซ่อม,คุณภาพสัญญาน,ไม่พบปัญหาการใช้งานแล้ว,2468
21,Proactive monitor หลังปิดงานซ่อม | คุณภาพสัญญาน | ไม่ทราบสาเ,Proactive monitor หลังปิดงานซ่อม,คุณภาพสัญญาน,การใช้งานของลูกค้า,1197
21,Proactive monitor หลังปิดงานซ่อม | คุณภาพสัญญาน | ไม่ทราบสาเ,Proactive monitor หลังปิดงานซ่อม,คุณภาพสัญญาน,เหตุเสียใช้ได้ ก่อนช่างถึงบ้าน,604
21,Proactive monitor หลังปิดงานซ่อม | คุณภาพสัญญาน | ไม่ทราบสาเ,Proactive monitor หลังปิดงานซ่อม,คุณภาพสัญญาน,ลูกค้าต้องการเปลี่ยน Modem,585
21,Proactive monitor หลังปิดงานซ่อม | คุณภาพสัญญาน | ไม่ทราบสาเ,Proactive monitor หลังปิดงานซ่อม,คุณภาพสัญญาน,ไฟไม่เข้า,439
21,Proactive monitor หลังปิดงานซ่อม | คุณภาพสัญญาน | ไม่ทราบสาเ,Proactive monitor หลังปิดงานซ่อม,คุณภาพสัญญาน,ลูกค้าแจ้งเสีย (เปิด Reactive Ticket),415
21,Proactive monitor หลังปิดงานซ่อม | คุณภาพสัญญาน | ไม่ทราบสาเ,Proactive monitor หลังปิดงานซ่อม,คุณภาพสัญญาน,ไม่ทราบสาเหตุ,338
21,Proactive monitor หลังปิดงานซ่อม | คุณภาพสัญญาน | ไม่ทราบสาเ,Proactive monitor หลังปิดงานซ่อม,คุณภาพสัญญาน,Modemไม่ lock/ไม่ Synch/High Loss,277
21,Proactive monitor หลังปิดงานซ่อม | คุณภาพสัญญาน | ไม่ทราบสาเ,Proactive monitor หลังปิดงานซ่อม,คุณภาพสัญญาน,Reboot,262
21,Proactive monitor หลังปิดงานซ่อม | คุณภาพสัญญาน | ไม่ทราบสาเ,Proactive monitor หลังปิดงานซ่อม,คุณภาพสัญญาน,Connect WiFi ไม่ได้/ไม่พบ SSID,215
21,Proactive monitor หลังปิดงานซ่อม | คุณภาพสัญญาน | ไม่ทราบสาเ,Proactive monitor หลังปิดงานซ่อม,คุณภาพสัญญาน,ลูกค้าเปลี่ยนใจ/ลูกค้าขอยกเลิกบริการเอง,154
21,Proactive monitor หลังปิดงานซ่อม | คุณภาพสัญญาน | ไม่ทราบสาเ,Proactive monitor หลังปิดงานซ่อม,คุณภาพสัญญาน,ขัดข้อง/เสีย,148
21,Proactive monitor หลังปิดงานซ่อม | คุณภาพสัญญาน | ไม่ทราบสาเ,Proactive monitor หลังปิดงานซ่อม,คุณภาพสัญญาน,Monitor เหตุเสียครบตามเงื่อนไข,100
21,Proactive monitor หลังปิดงานซ่อม | คุณภาพสัญญาน | ไม่ทราบสาเ,Proactive monitor หลังปิดงานซ่อม,คุณภาพสัญญาน,สายหัก/สายงอ/สายถูกดึงรั้ง,85
21,Proactive monitor หลังปิดงานซ่อม | คุณภาพสัญญาน | ไม่ทราบสาเ,Proactive monitor หลังปิดงานซ่อม,คุณภาพสัญญาน,CONFIG CHANGE,83
21,Proactive monitor หลังปิดงานซ่อม | คุณภาพสัญญาน | ไม่ทราบสาเ,Proactive monitor หลังปิดงานซ่อม,คุณภาพสัญญาน,อุปกรณ์ Hang,81
21,Proactive monitor หลังปิดงานซ่อม | คุณภาพสัญญาน | ไม่ทราบสาเ,Proactive monitor หลังปิดงานซ่อม,คุณภาพสัญญาน,การไฟฟ้าย้ายแนว/จัดระเบียบสาย,54
21,Proactive monitor หลังปิดงานซ่อม | คุณภาพสัญญาน | ไม่ทราบสาเ,Proactive monitor หลังปิดงานซ่อม,คุณภาพสัญญาน,ลูกค้าไม่อยู่บ้าน,50
21,Proactive monitor หลังปิดงานซ่อม | คุณภาพสัญญาน | ไม่ทราบสาเ,Proactive monitor หลังปิดงานซ่อม,คุณภาพสัญญาน,อุปกรณ์คืนค่าโรงงาน,50
21,Proactive monitor หลังปิดงานซ่อม | คุณภาพสัญญาน | ไม่ทราบสาเ,Proactive monitor หลังปิดงานซ่อม,คุณภาพสัญญาน,ทดสอบและอธิบายลูกค้า,50
21,Proactive monitor หลังปิดงานซ่อม | คุณภาพสัญญาน | ไม่ทราบสาเ,Proactive monitor หลังปิดงานซ่อม,คุณภาพสัญญาน,Modem ไม่รองรับ Package ลูกค้า,43
21,Proactive monitor หลังปิดงานซ่อม | คุณภาพสัญญาน | ไม่ทราบสาเ,Proactive monitor หลังปิดงานซ่อม,คุณภาพสัญญาน,หัวสายสำเร็จSC-APC เสีย,39
21,Proactive monitor หลังปิดงานซ่อม | คุณภาพสัญญาน | ไม่ทราบสาเ,Proactive monitor หลังปิดงานซ่อม,คุณภาพสัญญาน,ระยะสาย Drop Wire ไกล,38
21,Proactive monitor หลังปิดงานซ่อม | คุณภาพสัญญาน | ไม่ทราบสาเ,Proactive monitor หลังปิดงานซ่อม,คุณภาพสัญญาน,หัวสายสำเร็จSC-APC หลวม /ไม่สนิท,37
21,Proactive monitor หลังปิดงานซ่อม | คุณภาพสัญญาน | ไม่ทราบสาเ,Proactive monitor หลังปิดงานซ่อม,คุณภาพสัญญาน,ลูกค้าแจ้งขอยกเลิกบริการ,36
21,Proactive monitor หลังปิดงานซ่อม | คุณภาพสัญญาน | ไม่ทราบสาเ,Proactive monitor หลังปิดงานซ่อม,คุณภาพสัญญาน,ค่าสัญญาณดี แต่พบภาพขาดหาย/ ภาพแตก/ เสียงขาดหาย,36
21,Proactive monitor หลังปิดงานซ่อม | คุณภาพสัญญาน | ไม่ทราบสาเ,Proactive monitor หลังปิดงานซ่อม,คุณภาพสัญญาน,ลูกค้าต้องการเปลี่ยน Set Top Box,36
21,Proactive monitor หลังปิดงานซ่อม | คุณภาพสัญญาน | ไม่ทราบสาเ,Proactive monitor หลังปิดงานซ่อม,คุณภาพสัญญาน,ลูกค้าต้องการเปลี่ยน TrueID TV Box,34
21,Proactive monitor หลังปิดงานซ่อม | คุณภาพสัญญาน | ไม่ทราบสาเ,Proactive monitor หลังปิดงานซ่อม,คุณภาพสัญญาน,ค่าสัญญาณดี ภาพค้าง/ ขาดหาย,34
21,Proactive monitor หลังปิดงานซ่อม | คุณภาพสัญญาน | ไม่ทราบสาเ,Proactive monitor หลังปิดงานซ่อม,คุณภาพสัญญาน,ลูกค้าต้องการเปลี่ยน Hybrid Box,32
21,Proactive monitor หลังปิดงานซ่อม | คุณภาพสัญญาน | ไม่ทราบสาเ,Proactive monitor หลังปิดงานซ่อม,คุณภาพสัญญาน,ไม่มีสัญญาณ CATV หรือ ค่า RF ไม่ได้ตามค่ามาตรฐาน,27
21,Proactive monitor หลังปิดงานซ่อม | คุณภาพสัญญาน | ไม่ทราบสาเ,Proactive monitor หลังปิดงานซ่อม,คุณภาพสัญญาน,Switch on/off เสีย/ชำรุดแตกหัก,25
21,Proactive monitor หลังปิดงานซ่อม | คุณภาพสัญญาน | ไม่ทราบสาเ,Proactive monitor หลังปิดงานซ่อม,คุณภาพสัญญาน,กล่องไม่อ่านการ์ด,25
21,Proactive monitor หลังปิดงานซ่อม | คุณภาพสัญญาน | ไม่ทราบสาเ,Proactive monitor หลังปิดงานซ่อม,คุณภาพสัญญาน,ลูกค้าต้องการเปลี่ยน Mesh Wifi,23
21,Proactive monitor หลังปิดงานซ่อม | คุณภาพสัญญาน | ไม่ทราบสาเ,Proactive monitor หลังปิดงานซ่อม,คุณภาพสัญญาน,เปลี่ยน process การทำงาน,23
21,Proactive monitor หลังปิดงานซ่อม | คุณภาพสัญญาน | ไม่ทราบสาเ,Proactive monitor หลังปิดงานซ่อม,คุณภาพสัญญาน,Sync Speed ได้ แต่ Test Speed LAN ไม่ได้ตาม Package,20
21,Proactive monitor หลังปิดงานซ่อม | คุณภาพสัญญาน | ไม่ทราบสาเ,Proactive monitor หลังปิดงานซ่อม,คุณภาพสัญญาน,LAN เสีย,20
21,Proactive monitor หลังปิดงานซ่อม | คุณภาพสัญญาน | ไม่ทราบสาเ,Proactive monitor หลังปิดงานซ่อม,คุณภาพสัญญาน,Mesh pair ไม่สำเร็จ,20
21,Proactive monitor หลังปิดงานซ่อม | คุณภาพสัญญาน | ไม่ทราบสาเ,Proactive monitor หลังปิดงานซ่อม,คุณภาพสัญญาน,Ticket มีการระบุให้เปลี่ยนอุปกรณ์,20
21,Proactive monitor หลังปิดงานซ่อม | คุณภาพสัญญาน | ไม่ทราบสาเ,Proactive monitor หลังปิดงานซ่อม,คุณภาพสัญญาน,ส่งงานไม่ถูกต้อง,19
21,Proactive monitor หลังปิดงานซ่อม | คุณภาพสัญญาน | ไม่ทราบสาเ,Proactive monitor หลังปิดงานซ่อม,คุณภาพสัญญาน,กล่องรับสัญญาณขัดข้อง (CA9/CA11),18
21,Proactive monitor หลังปิดงานซ่อม | คุณภาพสัญญาน | ไม่ทราบสาเ,Proactive monitor หลังปิดงานซ่อม,คุณภาพสัญญาน,รถเกี่ยว,17
21,Proactive monitor หลังปิดงานซ่อม | คุณภาพสัญญาน | ไม่ทราบสาเ,Proactive monitor หลังปิดงานซ่อม,คุณภาพสัญญาน,Area Manager เห็นชอบให้มีการเปลี่ยน CPE,17
21,Proactive monitor หลังปิดงานซ่อม | คุณภาพสัญญาน | ไม่ทราบสาเ,Proactive monitor หลังปิดงานซ่อม,คุณภาพสัญญาน,พบปัญหาใหม่,14
21,Proactive monitor หลังปิดงานซ่อม | คุณภาพสัญญาน | ไม่ทราบสาเ,Proactive monitor หลังปิดงานซ่อม,คุณภาพสัญญาน,ค่าสัญญาณดี ไม่มีภาพ/ ไม่มีเสียง,13
21,Proactive monitor หลังปิดงานซ่อม | คุณภาพสัญญาน | ไม่ทราบสาเ,Proactive monitor หลังปิดงานซ่อม,คุณภาพสัญญาน,มีเสียงผิดปกติในตัวโมเด็ม,13
21,Proactive monitor หลังปิดงานซ่อม | คุณภาพสัญญาน | ไม่ทราบสาเ,Proactive monitor หลังปิดงานซ่อม,คุณภาพสัญญาน,สัตว์ (เช่น ลิง กระรอก ช้าง ),12
21,Proactive monitor หลังปิดงานซ่อม | คุณภาพสัญญาน | ไม่ทราบสาเ,Proactive monitor หลังปิดงานซ่อม,คุณภาพสัญญาน,สายเสื่อมสภาพ,11
21,Proactive monitor หลังปิดงานซ่อม | คุณภาพสัญญาน | ไม่ทราบสาเ,Proactive monitor หลังปิดงานซ่อม,คุณภาพสัญญาน,Remote ไม่ทำงาน,10
21,Proactive monitor หลังปิดงานซ่อม | คุณภาพสัญญาน | ไม่ทราบสาเ,Proactive monitor หลังปิดงานซ่อม,คุณภาพสัญญาน,Voice ไม่ติด (ไฟ Phone ไม่ติด),10
21,Proactive monitor หลังปิดงานซ่อม | คุณภาพสัญญาน | ไม่ทราบสาเ,Proactive monitor หลังปิดงานซ่อม,คุณภาพสัญญาน,เทศบาลตัดแต่งต้นไม้,9
21,Proactive monitor หลังปิดงานซ่อม | คุณภาพสัญญาน | ไม่ทราบสาเ,Proactive monitor หลังปิดงานซ่อม,คุณภาพสัญญาน,Port เสีย,9
21,Proactive monitor หลังปิดงานซ่อม | คุณภาพสัญญาน | ไม่ทราบสาเ,Proactive monitor หลังปิดงานซ่อม,คุณภาพสัญญาน,Modem แตกหัก/สีผิดสภาพเดิม,9
21,Proactive monitor หลังปิดงานซ่อม | คุณภาพสัญญาน | ไม่ทราบสาเ,Proactive monitor หลังปิดงานซ่อม,คุณภาพสัญญาน,เสาอากาศชำรุด,9
21,Proactive monitor หลังปิดงานซ่อม | คุณภาพสัญญาน | ไม่ทราบสาเ,Proactive monitor หลังปิดงานซ่อม,คุณภาพสัญญาน,มีค่า Loss สูง,8
21,Proactive monitor หลังปิดงานซ่อม | คุณภาพสัญญาน | ไม่ทราบสาเ,Proactive monitor หลังปิดงานซ่อม,คุณภาพสัญญาน,เหตุเสียภายใน 90 วัน,8
21,Proactive monitor หลังปิดงานซ่อม | คุณภาพสัญญาน | ไม่ทราบสาเ,Proactive monitor หลังปิดงานซ่อม,คุณภาพสัญญาน,ข้อต่อหลวม ไม่ดี/ไม่สนิท,7
21,Proactive monitor หลังปิดงานซ่อม | คุณภาพสัญญาน | ไม่ทราบสาเ,Proactive monitor หลังปิดงานซ่อม,คุณภาพสัญญาน,บุคคลเจตนาร้าย-ตัดทำลายข่ายสาย,7
21,Proactive monitor หลังปิดงานซ่อม | คุณภาพสัญญาน | ไม่ทราบสาเ,Proactive monitor หลังปิดงานซ่อม,คุณภาพสัญญาน,ช่องรายการถูกล็อค(CA14),7
21,Proactive monitor หลังปิดงานซ่อม | คุณภาพสัญญาน | ไม่ทราบสาเ,Proactive monitor หลังปิดงานซ่อม,คุณภาพสัญญาน,Project Inspection Dropwire,7
21,Proactive monitor หลังปิดงานซ่อม | คุณภาพสัญญาน | ไม่ทราบสาเ,Proactive monitor หลังปิดงานซ่อม,คุณภาพสัญญาน,Exp ดี - ลูกค้าไม่สะดวกให้ตรวจสอบ,7
21,Proactive monitor หลังปิดงานซ่อม | คุณภาพสัญญาน | ไม่ทราบสาเ,Proactive monitor หลังปิดงานซ่อม,คุณภาพสัญญาน,กล่องรับสัญญาณขัดข้อง (ER16/E048),6
21,Proactive monitor หลังปิดงานซ่อม | คุณภาพสัญญาน | ไม่ทราบสาเ,Proactive monitor หลังปิดงานซ่อม,คุณภาพสัญญาน,หลอดไฟ LED Status เสีย,6
21,Proactive monitor หลังปิดงานซ่อม | คุณภาพสัญญาน | ไม่ทราบสาเ,Proactive monitor หลังปิดงานซ่อม,คุณภาพสัญญาน,แมลง(เช่น จักจั่น มด ปลวก),5
21,Proactive monitor หลังปิดงานซ่อม | คุณภาพสัญญาน | ไม่ทราบสาเ,Proactive monitor หลังปิดงานซ่อม,คุณภาพสัญญาน,"สายขาด,หัก (Crack)",4
21,Proactive monitor หลังปิดงานซ่อม | คุณภาพสัญญาน | ไม่ทราบสาเ,Proactive monitor หลังปิดงานซ่อม,คุณภาพสัญญาน,ลูกค้าทำอุปกรณ์เสียหาย,4
21,Proactive monitor หลังปิดงานซ่อม | คุณภาพสัญญาน | ไม่ทราบสาเ,Proactive monitor หลังปิดงานซ่อม,คุณภาพสัญญาน,สายขาด,4
21,Proactive monitor หลังปิดงานซ่อม | คุณภาพสัญญาน | ไม่ทราบสาเ,Proactive monitor หลังปิดงานซ่อม,คุณภาพสัญญาน,พายุ,4
21,Proactive monitor หลังปิดงานซ่อม | คุณภาพสัญญาน | ไม่ทราบสาเ,Proactive monitor หลังปิดงานซ่อม,คุณภาพสัญญาน,กล่องรับสัญญาณขัดข้อง (E161),4
21,Proactive monitor หลังปิดงานซ่อม | คุณภาพสัญญาน | ไม่ทราบสาเ,Proactive monitor หลังปิดงานซ่อม,คุณภาพสัญญาน,ลูกค้าปิด Modem,4
21,Proactive monitor หลังปิดงานซ่อม | คุณภาพสัญญาน | ไม่ทราบสาเ,Proactive monitor หลังปิดงานซ่อม,คุณภาพสัญญาน,สายไม่เป็นระเบียบ,4
21,Proactive monitor หลังปิดงานซ่อม | คุณภาพสัญญาน | ไม่ทราบสาเ,Proactive monitor หลังปิดงานซ่อม,คุณภาพสัญญาน,หัวสายสำเร็จSC-APC สกปรก,4
21,Proactive monitor หลังปิดงานซ่อม | คุณภาพสัญญาน | ไม่ทราบสาเ,Proactive monitor หลังปิดงานซ่อม,คุณภาพสัญญาน,ช่องรายการถูกล็อค(E016/E017),3
21,Proactive monitor หลังปิดงานซ่อม | คุณภาพสัญญาน | ไม่ทราบสาเ,Proactive monitor หลังปิดงานซ่อม,คุณภาพสัญญาน,ลูกค้าใช้งาน Wi Fi ห่างจาก Modem,3
21,Proactive monitor หลังปิดงานซ่อม | คุณภาพสัญญาน | ไม่ทราบสาเ,Proactive monitor หลังปิดงานซ่อม,คุณภาพสัญญาน,wifi ของกล่องเสีย,3
21,Proactive monitor หลังปิดงานซ่อม | คุณภาพสัญญาน | ไม่ทราบสาเ,Proactive monitor หลังปิดงานซ่อม,คุณภาพสัญญาน,แตกหัก,2
21,Proactive monitor หลังปิดงานซ่อม | คุณภาพสัญญาน | ไม่ทราบสาเ,อุปกรณ์ลูกค้า (device),Internet หลุดบ่อย,Monitor เหตุเสียครบตามเงื่อนไข,2
21,Proactive monitor หลังปิดงานซ่อม | คุณภาพสัญญาน | ไม่ทราบสาเ,Proactive monitor หลังปิดงานซ่อม,คุณภาพสัญญาน,หลวม/แตกหัก,2
21,Proactive monitor หลังปิดงานซ่อม | คุณภาพสัญญาน | ไม่ทราบสาเ,Proactive monitor หลังปิดงานซ่อม,คุณภาพสัญญาน,สูญหาย,2
21,Proactive monitor หลังปิดงานซ่อม | คุณภาพสัญญาน | ไม่ทราบสาเ,Proactive monitor หลังปิดงานซ่อม,คุณภาพสัญญาน,BUG FIRMWARE,2
21,Proactive monitor หลังปิดงานซ่อม | คุณภาพสัญญาน | ไม่ทราบสาเ,Proactive monitor หลังปิดงานซ่อม,คุณภาพสัญญาน,Costomer Knowledge,2
21,Proactive monitor หลังปิดงานซ่อม | คุณภาพสัญญาน | ไม่ทราบสาเ,Proactive monitor หลังปิดงานซ่อม,คุณภาพสัญญาน,CONFIG.PARAMETER ไม่ถูกต้อง,2
21,Proactive monitor หลังปิดงานซ่อม | คุณภาพสัญญาน | ไม่ทราบสาเ,Proactive monitor หลังปิดงานซ่อม,คุณภาพสัญญาน,ไฟไหม้,2
21,Proactive monitor หลังปิดงานซ่อม | คุณภาพสัญญาน | ไม่ทราบสาเ,Proactive monitor หลังปิดงานซ่อม,คุณภาพสัญญาน,ตัวแทนไม่รับงานติดตั้งกล้อง CCTV,1
21,Proactive monitor หลังปิดงานซ่อม | คุณภาพสัญญาน | ไม่ทราบสาเ,Proactive monitor หลังปิดงานซ่อม,คุณภาพสัญญาน,Port Lan เสีย,1
21,Proactive monitor หลังปิดงานซ่อม | คุณภาพสัญญาน | ไม่ทราบสาเ,Proactive -monitor หลังปิดงาน Network event,Proactive,ลูกค้าต้องการเปลี่ยน TrueID TV Box,1
21,Proactive monitor หลังปิดงานซ่อม | คุณภาพสัญญาน | ไม่ทราบสาเ,Proactive monitor หลังปิดงานซ่อม,คุณภาพสัญญาน,Module เสีย,1
21,Proactive monitor หลังปิดงานซ่อม | คุณภาพสัญญาน | ไม่ทราบสาเ,Proactive monitor หลังปิดงานซ่อม,Proactive,ขัดข้อง/เสีย,1
21,Proactive monitor หลังปิดงานซ่อม | คุณภาพสัญญาน | ไม่ทราบสาเ,Proactive monitor หลังปิดงานซ่อม,คุณภาพสัญญาน,Port HDMI/AV เสีย,1
21,Proactive monitor หลังปิดงานซ่อม | คุณภาพสัญญาน | ไม่ทราบสาเ,Proactive monitor หลังปิดงานซ่อม,แจ้งเสีย-คุณภาพสัญญาณ,,1
21,Proactive monitor หลังปิดงานซ่อม | คุณภาพสัญญาน | ไม่ทราบสาเ,Proactive monitor หลังปิดงานซ่อม,คุณภาพสัญญาน,เสื่อมสภาพการใช้งาน,1
21,Proactive monitor หลังปิดงานซ่อม | คุณภาพสัญญาน | ไม่ทราบสาเ,Proactive monitor หลังปิดงานซ่อม,คุณภาพสัญญาน,Port HDMI/AV/optical/usb เสีย,1
21,Proactive monitor หลังปิดงานซ่อม | คุณภาพสัญญาน | ไม่ทราบสาเ,Proactive monitor หลังปิดงานซ่อม,คุณภาพสัญญาน,Battery หมด/เสื่อม,1
21,Proactive monitor หลังปิดงานซ่อม | คุณภาพสัญญาน | ไม่ทราบสาเ,Proactive monitor หลังปิดงานซ่อม,คุณภาพสัญญาน,ทรูรับผิดชอบ,1
21,Proactive monitor หลังปิดงานซ่อม | คุณภาพสัญญาน | ไม่ทราบสาเ,Proactive monitor หลังปิดงานซ่อม,คุณภาพสัญญาน,Wi-fi 2.4G ไม่รองรับ Speed,1
21,Proactive monitor หลังปิดงานซ่อม | คุณภาพสัญญาน | ไม่ทราบสาเ,Proactive monitor หลังปิดงานซ่อม,Proactive,สายหัก/สายงอ/สายถูกดึงรั้ง,1
21,Proactive monitor หลังปิดงานซ่อม | คุณภาพสัญญาน | ไม่ทราบสาเ,Proactive monitor หลังปิดงานซ่อม,คุณภาพสัญญาน,คำสั่งเสียงไม่ทำงาน,1
21,Proactive monitor หลังปิดงานซ่อม | คุณภาพสัญญาน | ไม่ทราบสาเ,Proactive monitor หลังปิดงานซ่อม,คุณภาพสัญญาน,Tuner เสีย (กล่อง2 Tuner),1
21,Proactive monitor หลังปิดงานซ่อม | คุณภาพสัญญาน | ไม่ทราบสาเ,Proactive monitor หลังปิดงานซ่อม,คุณภาพสัญญาน,ขั้วต่อ F Connector RG6 ที่กล่องชำรุด,1
21,Proactive monitor หลังปิดงานซ่อม | คุณภาพสัญญาน | ไม่ทราบสาเ,Proactive monitor หลังปิดงานซ่อม,คุณภาพสัญญาน,ไม่ตรงรุ่น,1
21,Proactive monitor หลังปิดงานซ่อม | คุณภาพสัญญาน | ไม่ทราบสาเ,Proactive monitor หลังปิดงานซ่อม,Proactive,ไม่พบปัญหาการใช้งานแล้ว,1
21,Proactive monitor หลังปิดงานซ่อม | คุณภาพสัญญาน | ไม่ทราบสาเ,Proactive monitor หลังปิดงานซ่อม,คุณภาพสัญญาน,ผรม ติดตั้งกล่องไม่สมบูรณ์,1
22,Proactive-Change ONT | Proactive | ลูกค้าต้องการเปลี่ยน Mode,Proactive-Change ONT,Proactive,ลูกค้าต้องการเปลี่ยน Modem,1641
22,Proactive-Change ONT | Proactive | ลูกค้าต้องการเปลี่ยน Mode,Proactive-Change Non-Gigatex Modem,Proactive,ลูกค้าต้องการเปลี่ยน Modem,219
22,Proactive-Change ONT | Proactive | ลูกค้าต้องการเปลี่ยน Mode,Proactive-Change Non-Gigatex Modem,Proactive,Modemไม่ lock/ไม่ Synch/High Loss,185
22,Proactive-Change ONT | Proactive | ลูกค้าต้องการเปลี่ยน Mode,Proactive-Change Non-Gigatex Modem,Proactive,Reboot,128
22,Proactive-Change ONT | Proactive | ลูกค้าต้องการเปลี่ยน Mode,Proactive-Change Non-Gigatex Modem,Proactive,Ticket มีการระบุให้เปลี่ยนอุปกรณ์,104
22,Proactive-Change ONT | Proactive | ลูกค้าต้องการเปลี่ยน Mode,Proactive-Change Non-Gigatex Modem,Proactive,ไฟไม่เข้า,81
22,Proactive-Change ONT | Proactive | ลูกค้าต้องการเปลี่ยน Mode,Proactive-Change Non-Gigatex Modem,Proactive,Area Manager เห็นชอบให้มีการเปลี่ยน CPE,74
22,Proactive-Change ONT | Proactive | ลูกค้าต้องการเปลี่ยน Mode,Proactive-Change Non-Gigatex Modem,Proactive,Connect WiFi ไม่ได้/ไม่พบ SSID,69
22,Proactive-Change ONT | Proactive | ลูกค้าต้องการเปลี่ยน Mode,Proactive-Change Non-Gigatex Modem,Proactive,Monitor เหตุเสียครบตามเงื่อนไข,68
22,Proactive-Change ONT | Proactive | ลูกค้าต้องการเปลี่ยน Mode,Proactive-Change Non-Gigatex Modem,Proactive,ลูกค้าเปลี่ยนใจ/ลูกค้าขอยกเลิกบริการเอง,45
22,Proactive-Change ONT | Proactive | ลูกค้าต้องการเปลี่ยน Mode,Proactive-Change Non-Gigatex Modem,Proactive,ไม่มีสัญญาณ CATV หรือ ค่า RF ไม่ได้ตามค่ามาตรฐาน,44
22,Proactive-Change ONT | Proactive | ลูกค้าต้องการเปลี่ยน Mode,Proactive-Change Non-Gigatex Modem,Proactive,Modem ไม่รองรับ Package ลูกค้า,33
22,Proactive-Change ONT | Proactive | ลูกค้าต้องการเปลี่ยน Mode,Proactive-Change Non-Gigatex Modem,Proactive,เหตุเสียใช้ได้ ก่อนช่างถึงบ้าน,30
22,Proactive-Change ONT | Proactive | ลูกค้าต้องการเปลี่ยน Mode,Proactive-Change Non-Gigatex Modem,Proactive,ไม่ทราบสาเหตุ,25
22,Proactive-Change ONT | Proactive | ลูกค้าต้องการเปลี่ยน Mode,Proactive-Change Non-Gigatex Modem,Proactive,อุปกรณ์คืนค่าโรงงาน,21
22,Proactive-Change ONT | Proactive | ลูกค้าต้องการเปลี่ยน Mode,Proactive-Change Non-Gigatex Modem,Proactive,สายหัก/สายงอ/สายถูกดึงรั้ง,21
22,Proactive-Change ONT | Proactive | ลูกค้าต้องการเปลี่ยน Mode,Proactive-Change Non-Gigatex Modem,Proactive,การใช้งานของลูกค้า,15
22,Proactive-Change ONT | Proactive | ลูกค้าต้องการเปลี่ยน Mode,Proactive-Change Non-Gigatex Modem,Proactive,ขัดข้อง/เสีย,14
22,Proactive-Change ONT | Proactive | ลูกค้าต้องการเปลี่ยน Mode,Proactive-Change Non-Gigatex Modem,Proactive,ทดสอบและอธิบายลูกค้า,11
22,Proactive-Change ONT | Proactive | ลูกค้าต้องการเปลี่ยน Mode,Proactive-Change Non-Gigatex Modem,Proactive,Switch on/off เสีย/ชำรุดแตกหัก,9
22,Proactive-Change ONT | Proactive | ลูกค้าต้องการเปลี่ยน Mode,Proactive-Change ONT,Proactive,Modem ไม่รองรับ Package ลูกค้า,9
22,Proactive-Change ONT | Proactive | ลูกค้าต้องการเปลี่ยน Mode,Proactive-Change Non-Gigatex Modem,Proactive,มีเสียงผิดปกติในตัวโมเด็ม,9
22,Proactive-Change ONT | Proactive | ลูกค้าต้องการเปลี่ยน Mode,Proactive-Change Non-Gigatex Modem,Proactive,LAN เสีย,6
22,Proactive-Change ONT | Proactive | ลูกค้าต้องการเปลี่ยน Mode,Proactive-Change Non-Gigatex Modem,Proactive,ส่งงานไม่ถูกต้อง,6
22,Proactive-Change ONT | Proactive | ลูกค้าต้องการเปลี่ยน Mode,Proactive-Change Non-Gigatex Modem,Proactive,เปลี่ยน process การทำงาน,6
22,Proactive-Change ONT | Proactive | ลูกค้าต้องการเปลี่ยน Mode,Proactive-Change Non-Gigatex Modem,Proactive,ระยะสาย Drop Wire ไกล,4
22,Proactive-Change ONT | Proactive | ลูกค้าต้องการเปลี่ยน Mode,Proactive-Change Non-Gigatex Modem,Proactive,สายเสื่อมสภาพ,4
22,Proactive-Change ONT | Proactive | ลูกค้าต้องการเปลี่ยน Mode,Proactive-Change Non-Gigatex Modem,Proactive,เทศบาลตัดแต่งต้นไม้,4
22,Proactive-Change ONT | Proactive | ลูกค้าต้องการเปลี่ยน Mode,Proactive-Change Non-Gigatex Modem,Proactive,เสาอากาศชำรุด,3
22,Proactive-Change ONT | Proactive | ลูกค้าต้องการเปลี่ยน Mode,Proactive-Change Non-Gigatex Modem,Proactive,Modem แตกหัก/สีผิดสภาพเดิม,3
22,Proactive-Change ONT | Proactive | ลูกค้าต้องการเปลี่ยน Mode,Proactive-Change Non-Gigatex Modem,Proactive,Mesh pair ไม่สำเร็จ,3
22,Proactive-Change ONT | Proactive | ลูกค้าต้องการเปลี่ยน Mode,Proactive-Change Non-Gigatex Modem,Proactive,การไฟฟ้าย้ายแนว/จัดระเบียบสาย,3
22,Proactive-Change ONT | Proactive | ลูกค้าต้องการเปลี่ยน Mode,Proactive-Change Non-Gigatex Modem,Proactive,หัวสายสำเร็จSC-APC เสีย,3
22,Proactive-Change ONT | Proactive | ลูกค้าต้องการเปลี่ยน Mode,Proactive Wifi interference (antman),Proactive,ลูกค้าต้องการเปลี่ยน Modem,3
22,Proactive-Change ONT | Proactive | ลูกค้าต้องการเปลี่ยน Mode,Proactive-Change Non-Gigatex Modem,Proactive,หลอดไฟ LED Status เสีย,2
22,Proactive-Change ONT | Proactive | ลูกค้าต้องการเปลี่ยน Mode,Proactive-Change Non-Gigatex Modem,Proactive,รถเกี่ยว,2
22,Proactive-Change ONT | Proactive | ลูกค้าต้องการเปลี่ยน Mode,Proactive-Change Non-Gigatex Modem,Proactive,สายไม่เป็นระเบียบ,2
22,Proactive-Change ONT | Proactive | ลูกค้าต้องการเปลี่ยน Mode,Proactive-Change Non-Gigatex Modem,Proactive,ลูกค้าแจ้งเสีย (เปิด Reactive Ticket),2
22,Proactive-Change ONT | Proactive | ลูกค้าต้องการเปลี่ยน Mode,Proactive-Change Non-Gigatex Modem,Proactive,มีค่า Loss สูง,2
22,Proactive-Change ONT | Proactive | ลูกค้าต้องการเปลี่ยน Mode,Proactive-Burst speed,บริการหลังการขาย,ลูกค้าต้องการเปลี่ยน Modem,2
22,Proactive-Change ONT | Proactive | ลูกค้าต้องการเปลี่ยน Mode,Proactive Rehome,Proactive,Modem ไม่รองรับ Package ลูกค้า,2
22,Proactive-Change ONT | Proactive | ลูกค้าต้องการเปลี่ยน Mode,Proactive-Change Non-Gigatex Modem,Proactive,Auto close by BOT,2
22,Proactive-Change ONT | Proactive | ลูกค้าต้องการเปลี่ยน Mode,Proactive-Change Non-Gigatex Modem,Proactive,ลูกค้าแจ้งขอยกเลิกบริการ,1
22,Proactive-Change ONT | Proactive | ลูกค้าต้องการเปลี่ยน Mode,Proactive-Change Non-Gigatex Modem,Proactive,สัตว์ (เช่น ลิง กระรอก ช้าง ),1
22,Proactive-Change ONT | Proactive | ลูกค้าต้องการเปลี่ยน Mode,Proactive-Change Non-Gigatex Modem,คุณภาพสัญญาน,Modem ไม่รองรับ Package ลูกค้า,1
22,Proactive-Change ONT | Proactive | ลูกค้าต้องการเปลี่ยน Mode,Proactive-Change Non-Gigatex Modem,Proactive,กล่องรับสัญญาณขัดข้อง (ER16/E048),1
22,Proactive-Change ONT | Proactive | ลูกค้าต้องการเปลี่ยน Mode,Proactive-Change Non-Gigatex Modem,Proactive,ลูกค้าต้องการเปลี่ยน TrueID TV Box,1
22,Proactive-Change ONT | Proactive | ลูกค้าต้องการเปลี่ยน Mode,Proactive-Change Non-Gigatex Modem,Proactive,ช่องรายการถูกล็อค(CA14),1
22,Proactive-Change ONT | Proactive | ลูกค้าต้องการเปลี่ยน Mode,Proactive-Change Non-Gigatex Modem,Proactive,ลูกค้าต้องการเปลี่ยน Hybrid Box,1
22,Proactive-Change ONT | Proactive | ลูกค้าต้องการเปลี่ยน Mode,Proactive-Change Non-Gigatex Modem,Proactive,ลูกค้าต้องการเปลี่ยน Mesh Wifi,1
22,Proactive-Change ONT | Proactive | ลูกค้าต้องการเปลี่ยน Mode,Proactive-Change Non-Gigatex Modem,Proactive,ลูกค้าไม่อยู่บ้าน,1
22,Proactive-Change ONT | Proactive | ลูกค้าต้องการเปลี่ยน Mode,Proactive-Change Non-Gigatex Modem,Proactive,Voice ไม่ติด (ไฟ Phone ไม่ติด),1
22,Proactive-Change ONT | Proactive | ลูกค้าต้องการเปลี่ยน Mode,Proactive-Change Non-Gigatex Modem,Proactive,ลูกค้าทำอุปกรณ์เสียหาย,1
22,Proactive-Change ONT | Proactive | ลูกค้าต้องการเปลี่ยน Mode,Proactive-Change Non-Gigatex Modem,Proactive,ไฟไหม้,1
22,Proactive-Change ONT | Proactive | ลูกค้าต้องการเปลี่ยน Mode,Proactive-Change Non-Gigatex Modem,Proactive,ลูกค้าต้องการเปลี่ยน Set Top Box,1
22,Proactive-Change ONT | Proactive | ลูกค้าต้องการเปลี่ยน Mode,Proactive-Change Non-Gigatex Modem,Proactive,CONFIG CHANGE,1
22,Proactive-Change ONT | Proactive | ลูกค้าต้องการเปลี่ยน Mode,Proactive-Change ONT,Proactive,Modemไม่ lock/ไม่ Synch/High Loss,1
23,Proactive Inspection  Dropwire | Proactive | Project Inspect,Proactive Inspection  Dropwire,Proactive,สายไม่เป็นระเบียบ,1221
23,Proactive Inspection  Dropwire | Proactive | Project Inspect,Proactive Inspection  Dropwire,Proactive,Project Inspection Dropwire,1048
23,Proactive Inspection  Dropwire | Proactive | Project Inspect,Proactive Inspection  Dropwire,Proactive,สายหัก/สายงอ/สายถูกดึงรั้ง,702
23,Proactive Inspection  Dropwire | Proactive | Project Inspect,Proactive Inspection  Dropwire,Proactive,หัวสายสำเร็จSC-APC เสีย,212
23,Proactive Inspection  Dropwire | Proactive | Project Inspect,Proactive Inspection  Dropwire,Proactive,หัวสายสำเร็จSC-APC หลวม /ไม่สนิท,95
23,Proactive Inspection  Dropwire | Proactive | Project Inspect,Proactive Inspection  Dropwire,Proactive,เหตุเสียใช้ได้ ก่อนช่างถึงบ้าน,72
23,Proactive Inspection  Dropwire | Proactive | Project Inspect,Proactive Inspection  Dropwire,Proactive,ระยะสาย D/W,65
23,Proactive Inspection  Dropwire | Proactive | Project Inspect,Proactive Inspection  Dropwire,Proactive,Monitor เหตุเสียครบตามเงื่อนไข,43
23,Proactive Inspection  Dropwire | Proactive | Project Inspect,Proactive Inspection  Dropwire,Proactive,ลูกค้าเปลี่ยนใจ/ลูกค้าขอยกเลิกบริการเอง,40
23,Proactive Inspection  Dropwire | Proactive | Project Inspect,Proactive Inspection  Dropwire,Proactive,การใช้งานของลูกค้า,38
23,Proactive Inspection  Dropwire | Proactive | Project Inspect,Proactive Inspection  Dropwire,Proactive,ขัดข้อง/เสีย,36
23,Proactive Inspection  Dropwire | Proactive | Project Inspect,Proactive Inspection  Dropwire,Proactive,Modemไม่ lock/ไม่ Synch/High Loss,26
23,Proactive Inspection  Dropwire | Proactive | Project Inspect,Proactive Inspection  Dropwire,Proactive,การไฟฟ้าย้ายแนว/จัดระเบียบสาย,23
23,Proactive Inspection  Dropwire | Proactive | Project Inspect,Proactive Inspection  Dropwire,Proactive,ระยะสาย Drop Wire ไกล,19
23,Proactive Inspection  Dropwire | Proactive | Project Inspect,Proactive Inspection  Dropwire,Proactive,ส่งงานไม่ถูกต้อง,11
23,Proactive Inspection  Dropwire | Proactive | Project Inspect,Proactive Inspection  Dropwire,Proactive,มีค่า Loss สูง,10
23,Proactive Inspection  Dropwire | Proactive | Project Inspect,Proactive Inspection  Dropwire,Proactive,ทดสอบและอธิบายลูกค้า,9
23,Proactive Inspection  Dropwire | Proactive | Project Inspect,Proactive Inspection  Dropwire,Proactive,สายเสื่อมสภาพ,8
23,Proactive Inspection  Dropwire | Proactive | Project Inspect,Proactive Inspection  Dropwire,Proactive,ไฟไม่เข้า,8
23,Proactive Inspection  Dropwire | Proactive | Project Inspect,Proactive Inspection  Dropwire,Proactive,ไม่พบปัญหาการใช้งานแล้ว,8
23,Proactive Inspection  Dropwire | Proactive | Project Inspect,Proactive Inspection  Dropwire,Proactive,หลวม/แตกหัก,8
23,Proactive Inspection  Dropwire | Proactive | Project Inspect,Proactive Inspection  Dropwire,Proactive,ไม่ทราบสาเหตุ,7
23,Proactive Inspection  Dropwire | Proactive | Project Inspect,Proactive Inspection  Dropwire,Proactive,รถเกี่ยว,5
23,Proactive Inspection  Dropwire | Proactive | Project Inspect,Proactive Inspection  Dropwire,Proactive,ลูกค้าต้องการเปลี่ยน Modem,4
23,Proactive Inspection  Dropwire | Proactive | Project Inspect,Proactive Inspection  Dropwire,Proactive,ข้อต่อหลวม ไม่ดี/ไม่สนิท,4
23,Proactive Inspection  Dropwire | Proactive | Project Inspect,Proactive Inspection  Dropwire,Proactive,ที่อยู่,4
23,Proactive Inspection  Dropwire | Proactive | Project Inspect,Proactive Inspection  Dropwire,Proactive,หัวสายสำเร็จSC-APC สกปรก,4
23,Proactive Inspection  Dropwire | Proactive | Project Inspect,Proactive Inspection  Dropwire,Proactive,Reboot,3
23,Proactive Inspection  Dropwire | Proactive | Project Inspect,Proactive Inspection  Dropwire,Proactive,Port เสีย,3
23,Proactive Inspection  Dropwire | Proactive | Project Inspect,Proactive Inspection  Dropwire,Proactive,ไม่มีสัญญาณ CATV หรือ ค่า RF ไม่ได้ตามค่ามาตรฐาน,3
23,Proactive Inspection  Dropwire | Proactive | Project Inspect,Proactive Inspection  Dropwire,Proactive,ลูกค้าแจ้งเสีย (เปิด Reactive Ticket),3
23,Proactive Inspection  Dropwire | Proactive | Project Inspect,Proactive Inspection  Dropwire,Proactive,เปลี่ยน process การทำงาน,3
23,Proactive Inspection  Dropwire | Proactive | Project Inspect,Proactive Inspection  Dropwire,Proactive,Module เสีย,3
23,Proactive Inspection  Dropwire | Proactive | Project Inspect,Proactive Dropwire สายตกหย่อน,Proactive,เหตุเสียใช้ได้ ก่อนช่างถึงบ้าน,2
23,Proactive Inspection  Dropwire | Proactive | Project Inspect,Proactive Inspection  Dropwire,Proactive,สัตว์ (เช่น ลิง กระรอก ช้าง ),2
23,Proactive Inspection  Dropwire | Proactive | Project Inspect,Proactive Inspection  Dropwire,Proactive,CONFIG CHANGE,2
23,Proactive Inspection  Dropwire | Proactive | Project Inspect,Proactive Inspection  Dropwire,Proactive,Modem ไม่รองรับ Package ลูกค้า,2
23,Proactive Inspection  Dropwire | Proactive | Project Inspect,Proactive Dropwire สายตกหย่อน,Proactive,การไฟฟ้าย้ายแนว/จัดระเบียบสาย,2
23,Proactive Inspection  Dropwire | Proactive | Project Inspect,Proactive Inspection  Dropwire,Proactive,Remote ไม่ทำงาน,2
23,Proactive Inspection  Dropwire | Proactive | Project Inspect,Proactive Dropwire สายตกหย่อน,Proactive,สายหัก/สายงอ/สายถูกดึงรั้ง,2
23,Proactive Inspection  Dropwire | Proactive | Project Inspect,Proactive Inspection  Dropwire,Proactive,อุปกรณ์คืนค่าโรงงาน,1
23,Proactive Inspection  Dropwire | Proactive | Project Inspect,Proactive Inspection  Dropwire,Proactive,ไม่ตรงรุ่น,1
23,Proactive Inspection  Dropwire | Proactive | Project Inspect,Proactive Inspection  Dropwire,Proactive,Area Manager เห็นชอบให้มีการเปลี่ยน CPE,1
23,Proactive Inspection  Dropwire | Proactive | Project Inspect,Proactive Inspection  Dropwire,Proactive,lat-long,1
23,Proactive Inspection  Dropwire | Proactive | Project Inspect,Proactive Inspection  Dropwire,Proactive,Ticket มีการระบุให้เปลี่ยนอุปกรณ์,1
23,Proactive Inspection  Dropwire | Proactive | Project Inspect,Proactive Inspection  Dropwire,Proactive,ลูกค้าปิด Modem,1
23,Proactive Inspection  Dropwire | Proactive | Project Inspect,Proactive Inspection  Dropwire,Proactive,Auto close by BOT,1
23,Proactive Inspection  Dropwire | Proactive | Project Inspect,Proactive Inspection  Dropwire,Proactive,บุคคลเจตนาร้าย-ตัดทำลายข่ายสาย,1
23,Proactive Inspection  Dropwire | Proactive | Project Inspect,Proactive Dropwire สายตกหย่อน,Proactive,เทศบาลตัดแต่งต้นไม้,1
23,Proactive Inspection  Dropwire | Proactive | Project Inspect,Proactive Inspection  Dropwire,Proactive,ลูกค้าต้องการเปลี่ยน Hybrid Box,1
23,Proactive Inspection  Dropwire | Proactive | Project Inspect,Proactive Inspection  Dropwire,Proactive,พายุ,1
23,Proactive Inspection  Dropwire | Proactive | Project Inspect,Proactive Inspection  Dropwire,Proactive,เทศบาลตัดแต่งต้นไม้,1
23,Proactive Inspection  Dropwire | Proactive | Project Inspect,Proactive Inspection  Dropwire,Proactive,ช่องรายการถูกล็อค(CA14),1
23,Proactive Inspection  Dropwire | Proactive | Project Inspect,Proactive Inspection  Dropwire,Proactive,แมลง(เช่น จักจั่น มด ปลวก),1
24,Proactive fiber poor after install/repair | Proactive | ขัดข,Proactive fiber poor after install/repair,Proactive,เหตุเสียใช้ได้ ก่อนช่างถึงบ้าน,211
24,Proactive fiber poor after install/repair | Proactive | ขัดข,Proactive fiber poor after install/repair,Proactive,ขัดข้อง/เสีย,121
24,Proactive fiber poor after install/repair | Proactive | ขัดข,Proactive fiber poor after install/repair,Proactive,ไม่พบปัญหาการใช้งานแล้ว,102
24,Proactive fiber poor after install/repair | Proactive | ขัดข,Proactive fiber poor after install/repair,Proactive,ไม่ทราบสาเหตุ,90
24,Proactive fiber poor after install/repair | Proactive | ขัดข,Proactive-fiber poor after repair,Proactive,Modemไม่ lock/ไม่ Synch/High Loss,79
24,Proactive fiber poor after install/repair | Proactive | ขัดข,Proactive fiber poor after install/repair,Proactive,ลูกค้าแจ้งเสีย (เปิด Reactive Ticket),67
24,Proactive fiber poor after install/repair | Proactive | ขัดข,Proactive fiber poor after install/repair,Proactive,สายหัก/สายงอ/สายถูกดึงรั้ง,66
24,Proactive fiber poor after install/repair | Proactive | ขัดข,Proactive fiber poor after install/repair,Proactive,หัวสายสำเร็จSC-APC หลวม /ไม่สนิท,53
24,Proactive fiber poor after install/repair | Proactive | ขัดข,Proactive fiber poor after install/repair,Proactive,Monitor เหตุเสียครบตามเงื่อนไข,51
24,Proactive fiber poor after install/repair | Proactive | ขัดข,Proactive fiber poor after install/repair,Proactive,หัวสายสำเร็จSC-APC เสีย,50
24,Proactive fiber poor after install/repair | Proactive | ขัดข,Proactive fiber poor after install/repair,Proactive,การใช้งานของลูกค้า,48
24,Proactive fiber poor after install/repair | Proactive | ขัดข,Proactive fiber poor after install/repair,Proactive,เหตุเสียภายใน 90 วัน,35
24,Proactive fiber poor after install/repair | Proactive | ขัดข,Proactive-fiber poor after repair,Proactive,ระยะสาย Drop Wire ไกล,31
24,Proactive fiber poor after install/repair | Proactive | ขัดข,Proactive fiber poor after install/repair,Proactive,ลูกค้าเปลี่ยนใจ/ลูกค้าขอยกเลิกบริการเอง,26
24,Proactive fiber poor after install/repair | Proactive | ขัดข,Proactive-fiber poor after repair,Proactive,ลูกค้าต้องการเปลี่ยน Modem,14
24,Proactive fiber poor after install/repair | Proactive | ขัดข,Proactive fiber poor after install/repair,Proactive,Auto close by BOT,14
24,Proactive fiber poor after install/repair | Proactive | ขัดข,Proactive fiber poor after install/repair,Proactive,ข้อต่อหลวม ไม่ดี/ไม่สนิท,13
24,Proactive fiber poor after install/repair | Proactive | ขัดข,Proactive fiber poor after install/repair,Proactive,ทดสอบและอธิบายลูกค้า,11
24,Proactive fiber poor after install/repair | Proactive | ขัดข,Proactive fiber poor after install/repair,Proactive,การไฟฟ้าย้ายแนว/จัดระเบียบสาย,10
24,Proactive fiber poor after install/repair | Proactive | ขัดข,Proactive-fiber poor after repair,Proactive,Reboot,8
24,Proactive fiber poor after install/repair | Proactive | ขัดข,Proactive fiber poor after install/repair,Proactive,Modemไม่ lock/ไม่ Synch/High Loss,7
24,Proactive fiber poor after install/repair | Proactive | ขัดข,Proactive fiber poor after install/repair,Proactive,หลวม/แตกหัก,6
24,Proactive fiber poor after install/repair | Proactive | ขัดข,Proactive fiber poor after install/repair,Proactive,Port เสีย,5
24,Proactive fiber poor after install/repair | Proactive | ขัดข,Proactive fiber poor after install/repair,Proactive,มีค่า Loss สูง,5
24,Proactive fiber poor after install/repair | Proactive | ขัดข,Proactive fiber poor after install/repair,Proactive,สายเสื่อมสภาพ,5
24,Proactive fiber poor after install/repair | Proactive | ขัดข,Proactive-fiber poor after repair,Proactive,ลูกค้าปิด Modem,4
24,Proactive fiber poor after install/repair | Proactive | ขัดข,Proactive fiber poor after install/repair,Proactive,ส่งงานไม่ถูกต้อง,4
24,Proactive fiber poor after install/repair | Proactive | ขัดข,Proactive fiber poor after install/repair,Proactive,หัวสายสำเร็จSC-APC สกปรก,4
24,Proactive fiber poor after install/repair | Proactive | ขัดข,Proactive fiber poor after install/repair,Proactive,Module เสีย,4
24,Proactive fiber poor after install/repair | Proactive | ขัดข,Proactive fiber poor after install/repair,Proactive,เปลี่ยน process การทำงาน,4
24,Proactive fiber poor after install/repair | Proactive | ขัดข,Proactive fiber poor after install/repair,Proactive,เทศบาลตัดแต่งต้นไม้,4
24,Proactive fiber poor after install/repair | Proactive | ขัดข,Proactive fiber poor after install/repair,Proactive,ระยะสาย Drop Wire ไกล,4
24,Proactive fiber poor after install/repair | Proactive | ขัดข,Proactive fiber poor after install/repair,Proactive,สัตว์ (เช่น ลิง กระรอก ช้าง ),3
24,Proactive fiber poor after install/repair | Proactive | ขัดข,Proactive fiber poor after install/repair,Proactive,CONFIG CHANGE,3
24,Proactive fiber poor after install/repair | Proactive | ขัดข,Proactive-fiber poor after repair,Proactive,Modem แตกหัก/สีผิดสภาพเดิม,3
24,Proactive fiber poor after install/repair | Proactive | ขัดข,Proactive fiber poor after install/repair,Proactive,บุคคลเจตนาร้าย-ตัดทำลายข่ายสาย,2
24,Proactive fiber poor after install/repair | Proactive | ขัดข,Proactive - Fiber degrade,Proactive,Modemไม่ lock/ไม่ Synch/High Loss,2
24,Proactive fiber poor after install/repair | Proactive | ขัดข,Proactive fiber poor after install/repair,Proactive,ลูกค้าแจ้งขอยกเลิกบริการ,2
24,Proactive fiber poor after install/repair | Proactive | ขัดข,Proactive fiber poor after install/repair,Proactive,สกปรก,2
24,Proactive fiber poor after install/repair | Proactive | ขัดข,Proactive-fiber poor after repair,Proactive,Modem ไม่รองรับ Package ลูกค้า,1
24,Proactive fiber poor after install/repair | Proactive | ขัดข,Proactive fiber poor after install/repair,Proactive,Exp ดี - ลูกค้าไม่สะดวกให้ตรวจสอบ,1
24,Proactive fiber poor after install/repair | Proactive | ขัดข,Proactive fiber poor after install/repair,Proactive,ลูกค้าปิด Modem,1
24,Proactive fiber poor after install/repair | Proactive | ขัดข,Proactive fiber poor after install/repair,Proactive,Connect WiFi ไม่ได้/ไม่พบ SSID,1
24,Proactive fiber poor after install/repair | Proactive | ขัดข,Proactive fiber poor after install/repair,Proactive,สายไม่เป็นระเบียบ,1
24,Proactive fiber poor after install/repair | Proactive | ขัดข,Proactive-fiber poor after repair,Proactive,ไม่มีสัญญาณ CATV หรือ ค่า RF ไม่ได้ตามค่ามาตรฐาน,1
24,Proactive fiber poor after install/repair | Proactive | ขัดข,Proactive-fiber poor after repair,Proactive,ลูกค้าใช้งาน Wi Fi ห่างจาก Modem,1
24,Proactive fiber poor after install/repair | Proactive | ขัดข,Proactive-fiber poor after repair,Proactive,มีสัญญาณรบกวน WiFi สูง,1
24,Proactive fiber poor after install/repair | Proactive | ขัดข,Proactive fiber poor after install/repair,Proactive,แมลง(เช่น จักจั่น มด ปลวก),1
24,Proactive fiber poor after install/repair | Proactive | ขัดข,Proactive fiber poor after install/repair,Proactive,ติดตั้งไม่ได้มาตรฐาน,1
24,Proactive fiber poor after install/repair | Proactive | ขัดข,Proactive-fiber poor after repair,Proactive,Connect WiFi ไม่ได้/ไม่พบ SSID,1
24,Proactive fiber poor after install/repair | Proactive | ขัดข,Proactive - Fiber degrade,Proactive,ไม่มีสัญญาณ CATV หรือ ค่า RF ไม่ได้ตามค่ามาตรฐาน,1
24,Proactive fiber poor after install/repair | Proactive | ขัดข,Proactive fiber poor after install/repair,Proactive,อื่น ๆ,1
24,Proactive fiber poor after install/repair | Proactive | ขัดข,Proactive fiber poor after install/repair,Proactive,ไม่เก็บค่าบริการ,1
24,Proactive fiber poor after install/repair | Proactive | ขัดข,Proactive fiber poor after install/repair,Proactive,Reboot,1
24,Proactive fiber poor after install/repair | Proactive | ขัดข,Proactive fiber poor after install/repair,Proactive,พายุ,1
25,Proactive - Fiber degrade | Proactive | เหตุเสียใช้ได้ ก่อนช,Proactive-fiber poor after repair,Proactive,เหตุเสียใช้ได้ ก่อนช่างถึงบ้าน,635
25,Proactive - Fiber degrade | Proactive | เหตุเสียใช้ได้ ก่อนช,Proactive-fiber poor after repair,Proactive,ลูกค้าแจ้งเสีย (เปิด Reactive Ticket),474
25,Proactive - Fiber degrade | Proactive | เหตุเสียใช้ได้ ก่อนช,Proactive-fiber poor after repair,Proactive,สายหัก/สายงอ/สายถูกดึงรั้ง,379
25,Proactive - Fiber degrade | Proactive | เหตุเสียใช้ได้ ก่อนช,Proactive-fiber poor after repair,Proactive,ไม่พบปัญหาการใช้งานแล้ว,368
25,Proactive - Fiber degrade | Proactive | เหตุเสียใช้ได้ ก่อนช,Proactive-fiber poor after repair,Proactive,Monitor เหตุเสียครบตามเงื่อนไข,328
25,Proactive - Fiber degrade | Proactive | เหตุเสียใช้ได้ ก่อนช,Proactive-fiber poor after repair,Proactive,ไม่ทราบสาเหตุ,194
25,Proactive - Fiber degrade | Proactive | เหตุเสียใช้ได้ ก่อนช,Proactive-fiber poor after repair,Proactive,ขัดข้อง/เสีย,186
25,Proactive - Fiber degrade | Proactive | เหตุเสียใช้ได้ ก่อนช,Proactive-fiber poor after repair,Proactive,การใช้งานของลูกค้า,154
25,Proactive - Fiber degrade | Proactive | เหตุเสียใช้ได้ ก่อนช,Proactive-fiber poor after repair,Proactive,หัวสายสำเร็จSC-APC หลวม /ไม่สนิท,122
25,Proactive - Fiber degrade | Proactive | เหตุเสียใช้ได้ ก่อนช,Proactive-fiber poor after repair,Proactive,หัวสายสำเร็จSC-APC เสีย,118
25,Proactive - Fiber degrade | Proactive | เหตุเสียใช้ได้ ก่อนช,Proactive-fiber poor after repair,Proactive,ลูกค้าเปลี่ยนใจ/ลูกค้าขอยกเลิกบริการเอง,110
25,Proactive - Fiber degrade | Proactive | เหตุเสียใช้ได้ ก่อนช,Proactive-fiber poor after repair,Proactive,สายเสื่อมสภาพ,62
25,Proactive - Fiber degrade | Proactive | เหตุเสียใช้ได้ ก่อนช,Proactive-fiber poor after repair,Proactive,การไฟฟ้าย้ายแนว/จัดระเบียบสาย,52
25,Proactive - Fiber degrade | Proactive | เหตุเสียใช้ได้ ก่อนช,Proactive-fiber poor after repair,Proactive,Auto close by BOT,45
25,Proactive - Fiber degrade | Proactive | เหตุเสียใช้ได้ ก่อนช,Proactive-fiber poor after repair,Proactive,ลูกค้าแจ้งขอยกเลิกบริการ,36
25,Proactive - Fiber degrade | Proactive | เหตุเสียใช้ได้ ก่อนช,Proactive-fiber poor after repair,Proactive,เทศบาลตัดแต่งต้นไม้,33
25,Proactive - Fiber degrade | Proactive | เหตุเสียใช้ได้ ก่อนช,Proactive-fiber poor after repair,Proactive,ข้อต่อหลวม ไม่ดี/ไม่สนิท,27
25,Proactive - Fiber degrade | Proactive | เหตุเสียใช้ได้ ก่อนช,Proactive-fiber poor after repair,Proactive,มีค่า Loss สูง,27
25,Proactive - Fiber degrade | Proactive | เหตุเสียใช้ได้ ก่อนช,Proactive-fiber poor after repair,Proactive,สัตว์ (เช่น ลิง กระรอก ช้าง ),18
25,Proactive - Fiber degrade | Proactive | เหตุเสียใช้ได้ ก่อนช,Proactive-fiber poor after repair,Proactive,ทดสอบและอธิบายลูกค้า,18
25,Proactive - Fiber degrade | Proactive | เหตุเสียใช้ได้ ก่อนช,Proactive-fiber poor after repair,Proactive,Port เสีย,17
25,Proactive - Fiber degrade | Proactive | เหตุเสียใช้ได้ ก่อนช,Proactive-fiber poor after repair,Proactive,รถเกี่ยว,16
25,Proactive - Fiber degrade | Proactive | เหตุเสียใช้ได้ ก่อนช,Proactive-fiber poor after repair,Proactive,แมลง(เช่น จักจั่น มด ปลวก),12
25,Proactive - Fiber degrade | Proactive | เหตุเสียใช้ได้ ก่อนช,Proactive-fiber poor after repair,Proactive,ไฟไม่เข้า,12
25,Proactive - Fiber degrade | Proactive | เหตุเสียใช้ได้ ก่อนช,Proactive-fiber poor after repair,Proactive,หัวสายสำเร็จSC-APC สกปรก,11
25,Proactive - Fiber degrade | Proactive | เหตุเสียใช้ได้ ก่อนช,Proactive-fiber poor after repair,Proactive,เปลี่ยน process การทำงาน,9
25,Proactive - Fiber degrade | Proactive | เหตุเสียใช้ได้ ก่อนช,Proactive-fiber poor after repair,Proactive,หลวม/แตกหัก,9
25,Proactive - Fiber degrade | Proactive | เหตุเสียใช้ได้ ก่อนช,Proactive-fiber poor after repair,Proactive,พายุ,7
25,Proactive - Fiber degrade | Proactive | เหตุเสียใช้ได้ ก่อนช,Proactive-fiber poor after repair,Proactive,ลูกค้าไม่อยู่บ้าน,7
25,Proactive - Fiber degrade | Proactive | เหตุเสียใช้ได้ ก่อนช,Proactive-fiber poor after repair,Proactive,Ticket มีการระบุให้เปลี่ยนอุปกรณ์,7
25,Proactive - Fiber degrade | Proactive | เหตุเสียใช้ได้ ก่อนช,Proactive-fiber poor after repair,Proactive,Area Manager เห็นชอบให้มีการเปลี่ยน CPE,6
25,Proactive - Fiber degrade | Proactive | เหตุเสียใช้ได้ ก่อนช,Proactive-fiber poor after repair,Proactive,CONFIG CHANGE,6
25,Proactive - Fiber degrade | Proactive | เหตุเสียใช้ได้ ก่อนช,Proactive-fiber poor after repair,Proactive,ไฟไหม้,5
25,Proactive - Fiber degrade | Proactive | เหตุเสียใช้ได้ ก่อนช,Proactive-fiber poor after repair,Proactive,บุคคลเจตนาร้าย-ตัดทำลายข่ายสาย,5
25,Proactive - Fiber degrade | Proactive | เหตุเสียใช้ได้ ก่อนช,Proactive - Fiber degrade,Proactive,เหตุเสียใช้ได้ ก่อนช่างถึงบ้าน,4
25,Proactive - Fiber degrade | Proactive | เหตุเสียใช้ได้ ก่อนช,Proactive - Fiber degrade,Proactive,Monitor เหตุเสียครบตามเงื่อนไข,4
25,Proactive - Fiber degrade | Proactive | เหตุเสียใช้ได้ ก่อนช,Proactive-fiber poor after repair,Proactive,ส่งงานไม่ถูกต้อง,3
25,Proactive - Fiber degrade | Proactive | เหตุเสียใช้ได้ ก่อนช,Proactive - Fiber degrade,Proactive,ขัดข้อง/เสีย,3
25,Proactive - Fiber degrade | Proactive | เหตุเสียใช้ได้ ก่อนช,Proactive-fiber poor after repair,Proactive,สกปรก,3
25,Proactive - Fiber degrade | Proactive | เหตุเสียใช้ได้ ก่อนช,Proactive-fiber poor after repair,Proactive,"สายขาด,หัก (Crack)",3
25,Proactive - Fiber degrade | Proactive | เหตุเสียใช้ได้ ก่อนช,Proactive-fiber poor after repair,Proactive,อื่น ๆ,3
25,Proactive - Fiber degrade | Proactive | เหตุเสียใช้ได้ ก่อนช,Proactive-fiber poor after repair,Proactive,Exp ดี - ลูกค้าไม่สะดวกให้ตรวจสอบ,2
25,Proactive - Fiber degrade | Proactive | เหตุเสียใช้ได้ ก่อนช,Proactive-fiber poor after repair,Proactive,Fault After Event,2
25,Proactive - Fiber degrade | Proactive | เหตุเสียใช้ได้ ก่อนช,Proactive-fiber poor after repair,Proactive,อุปกรณ์คืนค่าโรงงาน,2
25,Proactive - Fiber degrade | Proactive | เหตุเสียใช้ได้ ก่อนช,Proactive-fiber poor after repair,Proactive,เหตุเสียภายใน 90 วัน,2
25,Proactive - Fiber degrade | Proactive | เหตุเสียใช้ได้ ก่อนช,Proactive - Fiber degrade,Proactive,มีค่า Loss สูง,1
25,Proactive - Fiber degrade | Proactive | เหตุเสียใช้ได้ ก่อนช,Proactive-fiber poor after repair,Proactive,กล่องไม่อ่านการ์ด,1
25,Proactive - Fiber degrade | Proactive | เหตุเสียใช้ได้ ก่อนช,Proactive-fiber poor after repair,Proactive,Switch on/off เสีย/ชำรุดแตกหัก,1
25,Proactive - Fiber degrade | Proactive | เหตุเสียใช้ได้ ก่อนช,Proactive-fiber poor after repair,Proactive,พบปัญหาใหม่,1
25,Proactive - Fiber degrade | Proactive | เหตุเสียใช้ได้ ก่อนช,Proactive-fiber poor after repair,Proactive,Module เสีย,1
25,Proactive - Fiber degrade | Proactive | เหตุเสียใช้ได้ ก่อนช,Proactive - Fiber degrade,Proactive,การใช้งานของลูกค้า,1
26,Preventive Dropwire Connector SC-APC L2 | คุณภาพสัญญาน | มีค,Preventive Dropwire Connector SC-APC L2,คุณภาพสัญญาน,มีค่า Loss สูง,78
26,Preventive Dropwire Connector SC-APC L2 | คุณภาพสัญญาน | มีค,Preventive Dropwire Connector SC-APC L2,คุณภาพสัญญาน,สายหัก/สายงอ/สายถูกดึงรั้ง,57
26,Preventive Dropwire Connector SC-APC L2 | คุณภาพสัญญาน | มีค,Preventive Dropwire Connector SC-APC L2,คุณภาพสัญญาน,ลูกค้าเปลี่ยนใจ/ลูกค้าขอยกเลิกบริการเอง,53
26,Preventive Dropwire Connector SC-APC L2 | คุณภาพสัญญาน | มีค,Preventive Dropwire Connector SC-APC L2,คุณภาพสัญญาน,การใช้งานของลูกค้า,25
26,Preventive Dropwire Connector SC-APC L2 | คุณภาพสัญญาน | มีค,Preventive Dropwire Connector SC-APC L2,คุณภาพสัญญาน,เหตุเสียใช้ได้ ก่อนช่างถึงบ้าน,23
26,Preventive Dropwire Connector SC-APC L2 | คุณภาพสัญญาน | มีค,Preventive Dropwire Connector SC-APC L2,คุณภาพสัญญาน,การไฟฟ้าย้ายแนว/จัดระเบียบสาย,19
26,Preventive Dropwire Connector SC-APC L2 | คุณภาพสัญญาน | มีค,Preventive Dropwire Connector SC-APC L2,คุณภาพสัญญาน,หัวสายสำเร็จSC-APC เสีย,16
26,Preventive Dropwire Connector SC-APC L2 | คุณภาพสัญญาน | มีค,Preventive Dropwire Connector SC-APC L2,คุณภาพสัญญาน,สายไม่เป็นระเบียบ,8
26,Preventive Dropwire Connector SC-APC L2 | คุณภาพสัญญาน | มีค,Preventive Dropwire Connector SC-APC L2,คุณภาพสัญญาน,ไม่ทราบสาเหตุ,4
26,Preventive Dropwire Connector SC-APC L2 | คุณภาพสัญญาน | มีค,Preventive Dropwire Connector SC-APC L2,คุณภาพสัญญาน,สายเสื่อมสภาพ,4
26,Preventive Dropwire Connector SC-APC L2 | คุณภาพสัญญาน | มีค,Preventive Dropwire Connector SC-APC L2,คุณภาพสัญญาน,เปลี่ยน process การทำงาน,4
26,Preventive Dropwire Connector SC-APC L2 | คุณภาพสัญญาน | มีค,Preventive Dropwire Connector SC-APC L2,คุณภาพสัญญาน,ไม่เก็บค่าบริการ,4
26,Preventive Dropwire Connector SC-APC L2 | คุณภาพสัญญาน | มีค,Preventive Dropwire Connector SC-APC L2,คุณภาพสัญญาน,เทศบาลตัดแต่งต้นไม้,3
26,Preventive Dropwire Connector SC-APC L2 | คุณภาพสัญญาน | มีค,Preventive Dropwire Connector SC-APC L2,คุณภาพสัญญาน,รถเกี่ยว,3
26,Preventive Dropwire Connector SC-APC L2 | คุณภาพสัญญาน | มีค,Preventive Dropwire Connector SC-APC L2,คุณภาพสัญญาน,ขัดข้อง/เสีย,3
26,Preventive Dropwire Connector SC-APC L2 | คุณภาพสัญญาน | มีค,Preventive Dropwire Connector SC-APC L2,คุณภาพสัญญาน,ทรูรับผิดชอบ,3
26,Preventive Dropwire Connector SC-APC L2 | คุณภาพสัญญาน | มีค,Preventive Dropwire Connector SC-APC L2,คุณภาพสัญญาน,ไฟไหม้,2
26,Preventive Dropwire Connector SC-APC L2 | คุณภาพสัญญาน | มีค,Preventive Dropwire Connector SC-APC L2,คุณภาพสัญญาน,CONFIG CHANGE,2
26,Preventive Dropwire Connector SC-APC L2 | คุณภาพสัญญาน | มีค,Preventive Dropwire Connector SC-APC L2,คุณภาพสัญญาน,Monitor เหตุเสียครบตามเงื่อนไข,2
26,Preventive Dropwire Connector SC-APC L2 | คุณภาพสัญญาน | มีค,Preventive Dropwire Connector SC-APC L2,คุณภาพสัญญาน,Sync Speed/RSSI ไม่ได้ WIFI ตาม Criteria /Low Signal 5 GHz,2
26,Preventive Dropwire Connector SC-APC L2 | คุณภาพสัญญาน | มีค,Preventive Dropwire Connector SC-APC L2,คุณภาพสัญญาน,ลูกค้าต้องการเปลี่ยน Modem,2
26,Preventive Dropwire Connector SC-APC L2 | คุณภาพสัญญาน | มีค,Preventive Dropwire Connector SC-APC L2,คุณภาพสัญญาน,Connect WiFi ไม่ได้/ไม่พบ SSID,2
26,Preventive Dropwire Connector SC-APC L2 | คุณภาพสัญญาน | มีค,Preventive Dropwire Connector SC-APC L2,คุณภาพสัญญาน,ทดสอบและอธิบายลูกค้า,2
26,Preventive Dropwire Connector SC-APC L2 | คุณภาพสัญญาน | มีค,Preventive Dropwire Connector SC-APC L2,คุณภาพสัญญาน,ส่งงานไม่ถูกต้อง,2
26,Preventive Dropwire Connector SC-APC L2 | คุณภาพสัญญาน | มีค,Preventive Dropwire Connector SC-APC L2,คุณภาพสัญญาน,หัวสายสำเร็จSC-APC หลวม /ไม่สนิท,2
26,Preventive Dropwire Connector SC-APC L2 | คุณภาพสัญญาน | มีค,Preventive Dropwire Connector SC-APC L2,คุณภาพสัญญาน,องค์กรอื่น (ไม่ใช่ทรู),2
26,Preventive Dropwire Connector SC-APC L2 | คุณภาพสัญญาน | มีค,Preventive Dropwire Connector SC-APC L2,คุณภาพสัญญาน,พายุ,1
26,Preventive Dropwire Connector SC-APC L2 | คุณภาพสัญญาน | มีค,Preventive Dropwire Connector SC-APC L2,คุณภาพสัญญาน,Port เสีย,1
26,Preventive Dropwire Connector SC-APC L2 | คุณภาพสัญญาน | มีค,Preventive Dropwire Connector SC-APC L2,คุณภาพสัญญาน,Modemไม่ lock/ไม่ Synch/High Loss,1
26,Preventive Dropwire Connector SC-APC L2 | คุณภาพสัญญาน | มีค,Preventive Dropwire Connector SC-APC L2,คุณภาพสัญญาน,ไม่มีสัญญาณ CATV หรือ ค่า RF ไม่ได้ตามค่ามาตรฐาน,1
26,Preventive Dropwire Connector SC-APC L2 | คุณภาพสัญญาน | มีค,Preventive Dropwire Connector SC-APC L2,คุณภาพสัญญาน,lat-long,1
26,Preventive Dropwire Connector SC-APC L2 | คุณภาพสัญญาน | มีค,Preventive Dropwire Connector SC-APC L2,คุณภาพสัญญาน,เหตุเสียภายใน 90 วัน,1
26,Preventive Dropwire Connector SC-APC L2 | คุณภาพสัญญาน | มีค,Preventive Dropwire Connector SC-APC L2,คุณภาพสัญญาน,ระยะสาย Drop Wire ไกล,1
26,Preventive Dropwire Connector SC-APC L2 | คุณภาพสัญญาน | มีค,Preventive Dropwire Connector SC-APC L2,คุณภาพสัญญาน,หัวสายสำเร็จSC-APC สกปรก,1
27,Preventive Dropwire สายตกหย่อน | คุณภาพสัญญาน | ไม่ทราบสาเหต,Preventive Dropwire สายตกหย่อน,คุณภาพสัญญาน,สายหัก/สายงอ/สายถูกดึงรั้ง,98
27,Preventive Dropwire สายตกหย่อน | คุณภาพสัญญาน | ไม่ทราบสาเหต,Preventive Dropwire สายตกหย่อน,คุณภาพสัญญาน,การใช้งานของลูกค้า,71
27,Preventive Dropwire สายตกหย่อน | คุณภาพสัญญาน | ไม่ทราบสาเหต,Preventive Dropwire สายตกหย่อน,คุณภาพสัญญาน,การไฟฟ้าย้ายแนว/จัดระเบียบสาย,22
27,Preventive Dropwire สายตกหย่อน | คุณภาพสัญญาน | ไม่ทราบสาเหต,Preventive Dropwire สายตกหย่อน,คุณภาพสัญญาน,ทดสอบและอธิบายลูกค้า,13
27,Preventive Dropwire สายตกหย่อน | คุณภาพสัญญาน | ไม่ทราบสาเหต,Preventive Dropwire สายตกหย่อน,คุณภาพสัญญาน,เทศบาลตัดแต่งต้นไม้,7
27,Preventive Dropwire สายตกหย่อน | คุณภาพสัญญาน | ไม่ทราบสาเหต,Preventive Dropwire สายตกหย่อน,คุณภาพสัญญาน,สายไม่เป็นระเบียบ,6
27,Preventive Dropwire สายตกหย่อน | คุณภาพสัญญาน | ไม่ทราบสาเหต,Preventive Dropwire สายตกหย่อน,คุณภาพสัญญาน,เหตุเสียใช้ได้ ก่อนช่างถึงบ้าน,6
27,Preventive Dropwire สายตกหย่อน | คุณภาพสัญญาน | ไม่ทราบสาเหต,Preventive Dropwire สายตกหย่อน,คุณภาพสัญญาน,Monitor เหตุเสียครบตามเงื่อนไข,4
27,Preventive Dropwire สายตกหย่อน | คุณภาพสัญญาน | ไม่ทราบสาเหต,Preventive Dropwire สายตกหย่อน,คุณภาพสัญญาน,บุคคลเจตนาร้าย-ตัดทำลายข่ายสาย,3
27,Preventive Dropwire สายตกหย่อน | คุณภาพสัญญาน | ไม่ทราบสาเหต,Preventive Dropwire สายตกหย่อน,คุณภาพสัญญาน,รถเกี่ยว,3
27,Preventive Dropwire สายตกหย่อน | คุณภาพสัญญาน | ไม่ทราบสาเหต,Preventive Dropwire สายตกหย่อน,คุณภาพสัญญาน,หัวสายสำเร็จSC-APC หลวม /ไม่สนิท,3
27,Preventive Dropwire สายตกหย่อน | คุณภาพสัญญาน | ไม่ทราบสาเหต,Preventive Dropwire สายตกหย่อน,คุณภาพสัญญาน,ติดตั้งไม่ได้มาตรฐาน,2
27,Preventive Dropwire สายตกหย่อน | คุณภาพสัญญาน | ไม่ทราบสาเหต,Preventive Dropwire สายตกหย่อน,คุณภาพสัญญาน,สายเสื่อมสภาพ,2
27,Preventive Dropwire สายตกหย่อน | คุณภาพสัญญาน | ไม่ทราบสาเหต,Preventive Dropwire สายตกหย่อน,คุณภาพสัญญาน,Ticket มีการระบุให้เปลี่ยนอุปกรณ์,2
27,Preventive Dropwire สายตกหย่อน | คุณภาพสัญญาน | ไม่ทราบสาเหต,Preventive Dropwire สายตกหย่อน,คุณภาพสัญญาน,ไม่ทราบสาเหตุ,1
27,Preventive Dropwire สายตกหย่อน | คุณภาพสัญญาน | ไม่ทราบสาเหต,Preventive Dropwire สายตกหย่อน,คุณภาพสัญญาน,ทรูรับผิดชอบ,1
27,Preventive Dropwire สายตกหย่อน | คุณภาพสัญญาน | ไม่ทราบสาเหต,Preventive Dropwire สายตกหย่อน,คุณภาพสัญญาน,เปลี่ยน process การทำงาน,1
27,Preventive Dropwire สายตกหย่อน | คุณภาพสัญญาน | ไม่ทราบสาเหต,Preventive Dropwire สายตกหย่อน,คุณภาพสัญญาน,ขัดข้อง/เสีย,1
27,Preventive Dropwire สายตกหย่อน | คุณภาพสัญญาน | ไม่ทราบสาเหต,Preventive Dropwire สายตกหย่อน,คุณภาพสัญญาน,Reboot,1
27,Preventive Dropwire สายตกหย่อน | คุณภาพสัญญาน | ไม่ทราบสาเหต,Proactive Dropwire สายตกหย่อน,Proactive,ไฟไม่เข้า,1
27,Preventive Dropwire สายตกหย่อน | คุณภาพสัญญาน | ไม่ทราบสาเหต,Preventive Dropwire สายตกหย่อน,คุณภาพสัญญาน,ลูกค้าเปลี่ยนใจ/ลูกค้าขอยกเลิกบริการเอง,1
27,Preventive Dropwire สายตกหย่อน | คุณภาพสัญญาน | ไม่ทราบสาเหต,Preventive Dropwire สายตกหย่อน,คุณภาพสัญญาน,Modemไม่ lock/ไม่ Synch/High Loss,1
27,Preventive Dropwire สายตกหย่อน | คุณภาพสัญญาน | ไม่ทราบสาเหต,Preventive Dropwire สายตกหย่อน,คุณภาพสัญญาน,มีค่า Loss สูง,1
27,Preventive Dropwire สายตกหย่อน | คุณภาพสัญญาน | ไม่ทราบสาเหต,Preventive Dropwire สายตกหย่อน,คุณภาพสัญญาน,หลวม/แตกหัก,1
27,Preventive Dropwire สายตกหย่อน | คุณภาพสัญญาน | ไม่ทราบสาเหต,Preventive Dropwire สายตกหย่อน,คุณภาพสัญญาน,Costomer Knowledge,1
27,Preventive Dropwire สายตกหย่อน | คุณภาพสัญญาน | ไม่ทราบสาเหต,Preventive Dropwire สายตกหย่อน,คุณภาพสัญญาน,Wi-fi 2.4G ไม่รองรับ Speed,1
27,Preventive Dropwire สายตกหย่อน | คุณภาพสัญญาน | ไม่ทราบสาเหต,Preventive Dropwire สายตกหย่อน,คุณภาพสัญญาน,ไฟไม่เข้า,1
28,Proactive-Change ONT | Proactive | Wi-fi 2.4G ไม่รองรับ Spee,เปลี่ยนRouter รองรับเฉพาะ Package 2Gbps  (T6825G),บริการหลังการขาย,ลูกค้าต้องการเปลี่ยน Modem,74
28,Proactive-Change ONT | Proactive | Wi-fi 2.4G ไม่รองรับ Spee,เปลี่ยนRouter รองรับเฉพาะ Package 2Gbps  (T6825G),บริการหลังการขาย,Ticket มีการระบุให้เปลี่ยนอุปกรณ์,21
28,Proactive-Change ONT | Proactive | Wi-fi 2.4G ไม่รองรับ Spee,เปลี่ยนRouter รองรับเฉพาะ Package 2Gbps  (T6825G),บริการหลังการขาย,Modem ไม่รองรับ Package ลูกค้า,17
28,Proactive-Change ONT | Proactive | Wi-fi 2.4G ไม่รองรับ Spee,เปลี่ยนRouter รองรับเฉพาะ Package 2Gbps  (T6825G),บริการหลังการขาย,การใช้งานของลูกค้า,17
28,Proactive-Change ONT | Proactive | Wi-fi 2.4G ไม่รองรับ Spee,เปลี่ยน Router (T626ProV2) รองรับเฉพาะแพ็กเกจ Dongle,บริการหลังการขาย,Modem ไม่รองรับ Package ลูกค้า,12
28,Proactive-Change ONT | Proactive | Wi-fi 2.4G ไม่รองรับ Spee,Proactive-Change ONT,Proactive,Wi-fi 2.4G ไม่รองรับ Speed,10
28,Proactive-Change ONT | Proactive | Wi-fi 2.4G ไม่รองรับ Spee,Swap เปลี่ยนอุปกรณ์ เป็น Premium Router WiFi6,บริการหลังการขาย,ลูกค้าต้องการเปลี่ยน Modem,5
28,Proactive-Change ONT | Proactive | Wi-fi 2.4G ไม่รองรับ Spee,เปลี่ยนRouter รองรับเฉพาะ Package 2Gbps  (T6825G),บริการหลังการขาย,ส่งงานไม่ถูกต้อง,5
28,Proactive-Change ONT | Proactive | Wi-fi 2.4G ไม่รองรับ Spee,เปลี่ยน Router (T626ProV2) รองรับเฉพาะแพ็กเกจ Dongle,บริการหลังการขาย,ลูกค้าต้องการเปลี่ยน Modem,4
28,Proactive-Change ONT | Proactive | Wi-fi 2.4G ไม่รองรับ Spee,เปลี่ยนRouter รองรับเฉพาะ Package 2Gbps  (T6825G),บริการหลังการขาย,Sync Speed ได้ แต่ Test Speed LAN ไม่ได้ตาม Package,4
28,Proactive-Change ONT | Proactive | Wi-fi 2.4G ไม่รองรับ Spee,เปลี่ยนRouter รองรับเฉพาะ Package 10Gbps (XGSPON),บริการหลังการขาย,ลูกค้าต้องการเปลี่ยน Modem,4
28,Proactive-Change ONT | Proactive | Wi-fi 2.4G ไม่รองรับ Spee,เปลี่ยนRouter รองรับเฉพาะ Package 2Gbps  (T6825G),บริการหลังการขาย,CONFIG CHANGE,3
28,Proactive-Change ONT | Proactive | Wi-fi 2.4G ไม่รองรับ Spee,เปลี่ยนRouter รองรับเฉพาะ Package 2Gbps  (T6825G),บริการหลังการขาย,Sync Speed ได้ แต่ Test Speed WIFI 5 GHz ไม่ได้ตาม Package,3
28,Proactive-Change ONT | Proactive | Wi-fi 2.4G ไม่รองรับ Spee,Swap เปลี่ยนอุปกรณ์ เป็น Premium Router WiFi6,บริการหลังการขาย,Ticket มีการระบุให้เปลี่ยนอุปกรณ์,3
28,Proactive-Change ONT | Proactive | Wi-fi 2.4G ไม่รองรับ Spee,เปลี่ยนRouter รองรับเฉพาะ Package 2Gbps  (T6825G),บริการหลังการขาย,Connect WiFi ไม่ได้/ไม่พบ SSID,3
28,Proactive-Change ONT | Proactive | Wi-fi 2.4G ไม่รองรับ Spee,เปลี่ยนRouter รองรับเฉพาะ Package 2Gbps  (T6825G),บริการหลังการขาย,ขัดข้อง/เสีย,3
28,Proactive-Change ONT | Proactive | Wi-fi 2.4G ไม่รองรับ Spee,เปลี่ยนRouter รองรับเฉพาะ Package 2Gbps  (T6825G),บริการหลังการขาย,Monitor เหตุเสียครบตามเงื่อนไข,3
28,Proactive-Change ONT | Proactive | Wi-fi 2.4G ไม่รองรับ Spee,เปลี่ยนRouter รองรับเฉพาะ Package 2Gbps  (T6825G),บริการหลังการขาย,ลูกค้าเปลี่ยนใจ/ลูกค้าขอยกเลิกบริการเอง,3
28,Proactive-Change ONT | Proactive | Wi-fi 2.4G ไม่รองรับ Spee,ขอเปลี่ยน Router Converter,บริการหลังการขาย,Sync Speed/RSSI ไม่ได้ WIFI ตาม Criteria /Low Signal 5 GHz,2
28,Proactive-Change ONT | Proactive | Wi-fi 2.4G ไม่รองรับ Spee,ขอเปลี่ยน Router Converter,บริการหลังการขาย,Wi-fi 2.4G ไม่รองรับ Speed,2
28,Proactive-Change ONT | Proactive | Wi-fi 2.4G ไม่รองรับ Spee,เปลี่ยนRouter รองรับเฉพาะ Package 2Gbps  (T6825G),บริการหลังการขาย,เปลี่ยน process การทำงาน,2
28,Proactive-Change ONT | Proactive | Wi-fi 2.4G ไม่รองรับ Spee,เปลี่ยนRouter รองรับเฉพาะ Package 2Gbps  (T6825G),บริการหลังการขาย,Sync Speed/RSSI ไม่ได้ WIFI ตาม Criteria /Low Signal 5 GHz,2
28,Proactive-Change ONT | Proactive | Wi-fi 2.4G ไม่รองรับ Spee,เปลี่ยนRouter รองรับเฉพาะ Package 2Gbps  (T6825G),บริการหลังการขาย,เหตุเสียใช้ได้ ก่อนช่างถึงบ้าน,2
28,Proactive-Change ONT | Proactive | Wi-fi 2.4G ไม่รองรับ Spee,เปลี่ยนRouter รองรับเฉพาะ Package 2Gbps  (T6825G),บริการหลังการขาย,ไฟไม่เข้า,2
28,Proactive-Change ONT | Proactive | Wi-fi 2.4G ไม่รองรับ Spee,ขอเปลี่ยน Router Converter,บริการหลังการขาย,Sync Speed ได้ แต่ Test Speed LAN ไม่ได้ตาม Package,2
28,Proactive-Change ONT | Proactive | Wi-fi 2.4G ไม่รองรับ Spee,Swap เปลี่ยนอุปกรณ์ เป็น Premium Router WiFi6,บริการหลังการขาย,Modem ไม่รองรับ Package ลูกค้า,2
28,Proactive-Change ONT | Proactive | Wi-fi 2.4G ไม่รองรับ Spee,เปลี่ยนRouter รองรับเฉพาะ Package 10Gbps (XGSPON),บริการหลังการขาย,ขัดข้อง/เสีย,1
28,Proactive-Change ONT | Proactive | Wi-fi 2.4G ไม่รองรับ Spee,เปลี่ยนRouter รองรับเฉพาะ Package 2Gbps  (T6825G),บริการหลังการขาย,ระยะสาย Drop Wire ไกล,1
28,Proactive-Change ONT | Proactive | Wi-fi 2.4G ไม่รองรับ Spee,เพิ่ม/ติดตั้ง MESH wifi,บริการหลังการขาย,เหตุเสียใช้ได้ ก่อนช่างถึงบ้าน,1
28,Proactive-Change ONT | Proactive | Wi-fi 2.4G ไม่รองรับ Spee,เปลี่ยนอุปกรณ์ 4K เป็น Mpeg4,บริการหลังการขาย,Monitor เหตุเสียครบตามเงื่อนไข,1
28,Proactive-Change ONT | Proactive | Wi-fi 2.4G ไม่รองรับ Spee,เปลี่ยนอุปกรณ์ 4K เป็น Mpeg4,บริการหลังการขาย,ขัดข้อง/เสีย,1
28,Proactive-Change ONT | Proactive | Wi-fi 2.4G ไม่รองรับ Spee,ขอเปลี่ยน Router Converter,บริการหลังการขาย,Sync Speed ได้ แต่ Test Speed WIFI 5 GHz ไม่ได้ตาม Package,1
28,Proactive-Change ONT | Proactive | Wi-fi 2.4G ไม่รองรับ Spee,Swap เปลี่ยนอุปกรณ์ เป็น Premium Router WiFi6,บริการหลังการขาย,ทดสอบและอธิบายลูกค้า,1
28,Proactive-Change ONT | Proactive | Wi-fi 2.4G ไม่รองรับ Spee,เปลี่ยนRouter รองรับเฉพาะ Package 2Gbps  (T6825G),บริการหลังการขาย,Modem แตกหัก/สีผิดสภาพเดิม,1
28,Proactive-Change ONT | Proactive | Wi-fi 2.4G ไม่รองรับ Spee,Swap เปลี่ยนอุปกรณ์ เป็น WiFi6 2G (T6825G),บริการหลังการขาย,ลูกค้าต้องการเปลี่ยน Modem,1
28,Proactive-Change ONT | Proactive | Wi-fi 2.4G ไม่รองรับ Spee,เปลี่ยน Router (T626ProV2) รองรับเฉพาะแพ็กเกจ Dongle,บริการหลังการขาย,ส่งงานไม่ถูกต้อง,1
28,Proactive-Change ONT | Proactive | Wi-fi 2.4G ไม่รองรับ Spee,อุปกรณ์ลูกค้า (device),ใช้งาน VPN ไม่ได้,CONFIG CHANGE,1
28,Proactive-Change ONT | Proactive | Wi-fi 2.4G ไม่รองรับ Spee,เปลี่ยนRouter รองรับเฉพาะ Package 2Gbps  (T6825G),บริการหลังการขาย,อุปกรณ์คืนค่าโรงงาน,1
28,Proactive-Change ONT | Proactive | Wi-fi 2.4G ไม่รองรับ Spee,เปลี่ยนRouter รองรับเฉพาะ Package 2Gbps  (T6825G),บริการหลังการขาย,Wi-fi 2.4G ไม่รองรับ Speed,1
28,Proactive-Change ONT | Proactive | Wi-fi 2.4G ไม่รองรับ Spee,"เปลี่ยน Router,Mesh 1 จุด T6270Pro+ติดตั้ง (RC 900) 1.SOS 2. Siren 3.Door",บริการหลังการขาย,ไม่ทราบสาเหตุ,1
28,Proactive-Change ONT | Proactive | Wi-fi 2.4G ไม่รองรับ Spee,เปลี่ยนRouter รองรับเฉพาะ Package 2Gbps  (T6825G),บริการหลังการขาย,Modemไม่ lock/ไม่ Synch/High Loss,1
28,Proactive-Change ONT | Proactive | Wi-fi 2.4G ไม่รองรับ Spee,Swap เปลี่ยนอุปกรณ์ เป็น Premium Router WiFi6,บริการหลังการขาย,Monitor เหตุเสียครบตามเงื่อนไข,1
28,Proactive-Change ONT | Proactive | Wi-fi 2.4G ไม่รองรับ Spee,เปลี่ยนRouter รองรับเฉพาะ Package 10Gbps (XGSPON),บริการหลังการขาย,Ticket มีการระบุให้เปลี่ยนอุปกรณ์,1
28,Proactive-Change ONT | Proactive | Wi-fi 2.4G ไม่รองรับ Spee,Swap เปลี่ยนอุปกรณ์ เป็น Premium Router WiFi6,บริการหลังการขาย,Sync Speed/RSSI ไม่ได้ WIFI ตาม Criteria /Low Signal 2.4 GHz,1
28,Proactive-Change ONT | Proactive | Wi-fi 2.4G ไม่รองรับ Spee,เปลี่ยน Router เพื่อรองรับ Smart Home Router,บริการหลังการขาย,Modem ไม่รองรับ Package ลูกค้า,1
28,Proactive-Change ONT | Proactive | Wi-fi 2.4G ไม่รองรับ Spee,Swap เปลี่ยนอุปกรณ์ เป็น Premium Router WiFi6,บริการหลังการขาย,Connect WiFi ไม่ได้/ไม่พบ SSID,1
28,Proactive-Change ONT | Proactive | Wi-fi 2.4G ไม่รองรับ Spee,"เปลี่ยน Router,Mesh 1 จุด T6270Pro+ติดตั้ง (RC 1000) 1.SOS 2. Siren 3.Door 4.Motion",บริการหลังการขาย,อุปกรณ์คืนค่าโรงงาน,1
28,Proactive-Change ONT | Proactive | Wi-fi 2.4G ไม่รองรับ Spee,"เปลี่ยน Router,Mesh 1 จุด T6270Pro+ติดตั้ง (RC 1000) 1.SOS 2. Siren 3.Door 4.Motion",บริการหลังการขาย,การใช้งานของลูกค้า,1
29,เปลี่ยน Modem เป็น Router gigatex | บริการหลังการขาย | Ticke,เปลี่ยน Modem เป็น Router gigatex,บริการหลังการขาย,ลูกค้าต้องการเปลี่ยน Modem,4218
29,เปลี่ยน Modem เป็น Router gigatex | บริการหลังการขาย | Ticke,เปลี่ยน Modem เป็น Router gigatex,บริการหลังการขาย,Ticket มีการระบุให้เปลี่ยนอุปกรณ์,1089
29,เปลี่ยน Modem เป็น Router gigatex | บริการหลังการขาย | Ticke,เปลี่ยน Modem เป็น Router gigatex,บริการหลังการขาย,Modem ไม่รองรับ Package ลูกค้า,415
29,เปลี่ยน Modem เป็น Router gigatex | บริการหลังการขาย | Ticke,เปลี่ยน Modem เป็น Router gigatex,บริการหลังการขาย,การใช้งานของลูกค้า,404
29,เปลี่ยน Modem เป็น Router gigatex | บริการหลังการขาย | Ticke,เปลี่ยน Modem เป็น Router gigatex,บริการหลังการขาย,ไฟไม่เข้า,180
29,เปลี่ยน Modem เป็น Router gigatex | บริการหลังการขาย | Ticke,เปลี่ยน Modem เป็น Router gigatex,บริการหลังการขาย,Reboot,178
29,เปลี่ยน Modem เป็น Router gigatex | บริการหลังการขาย | Ticke,เปลี่ยน Modem เป็น Router gigatex,บริการหลังการขาย,เหตุเสียใช้ได้ ก่อนช่างถึงบ้าน,167
29,เปลี่ยน Modem เป็น Router gigatex | บริการหลังการขาย | Ticke,เปลี่ยน Modem เป็น Router gigatex,บริการหลังการขาย,ลูกค้าเปลี่ยนใจ/ลูกค้าขอยกเลิกบริการเอง,159
29,เปลี่ยน Modem เป็น Router gigatex | บริการหลังการขาย | Ticke,เปลี่ยน Modem เป็น Router gigatex,บริการหลังการขาย,ส่งงานไม่ถูกต้อง,149
29,เปลี่ยน Modem เป็น Router gigatex | บริการหลังการขาย | Ticke,เปลี่ยน Modem เป็น Router gigatex,บริการหลังการขาย,Connect WiFi ไม่ได้/ไม่พบ SSID,143
29,เปลี่ยน Modem เป็น Router gigatex | บริการหลังการขาย | Ticke,เปลี่ยน Modem เป็น Router gigatex,บริการหลังการขาย,Modemไม่ lock/ไม่ Synch/High Loss,129
29,เปลี่ยน Modem เป็น Router gigatex | บริการหลังการขาย | Ticke,เปลี่ยน Modem เป็น Router gigatex,บริการหลังการขาย,Wi-fi 2.4G ไม่รองรับ Speed,124
29,เปลี่ยน Modem เป็น Router gigatex | บริการหลังการขาย | Ticke,เปลี่ยน Modem เป็น Router gigatex,บริการหลังการขาย,Sync Speed ได้ แต่ Test Speed WIFI 5 GHz ไม่ได้ตาม Package,102
29,เปลี่ยน Modem เป็น Router gigatex | บริการหลังการขาย | Ticke,เปลี่ยน Modem เป็น Router gigatex,บริการหลังการขาย,CONFIG CHANGE,92
29,เปลี่ยน Modem เป็น Router gigatex | บริการหลังการขาย | Ticke,เปลี่ยน Modem เป็น Router gigatex,บริการหลังการขาย,Monitor เหตุเสียครบตามเงื่อนไข,89
29,เปลี่ยน Modem เป็น Router gigatex | บริการหลังการขาย | Ticke,เปลี่ยน Modem เป็น Router gigatex,บริการหลังการขาย,ขัดข้อง/เสีย,87
29,เปลี่ยน Modem เป็น Router gigatex | บริการหลังการขาย | Ticke,เปลี่ยน Modem เป็น Router gigatex(Change Package),บริการหลังการขาย,ลูกค้าต้องการเปลี่ยน Modem,67
29,เปลี่ยน Modem เป็น Router gigatex | บริการหลังการขาย | Ticke,เปลี่ยน Modem เป็น Router gigatex,บริการหลังการขาย,Sync Speed ได้ แต่ Test Speed WIFI 2.4 GHz ไม่ได้ตาม Package,63
29,เปลี่ยน Modem เป็น Router gigatex | บริการหลังการขาย | Ticke,เปลี่ยน Modem เป็น Router gigatex,บริการหลังการขาย,ทดสอบและอธิบายลูกค้า,60
29,เปลี่ยน Modem เป็น Router gigatex | บริการหลังการขาย | Ticke,เปลี่ยน Modem เป็น Router gigatex,บริการหลังการขาย,Sync Speed/RSSI ไม่ได้ WIFI ตาม Criteria /Low Signal 5 GHz,58
29,เปลี่ยน Modem เป็น Router gigatex | บริการหลังการขาย | Ticke,เปลี่ยน Modem เป็น Router gigatex,บริการหลังการขาย,Sync Speed ได้ แต่ Test Speed LAN ไม่ได้ตาม Package,52
29,เปลี่ยน Modem เป็น Router gigatex | บริการหลังการขาย | Ticke,เปลี่ยน Modem เป็น Router gigatex,บริการหลังการขาย,Area Manager เห็นชอบให้มีการเปลี่ยน CPE,45
29,เปลี่ยน Modem เป็น Router gigatex | บริการหลังการขาย | Ticke,เปลี่ยน Modem เป็น Router gigatex,บริการหลังการขาย,Switch on/off เสีย/ชำรุดแตกหัก,45
29,เปลี่ยน Modem เป็น Router gigatex | บริการหลังการขาย | Ticke,เปลี่ยน Modem เป็น Router gigatex,บริการหลังการขาย,ไม่ทราบสาเหตุ,41
29,เปลี่ยน Modem เป็น Router gigatex | บริการหลังการขาย | Ticke,เปลี่ยน Modem เป็น Router gigatex,บริการหลังการขาย,Voice ไม่ติด (ไฟ Phone ไม่ติด),32
29,เปลี่ยน Modem เป็น Router gigatex | บริการหลังการขาย | Ticke,เปลี่ยน Modem เป็น Router gigatex(Change Package),บริการหลังการขาย,Ticket มีการระบุให้เปลี่ยนอุปกรณ์,32
29,เปลี่ยน Modem เป็น Router gigatex | บริการหลังการขาย | Ticke,เปลี่ยน Modem เป็น Router gigatex,บริการหลังการขาย,Modem แตกหัก/สีผิดสภาพเดิม,28
29,เปลี่ยน Modem เป็น Router gigatex | บริการหลังการขาย | Ticke,เปลี่ยน Modem เป็น Router gigatex,บริการหลังการขาย,สายหัก/สายงอ/สายถูกดึงรั้ง,26
29,เปลี่ยน Modem เป็น Router gigatex | บริการหลังการขาย | Ticke,เปลี่ยน Modem เป็น Router gigatex,บริการหลังการขาย,อุปกรณ์คืนค่าโรงงาน,23
29,เปลี่ยน Modem เป็น Router gigatex | บริการหลังการขาย | Ticke,เปลี่ยน Modem เป็น Router gigatex(Change Package),บริการหลังการขาย,Modem ไม่รองรับ Package ลูกค้า,21
29,เปลี่ยน Modem เป็น Router gigatex | บริการหลังการขาย | Ticke,เปลี่ยน Modem เป็น Router gigatex,บริการหลังการขาย,หัวสายสำเร็จSC-APC เสีย,20
29,เปลี่ยน Modem เป็น Router gigatex | บริการหลังการขาย | Ticke,Proactive-Change Non-Gigatex Modem,Proactive,Sync Speed ได้ แต่ Test Speed WIFI 5 GHz ไม่ได้ตาม Package,17
29,เปลี่ยน Modem เป็น Router gigatex | บริการหลังการขาย | Ticke,เปลี่ยน Modem เป็น Router gigatex,บริการหลังการขาย,เสาอากาศชำรุด,16
29,เปลี่ยน Modem เป็น Router gigatex | บริการหลังการขาย | Ticke,Proactive-Change Non-Gigatex Modem,Proactive,Sync Speed/RSSI ไม่ได้ WIFI ตาม Criteria /Low Signal 5 GHz,15
29,เปลี่ยน Modem เป็น Router gigatex | บริการหลังการขาย | Ticke,เปลี่ยน Modem เป็น Router gigatex,บริการหลังการขาย,LAN เสีย,14
29,เปลี่ยน Modem เป็น Router gigatex | บริการหลังการขาย | Ticke,เปลี่ยน Modem เป็น Router gigatex,บริการหลังการขาย,เปลี่ยน process การทำงาน,14
29,เปลี่ยน Modem เป็น Router gigatex | บริการหลังการขาย | Ticke,เปลี่ยน Modem เป็น Router gigatex,บริการหลังการขาย,การไฟฟ้าย้ายแนว/จัดระเบียบสาย,7
29,เปลี่ยน Modem เป็น Router gigatex | บริการหลังการขาย | Ticke,เปลี่ยน Modem เป็น Router gigatex,บริการหลังการขาย,หัวสายสำเร็จSC-APC หลวม /ไม่สนิท,7
29,เปลี่ยน Modem เป็น Router gigatex | บริการหลังการขาย | Ticke,เปลี่ยน Modem เป็น Router gigatex,บริการหลังการขาย,ไม่พบปัญหาการใช้งานแล้ว,6
29,เปลี่ยน Modem เป็น Router gigatex | บริการหลังการขาย | Ticke,เปลี่ยน Modem เป็น Router gigatex,บริการหลังการขาย,รถเกี่ยว,6
29,เปลี่ยน Modem เป็น Router gigatex | บริการหลังการขาย | Ticke,Proactive-Change Non-Gigatex Modem,Proactive,Sync Speed ได้ แต่ Test Speed WIFI 2.4 GHz ไม่ได้ตาม Package,6
29,เปลี่ยน Modem เป็น Router gigatex | บริการหลังการขาย | Ticke,เปลี่ยน Modem เป็น Router gigatex,บริการหลังการขาย,มีเสียงผิดปกติในตัวโมเด็ม,6
29,เปลี่ยน Modem เป็น Router gigatex | บริการหลังการขาย | Ticke,เปลี่ยน Modem เป็น Router gigatex,บริการหลังการขาย,มีค่า Loss สูง,5
29,เปลี่ยน Modem เป็น Router gigatex | บริการหลังการขาย | Ticke,เปลี่ยน Modem เป็น Router gigatex(Change Package),บริการหลังการขาย,ขัดข้อง/เสีย,5
29,เปลี่ยน Modem เป็น Router gigatex | บริการหลังการขาย | Ticke,เปลี่ยน Modem เป็น Router gigatex,บริการหลังการขาย,ลูกค้าทำอุปกรณ์เสียหาย,5
29,เปลี่ยน Modem เป็น Router gigatex | บริการหลังการขาย | Ticke,เปลี่ยน Modem เป็น Router gigatex(Change Package),บริการหลังการขาย,การใช้งานของลูกค้า,5
29,เปลี่ยน Modem เป็น Router gigatex | บริการหลังการขาย | Ticke,เปลี่ยน Modem เป็น Router gigatex(Change Package),บริการหลังการขาย,Reboot,5
29,เปลี่ยน Modem เป็น Router gigatex | บริการหลังการขาย | Ticke,เปลี่ยน Modem เป็น Router gigatex,บริการหลังการขาย,Sync Speed/RSSI ไม่ได้ WIFI ตาม Criteria /Low Signal 2.4 GHz,5
29,เปลี่ยน Modem เป็น Router gigatex | บริการหลังการขาย | Ticke,เปลี่ยน Modem เป็น Router gigatex(Change Package),บริการหลังการขาย,ไฟไม่เข้า,4
29,เปลี่ยน Modem เป็น Router gigatex | บริการหลังการขาย | Ticke,เปลี่ยน Modem เป็น Router gigatex,บริการหลังการขาย,บุคคลเจตนาร้าย-ตัดทำลายข่ายสาย,4
29,เปลี่ยน Modem เป็น Router gigatex | บริการหลังการขาย | Ticke,เปลี่ยน Modem เป็น Router gigatex(Change Package),บริการหลังการขาย,ลูกค้าเปลี่ยนใจ/ลูกค้าขอยกเลิกบริการเอง,4
29,เปลี่ยน Modem เป็น Router gigatex | บริการหลังการขาย | Ticke,เปลี่ยน Modem เป็น Router gigatex(Change Package),บริการหลังการขาย,ทดสอบและอธิบายลูกค้า,4
29,เปลี่ยน Modem เป็น Router gigatex | บริการหลังการขาย | Ticke,Proactive-Change Non-Gigatex Modem,Proactive,Wi-fi 2.4G ไม่รองรับ Speed,3
29,เปลี่ยน Modem เป็น Router gigatex | บริการหลังการขาย | Ticke,เปลี่ยน Modem เป็น Router gigatex,บริการหลังการขาย,ลูกค้าใช้งาน Wi Fi ห่างจาก Modem,3
29,เปลี่ยน Modem เป็น Router gigatex | บริการหลังการขาย | Ticke,เปลี่ยน Modem เป็น Router gigatex,บริการหลังการขาย,สูญหาย,3
29,เปลี่ยน Modem เป็น Router gigatex | บริการหลังการขาย | Ticke,เปลี่ยน Modem เป็น Router gigatex,บริการหลังการขาย,เทศบาลตัดแต่งต้นไม้,3
29,เปลี่ยน Modem เป็น Router gigatex | บริการหลังการขาย | Ticke,เปลี่ยน Modem เป็น Router gigatex,บริการหลังการขาย,ลูกค้าต้องการเปลี่ยน TrueID TV Box,3
29,เปลี่ยน Modem เป็น Router gigatex | บริการหลังการขาย | Ticke,เปลี่ยน Modem เป็น Router gigatex(Change Package),บริการหลังการขาย,Sync Speed/RSSI ไม่ได้ WIFI ตาม Criteria /Low Signal 5 GHz,3
29,เปลี่ยน Modem เป็น Router gigatex | บริการหลังการขาย | Ticke,เปลี่ยน Modem เป็น Router gigatex,บริการหลังการขาย,ลูกค้าต้องการเปลี่ยน Mesh Wifi,3
29,เปลี่ยน Modem เป็น Router gigatex | บริการหลังการขาย | Ticke,Proactive-Change Non-Gigatex Modem,Proactive,Sync Speed ได้ แต่ Test Speed LAN ไม่ได้ตาม Package,3
29,เปลี่ยน Modem เป็น Router gigatex | บริการหลังการขาย | Ticke,เปลี่ยน Modem เป็น Router gigatex,บริการหลังการขาย,สายเสื่อมสภาพ,3
29,เปลี่ยน Modem เป็น Router gigatex | บริการหลังการขาย | Ticke,เปลี่ยน Modem เป็น Router gigatex,บริการหลังการขาย,อุปกรณ์ Hang,2
29,เปลี่ยน Modem เป็น Router gigatex | บริการหลังการขาย | Ticke,เปลี่ยน Modem เป็น Router gigatex,บริการหลังการขาย,พายุ,2
29,เปลี่ยน Modem เป็น Router gigatex | บริการหลังการขาย | Ticke,เปลี่ยน Modem เป็น Router gigatex(Change Package),บริการหลังการขาย,Sync Speed ได้ แต่ Test Speed WIFI 5 GHz ไม่ได้ตาม Package,2
29,เปลี่ยน Modem เป็น Router gigatex | บริการหลังการขาย | Ticke,Proactive-Change ONT,Proactive,Sync Speed ได้ แต่ Test Speed WIFI 5 GHz ไม่ได้ตาม Package,2
29,เปลี่ยน Modem เป็น Router gigatex | บริการหลังการขาย | Ticke,เปลี่ยน Modem เป็น Router gigatex,บริการหลังการขาย,สัตว์ (เช่น ลิง กระรอก ช้าง ),2
29,เปลี่ยน Modem เป็น Router gigatex | บริการหลังการขาย | Ticke,เปลี่ยน Modem เป็น Router gigatex(Change Package),บริการหลังการขาย,ไม่ทราบสาเหตุ,2
29,เปลี่ยน Modem เป็น Router gigatex | บริการหลังการขาย | Ticke,เปลี่ยน Modem เป็น Router gigatex,บริการหลังการขาย,BUG FIRMWARE,2
29,เปลี่ยน Modem เป็น Router gigatex | บริการหลังการขาย | Ticke,เปลี่ยน Modem เป็น Router gigatex,บริการหลังการขาย,ลูกค้าต้องการเปลี่ยน Set Top Box,2
29,เปลี่ยน Modem เป็น Router gigatex | บริการหลังการขาย | Ticke,เปลี่ยน Modem เป็น Router gigatex,บริการหลังการขาย,ระยะสาย Drop Wire ไกล,2
29,เปลี่ยน Modem เป็น Router gigatex | บริการหลังการขาย | Ticke,เปลี่ยน Modem เป็น Router gigatex(Change Package),บริการหลังการขาย,Voice ไม่ติด (ไฟ Phone ไม่ติด),2
29,เปลี่ยน Modem เป็น Router gigatex | บริการหลังการขาย | Ticke,เปลี่ยน Modem เป็น Router gigatex(Change Package),บริการหลังการขาย,เหตุเสียใช้ได้ ก่อนช่างถึงบ้าน,2
29,เปลี่ยน Modem เป็น Router gigatex | บริการหลังการขาย | Ticke,เปลี่ยน Modem เป็น Router gigatex,บริการหลังการขาย,ไม่มีสัญญาณ CATV หรือ ค่า RF ไม่ได้ตามค่ามาตรฐาน,2
29,เปลี่ยน Modem เป็น Router gigatex | บริการหลังการขาย | Ticke,เปลี่ยน Modem เป็น Router gigatex,บริการหลังการขาย,ไม่ตรงรุ่น,2
29,เปลี่ยน Modem เป็น Router gigatex | บริการหลังการขาย | Ticke,เปลี่ยน Modem เป็น Router gigatex,บริการหลังการขาย,สัญญาณ Wifi ไม่ครอบคลุม,2
29,เปลี่ยน Modem เป็น Router gigatex | บริการหลังการขาย | Ticke,เปลี่ยน Modem เป็น Router gigatex(Change Package),บริการหลังการขาย,ลูกค้าต้องการเปลี่ยน TrueID TV Box,1
29,เปลี่ยน Modem เป็น Router gigatex | บริการหลังการขาย | Ticke,เปลี่ยน Modem เป็น Router gigatex(Change Package),บริการหลังการขาย,Modemไม่ lock/ไม่ Synch/High Loss,1
29,เปลี่ยน Modem เป็น Router gigatex | บริการหลังการขาย | Ticke,เปลี่ยน Modem เป็น Router gigatex(Change Package),บริการหลังการขาย,Wi-fi 2.4G ไม่รองรับ Speed,1
29,เปลี่ยน Modem เป็น Router gigatex | บริการหลังการขาย | Ticke,เปลี่ยน Modem เป็น Router gigatex,บริการหลังการขาย,สายขาด,1
29,เปลี่ยน Modem เป็น Router gigatex | บริการหลังการขาย | Ticke,เปลี่ยน Modem เป็น Router gigatex,บริการหลังการขาย,หลวม/แตกหัก,1
29,เปลี่ยน Modem เป็น Router gigatex | บริการหลังการขาย | Ticke,เปลี่ยน Modem เป็น Router gigatex,บริการหลังการขาย,ลูกค้าไม่อยู่บ้าน,1
29,เปลี่ยน Modem เป็น Router gigatex | บริการหลังการขาย | Ticke,เปลี่ยน Modem เป็น Router gigatex,บริการหลังการขาย,ข้อต่อหลวม ไม่ดี/ไม่สนิท,1
29,เปลี่ยน Modem เป็น Router gigatex | บริการหลังการขาย | Ticke,เปลี่ยน Modem เป็น Router gigatex,บริการหลังการขาย,Costomer Knowledge,1
29,เปลี่ยน Modem เป็น Router gigatex | บริการหลังการขาย | Ticke,เปลี่ยน Modem เป็น Router gigatex,บริการหลังการขาย,ช่างไม่ได้ติดตั้งกล้อง CCTV ให้ลูกค้า,1
29,เปลี่ยน Modem เป็น Router gigatex | บริการหลังการขาย | Ticke,เปลี่ยน Modem เป็น Router gigatex,บริการหลังการขาย,สกปรก,1
29,เปลี่ยน Modem เป็น Router gigatex | บริการหลังการขาย | Ticke,เปลี่ยน Modem เป็น Router gigatex(Change Package),บริการหลังการขาย,Connect WiFi ไม่ได้/ไม่พบ SSID,1
29,เปลี่ยน Modem เป็น Router gigatex | บริการหลังการขาย | Ticke,เปลี่ยน Modem เป็น Router gigatex,บริการหลังการขาย,กล่องรับสัญญาณขัดข้อง (CA9/CA11),1
29,เปลี่ยน Modem เป็น Router gigatex | บริการหลังการขาย | Ticke,เปลี่ยน Modem เป็น Router gigatex,บริการหลังการขาย,หลอดไฟ LED Status เสีย,1
29,เปลี่ยน Modem เป็น Router gigatex | บริการหลังการขาย | Ticke,เปลี่ยน Modem เป็น Router gigatex(Change Package),บริการหลังการขาย,Monitor เหตุเสียครบตามเงื่อนไข,1
29,เปลี่ยน Modem เป็น Router gigatex | บริการหลังการขาย | Ticke,เปลี่ยน Modem เป็น Router gigatex(Change Package),บริการหลังการขาย,ส่งงานไม่ถูกต้อง,1
29,เปลี่ยน Modem เป็น Router gigatex | บริการหลังการขาย | Ticke,เปลี่ยน Modem เป็น Router gigatex,บริการหลังการขาย,กล่องไม่อ่านการ์ด,1
29,เปลี่ยน Modem เป็น Router gigatex | บริการหลังการขาย | Ticke,เปลี่ยน Modem เป็น Router gigatex,บริการหลังการขาย,CONFIG.PARAMETER ไม่ถูกต้อง,1
29,เปลี่ยน Modem เป็น Router gigatex | บริการหลังการขาย | Ticke,เปลี่ยน Modem เป็น Router gigatex,บริการหลังการขาย,แมลง(เช่น จักจั่น มด ปลวก),1
29,เปลี่ยน Modem เป็น Router gigatex | บริการหลังการขาย | Ticke,เปลี่ยน Modem เป็น Router gigatex,บริการหลังการขาย,มีสัญญาณรบกวน WiFi สูง,1
29,เปลี่ยน Modem เป็น Router gigatex | บริการหลังการขาย | Ticke,เปลี่ยน Modem เป็น Router gigatex,บริการหลังการขาย,สายไม่เป็นระเบียบ,1
29,เปลี่ยน Modem เป็น Router gigatex | บริการหลังการขาย | Ticke,เปลี่ยน Modem เป็น Router gigatex(Change Package),บริการหลังการขาย,Sync Speed ได้ แต่ Test Speed WIFI 2.4 GHz ไม่ได้ตาม Package,1
29,เปลี่ยน Modem เป็น Router gigatex | บริการหลังการขาย | Ticke,เปลี่ยน Modem เป็น Router gigatex,บริการหลังการขาย,ลูกค้าต้องการเปลี่ยน Hybrid Box,1
29,เปลี่ยน Modem เป็น Router gigatex | บริการหลังการขาย | Ticke,เปลี่ยน Modem เป็น Router gigatex(Change Package),บริการหลังการขาย,เปลี่ยน process การทำงาน,1
29,เปลี่ยน Modem เป็น Router gigatex | บริการหลังการขาย | Ticke,เปลี่ยน Modem เป็น Router gigatex,บริการหลังการขาย,ไฟไหม้,1
29,เปลี่ยน Modem เป็น Router gigatex | บริการหลังการขาย | Ticke,เปลี่ยน Modem เป็น Router gigatex(Change Package),บริการหลังการขาย,Area Manager เห็นชอบให้มีการเปลี่ยน CPE,1
29,เปลี่ยน Modem เป็น Router gigatex | บริการหลังการขาย | Ticke,เปลี่ยน Modem เป็น Router gigatex,บริการหลังการขาย,Mesh pair ไม่สำเร็จ,1
29,เปลี่ยน Modem เป็น Router gigatex | บริการหลังการขาย | Ticke,เปลี่ยน Modem เป็น Router gigatex,บริการหลังการขาย,ลูกค้าแจ้งขอยกเลิกบริการ,1
29,เปลี่ยน Modem เป็น Router gigatex | บริการหลังการขาย | Ticke,Proactive - Change Power Adaptor,คุณภาพสัญญาน,Sync Speed ได้ แต่ Test Speed WIFI 5 GHz ไม่ได้ตาม Package,1
29,เปลี่ยน Modem เป็น Router gigatex | บริการหลังการขาย | Ticke,Proactive - Change Power Adaptor,คุณภาพสัญญาน,Sync Speed ได้ แต่ Test Speed LAN ไม่ได้ตาม Package,1
30,ขอบริการเปลี่ยน Remote | บริการหลังการขาย | ขัดข้อง/เสีย,ขอบริการเปลี่ยน Remote,บริการหลังการขาย,ขัดข้อง/เสีย,6273
30,ขอบริการเปลี่ยน Remote | บริการหลังการขาย | ขัดข้อง/เสีย,Remote หาย / ชำรุด,บริการหลังการขาย,ขัดข้อง/เสีย,367
30,ขอบริการเปลี่ยน Remote | บริการหลังการขาย | ขัดข้อง/เสีย,Remote หาย / ชำรุด,บริการหลังการขาย,Remote ไม่ทำงาน,223
30,ขอบริการเปลี่ยน Remote | บริการหลังการขาย | ขัดข้อง/เสีย,ขอบริการเปลี่ยน Remote,บริการหลังการขาย,ไม่ทราบสาเหตุ,99
30,ขอบริการเปลี่ยน Remote | บริการหลังการขาย | ขัดข้อง/เสีย,ขอบริการเปลี่ยน Remote,บริการหลังการขาย,Remote ไม่ทำงาน,95
30,ขอบริการเปลี่ยน Remote | บริการหลังการขาย | ขัดข้อง/เสีย,Remote หาย / ชำรุด,บริการหลังการขาย,การใช้งานของลูกค้า,80
30,ขอบริการเปลี่ยน Remote | บริการหลังการขาย | ขัดข้อง/เสีย,ขอบริการเปลี่ยน Remote,บริการหลังการขาย,ส่งงานไม่ถูกต้อง,65
30,ขอบริการเปลี่ยน Remote | บริการหลังการขาย | ขัดข้อง/เสีย,Remote หาย / ชำรุด,บริการหลังการขาย,เหตุเสียใช้ได้ ก่อนช่างถึงบ้าน,51
30,ขอบริการเปลี่ยน Remote | บริการหลังการขาย | ขัดข้อง/เสีย,ขอบริการเปลี่ยน Remote,บริการหลังการขาย,ลูกค้าเปลี่ยนใจ/ลูกค้าขอยกเลิกบริการเอง,49
30,ขอบริการเปลี่ยน Remote | บริการหลังการขาย | ขัดข้อง/เสีย,ขอบริการเปลี่ยน Remote,บริการหลังการขาย,การใช้งานของลูกค้า,43
30,ขอบริการเปลี่ยน Remote | บริการหลังการขาย | ขัดข้อง/เสีย,ขอบริการเปลี่ยน Remote,บริการหลังการขาย,Monitor เหตุเสียครบตามเงื่อนไข,41
30,ขอบริการเปลี่ยน Remote | บริการหลังการขาย | ขัดข้อง/เสีย,Remote หาย / ชำรุด,บริการหลังการขาย,ลูกค้าทำอุปกรณ์เสียหาย,30
30,ขอบริการเปลี่ยน Remote | บริการหลังการขาย | ขัดข้อง/เสีย,Remote หาย / ชำรุด,บริการหลังการขาย,ลูกค้าเปลี่ยนใจ/ลูกค้าขอยกเลิกบริการเอง,30
30,ขอบริการเปลี่ยน Remote | บริการหลังการขาย | ขัดข้อง/เสีย,ขอบริการเปลี่ยน Remote,บริการหลังการขาย,เหตุเสียใช้ได้ ก่อนช่างถึงบ้าน,29
30,ขอบริการเปลี่ยน Remote | บริการหลังการขาย | ขัดข้อง/เสีย,Remote หาย / ชำรุด,บริการหลังการขาย,สูญหาย,26
30,ขอบริการเปลี่ยน Remote | บริการหลังการขาย | ขัดข้อง/เสีย,Remote หาย / ชำรุด,บริการหลังการขาย,Monitor เหตุเสียครบตามเงื่อนไข,19
30,ขอบริการเปลี่ยน Remote | บริการหลังการขาย | ขัดข้อง/เสีย,ขอบริการเปลี่ยน Remote,บริการหลังการขาย,ไม่พบปัญหาการใช้งานแล้ว,19
30,ขอบริการเปลี่ยน Remote | บริการหลังการขาย | ขัดข้อง/เสีย,Remote หาย / ชำรุด,บริการหลังการขาย,Battery หมด/เสื่อม,16
30,ขอบริการเปลี่ยน Remote | บริการหลังการขาย | ขัดข้อง/เสีย,ขอบริการเปลี่ยน Remote,บริการหลังการขาย,พบปัญหาใหม่,13
30,ขอบริการเปลี่ยน Remote | บริการหลังการขาย | ขัดข้อง/เสีย,Remote หาย / ชำรุด,บริการหลังการขาย,ส่งงานไม่ถูกต้อง,7
30,ขอบริการเปลี่ยน Remote | บริการหลังการขาย | ขัดข้อง/เสีย,Remote หาย / ชำรุด,บริการหลังการขาย,ไฟไม่เข้า,7
30,ขอบริการเปลี่ยน Remote | บริการหลังการขาย | ขัดข้อง/เสีย,ขอบริการเปลี่ยน Remote,บริการหลังการขาย,CONFIG CHANGE,7
30,ขอบริการเปลี่ยน Remote | บริการหลังการขาย | ขัดข้อง/เสีย,Remote หาย / ชำรุด,บริการหลังการขาย,คำสั่งเสียงไม่ทำงาน,6
30,ขอบริการเปลี่ยน Remote | บริการหลังการขาย | ขัดข้อง/เสีย,Remote หาย / ชำรุด,บริการหลังการขาย,CONFIG CHANGE,6
30,ขอบริการเปลี่ยน Remote | บริการหลังการขาย | ขัดข้อง/เสีย,ขอบริการเปลี่ยน Remote,บริการหลังการขาย,Battery หมด/เสื่อม,6
30,ขอบริการเปลี่ยน Remote | บริการหลังการขาย | ขัดข้อง/เสีย,Remote หาย / ชำรุด,บริการหลังการขาย,ไม่ทราบสาเหตุ,6
30,ขอบริการเปลี่ยน Remote | บริการหลังการขาย | ขัดข้อง/เสีย,ขอบริการเปลี่ยน Remote,บริการหลังการขาย,ทดสอบและอธิบายลูกค้า,5
30,ขอบริการเปลี่ยน Remote | บริการหลังการขาย | ขัดข้อง/เสีย,ขอบริการเปลี่ยน Remote,บริการหลังการขาย,ไฟไม่เข้า,5
30,ขอบริการเปลี่ยน Remote | บริการหลังการขาย | ขัดข้อง/เสีย,Remote หาย / ชำรุด,บริการหลังการขาย,ลูกค้าต้องการเปลี่ยน Set Top Box,4
30,ขอบริการเปลี่ยน Remote | บริการหลังการขาย | ขัดข้อง/เสีย,Remote หาย / ชำรุด,บริการหลังการขาย,กล่องไม่อ่านการ์ด,4
30,ขอบริการเปลี่ยน Remote | บริการหลังการขาย | ขัดข้อง/เสีย,ขอบริการเปลี่ยน Remote,บริการหลังการขาย,คำสั่งเสียงไม่ทำงาน,4
30,ขอบริการเปลี่ยน Remote | บริการหลังการขาย | ขัดข้อง/เสีย,Remote หาย / ชำรุด,บริการหลังการขาย,กล่องรับสัญญาณขัดข้อง (CA9/CA11),3
30,ขอบริการเปลี่ยน Remote | บริการหลังการขาย | ขัดข้อง/เสีย,ขอบริการเปลี่ยน Remote,บริการหลังการขาย,กล่องไม่อ่านการ์ด,3
30,ขอบริการเปลี่ยน Remote | บริการหลังการขาย | ขัดข้อง/เสีย,กล่อง 4K- Remote หาย / ชำรุด,บริการหลังการขาย,ขัดข้อง/เสีย,3
30,ขอบริการเปลี่ยน Remote | บริการหลังการขาย | ขัดข้อง/เสีย,Set-top box หาย/ชำรุด,บริการหลังการขาย,Remote ไม่ทำงาน,3
30,ขอบริการเปลี่ยน Remote | บริการหลังการขาย | ขัดข้อง/เสีย,ขอบริการเปลี่ยน Remote,บริการหลังการขาย,ค่าสัญญาณดี ภาพค้าง/ ขาดหาย,3
30,ขอบริการเปลี่ยน Remote | บริการหลังการขาย | ขัดข้อง/เสีย,ขอบริการเปลี่ยน Remote,บริการหลังการขาย,อุปกรณ์ Hang,3
30,ขอบริการเปลี่ยน Remote | บริการหลังการขาย | ขัดข้อง/เสีย,Remote หาย / ชำรุด,บริการหลังการขาย,ลูกค้าต้องการเปลี่ยน Hybrid Box,2
30,ขอบริการเปลี่ยน Remote | บริการหลังการขาย | ขัดข้อง/เสีย,Remote หาย / ชำรุด,บริการหลังการขาย,BUG FIRMWARE,2
30,ขอบริการเปลี่ยน Remote | บริการหลังการขาย | ขัดข้อง/เสีย,ขอบริการเปลี่ยน Remote,บริการหลังการขาย,กล่องรับสัญญาณขัดข้อง (ER16/E048),2
30,ขอบริการเปลี่ยน Remote | บริการหลังการขาย | ขัดข้อง/เสีย,Remote หาย / ชำรุด,บริการหลังการขาย,เชื่อมต่อ Remote ไม่ได้ (กล่องเสีย),2
30,ขอบริการเปลี่ยน Remote | บริการหลังการขาย | ขัดข้อง/เสีย,Remote หาย / ชำรุด,บริการหลังการขาย,ทดสอบและอธิบายลูกค้า,2
30,ขอบริการเปลี่ยน Remote | บริการหลังการขาย | ขัดข้อง/เสีย,ขอบริการเปลี่ยน Remote,บริการหลังการขาย,ลูกค้าทำอุปกรณ์เสียหาย,2
30,ขอบริการเปลี่ยน Remote | บริการหลังการขาย | ขัดข้อง/เสีย,Remote หาย / ชำรุด,บริการหลังการขาย,ช่องรายการถูกล็อค(CA14),2
30,ขอบริการเปลี่ยน Remote | บริการหลังการขาย | ขัดข้อง/เสีย,ขอบริการเปลี่ยน Remote,บริการหลังการขาย,ค่าสัญญาณดี แต่พบภาพขาดหาย/ ภาพแตก/ เสียงขาดหาย,2
30,ขอบริการเปลี่ยน Remote | บริการหลังการขาย | ขัดข้อง/เสีย,ขอบริการเปลี่ยน Remote,บริการหลังการขาย,ลูกค้าต้องการเปลี่ยน Set Top Box,2
30,ขอบริการเปลี่ยน Remote | บริการหลังการขาย | ขัดข้อง/เสีย,Remote หาย / ชำรุด,บริการหลังการขาย,อุปกรณ์ Hang,2
30,ขอบริการเปลี่ยน Remote | บริการหลังการขาย | ขัดข้อง/เสีย,Remote หาย / ชำรุด,บริการหลังการขาย,wifi ของกล่องเสีย,2
30,ขอบริการเปลี่ยน Remote | บริการหลังการขาย | ขัดข้อง/เสีย,Set-top box หาย/ชำรุด (ยกเว้นค่าปรับ),บริการหลังการขาย,Remote ไม่ทำงาน,2
30,ขอบริการเปลี่ยน Remote | บริการหลังการขาย | ขัดข้อง/เสีย,เปลี่ยนอุปกรณ์ 4K เป็น Mpeg4,บริการหลังการขาย,Remote ไม่ทำงาน,1
30,ขอบริการเปลี่ยน Remote | บริการหลังการขาย | ขัดข้อง/เสีย,กล่อง 4K- Remote หาย / ชำรุด,บริการหลังการขาย,Monitor เหตุเสียครบตามเงื่อนไข,1
30,ขอบริการเปลี่ยน Remote | บริการหลังการขาย | ขัดข้อง/เสีย,ขอบริการเปลี่ยน Remote,บริการหลังการขาย,Area Manager เห็นชอบให้มีการเปลี่ยน CPE,1
30,ขอบริการเปลี่ยน Remote | บริการหลังการขาย | ขัดข้อง/เสีย,Remote หาย / ชำรุด,บริการหลังการขาย,ข้อต่อหลวม ไม่ดี/ไม่สนิท,1
30,ขอบริการเปลี่ยน Remote | บริการหลังการขาย | ขัดข้อง/เสีย,Remote หาย / ชำรุด,บริการหลังการขาย,หัวสายสำเร็จSC-APC หลวม /ไม่สนิท,1
30,ขอบริการเปลี่ยน Remote | บริการหลังการขาย | ขัดข้อง/เสีย,ขอบริการเปลี่ยน Remote,บริการหลังการขาย,ลูกค้าต้องการเปลี่ยน TrueID TV Box,1
30,ขอบริการเปลี่ยน Remote | บริการหลังการขาย | ขัดข้อง/เสีย,กล่อง 4K- Remote หาย / ชำรุด,บริการหลังการขาย,การใช้งานของลูกค้า,1
30,ขอบริการเปลี่ยน Remote | บริการหลังการขาย | ขัดข้อง/เสีย,Remote หาย / ชำรุด,บริการหลังการขาย,กล่องรับสัญญาณขัดข้อง (ER16/E048),1
30,ขอบริการเปลี่ยน Remote | บริการหลังการขาย | ขัดข้อง/เสีย,กล่อง 4K- Remote หาย / ชำรุด,บริการหลังการขาย,อุปกรณ์ Hang,1
30,ขอบริการเปลี่ยน Remote | บริการหลังการขาย | ขัดข้อง/เสีย,กล่อง 4K- Remote หาย / ชำรุด,บริการหลังการขาย,ไฟไม่เข้า,1
30,ขอบริการเปลี่ยน Remote | บริการหลังการขาย | ขัดข้อง/เสีย,ขอบริการเปลี่ยน Remote,บริการหลังการขาย,Modemไม่ lock/ไม่ Synch/High Loss,1
30,ขอบริการเปลี่ยน Remote | บริการหลังการขาย | ขัดข้อง/เสีย,ขอบริการเปลี่ยน Remote,บริการหลังการขาย,เปลี่ยน process การทำงาน,1
30,ขอบริการเปลี่ยน Remote | บริการหลังการขาย | ขัดข้อง/เสีย,Remote หาย / ชำรุด,บริการหลังการขาย,เปลี่ยน process การทำงาน,1
30,ขอบริการเปลี่ยน Remote | บริการหลังการขาย | ขัดข้อง/เสีย,Remote หาย / ชำรุด,บริการหลังการขาย,สายหัก/สายงอ/สายถูกดึงรั้ง,1
30,ขอบริการเปลี่ยน Remote | บริการหลังการขาย | ขัดข้อง/เสีย,กล่อง 4K- Remote หาย / ชำรุด,บริการหลังการขาย,ไม่มีสัญญาณ CATV หรือ ค่า RF ไม่ได้ตามค่ามาตรฐาน,1
30,ขอบริการเปลี่ยน Remote | บริการหลังการขาย | ขัดข้อง/เสีย,กล่อง 4K- Remote หาย / ชำรุด,บริการหลังการขาย,CONFIG CHANGE,1
30,ขอบริการเปลี่ยน Remote | บริการหลังการขาย | ขัดข้อง/เสีย,ขอบริการเปลี่ยน Remote,บริการหลังการขาย,สั่งด้วยเสียไม่ได้ (กล่องเสีย),1
30,ขอบริการเปลี่ยน Remote | บริการหลังการขาย | ขัดข้อง/เสีย,ขอบริการเปลี่ยน Remote,บริการหลังการขาย,Process,1
30,ขอบริการเปลี่ยน Remote | บริการหลังการขาย | ขัดข้อง/เสีย,Remote หาย / ชำรุด,บริการหลังการขาย,ลูกค้าแจ้งขอยกเลิกบริการ,1
30,ขอบริการเปลี่ยน Remote | บริการหลังการขาย | ขัดข้อง/เสีย,Remote หาย / ชำรุด,บริการหลังการขาย,ค่าสัญญาณดี ภาพค้าง/ ขาดหาย,1
30,ขอบริการเปลี่ยน Remote | บริการหลังการขาย | ขัดข้อง/เสีย,Remote หาย / ชำรุด,บริการหลังการขาย,ลูกค้าต้องการเปลี่ยน Modem,1
30,ขอบริการเปลี่ยน Remote | บริการหลังการขาย | ขัดข้อง/เสีย,Soft-X Unregistered,โทรเข้า-ออก,ลูกค้าเปลี่ยนใจ/ลูกค้าขอยกเลิกบริการเอง,1
30,ขอบริการเปลี่ยน Remote | บริการหลังการขาย | ขัดข้อง/เสีย,กล่อง 4K- Remote หาย / ชำรุด,บริการหลังการขาย,สูญหาย,1
30,ขอบริการเปลี่ยน Remote | บริการหลังการขาย | ขัดข้อง/เสีย,Remote หาย / ชำรุด,บริการหลังการขาย,ช่องรายการถูกล็อค(E016/E017),1
30,ขอบริการเปลี่ยน Remote | บริการหลังการขาย | ขัดข้อง/เสีย,Remote หาย / ชำรุด,บริการหลังการขาย,LAN เสีย,1
30,ขอบริการเปลี่ยน Remote | บริการหลังการขาย | ขัดข้อง/เสีย,Remote หาย / ชำรุด,บริการหลังการขาย,อุปกรณ์คืนค่าโรงงาน,1
30,ขอบริการเปลี่ยน Remote | บริการหลังการขาย | ขัดข้อง/เสีย,ขอบริการเปลี่ยน Remote,บริการหลังการขาย,ลูกค้าต้องการเปลี่ยน Hybrid Box,1
30,ขอบริการเปลี่ยน Remote | บริการหลังการขาย | ขัดข้อง/เสีย,Remote หาย / ชำรุด,บริการหลังการขาย,ไม่พบปัญหาการใช้งานแล้ว,1
30,ขอบริการเปลี่ยน Remote | บริการหลังการขาย | ขัดข้อง/เสีย,Remote หาย / ชำรุด,บริการหลังการขาย,Exp ดี - ลูกค้าไม่สะดวกให้ตรวจสอบ,1
30,ขอบริการเปลี่ยน Remote | บริการหลังการขาย | ขัดข้อง/เสีย,ขอบริการเปลี่ยน Remote,บริการหลังการขาย,เชื่อมต่อ Remote ไม่ได้ (กล่องเสีย),1
30,ขอบริการเปลี่ยน Remote | บริการหลังการขาย | ขัดข้อง/เสีย,กล่อง 4K- Remote หาย / ชำรุด,บริการหลังการขาย,ลูกค้าต้องการเปลี่ยน Set Top Box,1
30,ขอบริการเปลี่ยน Remote | บริการหลังการขาย | ขัดข้อง/เสีย,Remote หาย / ชำรุด,บริการหลังการขาย,ค่าสัญญาณดี แต่พบภาพขาดหาย/ ภาพแตก/ เสียงขาดหาย,1
31,Set-top box หาย/ชำรุด (ยกเว้นค่าปรับ) | บริการหลังการขาย | ไ,Set-top box หาย/ชำรุด (ยกเว้นค่าปรับ),บริการหลังการขาย,ไฟไม่เข้า,36
31,Set-top box หาย/ชำรุด (ยกเว้นค่าปรับ) | บริการหลังการขาย | ไ,Set-top box หาย/ชำรุด (ยกเว้นค่าปรับ),บริการหลังการขาย,สูญหาย,27
31,Set-top box หาย/ชำรุด (ยกเว้นค่าปรับ) | บริการหลังการขาย | ไ,Set-top box หาย/ชำรุด,บริการหลังการขาย,การใช้งานของลูกค้า,26
31,Set-top box หาย/ชำรุด (ยกเว้นค่าปรับ) | บริการหลังการขาย | ไ,Set-top box หาย/ชำรุด,บริการหลังการขาย,ไฟไม่เข้า,21
31,Set-top box หาย/ชำรุด (ยกเว้นค่าปรับ) | บริการหลังการขาย | ไ,Set-top box หาย/ชำรุด,บริการหลังการขาย,สูญหาย,20
31,Set-top box หาย/ชำรุด (ยกเว้นค่าปรับ) | บริการหลังการขาย | ไ,Set-top box หาย/ชำรุด (ยกเว้นค่าปรับ),บริการหลังการขาย,การใช้งานของลูกค้า,19
31,Set-top box หาย/ชำรุด (ยกเว้นค่าปรับ) | บริการหลังการขาย | ไ,Set-top box หาย/ชำรุด (ยกเว้นค่าปรับ),บริการหลังการขาย,ลูกค้าต้องการเปลี่ยน Set Top Box,15
31,Set-top box หาย/ชำรุด (ยกเว้นค่าปรับ) | บริการหลังการขาย | ไ,Set-top box หาย/ชำรุด (ยกเว้นค่าปรับ),บริการหลังการขาย,ลูกค้าทำอุปกรณ์เสียหาย,13
31,Set-top box หาย/ชำรุด (ยกเว้นค่าปรับ) | บริการหลังการขาย | ไ,Set-top box หาย/ชำรุด (ยกเว้นค่าปรับ),บริการหลังการขาย,ลูกค้าเปลี่ยนใจ/ลูกค้าขอยกเลิกบริการเอง,12
31,Set-top box หาย/ชำรุด (ยกเว้นค่าปรับ) | บริการหลังการขาย | ไ,Set-top box หาย/ชำรุด,บริการหลังการขาย,CONFIG CHANGE,9
31,Set-top box หาย/ชำรุด (ยกเว้นค่าปรับ) | บริการหลังการขาย | ไ,Set-top box หาย/ชำรุด (ยกเว้นค่าปรับ),บริการหลังการขาย,CONFIG CHANGE,8
31,Set-top box หาย/ชำรุด (ยกเว้นค่าปรับ) | บริการหลังการขาย | ไ,Set-top box หาย/ชำรุด (ยกเว้นค่าปรับ),บริการหลังการขาย,Area Manager เห็นชอบให้มีการเปลี่ยน CPE,7
31,Set-top box หาย/ชำรุด (ยกเว้นค่าปรับ) | บริการหลังการขาย | ไ,Retention Fault,คุณภาพสัญญาน,ลูกค้าต้องการเปลี่ยน Set Top Box,7
31,Set-top box หาย/ชำรุด (ยกเว้นค่าปรับ) | บริการหลังการขาย | ไ,Set-top box หาย/ชำรุด (ยกเว้นค่าปรับ),บริการหลังการขาย,ขัดข้อง/เสีย,6
31,Set-top box หาย/ชำรุด (ยกเว้นค่าปรับ) | บริการหลังการขาย | ไ,Set-top box หาย/ชำรุด,บริการหลังการขาย,เหตุเสียใช้ได้ ก่อนช่างถึงบ้าน,6
31,Set-top box หาย/ชำรุด (ยกเว้นค่าปรับ) | บริการหลังการขาย | ไ,Set-top box หาย/ชำรุด,บริการหลังการขาย,อุปกรณ์ Hang,5
31,Set-top box หาย/ชำรุด (ยกเว้นค่าปรับ) | บริการหลังการขาย | ไ,Set-top box หาย/ชำรุด,บริการหลังการขาย,ขัดข้อง/เสีย,5
31,Set-top box หาย/ชำรุด (ยกเว้นค่าปรับ) | บริการหลังการขาย | ไ,Set-top box หาย/ชำรุด (ยกเว้นค่าปรับ),บริการหลังการขาย,Monitor เหตุเสียครบตามเงื่อนไข,4
31,Set-top box หาย/ชำรุด (ยกเว้นค่าปรับ) | บริการหลังการขาย | ไ,Set-top box ชำรุด  (ชำระค่าปรับ),บริการหลังการขาย,การใช้งานของลูกค้า,4
31,Set-top box หาย/ชำรุด (ยกเว้นค่าปรับ) | บริการหลังการขาย | ไ,Set-top box หาย/ชำรุด (ยกเว้นค่าปรับ),บริการหลังการขาย,เหตุเสียใช้ได้ ก่อนช่างถึงบ้าน,4
31,Set-top box หาย/ชำรุด (ยกเว้นค่าปรับ) | บริการหลังการขาย | ไ,Set-top box ชำรุด  (ชำระค่าปรับ),บริการหลังการขาย,ลูกค้าเปลี่ยนใจ/ลูกค้าขอยกเลิกบริการเอง,3
31,Set-top box หาย/ชำรุด (ยกเว้นค่าปรับ) | บริการหลังการขาย | ไ,Set-top box หาย/ชำรุด (ยกเว้นค่าปรับ),บริการหลังการขาย,ลูกค้าต้องการเปลี่ยน Hybrid Box,3
31,Set-top box หาย/ชำรุด (ยกเว้นค่าปรับ) | บริการหลังการขาย | ไ,Set-top box หาย/ชำรุด (ยกเว้นค่าปรับ),บริการหลังการขาย,ทดสอบและอธิบายลูกค้า,3
31,Set-top box หาย/ชำรุด (ยกเว้นค่าปรับ) | บริการหลังการขาย | ไ,Set-top box หาย/ชำรุด,บริการหลังการขาย,ส่งงานไม่ถูกต้อง,3
31,Set-top box หาย/ชำรุด (ยกเว้นค่าปรับ) | บริการหลังการขาย | ไ,Set-top box หาย/ชำรุด,บริการหลังการขาย,อุปกรณ์คืนค่าโรงงาน,3
31,Set-top box หาย/ชำรุด (ยกเว้นค่าปรับ) | บริการหลังการขาย | ไ,Set-top box หาย/ชำรุด (ยกเว้นค่าปรับ),บริการหลังการขาย,ค่าสัญญาณดี แต่พบภาพขาดหาย/ ภาพแตก/ เสียงขาดหาย,3
31,Set-top box หาย/ชำรุด (ยกเว้นค่าปรับ) | บริการหลังการขาย | ไ,Set-top box หาย/ชำรุด (ยกเว้นค่าปรับ),บริการหลังการขาย,อุปกรณ์ Hang,3
31,Set-top box หาย/ชำรุด (ยกเว้นค่าปรับ) | บริการหลังการขาย | ไ,Set-top box ชำรุด  (ชำระค่าปรับ),บริการหลังการขาย,ลูกค้าทำอุปกรณ์เสียหาย,3
31,Set-top box หาย/ชำรุด (ยกเว้นค่าปรับ) | บริการหลังการขาย | ไ,Set-top box หาย/ชำรุด (ยกเว้นค่าปรับ),บริการหลังการขาย,กล่องไม่อ่านการ์ด,2
31,Set-top box หาย/ชำรุด (ยกเว้นค่าปรับ) | บริการหลังการขาย | ไ,Set-top box หาย/ชำรุด,บริการหลังการขาย,Monitor เหตุเสียครบตามเงื่อนไข,2
31,Set-top box หาย/ชำรุด (ยกเว้นค่าปรับ) | บริการหลังการขาย | ไ,Set-top box หาย/ชำรุด (ยกเว้นค่าปรับ),บริการหลังการขาย,อุปกรณ์คืนค่าโรงงาน,2
31,Set-top box หาย/ชำรุด (ยกเว้นค่าปรับ) | บริการหลังการขาย | ไ,Set-top box ชำรุด  (ชำระค่าปรับ),บริการหลังการขาย,ลูกค้าต้องการเปลี่ยน Set Top Box,2
31,Set-top box หาย/ชำรุด (ยกเว้นค่าปรับ) | บริการหลังการขาย | ไ,Set-top box หาย/ชำรุด (ยกเว้นค่าปรับ),บริการหลังการขาย,ลูกค้าต้องการเปลี่ยน TrueID TV Box,2
31,Set-top box หาย/ชำรุด (ยกเว้นค่าปรับ) | บริการหลังการขาย | ไ,Set-top box หาย/ชำรุด,บริการหลังการขาย,ค่าสัญญาณดี ไม่มีภาพ/ ไม่มีเสียง,2
31,Set-top box หาย/ชำรุด (ยกเว้นค่าปรับ) | บริการหลังการขาย | ไ,Set-top box ชำรุด  (ชำระค่าปรับ),บริการหลังการขาย,เหตุเสียใช้ได้ ก่อนช่างถึงบ้าน,2
31,Set-top box หาย/ชำรุด (ยกเว้นค่าปรับ) | บริการหลังการขาย | ไ,Set-top box หาย/ชำรุด (ยกเว้นค่าปรับ),บริการหลังการขาย,ลูกค้าร้องขอ (ภัยพิบัติ),1
31,Set-top box หาย/ชำรุด (ยกเว้นค่าปรับ) | บริการหลังการขาย | ไ,Set-top box หาย/ชำรุด,บริการหลังการขาย,ลูกค้าทำอุปกรณ์เสียหาย,1
31,Set-top box หาย/ชำรุด (ยกเว้นค่าปรับ) | บริการหลังการขาย | ไ,Set-top box ชำรุด  (ชำระค่าปรับ),บริการหลังการขาย,Monitor เหตุเสียครบตามเงื่อนไข,1
31,Set-top box หาย/ชำรุด (ยกเว้นค่าปรับ) | บริการหลังการขาย | ไ,Set-top box หาย/ชำรุด (ยกเว้นค่าปรับ),บริการหลังการขาย,เปลี่ยน process การทำงาน,1
31,Set-top box หาย/ชำรุด (ยกเว้นค่าปรับ) | บริการหลังการขาย | ไ,Set-top box ชำรุด  (ชำระค่าปรับ),บริการหลังการขาย,อุปกรณ์ Hang,1
31,Set-top box หาย/ชำรุด (ยกเว้นค่าปรับ) | บริการหลังการขาย | ไ,Set-top box หาย/ชำรุด,บริการหลังการขาย,Switch on/off เสีย/ชำรุดแตกหัก,1
31,Set-top box หาย/ชำรุด (ยกเว้นค่าปรับ) | บริการหลังการขาย | ไ,Set-top box หาย/ชำรุด (ยกเว้นค่าปรับ),บริการหลังการขาย,ช่องรายการถูกล็อค(CA14),1
31,Set-top box หาย/ชำรุด (ยกเว้นค่าปรับ) | บริการหลังการขาย | ไ,ปัญหาการใช้งานของลูกค้า,เปิด Web ไม่ได้,ลูกค้าต้องการเปลี่ยน Set Top Box,1
31,Set-top box หาย/ชำรุด (ยกเว้นค่าปรับ) | บริการหลังการขาย | ไ,Set-top box หาย/ชำรุด (ยกเว้นค่าปรับ),บริการหลังการขาย,แตกหัก,1
31,Set-top box หาย/ชำรุด (ยกเว้นค่าปรับ) | บริการหลังการขาย | ไ,Set-top box หาย/ชำรุด,บริการหลังการขาย,ค่าสัญญาณดี ภาพค้าง/ ขาดหาย,1
31,Set-top box หาย/ชำรุด (ยกเว้นค่าปรับ) | บริการหลังการขาย | ไ,Set-top box ชำรุด  (ชำระค่าปรับ),บริการหลังการขาย,สูญหาย,1
31,Set-top box หาย/ชำรุด (ยกเว้นค่าปรับ) | บริการหลังการขาย | ไ,Set-top box หาย/ชำรุด (ยกเว้นค่าปรับ),บริการหลังการขาย,ส่งงานไม่ถูกต้อง,1
31,Set-top box หาย/ชำรุด (ยกเว้นค่าปรับ) | บริการหลังการขาย | ไ,Set-top box ชำรุด  (ชำระค่าปรับ),บริการหลังการขาย,กล่องไม่อ่านการ์ด,1
31,Set-top box หาย/ชำรุด (ยกเว้นค่าปรับ) | บริการหลังการขาย | ไ,Set-top box หาย/ชำรุด (ยกเว้นค่าปรับ),บริการหลังการขาย,ไม่มีสัญญาณ CATV หรือ ค่า RF ไม่ได้ตามค่ามาตรฐาน,1
31,Set-top box หาย/ชำรุด (ยกเว้นค่าปรับ) | บริการหลังการขาย | ไ,Set-top box ชำรุด  (ชำระค่าปรับ),บริการหลังการขาย,ขัดข้อง/เสีย,1
31,Set-top box หาย/ชำรุด (ยกเว้นค่าปรับ) | บริการหลังการขาย | ไ,Set-top box ชำรุด  (ชำระค่าปรับ),บริการหลังการขาย,ไฟไม่เข้า,1
31,Set-top box หาย/ชำรุด (ยกเว้นค่าปรับ) | บริการหลังการขาย | ไ,Set-top box หาย/ชำรุด,บริการหลังการขาย,ผรม ติดตั้งกล่องไม่สมบูรณ์,1
31,Set-top box หาย/ชำรุด (ยกเว้นค่าปรับ) | บริการหลังการขาย | ไ,Set-top box ชำรุด  (ชำระค่าปรับ),บริการหลังการขาย,ลูกค้าร้องขอ (โจรกรรม),1
31,Set-top box หาย/ชำรุด (ยกเว้นค่าปรับ) | บริการหลังการขาย | ไ,Set-top box ชำรุด  (ชำระค่าปรับ),บริการหลังการขาย,ลูกค้าต้องการเปลี่ยน Hybrid Box,1
31,Set-top box หาย/ชำรุด (ยกเว้นค่าปรับ) | บริการหลังการขาย | ไ,Set-top box หาย/ชำรุด (ยกเว้นค่าปรับ),บริการหลังการขาย,ไม่ทราบสาเหตุ,1
31,Set-top box หาย/ชำรุด (ยกเว้นค่าปรับ) | บริการหลังการขาย | ไ,Set-top box ชำรุด  (ชำระค่าปรับ),บริการหลังการขาย,ลูกค้าต้องการเปลี่ยน TrueID TV Box,1
32,ขอบริการหลังการขาย-ช่าง App Line | บริการหลังการขาย | เหตุเส,ขอบริการหลังการขาย-ช่าง App Line,บริการหลังการขาย,การใช้งานของลูกค้า,21131
32,ขอบริการหลังการขาย-ช่าง App Line | บริการหลังการขาย | เหตุเส,ขอบริการหลังการขาย-ช่าง App Line,บริการหลังการขาย,สายหัก/สายงอ/สายถูกดึงรั้ง,4670
32,ขอบริการหลังการขาย-ช่าง App Line | บริการหลังการขาย | เหตุเส,ขอบริการหลังการขาย-ช่าง App Line,บริการหลังการขาย,CONFIG CHANGE,3649
32,ขอบริการหลังการขาย-ช่าง App Line | บริการหลังการขาย | เหตุเส,ขอบริการหลังการขาย-ช่าง App Line,บริการหลังการขาย,ขัดข้อง/เสีย,2599
32,ขอบริการหลังการขาย-ช่าง App Line | บริการหลังการขาย | เหตุเส,ขอบริการหลังการขาย-ช่าง App Line,บริการหลังการขาย,เหตุเสียใช้ได้ ก่อนช่างถึงบ้าน,2568
32,ขอบริการหลังการขาย-ช่าง App Line | บริการหลังการขาย | เหตุเส,ขอบริการหลังการขาย-ช่าง App Line,บริการหลังการขาย,ทดสอบและอธิบายลูกค้า,2251
32,ขอบริการหลังการขาย-ช่าง App Line | บริการหลังการขาย | เหตุเส,ขอบริการหลังการขาย-ช่าง App Line,บริการหลังการขาย,หัวสายสำเร็จSC-APC หลวม /ไม่สนิท,2033
32,ขอบริการหลังการขาย-ช่าง App Line | บริการหลังการขาย | เหตุเส,ขอบริการหลังการขาย-ช่าง App Line,บริการหลังการขาย,ไม่ทราบสาเหตุ,1838
32,ขอบริการหลังการขาย-ช่าง App Line | บริการหลังการขาย | เหตุเส,ขอบริการหลังการขาย-ช่าง App Line,บริการหลังการขาย,Monitor เหตุเสียครบตามเงื่อนไข,1706
32,ขอบริการหลังการขาย-ช่าง App Line | บริการหลังการขาย | เหตุเส,ขอบริการหลังการขาย-ช่าง App Line,บริการหลังการขาย,Connect WiFi ไม่ได้/ไม่พบ SSID,1620
32,ขอบริการหลังการขาย-ช่าง App Line | บริการหลังการขาย | เหตุเส,ขอบริการหลังการขาย-ช่าง App Line,บริการหลังการขาย,ลูกค้าต้องการเปลี่ยน Modem,1612
32,ขอบริการหลังการขาย-ช่าง App Line | บริการหลังการขาย | เหตุเส,ขอบริการหลังการขาย-ช่าง App Line,บริการหลังการขาย,การไฟฟ้าย้ายแนว/จัดระเบียบสาย,1537
32,ขอบริการหลังการขาย-ช่าง App Line | บริการหลังการขาย | เหตุเส,ขอบริการหลังการขาย-ช่าง App Line,บริการหลังการขาย,หัวสายสำเร็จSC-APC เสีย,1482
32,ขอบริการหลังการขาย-ช่าง App Line | บริการหลังการขาย | เหตุเส,ขอบริการหลังการขาย-ช่าง App Line,บริการหลังการขาย,มีค่า Loss สูง,1460
32,ขอบริการหลังการขาย-ช่าง App Line | บริการหลังการขาย | เหตุเส,ขอบริการหลังการขาย-ช่าง App Line,บริการหลังการขาย,ลูกค้าเปลี่ยนใจ/ลูกค้าขอยกเลิกบริการเอง,1243
32,ขอบริการหลังการขาย-ช่าง App Line | บริการหลังการขาย | เหตุเส,ขอบริการหลังการขาย-ช่าง App Line,บริการหลังการขาย,สายไม่เป็นระเบียบ,1206
32,ขอบริการหลังการขาย-ช่าง App Line | บริการหลังการขาย | เหตุเส,ขอบริการหลังการขาย-ช่าง App Line,บริการหลังการขาย,ไฟไม่เข้า,1155
32,ขอบริการหลังการขาย-ช่าง App Line | บริการหลังการขาย | เหตุเส,ขอบริการหลังการขาย-ช่าง App Line,บริการหลังการขาย,Modemไม่ lock/ไม่ Synch/High Loss,981
32,ขอบริการหลังการขาย-ช่าง App Line | บริการหลังการขาย | เหตุเส,ขอบริการหลังการขาย-ช่าง App Line,บริการหลังการขาย,Reboot,877
32,ขอบริการหลังการขาย-ช่าง App Line | บริการหลังการขาย | เหตุเส,ขอบริการหลังการขาย-ช่าง App Line,บริการหลังการขาย,รถเกี่ยว,800
32,ขอบริการหลังการขาย-ช่าง App Line | บริการหลังการขาย | เหตุเส,ขอบริการหลังการขาย-ช่าง App Line,บริการหลังการขาย,Exp ดี - ลูกค้าไม่สะดวกให้ตรวจสอบ,691
32,ขอบริการหลังการขาย-ช่าง App Line | บริการหลังการขาย | เหตุเส,ขอบริการหลังการขาย-ช่าง App Line,บริการหลังการขาย,เทศบาลตัดแต่งต้นไม้,684
32,ขอบริการหลังการขาย-ช่าง App Line | บริการหลังการขาย | เหตุเส,ขอบริการหลังการขาย-ช่าง App Line,บริการหลังการขาย,Remote ไม่ทำงาน,630
32,ขอบริการหลังการขาย-ช่าง App Line | บริการหลังการขาย | เหตุเส,ขอบริการหลังการขาย-ช่าง App Line,บริการหลังการขาย,อุปกรณ์คืนค่าโรงงาน,367
32,ขอบริการหลังการขาย-ช่าง App Line | บริการหลังการขาย | เหตุเส,ขอบริการหลังการขาย-ช่าง App Line,บริการหลังการขาย,ระยะสาย Drop Wire ไกล,340
32,ขอบริการหลังการขาย-ช่าง App Line | บริการหลังการขาย | เหตุเส,ขอบริการหลังการขาย-ช่าง App Line,บริการหลังการขาย,สายเสื่อมสภาพ,302
32,ขอบริการหลังการขาย-ช่าง App Line | บริการหลังการขาย | เหตุเส,ขอบริการหลังการขาย-ช่าง App Line,บริการหลังการขาย,บุคคลเจตนาร้าย-ตัดทำลายข่ายสาย,295
32,ขอบริการหลังการขาย-ช่าง App Line | บริการหลังการขาย | เหตุเส,ขอบริการหลังการขาย-ช่าง App Line,บริการหลังการขาย,ไม่พบปัญหาการใช้งานแล้ว,285
32,ขอบริการหลังการขาย-ช่าง App Line | บริการหลังการขาย | เหตุเส,ขอบริการหลังการขาย-ช่าง App Line,บริการหลังการขาย,อุปกรณ์ Hang,251
32,ขอบริการหลังการขาย-ช่าง App Line | บริการหลังการขาย | เหตุเส,ขอบริการหลังการขาย-ช่าง App Line,บริการหลังการขาย,หัวสายสำเร็จSC-APC สกปรก,241
32,ขอบริการหลังการขาย-ช่าง App Line | บริการหลังการขาย | เหตุเส,ขอบริการหลังการขาย-ช่าง App Line,บริการหลังการขาย,ไฟไหม้,230
32,ขอบริการหลังการขาย-ช่าง App Line | บริการหลังการขาย | เหตุเส,ขอบริการหลังการขาย-ช่าง App Line,บริการหลังการขาย,สัตว์ (เช่น ลิง กระรอก ช้าง ),226
32,ขอบริการหลังการขาย-ช่าง App Line | บริการหลังการขาย | เหตุเส,ขอบริการหลังการขาย-ช่าง App Line,บริการหลังการขาย,ลูกค้าแจ้งเสีย (เปิด Reactive Ticket),201
32,ขอบริการหลังการขาย-ช่าง App Line | บริการหลังการขาย | เหตุเส,ขอบริการหลังการขาย-ช่าง App Line,บริการหลังการขาย,ลูกค้าแจ้งขอยกเลิกบริการ,172
32,ขอบริการหลังการขาย-ช่าง App Line | บริการหลังการขาย | เหตุเส,ขอบริการหลังการขาย-ช่าง App Line,บริการหลังการขาย,CONFIG.PARAMETER ไม่ถูกต้อง,169
32,ขอบริการหลังการขาย-ช่าง App Line | บริการหลังการขาย | เหตุเส,ขอบริการหลังการขาย-ช่าง App Line,บริการหลังการขาย,ข้อต่อหลวม ไม่ดี/ไม่สนิท,165
32,ขอบริการหลังการขาย-ช่าง App Line | บริการหลังการขาย | เหตุเส,ขอบริการหลังการขาย-ช่าง App Line,บริการหลังการขาย,หลวม/แตกหัก,162
32,ขอบริการหลังการขาย-ช่าง App Line | บริการหลังการขาย | เหตุเส,ขอบริการหลังการขาย-ช่าง App Line,บริการหลังการขาย,Port เสีย,136
32,ขอบริการหลังการขาย-ช่าง App Line | บริการหลังการขาย | เหตุเส,ขอบริการหลังการขาย-ช่าง App Line,บริการหลังการขาย,Modem ไม่รองรับ Package ลูกค้า,135
32,ขอบริการหลังการขาย-ช่าง App Line | บริการหลังการขาย | เหตุเส,ขอบริการหลังการขาย-ช่าง App Line,บริการหลังการขาย,ส่งงานไม่ถูกต้อง,122
32,ขอบริการหลังการขาย-ช่าง App Line | บริการหลังการขาย | เหตุเส,ขอบริการหลังการขาย-ช่าง App Line,บริการหลังการขาย,ไม่มีสัญญาณ CATV หรือ ค่า RF ไม่ได้ตามค่ามาตรฐาน,120
32,ขอบริการหลังการขาย-ช่าง App Line | บริการหลังการขาย | เหตุเส,ขอบริการหลังการขาย-ช่าง App Line,บริการหลังการขาย,พายุ,112
32,ขอบริการหลังการขาย-ช่าง App Line | บริการหลังการขาย | เหตุเส,ขอบริการหลังการขาย-ช่าง App Line,บริการหลังการขาย,ลูกค้าต้องการเปลี่ยน TrueID TV Box,112
32,ขอบริการหลังการขาย-ช่าง App Line | บริการหลังการขาย | เหตุเส,ขอบริการหลังการขาย-ช่าง App Line,บริการหลังการขาย,Area Manager เห็นชอบให้มีการเปลี่ยน CPE,111
32,ขอบริการหลังการขาย-ช่าง App Line | บริการหลังการขาย | เหตุเส,ขอบริการหลังการขาย-ช่าง App Line,บริการหลังการขาย,BUG FIRMWARE,105
32,ขอบริการหลังการขาย-ช่าง App Line | บริการหลังการขาย | เหตุเส,ขอบริการหลังการขาย-ช่าง App Line,บริการหลังการขาย,เปลี่ยน process การทำงาน,100
32,ขอบริการหลังการขาย-ช่าง App Line | บริการหลังการขาย | เหตุเส,ขอบริการหลังการขาย-ช่าง App Line,บริการหลังการขาย,Costomer Knowledge,94
32,ขอบริการหลังการขาย-ช่าง App Line | บริการหลังการขาย | เหตุเส,ขอบริการหลังการขาย-ช่าง App Line,บริการหลังการขาย,ลูกค้าไม่อยู่บ้าน,92
32,ขอบริการหลังการขาย-ช่าง App Line | บริการหลังการขาย | เหตุเส,ขอบริการหลังการขาย-ช่าง App Line,บริการหลังการขาย,ลูกค้าใช้งาน Wi Fi ห่างจาก Modem,90
32,ขอบริการหลังการขาย-ช่าง App Line | บริการหลังการขาย | เหตุเส,ขอบริการหลังการขาย-ช่าง App Line,บริการหลังการขาย,Switch on/off เสีย/ชำรุดแตกหัก,86
32,ขอบริการหลังการขาย-ช่าง App Line | บริการหลังการขาย | เหตุเส,ขอบริการหลังการขาย-ช่าง App Line,บริการหลังการขาย,ลูกค้าต้องการเปลี่ยน Set Top Box,79
32,ขอบริการหลังการขาย-ช่าง App Line | บริการหลังการขาย | เหตุเส,ขอบริการหลังการขาย-ช่าง App Line,บริการหลังการขาย,กล่องไม่อ่านการ์ด,78
32,ขอบริการหลังการขาย-ช่าง App Line | บริการหลังการขาย | เหตุเส,ขอบริการหลังการขาย-ช่าง App Line,บริการหลังการขาย,แมลง(เช่น จักจั่น มด ปลวก),77
32,ขอบริการหลังการขาย-ช่าง App Line | บริการหลังการขาย | เหตุเส,ขอบริการหลังการขาย-ช่าง App Line,บริการหลังการขาย,ค่าสัญญาณดี แต่พบภาพขาดหาย/ ภาพแตก/ เสียงขาดหาย,77
32,ขอบริการหลังการขาย-ช่าง App Line | บริการหลังการขาย | เหตุเส,ขอบริการหลังการขาย-ช่าง App Line,บริการหลังการขาย,ลูกค้าต้องการเปลี่ยน Hybrid Box,72
32,ขอบริการหลังการขาย-ช่าง App Line | บริการหลังการขาย | เหตุเส,ขอบริการหลังการขาย-ช่าง App Line,บริการหลังการขาย,ช่องรายการถูกล็อค(CA14),67
32,ขอบริการหลังการขาย-ช่าง App Line | บริการหลังการขาย | เหตุเส,ขอบริการหลังการขาย-ช่าง App Line,บริการหลังการขาย,LAN เสีย,62
32,ขอบริการหลังการขาย-ช่าง App Line | บริการหลังการขาย | เหตุเส,ขอบริการหลังการขาย-ช่าง App Line,บริการหลังการขาย,ค่าสัญญาณดี ภาพค้าง/ ขาดหาย,62
32,ขอบริการหลังการขาย-ช่าง App Line | บริการหลังการขาย | เหตุเส,ขอบริการหลังการขาย-ช่าง App Line,บริการหลังการขาย,Mesh pair ไม่สำเร็จ,61
32,ขอบริการหลังการขาย-ช่าง App Line | บริการหลังการขาย | เหตุเส,ขอบริการหลังการขาย-ช่าง App Line,บริการหลังการขาย,Module เสีย,55
32,ขอบริการหลังการขาย-ช่าง App Line | บริการหลังการขาย | เหตุเส,ขอบริการหลังการขาย-ช่าง App Line,บริการหลังการขาย,คำสั่งเสียงไม่ทำงาน,54
32,ขอบริการหลังการขาย-ช่าง App Line | บริการหลังการขาย | เหตุเส,ขอบริการหลังการขาย-ช่าง App Line,บริการหลังการขาย,ค่าสัญญาณดี ไม่มีภาพ/ ไม่มีเสียง,49
32,ขอบริการหลังการขาย-ช่าง App Line | บริการหลังการขาย | เหตุเส,ขอบริการหลังการขาย-ช่าง App Line,บริการหลังการขาย,Ticket มีการระบุให้เปลี่ยนอุปกรณ์,47
32,ขอบริการหลังการขาย-ช่าง App Line | บริการหลังการขาย | เหตุเส,ขอบริการหลังการขาย-ช่าง App Line,บริการหลังการขาย,มีเสียงผิดปกติในตัวโมเด็ม,46
32,ขอบริการหลังการขาย-ช่าง App Line | บริการหลังการขาย | เหตุเส,ขอบริการหลังการขาย-ช่าง App Line,บริการหลังการขาย,Project Inspection Dropwire,45
32,ขอบริการหลังการขาย-ช่าง App Line | บริการหลังการขาย | เหตุเส,ขอบริการหลังการขาย-ช่าง App Line,บริการหลังการขาย,Battery หมด/เสื่อม,43
32,ขอบริการหลังการขาย-ช่าง App Line | บริการหลังการขาย | เหตุเส,ขอบริการหลังการขาย-ช่าง App Line,บริการหลังการขาย,ลูกค้าต้องการเปลี่ยน Mesh Wifi,43
32,ขอบริการหลังการขาย-ช่าง App Line | บริการหลังการขาย | เหตุเส,ขอบริการหลังการขาย-ช่าง App Line,บริการหลังการขาย,กล่องรับสัญญาณขัดข้อง (CA9/CA11),41
32,ขอบริการหลังการขาย-ช่าง App Line | บริการหลังการขาย | เหตุเส,ขอบริการหลังการขาย-ช่าง App Line,บริการหลังการขาย,ลูกค้าปิด Modem,40
32,ขอบริการหลังการขาย-ช่าง App Line | บริการหลังการขาย | เหตุเส,ขอบริการหลังการขาย-ช่าง App Line,บริการหลังการขาย,ทรูรับผิดชอบ,38
32,ขอบริการหลังการขาย-ช่าง App Line | บริการหลังการขาย | เหตุเส,ขอบริการหลังการขาย-ช่าง App Line,บริการหลังการขาย,Voice ไม่ติด (ไฟ Phone ไม่ติด),35
32,ขอบริการหลังการขาย-ช่าง App Line | บริการหลังการขาย | เหตุเส,ขอบริการหลังการขาย-ช่าง App Line,บริการหลังการขาย,Modem แตกหัก/สีผิดสภาพเดิม,33
32,ขอบริการหลังการขาย-ช่าง App Line | บริการหลังการขาย | เหตุเส,ขอบริการหลังการขาย-ช่าง App Line,บริการหลังการขาย,ไม่ตรงรุ่น,28
32,ขอบริการหลังการขาย-ช่าง App Line | บริการหลังการขาย | เหตุเส,ขอบริการหลังการขาย-ช่าง App Line,บริการหลังการขาย,"สายขาด,หัก (Crack)",28
32,ขอบริการหลังการขาย-ช่าง App Line | บริการหลังการขาย | เหตุเส,ขอบริการหลังการขาย-ช่าง App Line,บริการหลังการขาย,เหตุเสียภายใน 90 วัน,28
32,ขอบริการหลังการขาย-ช่าง App Line | บริการหลังการขาย | เหตุเส,ขอบริการหลังการขาย-ช่าง App Line,บริการหลังการขาย,กล่องรับสัญญาณขัดข้อง (ER16/E048),28
32,ขอบริการหลังการขาย-ช่าง App Line | บริการหลังการขาย | เหตุเส,ขอบริการหลังการขาย-ช่าง App Line,บริการหลังการขาย,Wi-fi 2.4G ไม่รองรับ Speed,24
32,ขอบริการหลังการขาย-ช่าง App Line | บริการหลังการขาย | เหตุเส,ขอบริการหลังการขาย-ช่าง App Line,บริการหลังการขาย,หลอดไฟ LED Status เสีย,18
32,ขอบริการหลังการขาย-ช่าง App Line | บริการหลังการขาย | เหตุเส,ขอบริการหลังการขาย-ช่าง App Line,บริการหลังการขาย,เสื่อมสภาพการใช้งาน,18
32,ขอบริการหลังการขาย-ช่าง App Line | บริการหลังการขาย | เหตุเส,ขอบริการหลังการขาย-ช่าง App Line,บริการหลังการขาย,ติดตั้งไม่ได้มาตรฐาน,17
32,ขอบริการหลังการขาย-ช่าง App Line | บริการหลังการขาย | เหตุเส,ขอบริการหลังการขาย-ช่าง App Line,บริการหลังการขาย,พบปัญหาใหม่,16
32,ขอบริการหลังการขาย-ช่าง App Line | บริการหลังการขาย | เหตุเส,ขอบริการหลังการขาย-ช่าง App Line,บริการหลังการขาย,wifi ของกล่องเสีย,16
32,ขอบริการหลังการขาย-ช่าง App Line | บริการหลังการขาย | เหตุเส,ขอบริการหลังการขาย-ช่าง App Line,บริการหลังการขาย,lat-long,16
32,ขอบริการหลังการขาย-ช่าง App Line | บริการหลังการขาย | เหตุเส,ขอบริการหลังการขาย-ช่าง App Line,บริการหลังการขาย,อุปกรณ์ลูกค้า TV/เครื่องเสียง/อุปกรณ์ Bluetooth,15
32,ขอบริการหลังการขาย-ช่าง App Line | บริการหลังการขาย | เหตุเส,ขอบริการหลังการขาย-ช่าง App Line,บริการหลังการขาย,เชื่อมต่อ Remote ไม่ได้ (กล่องเสีย),13
32,ขอบริการหลังการขาย-ช่าง App Line | บริการหลังการขาย | เหตุเส,ขอบริการหลังการขาย-ช่าง App Line,บริการหลังการขาย,มีสัญญาณรบกวน WiFi สูง,13
32,ขอบริการหลังการขาย-ช่าง App Line | บริการหลังการขาย | เหตุเส,ขอบริการหลังการขาย-ช่าง App Line,บริการหลังการขาย,Port HDMI/AV/optical/usb เสีย,11
32,ขอบริการหลังการขาย-ช่าง App Line | บริการหลังการขาย | เหตุเส,ขอบริการหลังการขาย-ช่าง App Line,บริการหลังการขาย,ช่องรายการถูกล็อค(E016/E017),10
32,ขอบริการหลังการขาย-ช่าง App Line | บริการหลังการขาย | เหตุเส,ขอบริการหลังการขาย-ช่าง App Line,บริการหลังการขาย,สกปรก,10
32,ขอบริการหลังการขาย-ช่าง App Line | บริการหลังการขาย | เหตุเส,ขอบริการหลังการขาย-ช่าง App Line,บริการหลังการขาย,เสาอากาศชำรุด,10
32,ขอบริการหลังการขาย-ช่าง App Line | บริการหลังการขาย | เหตุเส,ขอบริการหลังการขาย-ช่าง App Line,บริการหลังการขาย,ไฟฟ้าดับ,10
32,ขอบริการหลังการขาย-ช่าง App Line | บริการหลังการขาย | เหตุเส,ขอบริการหลังการขาย-ช่าง App Line,บริการหลังการขาย,สูญหาย,9
32,ขอบริการหลังการขาย-ช่าง App Line | บริการหลังการขาย | เหตุเส,ขอบริการหลังการขาย-ช่าง App Line,บริการหลังการขาย,กล่องรับสัญญาณขัดข้อง (E161),7
32,ขอบริการหลังการขาย-ช่าง App Line | บริการหลังการขาย | เหตุเส,ขอบริการหลังการขาย-ช่าง App Line,บริการหลังการขาย,Auto close by BOT,6
32,ขอบริการหลังการขาย-ช่าง App Line | บริการหลังการขาย | เหตุเส,Soft-X Unregistered,โทรเข้า-ออก,การใช้งานของลูกค้า,5
32,ขอบริการหลังการขาย-ช่าง App Line | บริการหลังการขาย | เหตุเส,ขอบริการหลังการขาย-ช่าง App Line,บริการหลังการขาย,สายขาด,5
32,ขอบริการหลังการขาย-ช่าง App Line | บริการหลังการขาย | เหตุเส,ขอบริการหลังการขาย-ช่าง App Line,บริการหลังการขาย,ผรม ติดตั้งกล่องไม่สมบูรณ์,5
32,ขอบริการหลังการขาย-ช่าง App Line | บริการหลังการขาย | เหตุเส,ขอบริการหลังการขาย-ช่าง App Line,บริการหลังการขาย,Port HDMI/AV เสีย,4
32,ขอบริการหลังการขาย-ช่าง App Line | บริการหลังการขาย | เหตุเส,ขอบริการหลังการขาย-ช่าง App Line,บริการหลังการขาย,สั่งด้วยเสียไม่ได้ (กล่องเสีย),4
32,ขอบริการหลังการขาย-ช่าง App Line | บริการหลังการขาย | เหตุเส,ขอบริการหลังการขาย-ช่าง App Line,บริการหลังการขาย,Port Lan เสีย,4
32,ขอบริการหลังการขาย-ช่าง App Line | บริการหลังการขาย | เหตุเส,ขอบริการหลังการขาย-ช่าง App Line,บริการหลังการขาย,ไม่เก็บค่าบริการ,3
32,ขอบริการหลังการขาย-ช่าง App Line | บริการหลังการขาย | เหตุเส,ขอบริการหลังการขาย-ช่าง App Line,บริการหลังการขาย,สัญญาณ Wifi ไม่ครอบคลุม,3
32,ขอบริการหลังการขาย-ช่าง App Line | บริการหลังการขาย | เหตุเส,True Business iService-การ Register,แจ้งเสีย-web content /tools,,3
32,ขอบริการหลังการขาย-ช่าง App Line | บริการหลังการขาย | เหตุเส,ขอบริการหลังการขาย-ช่าง App Line,บริการหลังการขาย,ลูกค้าทำอุปกรณ์เสียหาย,3
32,ขอบริการหลังการขาย-ช่าง App Line | บริการหลังการขาย | เหตุเส,ขอบริการหลังการขาย-ช่าง App Line,บริการหลังการขาย,อื่น ๆ,3
32,ขอบริการหลังการขาย-ช่าง App Line | บริการหลังการขาย | เหตุเส,ขอบริการหลังการขาย-ช่าง App Line,บริการหลังการขาย,ระยะสาย D/W,3
32,ขอบริการหลังการขาย-ช่าง App Line | บริการหลังการขาย | เหตุเส,Proactive-Burst speed,บริการหลังการขาย,ลูกค้าเปลี่ยนใจ/ลูกค้าขอยกเลิกบริการเอง,2
32,ขอบริการหลังการขาย-ช่าง App Line | บริการหลังการขาย | เหตุเส,ขอบริการหลังการขาย-ช่าง App Line,บริการหลังการขาย,ลูกค้าร้องขอ,2
32,ขอบริการหลังการขาย-ช่าง App Line | บริการหลังการขาย | เหตุเส,ขอบริการหลังการขาย-ช่าง App Line,บริการหลังการขาย,องค์กรอื่น (ไม่ใช่ทรู),2
32,ขอบริการหลังการขาย-ช่าง App Line | บริการหลังการขาย | เหตุเส,Proactive-Burst speed,บริการหลังการขาย,ไฟไม่เข้า,2
32,ขอบริการหลังการขาย-ช่าง App Line | บริการหลังการขาย | เหตุเส,ขอบริการหลังการขาย-ช่าง App Line,บริการหลังการขาย,CONFIG CHANGE/BUG FIRMWARE,1
32,ขอบริการหลังการขาย-ช่าง App Line | บริการหลังการขาย | เหตุเส,ขอบริการหลังการขาย-ช่าง App Line,บริการหลังการขาย,Exp ไม่ดี - ลูกค้าไม่สะดวกตรวจสอบ,1
32,ขอบริการหลังการขาย-ช่าง App Line | บริการหลังการขาย | เหตุเส,ขอบริการหลังการขาย-ช่าง App Line,บริการหลังการขาย,แตกหัก,1
32,ขอบริการหลังการขาย-ช่าง App Line | บริการหลังการขาย | เหตุเส,ขอบริการหลังการขาย-ช่าง App Line,บริการหลังการขาย,Mesh แตกหัก/สีผิดสภาพเดิม,1
32,ขอบริการหลังการขาย-ช่าง App Line | บริการหลังการขาย | เหตุเส,ติดตั้ง AP,บริการหลังการขาย,การใช้งานของลูกค้า,1
32,ขอบริการหลังการขาย-ช่าง App Line | บริการหลังการขาย | เหตุเส,ขอบริการหลังการขาย-ช่าง App Line,บริการหลังการขาย,Support install Splitter L3,1
32,ขอบริการหลังการขาย-ช่าง App Line | บริการหลังการขาย | เหตุเส,ขอบริการหลังการขาย-ช่าง App Line,บริการหลังการขาย,แมลง/สัตว์,1
32,ขอบริการหลังการขาย-ช่าง App Line | บริการหลังการขาย | เหตุเส,Proactive-Burst speed,บริการหลังการขาย,ส่งงานไม่ถูกต้อง,1
32,ขอบริการหลังการขาย-ช่าง App Line | บริการหลังการขาย | เหตุเส,ติดตั้ง Mesh เป็น AP(พร้อมเก็บAPกลับ),บริการหลังการขาย,การใช้งานของลูกค้า,1
32,ขอบริการหลังการขาย-ช่าง App Line | บริการหลังการขาย | เหตุเส,ติดตั้ง Mesh เป็น AP(พร้อมเก็บAPกลับ),บริการหลังการขาย,ลูกค้าเปลี่ยนใจ/ลูกค้าขอยกเลิกบริการเอง,1
32,ขอบริการหลังการขาย-ช่าง App Line | บริการหลังการขาย | เหตุเส,Proactive-Burst speed,บริการหลังการขาย,Ticket มีการระบุให้เปลี่ยนอุปกรณ์,1
32,ขอบริการหลังการขาย-ช่าง App Line | บริการหลังการขาย | เหตุเส,ขอบริการหลังการขาย-ช่าง App Line,บริการหลังการขาย,อุปกรณ์ไม่รองรับ,1
32,ขอบริการหลังการขาย-ช่าง App Line | บริการหลังการขาย | เหตุเส,ขอบริการหลังการขาย-ช่าง App Line,บริการหลังการขาย,ช่างไม่ได้ติดตั้งกล้อง CCTV ให้ลูกค้า,1
32,ขอบริการหลังการขาย-ช่าง App Line | บริการหลังการขาย | เหตุเส,Proactive-Burst speed,บริการหลังการขาย,การใช้งานของลูกค้า,1
32,ขอบริการหลังการขาย-ช่าง App Line | บริการหลังการขาย | เหตุเส,ขอบริการหลังการขาย-ช่าง App Line,บริการหลังการขาย,ขั้วต่อ F Connector RG6 ที่กล่องชำรุด,1
32,ขอบริการหลังการขาย-ช่าง App Line | บริการหลังการขาย | เหตุเส,ขอบริการหลังการขาย-ช่าง App Line,บริการหลังการขาย,เก็บค่าบริการ,1
32,ขอบริการหลังการขาย-ช่าง App Line | บริการหลังการขาย | เหตุเส,ขอบริการหลังการขาย-ช่าง App Line,บริการหลังการขาย,Fault After Event,1
32,ขอบริการหลังการขาย-ช่าง App Line | บริการหลังการขาย | เหตุเส,ขอบริการหลังการขาย-ช่าง App Line,บริการหลังการขาย,ลูกค้าใช้งาน Wi Fi ห่างจาก Mesh,1
32,ขอบริการหลังการขาย-ช่าง App Line | บริการหลังการขาย | เหตุเส,ขอบริการหลังการขาย-ช่าง App Line,บริการหลังการขาย,ลูกค้าใช้งาน Wi Fi ห่างจาก AP,1
32,ขอบริการหลังการขาย-ช่าง App Line | บริการหลังการขาย | เหตุเส,ขอบริการหลังการขาย-ช่าง App Line,บริการหลังการขาย,AP ไม่รองรับ Package ลูกค้า,1
32,ขอบริการหลังการขาย-ช่าง App Line | บริการหลังการขาย | เหตุเส,ขอบริการหลังการขาย-ช่าง App Line,บริการหลังการขาย,ตัวแทนไม่รับงานติดตั้งกล้อง CCTV,1
32,ขอบริการหลังการขาย-ช่าง App Line | บริการหลังการขาย | เหตุเส,ขอบริการหลังการขาย-ช่าง App Line,บริการหลังการขาย,ลูกค้าต้องการเปลี่ยน AP,1
33,ขึ้น SCAN/ปัญหาการ Download | TVS-ปัญหาสัญญาณ | ไฟไม่เข้า,ขึ้น SCAN/ปัญหาการ Download,TVS-ปัญหาสัญญาณ,การใช้งานของลูกค้า,23
33,ขึ้น SCAN/ปัญหาการ Download | TVS-ปัญหาสัญญาณ | ไฟไม่เข้า,ขึ้น SCAN/ปัญหาการ Download,TVS-ปัญหาสัญญาณ,ไฟไม่เข้า,19
33,ขึ้น SCAN/ปัญหาการ Download | TVS-ปัญหาสัญญาณ | ไฟไม่เข้า,ขึ้น SCAN/ปัญหาการ Download,TVS-ปัญหาสัญญาณ,อุปกรณ์ Hang,14
33,ขึ้น SCAN/ปัญหาการ Download | TVS-ปัญหาสัญญาณ | ไฟไม่เข้า,ขึ้น SCAN/ปัญหาการ Download,TVS-ปัญหาสัญญาณ,ขัดข้อง/เสีย,13
33,ขึ้น SCAN/ปัญหาการ Download | TVS-ปัญหาสัญญาณ | ไฟไม่เข้า,ขึ้น SCAN/ปัญหาการ Download,TVS-ปัญหาสัญญาณ,กล่องรับสัญญาณขัดข้อง (CA9/CA11),10
33,ขึ้น SCAN/ปัญหาการ Download | TVS-ปัญหาสัญญาณ | ไฟไม่เข้า,ขึ้น SCAN/ปัญหาการ Download,TVS-ปัญหาสัญญาณ,CONFIG CHANGE,9
33,ขึ้น SCAN/ปัญหาการ Download | TVS-ปัญหาสัญญาณ | ไฟไม่เข้า,ขึ้น SCAN/ปัญหาการ Download,TVS-ปัญหาสัญญาณ,เหตุเสียใช้ได้ ก่อนช่างถึงบ้าน,5
33,ขึ้น SCAN/ปัญหาการ Download | TVS-ปัญหาสัญญาณ | ไฟไม่เข้า,ขึ้น SCAN/ปัญหาการ Download,TVS-ปัญหาสัญญาณ,ลูกค้าเปลี่ยนใจ/ลูกค้าขอยกเลิกบริการเอง,4
33,ขึ้น SCAN/ปัญหาการ Download | TVS-ปัญหาสัญญาณ | ไฟไม่เข้า,ขึ้น SCAN/ปัญหาการ Download,TVS-ปัญหาสัญญาณ,ลูกค้าต้องการเปลี่ยน Hybrid Box,4
33,ขึ้น SCAN/ปัญหาการ Download | TVS-ปัญหาสัญญาณ | ไฟไม่เข้า,ขึ้น SCAN/ปัญหาการ Download,TVS-ปัญหาสัญญาณ,ค่าสัญญาณดี ไม่มีภาพ/ ไม่มีเสียง,4
33,ขึ้น SCAN/ปัญหาการ Download | TVS-ปัญหาสัญญาณ | ไฟไม่เข้า,ขึ้น SCAN/ปัญหาการ Download,TVS-ปัญหาสัญญาณ,ค่าสัญญาณดี ภาพค้าง/ ขาดหาย,3
33,ขึ้น SCAN/ปัญหาการ Download | TVS-ปัญหาสัญญาณ | ไฟไม่เข้า,ขึ้น SCAN/ปัญหาการ Download,TVS-ปัญหาสัญญาณ,Monitor เหตุเสียครบตามเงื่อนไข,3
33,ขึ้น SCAN/ปัญหาการ Download | TVS-ปัญหาสัญญาณ | ไฟไม่เข้า,ขึ้น SCAN/ปัญหาการ Download,TVS-ปัญหาสัญญาณ,กล่องรับสัญญาณขัดข้อง (E161),3
33,ขึ้น SCAN/ปัญหาการ Download | TVS-ปัญหาสัญญาณ | ไฟไม่เข้า,ขึ้น SCAN/ปัญหาการ Download,TVS-ปัญหาสัญญาณ,กล่องรับสัญญาณขัดข้อง (ER16/E048),2
33,ขึ้น SCAN/ปัญหาการ Download | TVS-ปัญหาสัญญาณ | ไฟไม่เข้า,ขึ้น SCAN/ปัญหาการ Download,TVS-ปัญหาสัญญาณ,อุปกรณ์คืนค่าโรงงาน,2
33,ขึ้น SCAN/ปัญหาการ Download | TVS-ปัญหาสัญญาณ | ไฟไม่เข้า,ขึ้น SCAN/ปัญหาการ Download,TVS-ปัญหาสัญญาณ,ช่องรายการถูกล็อค(CA14),2
33,ขึ้น SCAN/ปัญหาการ Download | TVS-ปัญหาสัญญาณ | ไฟไม่เข้า,ขึ้น SCAN/ปัญหาการ Download,TVS-ปัญหาสัญญาณ,ลูกค้าต้องการเปลี่ยน Modem,2
33,ขึ้น SCAN/ปัญหาการ Download | TVS-ปัญหาสัญญาณ | ไฟไม่เข้า,ขึ้น SCAN/ปัญหาการ Download,TVS-ปัญหาสัญญาณ,ลูกค้าต้องการเปลี่ยน Set Top Box,1
33,ขึ้น SCAN/ปัญหาการ Download | TVS-ปัญหาสัญญาณ | ไฟไม่เข้า,ขึ้น SCAN/ปัญหาการ Download,TVS-ปัญหาสัญญาณ,ทดสอบและอธิบายลูกค้า,1
33,ขึ้น SCAN/ปัญหาการ Download | TVS-ปัญหาสัญญาณ | ไฟไม่เข้า,ขึ้น SCAN/ปัญหาการ Download,TVS-ปัญหาสัญญาณ,Port HDMI/AV เสีย,1
33,ขึ้น SCAN/ปัญหาการ Download | TVS-ปัญหาสัญญาณ | ไฟไม่เข้า,ขึ้น SCAN/ปัญหาการ Download,TVS-ปัญหาสัญญาณ,ไม่มีสัญญาณ CATV หรือ ค่า RF ไม่ได้ตามค่ามาตรฐาน,1
33,ขึ้น SCAN/ปัญหาการ Download | TVS-ปัญหาสัญญาณ | ไฟไม่เข้า,ขึ้น SCAN/ปัญหาการ Download,TVS-ปัญหาสัญญาณ,Modem ไม่รองรับ Package ลูกค้า,1
33,ขึ้น SCAN/ปัญหาการ Download | TVS-ปัญหาสัญญาณ | ไฟไม่เข้า,ขึ้น SCAN/ปัญหาการ Download,TVS-ปัญหาสัญญาณ,ไม่ทราบสาเหตุ,1
33,ขึ้น SCAN/ปัญหาการ Download | TVS-ปัญหาสัญญาณ | ไฟไม่เข้า,ขึ้น SCAN/ปัญหาการ Download,TVS-ปัญหาสัญญาณ,กล่องไม่อ่านการ์ด,1
33,ขึ้น SCAN/ปัญหาการ Download | TVS-ปัญหาสัญญาณ | ไฟไม่เข้า,ขึ้น SCAN/ปัญหาการ Download,TVS-ปัญหาสัญญาณ,ลูกค้าต้องการเปลี่ยน TrueID TV Box,1
33,ขึ้น SCAN/ปัญหาการ Download | TVS-ปัญหาสัญญาณ | ไฟไม่เข้า,ขึ้น SCAN/ปัญหาการ Download,TVS-ปัญหาสัญญาณ,หัวสายสำเร็จSC-APC หลวม /ไม่สนิท,1
34,ขอช่างเข้าซ่อม 1-4อุปกรณ์ เก็บค่าบริการ 770บาท (รวมVAT) | IO,ขอช่างเข้าซ่อม 1-4อุปกรณ์ เก็บค่าบริการ 770บาท (รวมVAT),IOT-ขอบริการงานช่าง,การใช้งานของลูกค้า,23
34,ขอช่างเข้าซ่อม 1-4อุปกรณ์ เก็บค่าบริการ 770บาท (รวมVAT) | IO,ขอช่างเข้าติดตั้ง 1-4อุปกรณ์ เก็บค่าบริการ 770บาท (รวมVAT),IOT-ขอบริการงานช่าง,การใช้งานของลูกค้า,19
34,ขอช่างเข้าซ่อม 1-4อุปกรณ์ เก็บค่าบริการ 770บาท (รวมVAT) | IO,ขอช่างเข้าซ่อม 1-4อุปกรณ์ เก็บค่าบริการ 770บาท (รวมVAT),IOT-ขอบริการงานช่าง,ลูกค้าเปลี่ยนใจ/ลูกค้าขอยกเลิกบริการเอง,12
34,ขอช่างเข้าซ่อม 1-4อุปกรณ์ เก็บค่าบริการ 770บาท (รวมVAT) | IO,ขอช่างเข้าซ่อม 1-4อุปกรณ์ เก็บค่าบริการ 770บาท (รวมVAT),IOT-ขอบริการงานช่าง,เหตุเสียใช้ได้ ก่อนช่างถึงบ้าน,9
34,ขอช่างเข้าซ่อม 1-4อุปกรณ์ เก็บค่าบริการ 770บาท (รวมVAT) | IO,ขอช่างเข้าติดตั้ง 1-4อุปกรณ์ เก็บค่าบริการ 770บาท (รวมVAT),IOT-ขอบริการงานช่าง,ลูกค้าเปลี่ยนใจ/ลูกค้าขอยกเลิกบริการเอง,8
34,ขอช่างเข้าซ่อม 1-4อุปกรณ์ เก็บค่าบริการ 770บาท (รวมVAT) | IO,ขอช่างเข้าซ่อม 1-4อุปกรณ์ เก็บค่าบริการ 770บาท (รวมVAT),IOT-ขอบริการงานช่าง,CONFIG.PARAMETER ไม่ถูกต้อง,5
34,ขอช่างเข้าซ่อม 1-4อุปกรณ์ เก็บค่าบริการ 770บาท (รวมVAT) | IO,ขอช่างเข้าติดตั้ง 1-4อุปกรณ์ เก็บค่าบริการ 770บาท (รวมVAT),IOT-ขอบริการงานช่าง,เหตุเสียใช้ได้ ก่อนช่างถึงบ้าน,5
34,ขอช่างเข้าซ่อม 1-4อุปกรณ์ เก็บค่าบริการ 770บาท (รวมVAT) | IO,ขอช่างเข้าติดตั้ง 1-4อุปกรณ์ เก็บค่าบริการ 770บาท (รวมVAT),IOT-ขอบริการงานช่าง,ส่งงานไม่ถูกต้อง,4
34,ขอช่างเข้าซ่อม 1-4อุปกรณ์ เก็บค่าบริการ 770บาท (รวมVAT) | IO,ขอช่างเข้าติดตั้ง 1-4อุปกรณ์ เก็บค่าบริการ 770บาท (รวมVAT),IOT-ขอบริการงานช่าง,ขัดข้อง/เสีย,4
34,ขอช่างเข้าซ่อม 1-4อุปกรณ์ เก็บค่าบริการ 770บาท (รวมVAT) | IO,ขอช่างเข้าซ่อม 1-4อุปกรณ์ เก็บค่าบริการ 770บาท (รวมVAT),IOT-ขอบริการงานช่าง,เปลี่ยน process การทำงาน,4
34,ขอช่างเข้าซ่อม 1-4อุปกรณ์ เก็บค่าบริการ 770บาท (รวมVAT) | IO,ขอช่างเข้าติดตั้ง 1-4อุปกรณ์ เก็บค่าบริการ 770บาท (รวมVAT),IOT-ขอบริการงานช่าง,CONFIG.PARAMETER ไม่ถูกต้อง,4
34,ขอช่างเข้าซ่อม 1-4อุปกรณ์ เก็บค่าบริการ 770บาท (รวมVAT) | IO,ขอช่างเข้าซ่อม 1-4อุปกรณ์ เก็บค่าบริการ 770บาท (รวมVAT),IOT-ขอบริการงานช่าง,Monitor เหตุเสียครบตามเงื่อนไข,3
34,ขอช่างเข้าซ่อม 1-4อุปกรณ์ เก็บค่าบริการ 770บาท (รวมVAT) | IO,ขอช่างเข้าติดตั้ง 1-4อุปกรณ์ เก็บค่าบริการ 770บาท (รวมVAT),IOT-ขอบริการงานช่าง,Costomer Knowledge,3
34,ขอช่างเข้าซ่อม 1-4อุปกรณ์ เก็บค่าบริการ 770บาท (รวมVAT) | IO,ขอช่างเข้าซ่อม 1-4อุปกรณ์ เก็บค่าบริการ 770บาท (รวมVAT),IOT-ขอบริการงานช่าง,ขัดข้อง/เสีย,3
34,ขอช่างเข้าซ่อม 1-4อุปกรณ์ เก็บค่าบริการ 770บาท (รวมVAT) | IO,ขอช่างเข้าซ่อม 1-4อุปกรณ์ เก็บค่าบริการ 770บาท (รวมVAT),IOT-ขอบริการงานช่าง,ส่งงานไม่ถูกต้อง,2
34,ขอช่างเข้าซ่อม 1-4อุปกรณ์ เก็บค่าบริการ 770บาท (รวมVAT) | IO,ขอช่างเข้าซ่อม 1-4อุปกรณ์ เก็บค่าบริการ 770บาท (รวมVAT),IOT-ขอบริการงานช่าง,ไม่ทราบสาเหตุ,2
34,ขอช่างเข้าซ่อม 1-4อุปกรณ์ เก็บค่าบริการ 770บาท (รวมVAT) | IO,ขอช่างเข้าซ่อม 1-4อุปกรณ์ เก็บค่าบริการ 770บาท (รวมVAT),IOT-ขอบริการงานช่าง,เหตุเสียภายใน 90 วัน,2
34,ขอช่างเข้าซ่อม 1-4อุปกรณ์ เก็บค่าบริการ 770บาท (รวมVAT) | IO,ขอช่างเข้าติดตั้ง 1-4อุปกรณ์ เก็บค่าบริการ 770บาท (รวมVAT),IOT-ขอบริการงานช่าง,ตัวแทนไม่รับงานติดตั้งกล้อง CCTV,2
34,ขอช่างเข้าซ่อม 1-4อุปกรณ์ เก็บค่าบริการ 770บาท (รวมVAT) | IO,ขอช่างเข้าซ่อม 5-8อุปกรณ์ เก็บค่าบริการ 1320 บาท (รวมVAT),IOT-ขอบริการงานช่าง,เหตุเสียใช้ได้ ก่อนช่างถึงบ้าน,1
34,ขอช่างเข้าซ่อม 1-4อุปกรณ์ เก็บค่าบริการ 770บาท (รวมVAT) | IO,ขอช่างเข้าซ่อม (กลุ่มลูกค้าร้องเรียน),IOT-ขอบริการงานช่าง,เหตุเสียภายใน 90 วัน,1
34,ขอช่างเข้าซ่อม 1-4อุปกรณ์ เก็บค่าบริการ 770บาท (รวมVAT) | IO,ขอช่างเข้าซ่อม 5-8อุปกรณ์ เก็บค่าบริการ 1320 บาท (รวมVAT),IOT-ขอบริการงานช่าง,การใช้งานของลูกค้า,1
34,ขอช่างเข้าซ่อม 1-4อุปกรณ์ เก็บค่าบริการ 770บาท (รวมVAT) | IO,ขอช่างเข้าติดตั้ง 1-4อุปกรณ์ เก็บค่าบริการ 770บาท (รวมVAT),IOT-ขอบริการงานช่าง,ลูกค้าแจ้งขอยกเลิกบริการ,1
34,ขอช่างเข้าซ่อม 1-4อุปกรณ์ เก็บค่าบริการ 770บาท (รวมVAT) | IO,ขอช่างเข้าติดตั้ง 1-4อุปกรณ์ เก็บค่าบริการ 770บาท (รวมVAT),IOT-ขอบริการงานช่าง,Monitor เหตุเสียครบตามเงื่อนไข,1
34,ขอช่างเข้าซ่อม 1-4อุปกรณ์ เก็บค่าบริการ 770บาท (รวมVAT) | IO,ขอช่างเข้าซ่อม 1-4อุปกรณ์ เก็บค่าบริการ 770บาท (รวมVAT),IOT-ขอบริการงานช่าง,CONFIG CHANGE,1
34,ขอช่างเข้าซ่อม 1-4อุปกรณ์ เก็บค่าบริการ 770บาท (รวมVAT) | IO,ขอช่างเข้าติดตั้ง 5-8อุปกรณ์ เก็บค่าบริการ 1320 บาท (รวมVAT),IOT-ขอบริการงานช่าง,CONFIG.PARAMETER ไม่ถูกต้อง,1
34,ขอช่างเข้าซ่อม 1-4อุปกรณ์ เก็บค่าบริการ 770บาท (รวมVAT) | IO,ขอช่างเข้าซ่อม 1-4อุปกรณ์ เก็บค่าบริการ 770บาท (รวมVAT),IOT-ขอบริการงานช่าง,ลูกค้าชำระค่า onsite,1
34,ขอช่างเข้าซ่อม 1-4อุปกรณ์ เก็บค่าบริการ 770บาท (รวมVAT) | IO,ขอช่างเข้าติดตั้ง (กลุ่มลูกค้าร้องเรียน),IOT-ขอบริการงานช่าง,เหตุเสียภายใน 90 วัน,1
34,ขอช่างเข้าซ่อม 1-4อุปกรณ์ เก็บค่าบริการ 770บาท (รวมVAT) | IO,ขอช่างเข้าซ่อม 1-4อุปกรณ์ เก็บค่าบริการ 770บาท (รวมVAT),IOT-ขอบริการงานช่าง,ทดสอบและอธิบายลูกค้า,1
34,ขอช่างเข้าซ่อม 1-4อุปกรณ์ เก็บค่าบริการ 770บาท (รวมVAT) | IO,ขอช่างเข้าซ่อม 1-4อุปกรณ์ เก็บค่าบริการ 770บาท (รวมVAT),IOT-ขอบริการงานช่าง,อุปกรณ์คืนค่าโรงงาน,1
34,ขอช่างเข้าซ่อม 1-4อุปกรณ์ เก็บค่าบริการ 770บาท (รวมVAT) | IO,ขอช่างเข้าติดตั้ง 5-8อุปกรณ์ เก็บค่าบริการ 1320 บาท (รวมVAT),IOT-ขอบริการงานช่าง,การใช้งานของลูกค้า,1
34,ขอช่างเข้าซ่อม 1-4อุปกรณ์ เก็บค่าบริการ 770บาท (รวมVAT) | IO,ขอช่างเข้าติดตั้ง 1-4อุปกรณ์ เก็บค่าบริการ 770บาท (รวมVAT),IOT-ขอบริการงานช่าง,ไม่ทราบสาเหตุ,1
34,ขอช่างเข้าซ่อม 1-4อุปกรณ์ เก็บค่าบริการ 770บาท (รวมVAT) | IO,ขอช่างเข้าติดตั้ง 1-4อุปกรณ์ เก็บค่าบริการ 770บาท (รวมVAT),IOT-ขอบริการงานช่าง,เหตุเสียภายใน 90 วัน,1
35,ช่างไม่แจ้งข้อมูล/ไม่ครบถ้วน/ไม่ชัดเจน/ไม่ถูกต้อง | หน่วยงาน,ช่างผิดนัดเรื่องซ่อม,หน่วยงานบริการ/เจ้าหน้าที่,Process,74
35,ช่างไม่แจ้งข้อมูล/ไม่ครบถ้วน/ไม่ชัดเจน/ไม่ถูกต้อง | หน่วยงาน,ช่างปิดงานแล้วแต่ลูกค้ายังใช้ไม่ได้,หน่วยงานบริการ/เจ้าหน้าที่,Process,72
35,ช่างไม่แจ้งข้อมูล/ไม่ครบถ้วน/ไม่ชัดเจน/ไม่ถูกต้อง | หน่วยงาน,ช่างปิดงานแล้วแต่ลูกค้ายังใช้ไม่ได้,หน่วยงานบริการ/เจ้าหน้าที่,ความเชี่ยวชาญในงาน,48
35,ช่างไม่แจ้งข้อมูล/ไม่ครบถ้วน/ไม่ชัดเจน/ไม่ถูกต้อง | หน่วยงาน,ช่างให้บริการล่าช้า/ไม่ติดตามงาน,หน่วยงานบริการ/เจ้าหน้าที่,Process,45
35,ช่างไม่แจ้งข้อมูล/ไม่ครบถ้วน/ไม่ชัดเจน/ไม่ถูกต้อง | หน่วยงาน,ช่างไม่แจ้งข้อมูล/ไม่ครบถ้วน/ไม่ชัดเจน/ไม่ถูกต้อง,หน่วยงานบริการ/เจ้าหน้าที่,Process,45
35,ช่างไม่แจ้งข้อมูล/ไม่ครบถ้วน/ไม่ชัดเจน/ไม่ถูกต้อง | หน่วยงาน,ช่างผิดนัดเรื่องซ่อม,หน่วยงานบริการ/เจ้าหน้าที่,ความเชี่ยวชาญในงาน,16
35,ช่างไม่แจ้งข้อมูล/ไม่ครบถ้วน/ไม่ชัดเจน/ไม่ถูกต้อง | หน่วยงาน,ช่างไม่เต็มใจให้บริการ/บริการไม่สุภาพ,หน่วยงานบริการ/เจ้าหน้าที่,Process,14
35,ช่างไม่แจ้งข้อมูล/ไม่ครบถ้วน/ไม่ชัดเจน/ไม่ถูกต้อง | หน่วยงาน,ช่างทำทรัพย์สินผู้เช่าเสียหาย,หน่วยงานบริการ/เจ้าหน้าที่,Process,13
35,ช่างไม่แจ้งข้อมูล/ไม่ครบถ้วน/ไม่ชัดเจน/ไม่ถูกต้อง | หน่วยงาน,ช่างเลื่อนนัดหมายโดยไม่แจ้งลูกค้า,หน่วยงานบริการ/เจ้าหน้าที่,Process,11
35,ช่างไม่แจ้งข้อมูล/ไม่ครบถ้วน/ไม่ชัดเจน/ไม่ถูกต้อง | หน่วยงาน,ช่างไม่เต็มใจให้บริการ/บริการไม่สุภาพ,หน่วยงานบริการ/เจ้าหน้าที่,บุคลิกภาพ,11
35,ช่างไม่แจ้งข้อมูล/ไม่ครบถ้วน/ไม่ชัดเจน/ไม่ถูกต้อง | หน่วยงาน,ช่างปิดงานแล้วแต่ลูกค้ายังใช้ไม่ได้,หน่วยงานบริการ/เจ้าหน้าที่,ทรูรับผิดชอบ,11
35,ช่างไม่แจ้งข้อมูล/ไม่ครบถ้วน/ไม่ชัดเจน/ไม่ถูกต้อง | หน่วยงาน,ชมเชยเจ้าหน้าที่ช่าง,หน่วยงานบริการ/เจ้าหน้าที่,ความเชี่ยวชาญในงาน,10
35,ช่างไม่แจ้งข้อมูล/ไม่ครบถ้วน/ไม่ชัดเจน/ไม่ถูกต้อง | หน่วยงาน,ช่างเก็บงานซ่อมไม่เรียบร้อย,หน่วยงานบริการ/เจ้าหน้าที่,Process,8
35,ช่างไม่แจ้งข้อมูล/ไม่ครบถ้วน/ไม่ชัดเจน/ไม่ถูกต้อง | หน่วยงาน,ช่างให้บริการล่าช้า/ไม่ติดตามงาน,หน่วยงานบริการ/เจ้าหน้าที่,ความเชี่ยวชาญในงาน,7
35,ช่างไม่แจ้งข้อมูล/ไม่ครบถ้วน/ไม่ชัดเจน/ไม่ถูกต้อง | หน่วยงาน,ช่างไม่แจ้งข้อมูล/ไม่ครบถ้วน/ไม่ชัดเจน/ไม่ถูกต้อง,หน่วยงานบริการ/เจ้าหน้าที่,ความเชี่ยวชาญในงาน,6
35,ช่างไม่แจ้งข้อมูล/ไม่ครบถ้วน/ไม่ชัดเจน/ไม่ถูกต้อง | หน่วยงาน,ช่างทำทรัพย์สินผู้เช่าเสียหาย,หน่วยงานบริการ/เจ้าหน้าที่,องค์กรอื่น (ไม่ใช่ทรู),6
35,ช่างไม่แจ้งข้อมูล/ไม่ครบถ้วน/ไม่ชัดเจน/ไม่ถูกต้อง | หน่วยงาน,ช่างผิดนัดเรื่องซ่อม,หน่วยงานบริการ/เจ้าหน้าที่,ทรูรับผิดชอบ,6
35,ช่างไม่แจ้งข้อมูล/ไม่ครบถ้วน/ไม่ชัดเจน/ไม่ถูกต้อง | หน่วยงาน,ช่างไม่แจ้งข้อมูล/ไม่ครบถ้วน/ไม่ชัดเจน/ไม่ถูกต้อง,หน่วยงานบริการ/เจ้าหน้าที่,ทรูรับผิดชอบ,5
35,ช่างไม่แจ้งข้อมูล/ไม่ครบถ้วน/ไม่ชัดเจน/ไม่ถูกต้อง | หน่วยงาน,ช่างปิดงานแล้วแต่ลูกค้ายังใช้ไม่ได้,หน่วยงานบริการ/เจ้าหน้าที่,การใช้งานของลูกค้า,5
35,ช่างไม่แจ้งข้อมูล/ไม่ครบถ้วน/ไม่ชัดเจน/ไม่ถูกต้อง | หน่วยงาน,ช่างทำทรัพย์สินผู้เช่าเสียหาย,หน่วยงานบริการ/เจ้าหน้าที่,ทรูรับผิดชอบ,5
35,ช่างไม่แจ้งข้อมูล/ไม่ครบถ้วน/ไม่ชัดเจน/ไม่ถูกต้อง | หน่วยงาน,ช่างให้บริการล่าช้า/ไม่ติดตามงาน,หน่วยงานบริการ/เจ้าหน้าที่,ทดสอบและอธิบายลูกค้า,4
35,ช่างไม่แจ้งข้อมูล/ไม่ครบถ้วน/ไม่ชัดเจน/ไม่ถูกต้อง | หน่วยงาน,ช่างไม่เต็มใจให้บริการ/บริการไม่สุภาพ,หน่วยงานบริการ/เจ้าหน้าที่,ความเชี่ยวชาญในงาน,4
35,ช่างไม่แจ้งข้อมูล/ไม่ครบถ้วน/ไม่ชัดเจน/ไม่ถูกต้อง | หน่วยงาน,ช่างผิดนัดเรื่องซ่อม,หน่วยงานบริการ/เจ้าหน้าที่,ส่งงานไม่ถูกต้อง,4
35,ช่างไม่แจ้งข้อมูล/ไม่ครบถ้วน/ไม่ชัดเจน/ไม่ถูกต้อง | หน่วยงาน,True Business-พบปัญหาการใช้งาน,แจ้งเสีย-Application True,,4
35,ช่างไม่แจ้งข้อมูล/ไม่ครบถ้วน/ไม่ชัดเจน/ไม่ถูกต้อง | หน่วยงาน,ช่างเก็บงานซ่อมไม่เรียบร้อย,หน่วยงานบริการ/เจ้าหน้าที่,ทรูรับผิดชอบ,4
35,ช่างไม่แจ้งข้อมูล/ไม่ครบถ้วน/ไม่ชัดเจน/ไม่ถูกต้อง | หน่วยงาน,ช่างผิดนัดเรื่องซ่อม,หน่วยงานบริการ/เจ้าหน้าที่,บุคลิกภาพ,3
35,ช่างไม่แจ้งข้อมูล/ไม่ครบถ้วน/ไม่ชัดเจน/ไม่ถูกต้อง | หน่วยงาน,ชมเชยเจ้าหน้าที่ช่าง,หน่วยงานบริการ/เจ้าหน้าที่,Process,3
35,ช่างไม่แจ้งข้อมูล/ไม่ครบถ้วน/ไม่ชัดเจน/ไม่ถูกต้อง | หน่วยงาน,ช่างปิดงานแล้วแต่ลูกค้ายังใช้ไม่ได้,หน่วยงานบริการ/เจ้าหน้าที่,ส่งงานไม่ถูกต้อง,3
35,ช่างไม่แจ้งข้อมูล/ไม่ครบถ้วน/ไม่ชัดเจน/ไม่ถูกต้อง | หน่วยงาน,ช่างให้บริการล่าช้า/ไม่ติดตามงาน,หน่วยงานบริการ/เจ้าหน้าที่,เหตุเสียใช้ได้ ก่อนช่างถึงบ้าน,3
35,ช่างไม่แจ้งข้อมูล/ไม่ครบถ้วน/ไม่ชัดเจน/ไม่ถูกต้อง | หน่วยงาน,ช่างปิดงานแล้วแต่ลูกค้ายังใช้ไม่ได้,หน่วยงานบริการ/เจ้าหน้าที่,เหตุเสียใช้ได้ ก่อนช่างถึงบ้าน,3
35,ช่างไม่แจ้งข้อมูล/ไม่ครบถ้วน/ไม่ชัดเจน/ไม่ถูกต้อง | หน่วยงาน,ช่างไม่แจ้งข้อมูล/ไม่ครบถ้วน/ไม่ชัดเจน/ไม่ถูกต้อง,หน่วยงานบริการ/เจ้าหน้าที่,ส่งงานไม่ถูกต้อง,3
35,ช่างไม่แจ้งข้อมูล/ไม่ครบถ้วน/ไม่ชัดเจน/ไม่ถูกต้อง | หน่วยงาน,ช่างให้บริการล่าช้า/ไม่ติดตามงาน,หน่วยงานบริการ/เจ้าหน้าที่,ไม่ทราบสาเหตุ,3
35,ช่างไม่แจ้งข้อมูล/ไม่ครบถ้วน/ไม่ชัดเจน/ไม่ถูกต้อง | หน่วยงาน,ชมเชยเจ้าหน้าที่ช่าง,หน่วยงานบริการ/เจ้าหน้าที่,บุคลิกภาพ,3
35,ช่างไม่แจ้งข้อมูล/ไม่ครบถ้วน/ไม่ชัดเจน/ไม่ถูกต้อง | หน่วยงาน,ช่างทำทรัพย์สินผู้เช่าเสียหาย,หน่วยงานบริการ/เจ้าหน้าที่,ลูกค้ารับผิดชอบ,3
35,ช่างไม่แจ้งข้อมูล/ไม่ครบถ้วน/ไม่ชัดเจน/ไม่ถูกต้อง | หน่วยงาน,ช่างเลื่อนนัดหมายโดยไม่แจ้งลูกค้า,หน่วยงานบริการ/เจ้าหน้าที่,ความเชี่ยวชาญในงาน,3
35,ช่างไม่แจ้งข้อมูล/ไม่ครบถ้วน/ไม่ชัดเจน/ไม่ถูกต้อง | หน่วยงาน,ช่างเลื่อนนัดหมายโดยไม่แจ้งลูกค้า,หน่วยงานบริการ/เจ้าหน้าที่,ทรูรับผิดชอบ,2
35,ช่างไม่แจ้งข้อมูล/ไม่ครบถ้วน/ไม่ชัดเจน/ไม่ถูกต้อง | หน่วยงาน,ช่างปิดงานแล้วแต่ลูกค้ายังใช้ไม่ได้,หน่วยงานบริการ/เจ้าหน้าที่,ไม่พบปัญหาการใช้งานแล้ว,2
35,ช่างไม่แจ้งข้อมูล/ไม่ครบถ้วน/ไม่ชัดเจน/ไม่ถูกต้อง | หน่วยงาน,ช่างให้บริการล่าช้า/ไม่ติดตามงาน,หน่วยงานบริการ/เจ้าหน้าที่,ลูกค้าเปลี่ยนใจ/ลูกค้าขอยกเลิกบริการเอง,2
35,ช่างไม่แจ้งข้อมูล/ไม่ครบถ้วน/ไม่ชัดเจน/ไม่ถูกต้อง | หน่วยงาน,ช่างปิดงานแล้วแต่ลูกค้ายังใช้ไม่ได้,หน่วยงานบริการ/เจ้าหน้าที่,บุคลิกภาพ,2
35,ช่างไม่แจ้งข้อมูล/ไม่ครบถ้วน/ไม่ชัดเจน/ไม่ถูกต้อง | หน่วยงาน,ช่างขับรถไม่สุภาพ,หน่วยงานบริการ/เจ้าหน้าที่,ส่งงานไม่ถูกต้อง,2
35,ช่างไม่แจ้งข้อมูล/ไม่ครบถ้วน/ไม่ชัดเจน/ไม่ถูกต้อง | หน่วยงาน,ช่างไม่แจ้งข้อมูล/ไม่ครบถ้วน/ไม่ชัดเจน/ไม่ถูกต้อง,หน่วยงานบริการ/เจ้าหน้าที่,ลูกค้ารับผิดชอบ,2
35,ช่างไม่แจ้งข้อมูล/ไม่ครบถ้วน/ไม่ชัดเจน/ไม่ถูกต้อง | หน่วยงาน,ช่างผิดนัดเรื่องซ่อม,หน่วยงานบริการ/เจ้าหน้าที่,ไม่พบปัญหาการใช้งานแล้ว,2
35,ช่างไม่แจ้งข้อมูล/ไม่ครบถ้วน/ไม่ชัดเจน/ไม่ถูกต้อง | หน่วยงาน,ช่างให้บริการล่าช้า/ไม่ติดตามงาน,หน่วยงานบริการ/เจ้าหน้าที่,เทศบาลตัดแต่งต้นไม้,2
35,ช่างไม่แจ้งข้อมูล/ไม่ครบถ้วน/ไม่ชัดเจน/ไม่ถูกต้อง | หน่วยงาน,ช่างให้บริการล่าช้า/ไม่ติดตามงาน,หน่วยงานบริการ/เจ้าหน้าที่,ส่งงานไม่ถูกต้อง,2
35,ช่างไม่แจ้งข้อมูล/ไม่ครบถ้วน/ไม่ชัดเจน/ไม่ถูกต้อง | หน่วยงาน,ช่างทุจริต,หน่วยงานบริการ/เจ้าหน้าที่,Process,2
35,ช่างไม่แจ้งข้อมูล/ไม่ครบถ้วน/ไม่ชัดเจน/ไม่ถูกต้อง | หน่วยงาน,ช่างขับรถไม่สุภาพ,หน่วยงานบริการ/เจ้าหน้าที่,บุคลิกภาพ,2
35,ช่างไม่แจ้งข้อมูล/ไม่ครบถ้วน/ไม่ชัดเจน/ไม่ถูกต้อง | หน่วยงาน,ช่างทำทรัพย์สินผู้เช่าเสียหาย,หน่วยงานบริการ/เจ้าหน้าที่,ส่งงานไม่ถูกต้อง,2
35,ช่างไม่แจ้งข้อมูล/ไม่ครบถ้วน/ไม่ชัดเจน/ไม่ถูกต้อง | หน่วยงาน,ช่างไม่เต็มใจให้บริการ/บริการไม่สุภาพ,หน่วยงานบริการ/เจ้าหน้าที่,ส่งงานไม่ถูกต้อง,2
35,ช่างไม่แจ้งข้อมูล/ไม่ครบถ้วน/ไม่ชัดเจน/ไม่ถูกต้อง | หน่วยงาน,ช่างเก็บงานซ่อมไม่เรียบร้อย,หน่วยงานบริการ/เจ้าหน้าที่,ความเชี่ยวชาญในงาน,2
35,ช่างไม่แจ้งข้อมูล/ไม่ครบถ้วน/ไม่ชัดเจน/ไม่ถูกต้อง | หน่วยงาน,ช่างไม่แจ้งข้อมูล/ไม่ครบถ้วน/ไม่ชัดเจน/ไม่ถูกต้อง,หน่วยงานบริการ/เจ้าหน้าที่,บุคลิกภาพ,2
35,ช่างไม่แจ้งข้อมูล/ไม่ครบถ้วน/ไม่ชัดเจน/ไม่ถูกต้อง | หน่วยงาน,ช่างไม่แจ้งข้อมูล/ไม่ครบถ้วน/ไม่ชัดเจน/ไม่ถูกต้อง,หน่วยงานบริการ/เจ้าหน้าที่,ไม่ทราบสาเหตุ,1
35,ช่างไม่แจ้งข้อมูล/ไม่ครบถ้วน/ไม่ชัดเจน/ไม่ถูกต้อง | หน่วยงาน,ช่างเลื่อนนัดหมายโดยไม่แจ้งลูกค้า,หน่วยงานบริการ/เจ้าหน้าที่,บุคลิกภาพ,1
35,ช่างไม่แจ้งข้อมูล/ไม่ครบถ้วน/ไม่ชัดเจน/ไม่ถูกต้อง | หน่วยงาน,ช่างไม่เต็มใจให้บริการ/บริการไม่สุภาพ,หน่วยงานบริการ/เจ้าหน้าที่,Monitor เหตุเสียครบตามเงื่อนไข,1
35,ช่างไม่แจ้งข้อมูล/ไม่ครบถ้วน/ไม่ชัดเจน/ไม่ถูกต้อง | หน่วยงาน,ช่างไม่เต็มใจให้บริการ/บริการไม่สุภาพ,หน่วยงานบริการ/เจ้าหน้าที่,ไม่ทราบสาเหตุ,1
35,ช่างไม่แจ้งข้อมูล/ไม่ครบถ้วน/ไม่ชัดเจน/ไม่ถูกต้อง | หน่วยงาน,ช่างให้บริการล่าช้า/ไม่ติดตามงาน,หน่วยงานบริการ/เจ้าหน้าที่,ทรูรับผิดชอบ,1
35,ช่างไม่แจ้งข้อมูล/ไม่ครบถ้วน/ไม่ชัดเจน/ไม่ถูกต้อง | หน่วยงาน,ช่างเลื่อนนัดหมายโดยไม่แจ้งลูกค้า,หน่วยงานบริการ/เจ้าหน้าที่,เหตุเสียใช้ได้ ก่อนช่างถึงบ้าน,1
35,ช่างไม่แจ้งข้อมูล/ไม่ครบถ้วน/ไม่ชัดเจน/ไม่ถูกต้อง | หน่วยงาน,ช่างปิดงานแล้วแต่ลูกค้ายังใช้ไม่ได้,หน่วยงานบริการ/เจ้าหน้าที่,ค่าสัญญาณดี ภาพค้าง/ ขาดหาย,1
35,ช่างไม่แจ้งข้อมูล/ไม่ครบถ้วน/ไม่ชัดเจน/ไม่ถูกต้อง | หน่วยงาน,ช่างทำทรัพย์สินผู้เช่าเสียหาย,หน่วยงานบริการ/เจ้าหน้าที่,เหตุเสียภายใน 90 วัน,1
35,ช่างไม่แจ้งข้อมูล/ไม่ครบถ้วน/ไม่ชัดเจน/ไม่ถูกต้อง | หน่วยงาน,ช่างไม่เต็มใจให้บริการ/บริการไม่สุภาพ,หน่วยงานบริการ/เจ้าหน้าที่,การใช้งานของลูกค้า,1
35,ช่างไม่แจ้งข้อมูล/ไม่ครบถ้วน/ไม่ชัดเจน/ไม่ถูกต้อง | หน่วยงาน,ช่างให้บริการล่าช้า/ไม่ติดตามงาน,หน่วยงานบริการ/เจ้าหน้าที่,การใช้งานของลูกค้า,1
35,ช่างไม่แจ้งข้อมูล/ไม่ครบถ้วน/ไม่ชัดเจน/ไม่ถูกต้อง | หน่วยงาน,ช่างปิดงานแล้วแต่ลูกค้ายังใช้ไม่ได้,หน่วยงานบริการ/เจ้าหน้าที่,ไม่ทราบสาเหตุ,1
35,ช่างไม่แจ้งข้อมูล/ไม่ครบถ้วน/ไม่ชัดเจน/ไม่ถูกต้อง | หน่วยงาน,ช่างขับรถไม่สุภาพ,หน่วยงานบริการ/เจ้าหน้าที่,Process,1
35,ช่างไม่แจ้งข้อมูล/ไม่ครบถ้วน/ไม่ชัดเจน/ไม่ถูกต้อง | หน่วยงาน,ช่างให้บริการล่าช้า/ไม่ติดตามงาน,หน่วยงานบริการ/เจ้าหน้าที่,บุคลิกภาพ,1
35,ช่างไม่แจ้งข้อมูล/ไม่ครบถ้วน/ไม่ชัดเจน/ไม่ถูกต้อง | หน่วยงาน,ช่างผิดนัดเรื่องซ่อม,หน่วยงานบริการ/เจ้าหน้าที่,ไม่ทราบสาเหตุ,1
35,ช่างไม่แจ้งข้อมูล/ไม่ครบถ้วน/ไม่ชัดเจน/ไม่ถูกต้อง | หน่วยงาน,ช่างผิดนัดเรื่องซ่อม,หน่วยงานบริการ/เจ้าหน้าที่,องค์กรอื่น (ไม่ใช่ทรู),1
35,ช่างไม่แจ้งข้อมูล/ไม่ครบถ้วน/ไม่ชัดเจน/ไม่ถูกต้อง | หน่วยงาน,ช่างเลื่อนนัดหมายโดยไม่แจ้งลูกค้า,หน่วยงานบริการ/เจ้าหน้าที่,ไม่พบปัญหาการใช้งานแล้ว,1
35,ช่างไม่แจ้งข้อมูล/ไม่ครบถ้วน/ไม่ชัดเจน/ไม่ถูกต้อง | หน่วยงาน,ช่างปิดงานแล้วแต่ลูกค้ายังใช้ไม่ได้,หน่วยงานบริการ/เจ้าหน้าที่,ไฟฟ้าดับ,1
35,ช่างไม่แจ้งข้อมูล/ไม่ครบถ้วน/ไม่ชัดเจน/ไม่ถูกต้อง | หน่วยงาน,ช่างเลื่อนนัดหมายโดยไม่แจ้งลูกค้า,หน่วยงานบริการ/เจ้าหน้าที่,ไม่ทราบสาเหตุ,1
35,ช่างไม่แจ้งข้อมูล/ไม่ครบถ้วน/ไม่ชัดเจน/ไม่ถูกต้อง | หน่วยงาน,ชมเชยเจ้าหน้าที่ช่าง,หน่วยงานบริการ/เจ้าหน้าที่,ไม่พบปัญหาการใช้งานแล้ว,1
35,ช่างไม่แจ้งข้อมูล/ไม่ครบถ้วน/ไม่ชัดเจน/ไม่ถูกต้อง | หน่วยงาน,ช่างให้บริการล่าช้า/ไม่ติดตามงาน,หน่วยงานบริการ/เจ้าหน้าที่,ไม่พบปัญหาการใช้งานแล้ว,1
35,ช่างไม่แจ้งข้อมูล/ไม่ครบถ้วน/ไม่ชัดเจน/ไม่ถูกต้อง | หน่วยงาน,ช่างผิดนัดเรื่องซ่อม,หน่วยงานบริการ/เจ้าหน้าที่,Monitor เหตุเสียครบตามเงื่อนไข,1
35,ช่างไม่แจ้งข้อมูล/ไม่ครบถ้วน/ไม่ชัดเจน/ไม่ถูกต้อง | หน่วยงาน,ช่างทุจริต,หน่วยงานบริการ/เจ้าหน้าที่,องค์กรอื่น (ไม่ใช่ทรู),1
35,ช่างไม่แจ้งข้อมูล/ไม่ครบถ้วน/ไม่ชัดเจน/ไม่ถูกต้อง | หน่วยงาน,ช่างให้บริการล่าช้า/ไม่ติดตามงาน,หน่วยงานบริการ/เจ้าหน้าที่,องค์กรอื่น (ไม่ใช่ทรู),1
35,ช่างไม่แจ้งข้อมูล/ไม่ครบถ้วน/ไม่ชัดเจน/ไม่ถูกต้อง | หน่วยงาน,ช่างปิดงานแล้วแต่ลูกค้ายังใช้ไม่ได้,หน่วยงานบริการ/เจ้าหน้าที่,ขัดข้อง/เสีย,1
35,ช่างไม่แจ้งข้อมูล/ไม่ครบถ้วน/ไม่ชัดเจน/ไม่ถูกต้อง | หน่วยงาน,ช่างไม่เต็มใจให้บริการ/บริการไม่สุภาพ,หน่วยงานบริการ/เจ้าหน้าที่,ไม่พบปัญหาการใช้งานแล้ว,1
35,ช่างไม่แจ้งข้อมูล/ไม่ครบถ้วน/ไม่ชัดเจน/ไม่ถูกต้อง | หน่วยงาน,ช่างเลื่อนนัดหมายโดยไม่แจ้งลูกค้า,หน่วยงานบริการ/เจ้าหน้าที่,ส่งงานไม่ถูกต้อง,1
35,ช่างไม่แจ้งข้อมูล/ไม่ครบถ้วน/ไม่ชัดเจน/ไม่ถูกต้อง | หน่วยงาน,ช่างขับรถไม่สุภาพ,หน่วยงานบริการ/เจ้าหน้าที่,องค์กรอื่น (ไม่ใช่ทรู),1
35,ช่างไม่แจ้งข้อมูล/ไม่ครบถ้วน/ไม่ชัดเจน/ไม่ถูกต้อง | หน่วยงาน,ช่างไม่แจ้งข้อมูล/ไม่ครบถ้วน/ไม่ชัดเจน/ไม่ถูกต้อง,หน่วยงานบริการ/เจ้าหน้าที่,การใช้งานของลูกค้า,1
35,ช่างไม่แจ้งข้อมูล/ไม่ครบถ้วน/ไม่ชัดเจน/ไม่ถูกต้อง | หน่วยงาน,ช่างปิดงานแล้วแต่ลูกค้ายังใช้ไม่ได้,หน่วยงานบริการ/เจ้าหน้าที่,หัวสายสำเร็จSC-APC เสีย,1
35,ช่างไม่แจ้งข้อมูล/ไม่ครบถ้วน/ไม่ชัดเจน/ไม่ถูกต้อง | หน่วยงาน,ช่างทำทรัพย์สินผู้เช่าเสียหาย,หน่วยงานบริการ/เจ้าหน้าที่,ไม่ทราบสาเหตุ,1
35,ช่างไม่แจ้งข้อมูล/ไม่ครบถ้วน/ไม่ชัดเจน/ไม่ถูกต้อง | หน่วยงาน,บริการพิเศษ ขัดข้อง,บริการเสริมพิเศษ,,1
35,ช่างไม่แจ้งข้อมูล/ไม่ครบถ้วน/ไม่ชัดเจน/ไม่ถูกต้อง | หน่วยงาน,ช่างปิดงานแล้วแต่ลูกค้ายังใช้ไม่ได้,หน่วยงานบริการ/เจ้าหน้าที่,ทดสอบและอธิบายลูกค้า,1
35,ช่างไม่แจ้งข้อมูล/ไม่ครบถ้วน/ไม่ชัดเจน/ไม่ถูกต้อง | หน่วยงาน,ช่างปิดงานแล้วแต่ลูกค้ายังใช้ไม่ได้,หน่วยงานบริการ/เจ้าหน้าที่,ลูกค้ารับผิดชอบ,1
35,ช่างไม่แจ้งข้อมูล/ไม่ครบถ้วน/ไม่ชัดเจน/ไม่ถูกต้อง | หน่วยงาน,ช่างปิดงานแล้วแต่ลูกค้ายังใช้ไม่ได้,หน่วยงานบริการ/เจ้าหน้าที่,Monitor เหตุเสียครบตามเงื่อนไข,1
35,ช่างไม่แจ้งข้อมูล/ไม่ครบถ้วน/ไม่ชัดเจน/ไม่ถูกต้อง | หน่วยงาน,ช่างไม่เต็มใจให้บริการ/บริการไม่สุภาพ,หน่วยงานบริการ/เจ้าหน้าที่,องค์กรอื่น (ไม่ใช่ทรู),1
35,ช่างไม่แจ้งข้อมูล/ไม่ครบถ้วน/ไม่ชัดเจน/ไม่ถูกต้อง | หน่วยงาน,ช่างเก็บงานซ่อมไม่เรียบร้อย,หน่วยงานบริการ/เจ้าหน้าที่,ลูกค้ารับผิดชอบ,1
35,ช่างไม่แจ้งข้อมูล/ไม่ครบถ้วน/ไม่ชัดเจน/ไม่ถูกต้อง | หน่วยงาน,ช่างผิดนัดเรื่องซ่อม,หน่วยงานบริการ/เจ้าหน้าที่,ลูกค้าเปลี่ยนใจ/ลูกค้าขอยกเลิกบริการเอง,1
35,ช่างไม่แจ้งข้อมูล/ไม่ครบถ้วน/ไม่ชัดเจน/ไม่ถูกต้อง | หน่วยงาน,ช่างเก็บงานซ่อมไม่เรียบร้อย,หน่วยงานบริการ/เจ้าหน้าที่,ขัดข้อง/เสีย,1
35,ช่างไม่แจ้งข้อมูล/ไม่ครบถ้วน/ไม่ชัดเจน/ไม่ถูกต้อง | หน่วยงาน,ช่างติดต่อประสานงานผิดช่องทาง,หน่วยงานบริการ/เจ้าหน้าที่,Process,1
35,ช่างไม่แจ้งข้อมูล/ไม่ครบถ้วน/ไม่ชัดเจน/ไม่ถูกต้อง | หน่วยงาน,ช่างไม่เต็มใจให้บริการ/บริการไม่สุภาพ,หน่วยงานบริการ/เจ้าหน้าที่,หัวสายสำเร็จSC-APC หลวม /ไม่สนิท,1
35,ช่างไม่แจ้งข้อมูล/ไม่ครบถ้วน/ไม่ชัดเจน/ไม่ถูกต้อง | หน่วยงาน,ช่างไม่เต็มใจให้บริการ/บริการไม่สุภาพ,หน่วยงานบริการ/เจ้าหน้าที่,ทรูรับผิดชอบ,1
36,ขอช่างเข้าซ่อม (กลุ่มลูกค้าร้องเรียน) | IOT-ขอบริการงานช่าง ,ขอช่างเข้าซ่อม (กลุ่มลูกค้าร้องเรียน),IOT-ขอบริการงานช่าง,การใช้งานของลูกค้า,297
36,ขอช่างเข้าซ่อม (กลุ่มลูกค้าร้องเรียน) | IOT-ขอบริการงานช่าง ,ขอช่างเข้าซ่อม (กลุ่มลูกค้าร้องเรียน),IOT-ขอบริการงานช่าง,ขัดข้อง/เสีย,160
36,ขอช่างเข้าซ่อม (กลุ่มลูกค้าร้องเรียน) | IOT-ขอบริการงานช่าง ,ขอช่างเข้าซ่อม (กลุ่มลูกค้าร้องเรียน),IOT-ขอบริการงานช่าง,CONFIG.PARAMETER ไม่ถูกต้อง,97
36,ขอช่างเข้าซ่อม (กลุ่มลูกค้าร้องเรียน) | IOT-ขอบริการงานช่าง ,ขอช่างเข้าติดตั้ง (กลุ่มลูกค้าร้องเรียน),IOT-ขอบริการงานช่าง,การใช้งานของลูกค้า,72
36,ขอช่างเข้าซ่อม (กลุ่มลูกค้าร้องเรียน) | IOT-ขอบริการงานช่าง ,ขอช่างเข้าซ่อม (กลุ่มลูกค้าร้องเรียน),IOT-ขอบริการงานช่าง,เหตุเสียใช้ได้ ก่อนช่างถึงบ้าน,70
36,ขอช่างเข้าซ่อม (กลุ่มลูกค้าร้องเรียน) | IOT-ขอบริการงานช่าง ,ขอช่างเข้าติดตั้ง (กลุ่มลูกค้าร้องเรียน),IOT-ขอบริการงานช่าง,CONFIG.PARAMETER ไม่ถูกต้อง,49
36,ขอช่างเข้าซ่อม (กลุ่มลูกค้าร้องเรียน) | IOT-ขอบริการงานช่าง ,ขอช่างเข้าติดตั้ง (กลุ่มลูกค้าร้องเรียน),IOT-ขอบริการงานช่าง,ขัดข้อง/เสีย,43
36,ขอช่างเข้าซ่อม (กลุ่มลูกค้าร้องเรียน) | IOT-ขอบริการงานช่าง ,ติดตั้งอุปกรณ์ (IOT),บริการหลังการขาย,การใช้งานของลูกค้า,39
36,ขอช่างเข้าซ่อม (กลุ่มลูกค้าร้องเรียน) | IOT-ขอบริการงานช่าง ,ขอช่างเข้าซ่อม (กลุ่มลูกค้าร้องเรียน),IOT-ขอบริการงานช่าง,ลูกค้าเปลี่ยนใจ/ลูกค้าขอยกเลิกบริการเอง,38
36,ขอช่างเข้าซ่อม (กลุ่มลูกค้าร้องเรียน) | IOT-ขอบริการงานช่าง ,ขอช่างเข้าซ่อม (กลุ่มลูกค้าร้องเรียน),IOT-ขอบริการงานช่าง,ส่งงานไม่ถูกต้อง,30
36,ขอช่างเข้าซ่อม (กลุ่มลูกค้าร้องเรียน) | IOT-ขอบริการงานช่าง ,True iService-ปัญหา-การแสดงข้อมูล Product,แจ้งเสีย-Application True,,25
36,ขอช่างเข้าซ่อม (กลุ่มลูกค้าร้องเรียน) | IOT-ขอบริการงานช่าง ,ขอช่างเข้าติดตั้ง (กลุ่มลูกค้าร้องเรียน),IOT-ขอบริการงานช่าง,เหตุเสียใช้ได้ ก่อนช่างถึงบ้าน,19
36,ขอช่างเข้าซ่อม (กลุ่มลูกค้าร้องเรียน) | IOT-ขอบริการงานช่าง ,ขอช่างเข้าซ่อม (กลุ่มลูกค้าร้องเรียน),IOT-ขอบริการงานช่าง,ทดสอบและอธิบายลูกค้า,17
36,ขอช่างเข้าซ่อม (กลุ่มลูกค้าร้องเรียน) | IOT-ขอบริการงานช่าง ,ขอช่างเข้าซ่อม (กลุ่มลูกค้าร้องเรียน),IOT-ขอบริการงานช่าง,ไม่ทราบสาเหตุ,16
36,ขอช่างเข้าซ่อม (กลุ่มลูกค้าร้องเรียน) | IOT-ขอบริการงานช่าง ,ขอช่างเข้าติดตั้ง (กลุ่มลูกค้าร้องเรียน),IOT-ขอบริการงานช่าง,ลูกค้าเปลี่ยนใจ/ลูกค้าขอยกเลิกบริการเอง,15
36,ขอช่างเข้าซ่อม (กลุ่มลูกค้าร้องเรียน) | IOT-ขอบริการงานช่าง ,ขอช่างเข้าซ่อม (กลุ่มลูกค้าร้องเรียน),IOT-ขอบริการงานช่าง,Costomer Knowledge,13
36,ขอช่างเข้าซ่อม (กลุ่มลูกค้าร้องเรียน) | IOT-ขอบริการงานช่าง ,ติดตั้งอุปกรณ์ (IOT),บริการหลังการขาย,CONFIG.PARAMETER ไม่ถูกต้อง,9
36,ขอช่างเข้าซ่อม (กลุ่มลูกค้าร้องเรียน) | IOT-ขอบริการงานช่าง ,ติดตั้งอุปกรณ์ (IOT),บริการหลังการขาย,ส่งงานไม่ถูกต้อง,8
36,ขอช่างเข้าซ่อม (กลุ่มลูกค้าร้องเรียน) | IOT-ขอบริการงานช่าง ,ขอช่างเข้าซ่อม (กลุ่มลูกค้าร้องเรียน),IOT-ขอบริการงานช่าง,CONFIG CHANGE,8
36,ขอช่างเข้าซ่อม (กลุ่มลูกค้าร้องเรียน) | IOT-ขอบริการงานช่าง ,ขอช่างเข้าติดตั้ง (กลุ่มลูกค้าร้องเรียน),IOT-ขอบริการงานช่าง,Monitor เหตุเสียครบตามเงื่อนไข,7
36,ขอช่างเข้าซ่อม (กลุ่มลูกค้าร้องเรียน) | IOT-ขอบริการงานช่าง ,ขอช่างเข้าซ่อม (กลุ่มลูกค้าร้องเรียน),IOT-ขอบริการงานช่าง,Monitor เหตุเสียครบตามเงื่อนไข,7
36,ขอช่างเข้าซ่อม (กลุ่มลูกค้าร้องเรียน) | IOT-ขอบริการงานช่าง ,ขอช่างเข้าติดตั้ง (กลุ่มลูกค้าร้องเรียน),IOT-ขอบริการงานช่าง,ส่งงานไม่ถูกต้อง,6
36,ขอช่างเข้าซ่อม (กลุ่มลูกค้าร้องเรียน) | IOT-ขอบริการงานช่าง ,ขอช่างเข้าซ่อม (กลุ่มลูกค้าร้องเรียน),IOT-ขอบริการงานช่าง,เปลี่ยน process การทำงาน,5
36,ขอช่างเข้าซ่อม (กลุ่มลูกค้าร้องเรียน) | IOT-ขอบริการงานช่าง ,ขอช่างเข้าซ่อม (กลุ่มลูกค้าร้องเรียน),IOT-ขอบริการงานช่าง,ช่างไม่ได้ติดตั้งกล้อง CCTV ให้ลูกค้า,5
36,ขอช่างเข้าซ่อม (กลุ่มลูกค้าร้องเรียน) | IOT-ขอบริการงานช่าง ,ติดตั้งอุปกรณ์ (IOT),บริการหลังการขาย,ลูกค้าเปลี่ยนใจ/ลูกค้าขอยกเลิกบริการเอง,4
36,ขอช่างเข้าซ่อม (กลุ่มลูกค้าร้องเรียน) | IOT-ขอบริการงานช่าง ,IoT Repair in Warranty,บริการหลังการขาย,การใช้งานของลูกค้า,4
36,ขอช่างเข้าซ่อม (กลุ่มลูกค้าร้องเรียน) | IOT-ขอบริการงานช่าง ,ขอช่างเข้าติดตั้ง (กลุ่มลูกค้าร้องเรียน),IOT-ขอบริการงานช่าง,ทดสอบและอธิบายลูกค้า,4
36,ขอช่างเข้าซ่อม (กลุ่มลูกค้าร้องเรียน) | IOT-ขอบริการงานช่าง ,ติดตั้งอุปกรณ์ (IOT),บริการหลังการขาย,ลูกค้าต้องการเปลี่ยน Modem,4
36,ขอช่างเข้าซ่อม (กลุ่มลูกค้าร้องเรียน) | IOT-ขอบริการงานช่าง ,True iService-ปัญหา-ใบแจ้งค่าบริการ,แจ้งเสีย-Application True,,4
36,ขอช่างเข้าซ่อม (กลุ่มลูกค้าร้องเรียน) | IOT-ขอบริการงานช่าง ,ขอช่างเข้าติดตั้ง (กลุ่มลูกค้าร้องเรียน),IOT-ขอบริการงานช่าง,ช่างไม่ได้ติดตั้งกล้อง CCTV ให้ลูกค้า,3
36,ขอช่างเข้าซ่อม (กลุ่มลูกค้าร้องเรียน) | IOT-ขอบริการงานช่าง ,ติดตั้งอุปกรณ์ (IOT),บริการหลังการขาย,เหตุเสียใช้ได้ ก่อนช่างถึงบ้าน,3
36,ขอช่างเข้าซ่อม (กลุ่มลูกค้าร้องเรียน) | IOT-ขอบริการงานช่าง ,ติดตั้งอุปกรณ์ (IOT),บริการหลังการขาย,Modem ไม่รองรับ Package ลูกค้า,3
36,ขอช่างเข้าซ่อม (กลุ่มลูกค้าร้องเรียน) | IOT-ขอบริการงานช่าง ,ขอช่างเข้าติดตั้ง (กลุ่มลูกค้าร้องเรียน),IOT-ขอบริการงานช่าง,เปลี่ยน process การทำงาน,3
36,ขอช่างเข้าซ่อม (กลุ่มลูกค้าร้องเรียน) | IOT-ขอบริการงานช่าง ,ขอช่างเข้าติดตั้ง (กลุ่มลูกค้าร้องเรียน),IOT-ขอบริการงานช่าง,สายหัก/สายงอ/สายถูกดึงรั้ง,3
36,ขอช่างเข้าซ่อม (กลุ่มลูกค้าร้องเรียน) | IOT-ขอบริการงานช่าง ,ติดตั้งอุปกรณ์ (IOT),บริการหลังการขาย,Voice ไม่ติด (ไฟ Phone ไม่ติด),3
36,ขอช่างเข้าซ่อม (กลุ่มลูกค้าร้องเรียน) | IOT-ขอบริการงานช่าง ,(ช่องทางโลตัส) ขอช่างเข้าติดตั้ง-ลูกค้าชำระค่าบริการติดตั้งแล้ว,IOT-ขอบริการงานช่าง,ส่งงานไม่ถูกต้อง,2
36,ขอช่างเข้าซ่อม (กลุ่มลูกค้าร้องเรียน) | IOT-ขอบริการงานช่าง ,รีโมตเสียใช้งานไม่ได้,CMDU-ปัญหาอุปกรณ์,ลูกค้าเปลี่ยนใจ/ลูกค้าขอยกเลิกบริการเอง,2
36,ขอช่างเข้าซ่อม (กลุ่มลูกค้าร้องเรียน) | IOT-ขอบริการงานช่าง ,ขอช่างเข้าติดตั้ง (กลุ่มลูกค้าร้องเรียน),IOT-ขอบริการงานช่าง,ไม่ทราบสาเหตุ,2
36,ขอช่างเข้าซ่อม (กลุ่มลูกค้าร้องเรียน) | IOT-ขอบริการงานช่าง ,ขอช่างเข้าซ่อม (กลุ่มลูกค้าร้องเรียน),IOT-ขอบริการงานช่าง,ไฟไม่เข้า,2
36,ขอช่างเข้าซ่อม (กลุ่มลูกค้าร้องเรียน) | IOT-ขอบริการงานช่าง ,IoT Repair in Warranty,บริการหลังการขาย,ลูกค้าเปลี่ยนใจ/ลูกค้าขอยกเลิกบริการเอง,2
36,ขอช่างเข้าซ่อม (กลุ่มลูกค้าร้องเรียน) | IOT-ขอบริการงานช่าง ,ขอช่างเข้าซ่อม (กลุ่มลูกค้าร้องเรียน),IOT-ขอบริการงานช่าง,การไฟฟ้าย้ายแนว/จัดระเบียบสาย,2
36,ขอช่างเข้าซ่อม (กลุ่มลูกค้าร้องเรียน) | IOT-ขอบริการงานช่าง ,ขอช่างเข้าติดตั้ง (กลุ่มลูกค้าร้องเรียน),IOT-ขอบริการงานช่าง,CONFIG CHANGE,2
36,ขอช่างเข้าซ่อม (กลุ่มลูกค้าร้องเรียน) | IOT-ขอบริการงานช่าง ,IoT Install,บริการหลังการขาย,CONFIG.PARAMETER ไม่ถูกต้อง,2
36,ขอช่างเข้าซ่อม (กลุ่มลูกค้าร้องเรียน) | IOT-ขอบริการงานช่าง ,อุปกรณ์ลูกค้า (device),เปิด Website ไม่ได้บาง Web,อุปกรณ์คืนค่าโรงงาน,1
36,ขอช่างเข้าซ่อม (กลุ่มลูกค้าร้องเรียน) | IOT-ขอบริการงานช่าง ,IoT Repair in Warranty,บริการหลังการขาย,สายหัก/สายงอ/สายถูกดึงรั้ง,1
36,ขอช่างเข้าซ่อม (กลุ่มลูกค้าร้องเรียน) | IOT-ขอบริการงานช่าง ,ติดตั้งอุปกรณ์ (IOT),บริการหลังการขาย,ข้อต่อหลวม ไม่ดี/ไม่สนิท,1
36,ขอช่างเข้าซ่อม (กลุ่มลูกค้าร้องเรียน) | IOT-ขอบริการงานช่าง ,ขอช่างเข้าซ่อม (กลุ่มลูกค้าร้องเรียน),IOT-ขอบริการงานช่าง,Area Manager เห็นชอบให้มีการเปลี่ยน CPE,1
36,ขอช่างเข้าซ่อม (กลุ่มลูกค้าร้องเรียน) | IOT-ขอบริการงานช่าง ,ขอช่างเข้าติดตั้ง (กลุ่มลูกค้าร้องเรียน),IOT-ขอบริการงานช่าง,Costomer Knowledge,1
36,ขอช่างเข้าซ่อม (กลุ่มลูกค้าร้องเรียน) | IOT-ขอบริการงานช่าง ,ติดตั้งอุปกรณ์ (IOT),บริการหลังการขาย,Costomer Knowledge,1
36,ขอช่างเข้าซ่อม (กลุ่มลูกค้าร้องเรียน) | IOT-ขอบริการงานช่าง ,IoT Install,บริการหลังการขาย,ทดสอบและอธิบายลูกค้า,1
36,ขอช่างเข้าซ่อม (กลุ่มลูกค้าร้องเรียน) | IOT-ขอบริการงานช่าง ,IoT Install,บริการหลังการขาย,Monitor เหตุเสียครบตามเงื่อนไข,1
36,ขอช่างเข้าซ่อม (กลุ่มลูกค้าร้องเรียน) | IOT-ขอบริการงานช่าง ,IoT Install,บริการหลังการขาย,ส่งงานไม่ถูกต้อง,1
36,ขอช่างเข้าซ่อม (กลุ่มลูกค้าร้องเรียน) | IOT-ขอบริการงานช่าง ,True iService-แสดงประวัติการชำระเงินไม่ถูกต้อง,แจ้งเสีย-Application True,,1
36,ขอช่างเข้าซ่อม (กลุ่มลูกค้าร้องเรียน) | IOT-ขอบริการงานช่าง ,ขอช่างเข้าซ่อม (กลุ่มลูกค้าร้องเรียน),IOT-ขอบริการงานช่าง,ลูกค้าแจ้งขอยกเลิกบริการ,1
36,ขอช่างเข้าซ่อม (กลุ่มลูกค้าร้องเรียน) | IOT-ขอบริการงานช่าง ,IOT ขอติตตั้งกล้องCCTV+ตัดสต๊อกช่าง,บริการหลังการขาย,ส่งงานไม่ถูกต้อง,1
36,ขอช่างเข้าซ่อม (กลุ่มลูกค้าร้องเรียน) | IOT-ขอบริการงานช่าง ,(ช่องทางโลตัส) ขอช่างเข้าติดตั้ง-ลูกค้าชำระค่าบริการติดตั้งแล้ว,IOT-ขอบริการงานช่าง,การใช้งานของลูกค้า,1
36,ขอช่างเข้าซ่อม (กลุ่มลูกค้าร้องเรียน) | IOT-ขอบริการงานช่าง ,IoT Repair in Warranty,บริการหลังการขาย,CONFIG.PARAMETER ไม่ถูกต้อง,1
36,ขอช่างเข้าซ่อม (กลุ่มลูกค้าร้องเรียน) | IOT-ขอบริการงานช่าง ,ขอช่างเข้าซ่อม (กลุ่มลูกค้าร้องเรียน),IOT-ขอบริการงานช่าง,ไม่พบปัญหาการใช้งานแล้ว,1
36,ขอช่างเข้าซ่อม (กลุ่มลูกค้าร้องเรียน) | IOT-ขอบริการงานช่าง ,คุณภาพงานติตดั้งและปิดงานไม่ถูก - ใช้เฉพาะทีม Digital Audit,บริการหลังการขาย,Connect WiFi ไม่ได้/ไม่พบ SSID,1
36,ขอช่างเข้าซ่อม (กลุ่มลูกค้าร้องเรียน) | IOT-ขอบริการงานช่าง ,ขอช่างเข้าติดตั้ง (กลุ่มลูกค้าร้องเรียน),IOT-ขอบริการงานช่าง,ลูกค้าแจ้งขอยกเลิกบริการ,1
36,ขอช่างเข้าซ่อม (กลุ่มลูกค้าร้องเรียน) | IOT-ขอบริการงานช่าง ,สายหลุดขณะพูด,คุณภาพสัญญาน,การใช้งานของลูกค้า,1
36,ขอช่างเข้าซ่อม (กลุ่มลูกค้าร้องเรียน) | IOT-ขอบริการงานช่าง ,ขอช่างเข้าซ่อม (กลุ่มลูกค้าร้องเรียน),IOT-ขอบริการงานช่าง,ตัวแทนไม่รับงานติดตั้งกล้อง CCTV,1
36,ขอช่างเข้าซ่อม (กลุ่มลูกค้าร้องเรียน) | IOT-ขอบริการงานช่าง ,IoT Repair in Warranty,บริการหลังการขาย,ขัดข้อง/เสีย,1
36,ขอช่างเข้าซ่อม (กลุ่มลูกค้าร้องเรียน) | IOT-ขอบริการงานช่าง ,ขอช่างเข้าติดตั้ง (กลุ่มลูกค้าร้องเรียน),IOT-ขอบริการงานช่าง,อุปกรณ์คืนค่าโรงงาน,1
36,ขอช่างเข้าซ่อม (กลุ่มลูกค้าร้องเรียน) | IOT-ขอบริการงานช่าง ,ติดตั้งอุปกรณ์ (IOT),บริการหลังการขาย,ทดสอบและอธิบายลูกค้า,1
36,ขอช่างเข้าซ่อม (กลุ่มลูกค้าร้องเรียน) | IOT-ขอบริการงานช่าง ,ติดตั้งอุปกรณ์ (IOT),บริการหลังการขาย,อุปกรณ์คืนค่าโรงงาน,1
36,ขอช่างเข้าซ่อม (กลุ่มลูกค้าร้องเรียน) | IOT-ขอบริการงานช่าง ,ติดตั้งอุปกรณ์ (IOT),บริการหลังการขาย,Ticket มีการระบุให้เปลี่ยนอุปกรณ์,1
36,ขอช่างเข้าซ่อม (กลุ่มลูกค้าร้องเรียน) | IOT-ขอบริการงานช่าง ,ย้ายจุดติดตั้งภายในบ้าน/เดินสายภายใน,บริการหลังการขาย,ทดสอบและอธิบายลูกค้า,1
36,ขอช่างเข้าซ่อม (กลุ่มลูกค้าร้องเรียน) | IOT-ขอบริการงานช่าง ,ขอช่างเข้าซ่อม (กลุ่มลูกค้าร้องเรียน),IOT-ขอบริการงานช่าง,รถเกี่ยว,1
36,ขอช่างเข้าซ่อม (กลุ่มลูกค้าร้องเรียน) | IOT-ขอบริการงานช่าง ,IoT Install,บริการหลังการขาย,การใช้งานของลูกค้า,1
36,ขอช่างเข้าซ่อม (กลุ่มลูกค้าร้องเรียน) | IOT-ขอบริการงานช่าง ,ขอช่างเข้าซ่อม (กลุ่มลูกค้าร้องเรียน),IOT-ขอบริการงานช่าง,สายหัก/สายงอ/สายถูกดึงรั้ง,1
36,ขอช่างเข้าซ่อม (กลุ่มลูกค้าร้องเรียน) | IOT-ขอบริการงานช่าง ,ขอช่างเข้าติดตั้ง (กลุ่มลูกค้าร้องเรียน),IOT-ขอบริการงานช่าง,ลูกค้าต้องการเปลี่ยน Modem,1
36,ขอช่างเข้าซ่อม (กลุ่มลูกค้าร้องเรียน) | IOT-ขอบริการงานช่าง ,บริการพิเศษ ขัดข้อง,บริการเสริมพิเศษ,CONFIG CHANGE/BUG FIRMWARE,1
37,CA2: สมาร์ทการ์ดไม่ถูกต้อง(สมาร์ทการ์ดขัดข้องหรือสกปรก) | TV,CA2: สมาร์ทการ์ดไม่ถูกต้อง(สมาร์ทการ์ดขัดข้องหรือสกปรก),TVS-ปัญหาสัญญาณ,กล่องไม่อ่านการ์ด,253
37,CA2: สมาร์ทการ์ดไม่ถูกต้อง(สมาร์ทการ์ดขัดข้องหรือสกปรก) | TV,CA2: สมาร์ทการ์ดไม่ถูกต้อง(สมาร์ทการ์ดขัดข้องหรือสกปรก),TVS-ปัญหาสัญญาณ,การใช้งานของลูกค้า,192
37,CA2: สมาร์ทการ์ดไม่ถูกต้อง(สมาร์ทการ์ดขัดข้องหรือสกปรก) | TV,CA2: สมาร์ทการ์ดไม่ถูกต้อง(สมาร์ทการ์ดขัดข้องหรือสกปรก),TVS-ปัญหาสัญญาณ,CONFIG CHANGE,109
37,CA2: สมาร์ทการ์ดไม่ถูกต้อง(สมาร์ทการ์ดขัดข้องหรือสกปรก) | TV,CA2: สมาร์ทการ์ดไม่ถูกต้อง(สมาร์ทการ์ดขัดข้องหรือสกปรก),TVS-ปัญหาสัญญาณ,ช่องรายการถูกล็อค(CA14),78
37,CA2: สมาร์ทการ์ดไม่ถูกต้อง(สมาร์ทการ์ดขัดข้องหรือสกปรก) | TV,CA2: สมาร์ทการ์ดไม่ถูกต้อง(สมาร์ทการ์ดขัดข้องหรือสกปรก),TVS-ปัญหาสัญญาณ,เหตุเสียใช้ได้ ก่อนช่างถึงบ้าน,75
37,CA2: สมาร์ทการ์ดไม่ถูกต้อง(สมาร์ทการ์ดขัดข้องหรือสกปรก) | TV,CA2: สมาร์ทการ์ดไม่ถูกต้อง(สมาร์ทการ์ดขัดข้องหรือสกปรก),TVS-ปัญหาสัญญาณ,สกปรก,57
37,CA2: สมาร์ทการ์ดไม่ถูกต้อง(สมาร์ทการ์ดขัดข้องหรือสกปรก) | TV,CA2: สมาร์ทการ์ดไม่ถูกต้อง(สมาร์ทการ์ดขัดข้องหรือสกปรก),TVS-ปัญหาสัญญาณ,ขัดข้อง/เสีย,51
37,CA2: สมาร์ทการ์ดไม่ถูกต้อง(สมาร์ทการ์ดขัดข้องหรือสกปรก) | TV,CA2: สมาร์ทการ์ดไม่ถูกต้อง(สมาร์ทการ์ดขัดข้องหรือสกปรก),TVS-ปัญหาสัญญาณ,ลูกค้าต้องการเปลี่ยน Set Top Box,44
37,CA2: สมาร์ทการ์ดไม่ถูกต้อง(สมาร์ทการ์ดขัดข้องหรือสกปรก) | TV,CA2: สมาร์ทการ์ดไม่ถูกต้อง(สมาร์ทการ์ดขัดข้องหรือสกปรก),TVS-ปัญหาสัญญาณ,อุปกรณ์คืนค่าโรงงาน,44
37,CA2: สมาร์ทการ์ดไม่ถูกต้อง(สมาร์ทการ์ดขัดข้องหรือสกปรก) | TV,CA2: สมาร์ทการ์ดไม่ถูกต้อง(สมาร์ทการ์ดขัดข้องหรือสกปรก),TVS-ปัญหาสัญญาณ,ไฟไม่เข้า,43
37,CA2: สมาร์ทการ์ดไม่ถูกต้อง(สมาร์ทการ์ดขัดข้องหรือสกปรก) | TV,CA2: สมาร์ทการ์ดไม่ถูกต้อง(สมาร์ทการ์ดขัดข้องหรือสกปรก),TVS-ปัญหาสัญญาณ,ลูกค้าเปลี่ยนใจ/ลูกค้าขอยกเลิกบริการเอง,33
37,CA2: สมาร์ทการ์ดไม่ถูกต้อง(สมาร์ทการ์ดขัดข้องหรือสกปรก) | TV,CA2: สมาร์ทการ์ดไม่ถูกต้อง(สมาร์ทการ์ดขัดข้องหรือสกปรก),TVS-ปัญหาสัญญาณ,กล่องรับสัญญาณขัดข้อง (CA9/CA11),30
37,CA2: สมาร์ทการ์ดไม่ถูกต้อง(สมาร์ทการ์ดขัดข้องหรือสกปรก) | TV,CA2: สมาร์ทการ์ดไม่ถูกต้อง(สมาร์ทการ์ดขัดข้องหรือสกปรก),TVS-ปัญหาสัญญาณ,ไม่ทราบสาเหตุ,18
37,CA2: สมาร์ทการ์ดไม่ถูกต้อง(สมาร์ทการ์ดขัดข้องหรือสกปรก) | TV,CA2: สมาร์ทการ์ดไม่ถูกต้อง(สมาร์ทการ์ดขัดข้องหรือสกปรก),TVS-ปัญหาสัญญาณ,Monitor เหตุเสียครบตามเงื่อนไข,13
37,CA2: สมาร์ทการ์ดไม่ถูกต้อง(สมาร์ทการ์ดขัดข้องหรือสกปรก) | TV,CA1: ไม่พบ/หรือเสียบสมาร์ทการ์ดไม่ถูกต้อง,TVS-ปัญหาสัญญาณ,กล่องไม่อ่านการ์ด,12
37,CA2: สมาร์ทการ์ดไม่ถูกต้อง(สมาร์ทการ์ดขัดข้องหรือสกปรก) | TV,CA2: สมาร์ทการ์ดไม่ถูกต้อง(สมาร์ทการ์ดขัดข้องหรือสกปรก),TVS-ปัญหาสัญญาณ,ไม่พบปัญหาการใช้งานแล้ว,12
37,CA2: สมาร์ทการ์ดไม่ถูกต้อง(สมาร์ทการ์ดขัดข้องหรือสกปรก) | TV,CA2: สมาร์ทการ์ดไม่ถูกต้อง(สมาร์ทการ์ดขัดข้องหรือสกปรก),TVS-ปัญหาสัญญาณ,กล่องรับสัญญาณขัดข้อง (ER16/E048),9
37,CA2: สมาร์ทการ์ดไม่ถูกต้อง(สมาร์ทการ์ดขัดข้องหรือสกปรก) | TV,CA2: สมาร์ทการ์ดไม่ถูกต้อง(สมาร์ทการ์ดขัดข้องหรือสกปรก),TVS-ปัญหาสัญญาณ,ทดสอบและอธิบายลูกค้า,8
37,CA2: สมาร์ทการ์ดไม่ถูกต้อง(สมาร์ทการ์ดขัดข้องหรือสกปรก) | TV,CA2: สมาร์ทการ์ดไม่ถูกต้อง(สมาร์ทการ์ดขัดข้องหรือสกปรก),TVS-ปัญหาสัญญาณ,ส่งงานไม่ถูกต้อง,5
37,CA2: สมาร์ทการ์ดไม่ถูกต้อง(สมาร์ทการ์ดขัดข้องหรือสกปรก) | TV,CA2: สมาร์ทการ์ดไม่ถูกต้อง(สมาร์ทการ์ดขัดข้องหรือสกปรก),TVS-ปัญหาสัญญาณ,ค่าสัญญาณดี แต่พบภาพขาดหาย/ ภาพแตก/ เสียงขาดหาย,5
37,CA2: สมาร์ทการ์ดไม่ถูกต้อง(สมาร์ทการ์ดขัดข้องหรือสกปรก) | TV,CA1: ไม่พบ/หรือเสียบสมาร์ทการ์ดไม่ถูกต้อง,TVS-ปัญหาสัญญาณ,ไฟไม่เข้า,5
37,CA2: สมาร์ทการ์ดไม่ถูกต้อง(สมาร์ทการ์ดขัดข้องหรือสกปรก) | TV,CA2: สมาร์ทการ์ดไม่ถูกต้อง(สมาร์ทการ์ดขัดข้องหรือสกปรก),TVS-ปัญหาสัญญาณ,ลูกค้าต้องการเปลี่ยน Hybrid Box,5
37,CA2: สมาร์ทการ์ดไม่ถูกต้อง(สมาร์ทการ์ดขัดข้องหรือสกปรก) | TV,CA1: ไม่พบ/หรือเสียบสมาร์ทการ์ดไม่ถูกต้อง,TVS-ปัญหาสัญญาณ,ช่องรายการถูกล็อค(CA14),5
37,CA2: สมาร์ทการ์ดไม่ถูกต้อง(สมาร์ทการ์ดขัดข้องหรือสกปรก) | TV,CA25: สมาร์การ์ดไม่ถูกต้อง/เสียบสมาร์ทการ์ดผิด,TVS-ปัญหาสัญญาณ,การใช้งานของลูกค้า,5
37,CA2: สมาร์ทการ์ดไม่ถูกต้อง(สมาร์ทการ์ดขัดข้องหรือสกปรก) | TV,CA1: ไม่พบ/หรือเสียบสมาร์ทการ์ดไม่ถูกต้อง,TVS-ปัญหาสัญญาณ,เหตุเสียใช้ได้ ก่อนช่างถึงบ้าน,5
37,CA2: สมาร์ทการ์ดไม่ถูกต้อง(สมาร์ทการ์ดขัดข้องหรือสกปรก) | TV,CA1: ไม่พบ/หรือเสียบสมาร์ทการ์ดไม่ถูกต้อง,TVS-ปัญหาสัญญาณ,การใช้งานของลูกค้า,5
37,CA2: สมาร์ทการ์ดไม่ถูกต้อง(สมาร์ทการ์ดขัดข้องหรือสกปรก) | TV,CA25: สมาร์การ์ดไม่ถูกต้อง/เสียบสมาร์ทการ์ดผิด,TVS-ปัญหาสัญญาณ,กล่องไม่อ่านการ์ด,5
37,CA2: สมาร์ทการ์ดไม่ถูกต้อง(สมาร์ทการ์ดขัดข้องหรือสกปรก) | TV,CA1: ไม่พบ/หรือเสียบสมาร์ทการ์ดไม่ถูกต้อง,TVS-ปัญหาสัญญาณ,ลูกค้าต้องการเปลี่ยน Set Top Box,4
37,CA2: สมาร์ทการ์ดไม่ถูกต้อง(สมาร์ทการ์ดขัดข้องหรือสกปรก) | TV,CA1: ไม่พบ/หรือเสียบสมาร์ทการ์ดไม่ถูกต้อง,TVS-ปัญหาสัญญาณ,กล่องรับสัญญาณขัดข้อง (CA9/CA11),3
37,CA2: สมาร์ทการ์ดไม่ถูกต้อง(สมาร์ทการ์ดขัดข้องหรือสกปรก) | TV,CA6: สมาร์ทการ์ดยังไม่ได้เปิดสัญญาณ,TVS-ปัญหาสัญญาณ,การใช้งานของลูกค้า,3
37,CA2: สมาร์ทการ์ดไม่ถูกต้อง(สมาร์ทการ์ดขัดข้องหรือสกปรก) | TV,CA1: ไม่พบ/หรือเสียบสมาร์ทการ์ดไม่ถูกต้อง,TVS-ปัญหาสัญญาณ,ลูกค้าเปลี่ยนใจ/ลูกค้าขอยกเลิกบริการเอง,3
37,CA2: สมาร์ทการ์ดไม่ถูกต้อง(สมาร์ทการ์ดขัดข้องหรือสกปรก) | TV,CA2: สมาร์ทการ์ดไม่ถูกต้อง(สมาร์ทการ์ดขัดข้องหรือสกปรก),TVS-ปัญหาสัญญาณ,สายหัก/สายงอ/สายถูกดึงรั้ง,3
37,CA2: สมาร์ทการ์ดไม่ถูกต้อง(สมาร์ทการ์ดขัดข้องหรือสกปรก) | TV,CA6: สมาร์ทการ์ดยังไม่ได้เปิดสัญญาณ,TVS-ปัญหาสัญญาณ,เหตุเสียใช้ได้ ก่อนช่างถึงบ้าน,3
37,CA2: สมาร์ทการ์ดไม่ถูกต้อง(สมาร์ทการ์ดขัดข้องหรือสกปรก) | TV,CA2: สมาร์ทการ์ดไม่ถูกต้อง(สมาร์ทการ์ดขัดข้องหรือสกปรก),TVS-ปัญหาสัญญาณ,BUG FIRMWARE,3
37,CA2: สมาร์ทการ์ดไม่ถูกต้อง(สมาร์ทการ์ดขัดข้องหรือสกปรก) | TV,CA25: สมาร์การ์ดไม่ถูกต้อง/เสียบสมาร์ทการ์ดผิด,TVS-ปัญหาสัญญาณ,ขัดข้อง/เสีย,3
37,CA2: สมาร์ทการ์ดไม่ถูกต้อง(สมาร์ทการ์ดขัดข้องหรือสกปรก) | TV,CA2: สมาร์ทการ์ดไม่ถูกต้อง(สมาร์ทการ์ดขัดข้องหรือสกปรก),TVS-ปัญหาสัญญาณ,ข้อต่อหลวม ไม่ดี/ไม่สนิท,3
37,CA2: สมาร์ทการ์ดไม่ถูกต้อง(สมาร์ทการ์ดขัดข้องหรือสกปรก) | TV,CA6: สมาร์ทการ์ดยังไม่ได้เปิดสัญญาณ,TVS-ปัญหาสัญญาณ,ช่องรายการถูกล็อค(CA14),3
37,CA2: สมาร์ทการ์ดไม่ถูกต้อง(สมาร์ทการ์ดขัดข้องหรือสกปรก) | TV,CA1: ไม่พบ/หรือเสียบสมาร์ทการ์ดไม่ถูกต้อง,TVS-ปัญหาสัญญาณ,ลูกค้าต้องการเปลี่ยน Hybrid Box,2
37,CA2: สมาร์ทการ์ดไม่ถูกต้อง(สมาร์ทการ์ดขัดข้องหรือสกปรก) | TV,CA25: สมาร์การ์ดไม่ถูกต้อง/เสียบสมาร์ทการ์ดผิด,TVS-ปัญหาสัญญาณ,กล่องรับสัญญาณขัดข้อง (CA9/CA11),2
37,CA2: สมาร์ทการ์ดไม่ถูกต้อง(สมาร์ทการ์ดขัดข้องหรือสกปรก) | TV,CA25: สมาร์การ์ดไม่ถูกต้อง/เสียบสมาร์ทการ์ดผิด,TVS-ปัญหาสัญญาณ,ไฟไม่เข้า,2
37,CA2: สมาร์ทการ์ดไม่ถูกต้อง(สมาร์ทการ์ดขัดข้องหรือสกปรก) | TV,CA2: สมาร์ทการ์ดไม่ถูกต้อง(สมาร์ทการ์ดขัดข้องหรือสกปรก),TVS-ปัญหาสัญญาณ,Connect WiFi ไม่ได้/ไม่พบ SSID,2
37,CA2: สมาร์ทการ์ดไม่ถูกต้อง(สมาร์ทการ์ดขัดข้องหรือสกปรก) | TV,CA2: สมาร์ทการ์ดไม่ถูกต้อง(สมาร์ทการ์ดขัดข้องหรือสกปรก),TVS-ปัญหาสัญญาณ,Modemไม่ lock/ไม่ Synch/High Loss,2
37,CA2: สมาร์ทการ์ดไม่ถูกต้อง(สมาร์ทการ์ดขัดข้องหรือสกปรก) | TV,CA25: สมาร์การ์ดไม่ถูกต้อง/เสียบสมาร์ทการ์ดผิด,TVS-ปัญหาสัญญาณ,Monitor เหตุเสียครบตามเงื่อนไข,2
37,CA2: สมาร์ทการ์ดไม่ถูกต้อง(สมาร์ทการ์ดขัดข้องหรือสกปรก) | TV,CA6: สมาร์ทการ์ดยังไม่ได้เปิดสัญญาณ,TVS-ปัญหาสัญญาณ,กล่องไม่อ่านการ์ด,2
37,CA2: สมาร์ทการ์ดไม่ถูกต้อง(สมาร์ทการ์ดขัดข้องหรือสกปรก) | TV,CA2: สมาร์ทการ์ดไม่ถูกต้อง(สมาร์ทการ์ดขัดข้องหรือสกปรก),CMDU-ปัญหาสัญญาณ,กล่องไม่อ่านการ์ด,2
37,CA2: สมาร์ทการ์ดไม่ถูกต้อง(สมาร์ทการ์ดขัดข้องหรือสกปรก) | TV,CA2: สมาร์ทการ์ดไม่ถูกต้อง(สมาร์ทการ์ดขัดข้องหรือสกปรก),TVS-ปัญหาสัญญาณ,เปลี่ยน process การทำงาน,2
37,CA2: สมาร์ทการ์ดไม่ถูกต้อง(สมาร์ทการ์ดขัดข้องหรือสกปรก) | TV,CA25: สมาร์การ์ดไม่ถูกต้อง/เสียบสมาร์ทการ์ดผิด,TVS-ปัญหาสัญญาณ,CONFIG CHANGE,2
37,CA2: สมาร์ทการ์ดไม่ถูกต้อง(สมาร์ทการ์ดขัดข้องหรือสกปรก) | TV,CA6: สมาร์ทการ์ดยังไม่ได้เปิดสัญญาณ,TVS-ปัญหาสัญญาณ,ขัดข้อง/เสีย,2
37,CA2: สมาร์ทการ์ดไม่ถูกต้อง(สมาร์ทการ์ดขัดข้องหรือสกปรก) | TV,CA2: สมาร์ทการ์ดไม่ถูกต้อง(สมาร์ทการ์ดขัดข้องหรือสกปรก),TVS-ปัญหาสัญญาณ,ค่าสัญญาณดี ภาพค้าง/ ขาดหาย,2
37,CA2: สมาร์ทการ์ดไม่ถูกต้อง(สมาร์ทการ์ดขัดข้องหรือสกปรก) | TV,CA1: ไม่พบ/หรือเสียบสมาร์ทการ์ดไม่ถูกต้อง,TVS-ปัญหาสัญญาณ,สกปรก,2
37,CA2: สมาร์ทการ์ดไม่ถูกต้อง(สมาร์ทการ์ดขัดข้องหรือสกปรก) | TV,CA2: สมาร์ทการ์ดไม่ถูกต้อง(สมาร์ทการ์ดขัดข้องหรือสกปรก),TVS-ปัญหาสัญญาณ,แตกหัก,2
37,CA2: สมาร์ทการ์ดไม่ถูกต้อง(สมาร์ทการ์ดขัดข้องหรือสกปรก) | TV,CA1: ไม่พบ/หรือเสียบสมาร์ทการ์ดไม่ถูกต้อง,TVS-ปัญหาสัญญาณ,ขัดข้อง/เสีย,1
37,CA2: สมาร์ทการ์ดไม่ถูกต้อง(สมาร์ทการ์ดขัดข้องหรือสกปรก) | TV,CA1: ไม่พบ/หรือเสียบสมาร์ทการ์ดไม่ถูกต้อง,TVS-ปัญหาสัญญาณ,Monitor เหตุเสียครบตามเงื่อนไข,1
37,CA2: สมาร์ทการ์ดไม่ถูกต้อง(สมาร์ทการ์ดขัดข้องหรือสกปรก) | TV,CA2: สมาร์ทการ์ดไม่ถูกต้อง(สมาร์ทการ์ดขัดข้องหรือสกปรก),TVS-ปัญหาสัญญาณ,ลูกค้าแจ้งขอยกเลิกบริการ,1
37,CA2: สมาร์ทการ์ดไม่ถูกต้อง(สมาร์ทการ์ดขัดข้องหรือสกปรก) | TV,CA1: ไม่พบ/หรือเสียบสมาร์ทการ์ดไม่ถูกต้อง,TVS-ปัญหาสัญญาณ,CONFIG CHANGE,1
37,CA2: สมาร์ทการ์ดไม่ถูกต้อง(สมาร์ทการ์ดขัดข้องหรือสกปรก) | TV,CA2: สมาร์ทการ์ดไม่ถูกต้อง(สมาร์ทการ์ดขัดข้องหรือสกปรก),TVS-ปัญหาสัญญาณ,ไม่มีสัญญาณ CATV หรือ ค่า RF ไม่ได้ตามค่ามาตรฐาน,1
37,CA2: สมาร์ทการ์ดไม่ถูกต้อง(สมาร์ทการ์ดขัดข้องหรือสกปรก) | TV,CA2: สมาร์ทการ์ดไม่ถูกต้อง(สมาร์ทการ์ดขัดข้องหรือสกปรก),TVS-ปัญหาสัญญาณ,สายเสื่อมสภาพ,1
37,CA2: สมาร์ทการ์ดไม่ถูกต้อง(สมาร์ทการ์ดขัดข้องหรือสกปรก) | TV,CA2/CA1/CA6/E017-0/SMC Error,คุณภาพสัญญาน,การใช้งานของลูกค้า,1
37,CA2: สมาร์ทการ์ดไม่ถูกต้อง(สมาร์ทการ์ดขัดข้องหรือสกปรก) | TV,CA2: สมาร์ทการ์ดไม่ถูกต้อง(สมาร์ทการ์ดขัดข้องหรือสกปรก),TVS-ปัญหาสัญญาณ,รถเกี่ยว,1
37,CA2: สมาร์ทการ์ดไม่ถูกต้อง(สมาร์ทการ์ดขัดข้องหรือสกปรก) | TV,CA1: ไม่พบ/หรือเสียบสมาร์ทการ์ดไม่ถูกต้อง,CMDU-ปัญหาสัญญาณ,การใช้งานของลูกค้า,1
37,CA2: สมาร์ทการ์ดไม่ถูกต้อง(สมาร์ทการ์ดขัดข้องหรือสกปรก) | TV,CA2: สมาร์ทการ์ดไม่ถูกต้อง(สมาร์ทการ์ดขัดข้องหรือสกปรก),TVS-ปัญหาสัญญาณ,สัตว์ (เช่น ลิง กระรอก ช้าง ),1
37,CA2: สมาร์ทการ์ดไม่ถูกต้อง(สมาร์ทการ์ดขัดข้องหรือสกปรก) | TV,CA2: สมาร์ทการ์ดไม่ถูกต้อง(สมาร์ทการ์ดขัดข้องหรือสกปรก),TVS-ปัญหาสัญญาณ,ลูกค้าต้องการเปลี่ยน TrueID TV Box,1
37,CA2: สมาร์ทการ์ดไม่ถูกต้อง(สมาร์ทการ์ดขัดข้องหรือสกปรก) | TV,CA2: สมาร์ทการ์ดไม่ถูกต้อง(สมาร์ทการ์ดขัดข้องหรือสกปรก),CMDU-ปัญหาสัญญาณ,ขัดข้อง/เสีย,1
37,CA2: สมาร์ทการ์ดไม่ถูกต้อง(สมาร์ทการ์ดขัดข้องหรือสกปรก) | TV,CA6: สมาร์ทการ์ดยังไม่ได้เปิดสัญญาณ,TVS-ปัญหาสัญญาณ,ค่าสัญญาณดี แต่พบภาพขาดหาย/ ภาพแตก/ เสียงขาดหาย,1
37,CA2: สมาร์ทการ์ดไม่ถูกต้อง(สมาร์ทการ์ดขัดข้องหรือสกปรก) | TV,CA2: สมาร์ทการ์ดไม่ถูกต้อง(สมาร์ทการ์ดขัดข้องหรือสกปรก),TVS-ปัญหาสัญญาณ,Switch on/off เสีย/ชำรุดแตกหัก,1
37,CA2: สมาร์ทการ์ดไม่ถูกต้อง(สมาร์ทการ์ดขัดข้องหรือสกปรก) | TV,CA25: สมาร์การ์ดไม่ถูกต้อง/เสียบสมาร์ทการ์ดผิด,TVS-ปัญหาสัญญาณ,สกปรก,1
37,CA2: สมาร์ทการ์ดไม่ถูกต้อง(สมาร์ทการ์ดขัดข้องหรือสกปรก) | TV,ปัญหาระบบ,ใช้งาน Netflix ไม่ได้,หัวสายสำเร็จSC-APC หลวม /ไม่สนิท,1
37,CA2: สมาร์ทการ์ดไม่ถูกต้อง(สมาร์ทการ์ดขัดข้องหรือสกปรก) | TV,CA25: สมาร์การ์ดไม่ถูกต้อง/เสียบสมาร์ทการ์ดผิด,TVS-ปัญหาสัญญาณ,ลูกค้าเปลี่ยนใจ/ลูกค้าขอยกเลิกบริการเอง,1
37,CA2: สมาร์ทการ์ดไม่ถูกต้อง(สมาร์ทการ์ดขัดข้องหรือสกปรก) | TV,CA6: สมาร์ทการ์ดยังไม่ได้เปิดสัญญาณ,TVS-ปัญหาสัญญาณ,ไฟไม่เข้า,1
37,CA2: สมาร์ทการ์ดไม่ถูกต้อง(สมาร์ทการ์ดขัดข้องหรือสกปรก) | TV,CA2: สมาร์ทการ์ดไม่ถูกต้อง(สมาร์ทการ์ดขัดข้องหรือสกปรก),TVS-ปัญหาสัญญาณ,หัวสายสำเร็จSC-APC เสีย,1
37,CA2: สมาร์ทการ์ดไม่ถูกต้อง(สมาร์ทการ์ดขัดข้องหรือสกปรก) | TV,CA2: สมาร์ทการ์ดไม่ถูกต้อง(สมาร์ทการ์ดขัดข้องหรือสกปรก),TVS-ปัญหาสัญญาณ,ลูกค้าทำอุปกรณ์เสียหาย,1
37,CA2: สมาร์ทการ์ดไม่ถูกต้อง(สมาร์ทการ์ดขัดข้องหรือสกปรก) | TV,CA25: สมาร์การ์ดไม่ถูกต้อง/เสียบสมาร์ทการ์ดผิด,TVS-ปัญหาสัญญาณ,BUG FIRMWARE,1
37,CA2: สมาร์ทการ์ดไม่ถูกต้อง(สมาร์ทการ์ดขัดข้องหรือสกปรก) | TV,CA25: สมาร์การ์ดไม่ถูกต้อง/เสียบสมาร์ทการ์ดผิด,TVS-ปัญหาสัญญาณ,ช่องรายการถูกล็อค(CA14),1
37,CA2: สมาร์ทการ์ดไม่ถูกต้อง(สมาร์ทการ์ดขัดข้องหรือสกปรก) | TV,CA1: ไม่พบ/หรือเสียบสมาร์ทการ์ดไม่ถูกต้อง,CMDU-ปัญหาสัญญาณ,เหตุเสียใช้ได้ ก่อนช่างถึงบ้าน,1
37,CA2: สมาร์ทการ์ดไม่ถูกต้อง(สมาร์ทการ์ดขัดข้องหรือสกปรก) | TV,CA6: สมาร์ทการ์ดยังไม่ได้เปิดสัญญาณ,TVS-ปัญหาสัญญาณ,CONFIG CHANGE,1
37,CA2: สมาร์ทการ์ดไม่ถูกต้อง(สมาร์ทการ์ดขัดข้องหรือสกปรก) | TV,CA6: สมาร์ทการ์ดยังไม่ได้เปิดสัญญาณ,TVS-ปัญหาสัญญาณ,Monitor เหตุเสียครบตามเงื่อนไข,1
37,CA2: สมาร์ทการ์ดไม่ถูกต้อง(สมาร์ทการ์ดขัดข้องหรือสกปรก) | TV,CA2: สมาร์ทการ์ดไม่ถูกต้อง(สมาร์ทการ์ดขัดข้องหรือสกปรก),TVS-ปัญหาสัญญาณ,ขั้วต่อ F Connector RG6 ที่กล่องชำรุด,1
37,CA2: สมาร์ทการ์ดไม่ถูกต้อง(สมาร์ทการ์ดขัดข้องหรือสกปรก) | TV,CA6: สมาร์ทการ์ดยังไม่ได้เปิดสัญญาณ,TVS-ปัญหาสัญญาณ,กล่องรับสัญญาณขัดข้อง (CA9/CA11),1
37,CA2: สมาร์ทการ์ดไม่ถูกต้อง(สมาร์ทการ์ดขัดข้องหรือสกปรก) | TV,CA1: ไม่พบ/หรือเสียบสมาร์ทการ์ดไม่ถูกต้อง,TVS-ปัญหาสัญญาณ,เปลี่ยน process การทำงาน,1
37,CA2: สมาร์ทการ์ดไม่ถูกต้อง(สมาร์ทการ์ดขัดข้องหรือสกปรก) | TV,CA2: สมาร์ทการ์ดไม่ถูกต้อง(สมาร์ทการ์ดขัดข้องหรือสกปรก),TVS-ปัญหาสัญญาณ,ลูกค้าต้องการเปลี่ยน Modem,1
37,CA2: สมาร์ทการ์ดไม่ถูกต้อง(สมาร์ทการ์ดขัดข้องหรือสกปรก) | TV,CA2/CA1/CA6/E017-0/SMC Error,คุณภาพสัญญาน,กล่องไม่อ่านการ์ด,1
37,CA2: สมาร์ทการ์ดไม่ถูกต้อง(สมาร์ทการ์ดขัดข้องหรือสกปรก) | TV,CA2: สมาร์ทการ์ดไม่ถูกต้อง(สมาร์ทการ์ดขัดข้องหรือสกปรก),TVS-ปัญหาสัญญาณ,ระยะสาย Drop Wire ไกล,1
37,CA2: สมาร์ทการ์ดไม่ถูกต้อง(สมาร์ทการ์ดขัดข้องหรือสกปรก) | TV,CA6: สมาร์ทการ์ดยังไม่ได้เปิดสัญญาณ,TVS-ปัญหาสัญญาณ,ช่องรายการถูกล็อค(E016/E017),1
37,CA2: สมาร์ทการ์ดไม่ถูกต้อง(สมาร์ทการ์ดขัดข้องหรือสกปรก) | TV,CA2/CA1/CA6/E017-0/SMC Error,คุณภาพสัญญาน,CONFIG CHANGE,1
37,CA2: สมาร์ทการ์ดไม่ถูกต้อง(สมาร์ทการ์ดขัดข้องหรือสกปรก) | TV,CA25: สมาร์การ์ดไม่ถูกต้อง/เสียบสมาร์ทการ์ดผิด,TVS-ปัญหาสัญญาณ,ลูกค้าต้องการเปลี่ยน Set Top Box,1
38,ปัญหา Page แจ้งเตือน | เปิด Web ไม่ได้,ปัญหา Page แจ้งเตือน,เปิด Web ไม่ได้,,269
38,ปัญหา Page แจ้งเตือน | เปิด Web ไม่ได้,TrueDDNS – ลงทะเบียนไม่ได้,แจ้งเสีย-Internet&Data,,29
38,ปัญหา Page แจ้งเตือน | เปิด Web ไม่ได้,บริการพิเศษ Smart alert ขัดข้อง,แจ้งเสีย-บริการเสริม(VAS),,11
38,ปัญหา Page แจ้งเตือน | เปิด Web ไม่ได้,แจ้งปัญหาอินเทอร์เน็ต ช่องทาง App Line,Internet ช้า,,11
38,ปัญหา Page แจ้งเตือน | เปิด Web ไม่ได้,announce network event by self service,Internet เชื่อมต่อไม่ได้,,10
38,ปัญหา Page แจ้งเตือน | เปิด Web ไม่ได้,แจ้งปัญหาอินเทอร์เน็ต ช่องทาง App Line,Internet เชื่อมต่อไม่ได้,การใช้งานของลูกค้า,8
38,ปัญหา Page แจ้งเตือน | เปิด Web ไม่ได้,แจ้งปัญหาอินเทอร์เน็ต ช่องทาง App Line,Internet เชื่อมต่อไม่ได้,,8
38,ปัญหา Page แจ้งเตือน | เปิด Web ไม่ได้,TrueDDNS – เข้าเว็บ trueddns.com ไม่ได้,แจ้งเสีย-Internet&Data,,7
38,ปัญหา Page แจ้งเตือน | เปิด Web ไม่ได้,Line Profile ที่ใช้งานไม่ตรงกับ Package,Internet ช้า,,5
38,ปัญหา Page แจ้งเตือน | เปิด Web ไม่ได้,แจ้งปัญหาอินเทอร์เน็ต ช่องทาง App Line,Internet หลุดบ่อย,การใช้งานของลูกค้า,5
38,ปัญหา Page แจ้งเตือน | เปิด Web ไม่ได้,แจ้งปัญหาอินเทอร์เน็ต ช่องทาง App Line,Internet หลุดบ่อย,CONFIG CHANGE,4
38,ปัญหา Page แจ้งเตือน | เปิด Web ไม่ได้,TrueDDNS – Login ไม่ได้,แจ้งเสีย-Internet&Data,,4
38,ปัญหา Page แจ้งเตือน | เปิด Web ไม่ได้,แจ้งปัญหาอินเทอร์เน็ต ช่องทาง App Line,Internet หลุดบ่อย,,4
38,ปัญหา Page แจ้งเตือน | เปิด Web ไม่ได้,TrueDDNS – ลงทะเบียนไม่ได้,Connectได้แต่มีปัญหา,,3
38,ปัญหา Page แจ้งเตือน | เปิด Web ไม่ได้,TrueDDNS – ลงทะเบียนแล้วแต่ไม่พบข้อมูล,Connectได้แต่มีปัญหา,,3
38,ปัญหา Page แจ้งเตือน | เปิด Web ไม่ได้,แจ้งปัญหาอินเทอร์เน็ต ช่องทาง App Line,Internet เชื่อมต่อไม่ได้,ขัดข้อง/เสีย,2
38,ปัญหา Page แจ้งเตือน | เปิด Web ไม่ได้,แจ้งปัญหาอินเทอร์เน็ต ช่องทาง App Line,Internet เชื่อมต่อไม่ได้,ส่งงานไม่ถูกต้อง,2
38,ปัญหา Page แจ้งเตือน | เปิด Web ไม่ได้,แจ้งปัญหาอินเทอร์เน็ต ช่องทาง App Line,Internet เชื่อมต่อไม่ได้,หัวสายสำเร็จSC-APC เสีย,2
38,ปัญหา Page แจ้งเตือน | เปิด Web ไม่ได้,แจ้งปัญหาอินเทอร์เน็ต ช่องทาง App Line,Internet เชื่อมต่อไม่ได้,เหตุเสียใช้ได้ ก่อนช่างถึงบ้าน,2
38,ปัญหา Page แจ้งเตือน | เปิด Web ไม่ได้,แจ้งปัญหาอินเทอร์เน็ต ช่องทาง App Line,Internet เชื่อมต่อไม่ได้,ลูกค้าเปลี่ยนใจ/ลูกค้าขอยกเลิกบริการเอง,2
38,ปัญหา Page แจ้งเตือน | เปิด Web ไม่ได้,แจ้งปัญหาอินเทอร์เน็ต ช่องทาง App Line,Internet เชื่อมต่อไม่ได้,ลูกค้าต้องการเปลี่ยน Modem,2
38,ปัญหา Page แจ้งเตือน | เปิด Web ไม่ได้,แจ้งปัญหาอินเทอร์เน็ต ช่องทาง App Line,Internet ช้า,CONFIG CHANGE,2
38,ปัญหา Page แจ้งเตือน | เปิด Web ไม่ได้,แจ้งปัญหาอินเทอร์เน็ต ช่องทาง App Line,Internet เชื่อมต่อไม่ได้,สายเสื่อมสภาพ,2
38,ปัญหา Page แจ้งเตือน | เปิด Web ไม่ได้,โทรศัพท์พื้นฐานไร้สาย(Cordless)ของTrueมีปัญหา,โทรเข้า-ออก,Modem ไม่รองรับ Package ลูกค้า,2
38,ปัญหา Page แจ้งเตือน | เปิด Web ไม่ได้,แจ้งปัญหาอินเทอร์เน็ต ช่องทาง App Line,Internet หลุดบ่อย,Reboot,1
38,ปัญหา Page แจ้งเตือน | เปิด Web ไม่ได้,แจ้งปัญหาอินเทอร์เน็ต ช่องทาง App Line,Internet เชื่อมต่อไม่ได้,Modemไม่ lock/ไม่ Synch/High Loss,1
38,ปัญหา Page แจ้งเตือน | เปิด Web ไม่ได้,แจ้งปัญหาอินเทอร์เน็ต ช่องทาง App Line,Internet เชื่อมต่อไม่ได้,ลูกค้าแจ้งขอยกเลิกบริการ,1
38,ปัญหา Page แจ้งเตือน | เปิด Web ไม่ได้,ปัญหา Page แจ้งเตือน,FTTR-Connectได้ แต่มีปัญหา,,1
38,ปัญหา Page แจ้งเตือน | เปิด Web ไม่ได้,แจ้งปัญหาอินเทอร์เน็ต ช่องทาง App Line,Internet เชื่อมต่อไม่ได้,ทดสอบและอธิบายลูกค้า,1
38,ปัญหา Page แจ้งเตือน | เปิด Web ไม่ได้,แจ้งปัญหาอินเทอร์เน็ต ช่องทาง App Line,Internet หลุดบ่อย,ลูกค้าต้องการเปลี่ยน Modem,1
38,ปัญหา Page แจ้งเตือน | เปิด Web ไม่ได้,แจ้งปัญหาอินเทอร์เน็ต ช่องทาง App Line,Internet เชื่อมต่อไม่ได้,ไฟไม่เข้า,1
38,ปัญหา Page แจ้งเตือน | เปิด Web ไม่ได้,แจ้งปัญหาอินเทอร์เน็ต ช่องทาง App Line,Internet เชื่อมต่อไม่ได้,ไม่ทราบสาเหตุ,1
38,ปัญหา Page แจ้งเตือน | เปิด Web ไม่ได้,แจ้งปัญหาอินเทอร์เน็ต ช่องทาง App Line,Internet เชื่อมต่อไม่ได้,CONFIG CHANGE,1
38,ปัญหา Page แจ้งเตือน | เปิด Web ไม่ได้,แจ้งปัญหาอินเทอร์เน็ต ช่องทาง App Line,Internet ช้า,Monitor เหตุเสียครบตามเงื่อนไข,1
38,ปัญหา Page แจ้งเตือน | เปิด Web ไม่ได้,แจ้งปัญหาอินเทอร์เน็ต ช่องทาง App Line,Internet เชื่อมต่อไม่ได้,Mesh pair ไม่สำเร็จ,1
38,ปัญหา Page แจ้งเตือน | เปิด Web ไม่ได้,แจ้งปัญหาอินเทอร์เน็ต ช่องทาง App Line,Internet ช้า,มีค่า Loss สูง,1
38,ปัญหา Page แจ้งเตือน | เปิด Web ไม่ได้,แจ้งปัญหาอินเทอร์เน็ต ช่องทาง App Line,Internet ช้า,เหตุเสียใช้ได้ ก่อนช่างถึงบ้าน,1
38,ปัญหา Page แจ้งเตือน | เปิด Web ไม่ได้,แจ้งปัญหาอินเทอร์เน็ต ช่องทาง App Line,Internet หลุดบ่อย,ไม่ทราบสาเหตุ,1
38,ปัญหา Page แจ้งเตือน | เปิด Web ไม่ได้,แจ้งปัญหาอินเทอร์เน็ต ช่องทาง App Line,Internet เชื่อมต่อไม่ได้,หัวสายสำเร็จSC-APC หลวม /ไม่สนิท,1
38,ปัญหา Page แจ้งเตือน | เปิด Web ไม่ได้,แจ้งปัญหาอินเทอร์เน็ต ช่องทาง App Line,Internet หลุดบ่อย,ไฟไม่เข้า,1
38,ปัญหา Page แจ้งเตือน | เปิด Web ไม่ได้,อุปกรณ์ลูกค้า (device),เปิด Website ไม่ได้บาง Web,หัวสายสำเร็จSC-APC หลวม /ไม่สนิท,1
38,ปัญหา Page แจ้งเตือน | เปิด Web ไม่ได้,แจ้งปัญหาอินเทอร์เน็ต ช่องทาง App Line,Internet เชื่อมต่อไม่ได้,ไม่พบปัญหาการใช้งานแล้ว,1
38,ปัญหา Page แจ้งเตือน | เปิด Web ไม่ได้,แจ้งปัญหาอินเทอร์เน็ต ช่องทาง App Line,Internet หลุดบ่อย,สายหัก/สายงอ/สายถูกดึงรั้ง,1
38,ปัญหา Page แจ้งเตือน | เปิด Web ไม่ได้,TrueDDNS – ลงทะเบียนแล้วแต่ไม่พบข้อมูล,แจ้งเสีย-Internet&Data,,1
39,รับชม Live TV ไม่ได้-หน้าจอดำไม่แสดงภาพ | TrueIDTV-ปัญหารับช,รับชม Live TV ไม่ได้-หน้าจอดำไม่แสดงภาพ,TrueIDTV-ปัญหารับชม LiveTV,การใช้งานของลูกค้า,1446
39,รับชม Live TV ไม่ได้-หน้าจอดำไม่แสดงภาพ | TrueIDTV-ปัญหารับช,รับชม Live TV ไม่ได้-Error ไม่มีสัญญาณอินเตอร์เน็ต,TrueIDTV-ปัญหารับชม LiveTV,การใช้งานของลูกค้า,911
39,รับชม Live TV ไม่ได้-หน้าจอดำไม่แสดงภาพ | TrueIDTV-ปัญหารับช,รับชม Live TV ไม่ได้-ภาพค้าง/ภาพหมุน,TrueIDTV-ปัญหารับชม LiveTV,การใช้งานของลูกค้า,611
39,รับชม Live TV ไม่ได้-หน้าจอดำไม่แสดงภาพ | TrueIDTV-ปัญหารับช,รับชม Live TV ไม่ได้-หน้าจอดำไม่แสดงภาพ,TrueIDTV-ปัญหารับชม LiveTV,CONFIG CHANGE,561
39,รับชม Live TV ไม่ได้-หน้าจอดำไม่แสดงภาพ | TrueIDTV-ปัญหารับช,รับชม Live TV ไม่ได้-Error ไม่มีสัญญาณอินเตอร์เน็ต,TrueIDTV-ปัญหารับชม LiveTV,CONFIG CHANGE,467
39,รับชม Live TV ไม่ได้-หน้าจอดำไม่แสดงภาพ | TrueIDTV-ปัญหารับช,รับชม Live TV ไม่ได้-หน้าจอดำไม่แสดงภาพ,TrueIDTV-ปัญหารับชม LiveTV,เหตุเสียใช้ได้ ก่อนช่างถึงบ้าน,338
39,รับชม Live TV ไม่ได้-หน้าจอดำไม่แสดงภาพ | TrueIDTV-ปัญหารับช,รับชม Live TV ไม่ได้-ภาพค้าง/ภาพหมุน,TrueIDTV-ปัญหารับชม LiveTV,CONFIG CHANGE,323
39,รับชม Live TV ไม่ได้-หน้าจอดำไม่แสดงภาพ | TrueIDTV-ปัญหารับช,รับชม Live TV ไม่ได้-หน้าจอดำไม่แสดงภาพ,TrueIDTV-ปัญหารับชม LiveTV,อุปกรณ์ Hang,300
39,รับชม Live TV ไม่ได้-หน้าจอดำไม่แสดงภาพ | TrueIDTV-ปัญหารับช,รับชม Live TV ไม่ได้-ภาพค้าง/ภาพหมุน,TrueIDTV-ปัญหารับชม LiveTV,อุปกรณ์ Hang,289
39,รับชม Live TV ไม่ได้-หน้าจอดำไม่แสดงภาพ | TrueIDTV-ปัญหารับช,รับชม Live TV ไม่ได้-หน้าจอดำไม่แสดงภาพ,TrueIDTV-ปัญหารับชม LiveTV,ขัดข้อง/เสีย,264
39,รับชม Live TV ไม่ได้-หน้าจอดำไม่แสดงภาพ | TrueIDTV-ปัญหารับช,รับชม Live TV ไม่ได้-Error ไม่มีสัญญาณอินเตอร์เน็ต,TrueIDTV-ปัญหารับชม LiveTV,เหตุเสียใช้ได้ ก่อนช่างถึงบ้าน,241
39,รับชม Live TV ไม่ได้-หน้าจอดำไม่แสดงภาพ | TrueIDTV-ปัญหารับช,รับชม Live TV ไม่ได้-Error C0002,TrueIDTV-ปัญหารับชม LiveTV,อื่น ๆ,232
39,รับชม Live TV ไม่ได้-หน้าจอดำไม่แสดงภาพ | TrueIDTV-ปัญหารับช,รับชม Live TV ไม่ได้-ภาพค้าง/ภาพหมุน,TrueIDTV-ปัญหารับชม LiveTV,เหตุเสียใช้ได้ ก่อนช่างถึงบ้าน,201
39,รับชม Live TV ไม่ได้-หน้าจอดำไม่แสดงภาพ | TrueIDTV-ปัญหารับช,รับชม Live TV ไม่ได้-หน้าจอดำไม่แสดงภาพ,TrueIDTV-ปัญหารับชม LiveTV,ลูกค้าเปลี่ยนใจ/ลูกค้าขอยกเลิกบริการเอง,201
39,รับชม Live TV ไม่ได้-หน้าจอดำไม่แสดงภาพ | TrueIDTV-ปัญหารับช,รับชม Live TV ไม่ได้-หน้าจอดำไม่แสดงภาพ,TrueIDTV-ปัญหารับชม LiveTV,ไฟไม่เข้า,188
39,รับชม Live TV ไม่ได้-หน้าจอดำไม่แสดงภาพ | TrueIDTV-ปัญหารับช,รับชม Live TV ไม่ได้-Error ไม่มีสัญญาณอินเตอร์เน็ต,TrueIDTV-ปัญหารับชม LiveTV,อุปกรณ์ Hang,177
39,รับชม Live TV ไม่ได้-หน้าจอดำไม่แสดงภาพ | TrueIDTV-ปัญหารับช,รับชม Live TV ไม่ได้-ภาพค้าง/ภาพหมุน,TrueIDTV-ปัญหารับชม LiveTV,ลูกค้าต้องการเปลี่ยน TrueID TV Box,158
39,รับชม Live TV ไม่ได้-หน้าจอดำไม่แสดงภาพ | TrueIDTV-ปัญหารับช,รับชม Live TV ไม่ได้-ภาพค้าง/ภาพหมุน,TrueIDTV-ปัญหารับชม LiveTV,ขัดข้อง/เสีย,154
39,รับชม Live TV ไม่ได้-หน้าจอดำไม่แสดงภาพ | TrueIDTV-ปัญหารับช,รับชม Live TV ไม่ได้-Error ไม่มีสัญญาณอินเตอร์เน็ต,TrueIDTV-ปัญหารับชม LiveTV,ลูกค้าเปลี่ยนใจ/ลูกค้าขอยกเลิกบริการเอง,151
39,รับชม Live TV ไม่ได้-หน้าจอดำไม่แสดงภาพ | TrueIDTV-ปัญหารับช,รับชม Live TV ไม่ได้-ภาพค้าง/ภาพหมุน,TrueIDTV-ปัญหารับชม LiveTV,Remote ไม่ทำงาน,138
39,รับชม Live TV ไม่ได้-หน้าจอดำไม่แสดงภาพ | TrueIDTV-ปัญหารับช,รับชม Live TV ไม่ได้-Error ไม่มีสัญญาณอินเตอร์เน็ต,TrueIDTV-ปัญหารับชม LiveTV,ขัดข้อง/เสีย,124
39,รับชม Live TV ไม่ได้-หน้าจอดำไม่แสดงภาพ | TrueIDTV-ปัญหารับช,รับชม Live TV ไม่ได้-หน้าจอดำไม่แสดงภาพ,TrueIDTV-ปัญหารับชม LiveTV,Remote ไม่ทำงาน,118
39,รับชม Live TV ไม่ได้-หน้าจอดำไม่แสดงภาพ | TrueIDTV-ปัญหารับช,รับชม Live TV ไม่ได้-ภาพค้าง/ภาพหมุน,TrueIDTV-ปัญหารับชม LiveTV,ลูกค้าเปลี่ยนใจ/ลูกค้าขอยกเลิกบริการเอง,115
39,รับชม Live TV ไม่ได้-หน้าจอดำไม่แสดงภาพ | TrueIDTV-ปัญหารับช,รับชม Live TV ไม่ได้-หน้าจอดำไม่แสดงภาพ,TrueIDTV-ปัญหารับชม LiveTV,ลูกค้าต้องการเปลี่ยน TrueID TV Box,111
39,รับชม Live TV ไม่ได้-หน้าจอดำไม่แสดงภาพ | TrueIDTV-ปัญหารับช,รับชม Live TV ไม่ได้-ภาพค้าง/ภาพหมุน,TrueIDTV-ปัญหารับชม LiveTV,ไฟไม่เข้า,108
39,รับชม Live TV ไม่ได้-หน้าจอดำไม่แสดงภาพ | TrueIDTV-ปัญหารับช,รับชม Live TV ไม่ได้-หน้าจอดำไม่แสดงภาพ,TrueIDTV-ปัญหารับชม LiveTV,Monitor เหตุเสียครบตามเงื่อนไข,102
39,รับชม Live TV ไม่ได้-หน้าจอดำไม่แสดงภาพ | TrueIDTV-ปัญหารับช,รับชม Live TV ไม่ได้-หน้าจอดำไม่แสดงภาพ,TrueIDTV-ปัญหารับชม LiveTV,อุปกรณ์คืนค่าโรงงาน,96
39,รับชม Live TV ไม่ได้-หน้าจอดำไม่แสดงภาพ | TrueIDTV-ปัญหารับช,รับชม Live TV ไม่ได้-Error ไม่มีสัญญาณอินเตอร์เน็ต,TrueIDTV-ปัญหารับชม LiveTV,ไฟไม่เข้า,93
39,รับชม Live TV ไม่ได้-หน้าจอดำไม่แสดงภาพ | TrueIDTV-ปัญหารับช,รับชม Live TV ไม่ได้-มีเสียง-ไม่มีภาพ,TrueIDTV-ปัญหารับชม LiveTV,การใช้งานของลูกค้า,89
39,รับชม Live TV ไม่ได้-หน้าจอดำไม่แสดงภาพ | TrueIDTV-ปัญหารับช,รับชม Live TV ไม่ได้-Error ไม่มีสัญญาณอินเตอร์เน็ต,TrueIDTV-ปัญหารับชม LiveTV,อุปกรณ์คืนค่าโรงงาน,87
39,รับชม Live TV ไม่ได้-หน้าจอดำไม่แสดงภาพ | TrueIDTV-ปัญหารับช,รับชม Live TV ไม่ได้-หน้าจอดำไม่แสดงภาพ,TrueIDTV-ปัญหารับชม LiveTV,ไม่ทราบสาเหตุ,83
39,รับชม Live TV ไม่ได้-หน้าจอดำไม่แสดงภาพ | TrueIDTV-ปัญหารับช,รับชม Live TV ไม่ได้-Error ไม่มีสัญญาณอินเตอร์เน็ต,TrueIDTV-ปัญหารับชม LiveTV,ลูกค้าต้องการเปลี่ยน TrueID TV Box,81
39,รับชม Live TV ไม่ได้-หน้าจอดำไม่แสดงภาพ | TrueIDTV-ปัญหารับช,รับชม Live TV ไม่ได้-มีภาพ-ไม่มีเสียง,TrueIDTV-ปัญหารับชม LiveTV,การใช้งานของลูกค้า,79
39,รับชม Live TV ไม่ได้-หน้าจอดำไม่แสดงภาพ | TrueIDTV-ปัญหารับช,รับชม Live TV ไม่ได้-ภาพกระตุก,TrueIDTV-ปัญหารับชม LiveTV,การใช้งานของลูกค้า,78
39,รับชม Live TV ไม่ได้-หน้าจอดำไม่แสดงภาพ | TrueIDTV-ปัญหารับช,รับชม Live TV ไม่ได้-ภาพเป็นเส้น/ภาพแตก,TrueIDTV-ปัญหารับชม LiveTV,การใช้งานของลูกค้า,77
39,รับชม Live TV ไม่ได้-หน้าจอดำไม่แสดงภาพ | TrueIDTV-ปัญหารับช,รับชม Live TV ไม่ได้-ภาพค้าง/ภาพหมุน,TrueIDTV-ปัญหารับชม LiveTV,อุปกรณ์คืนค่าโรงงาน,75
39,รับชม Live TV ไม่ได้-หน้าจอดำไม่แสดงภาพ | TrueIDTV-ปัญหารับช,รับชม Live TV ไม่ได้-หน้าจอดำไม่แสดงภาพ,TrueIDTV-ปัญหารับชม LiveTV,ค่าสัญญาณดี ไม่มีภาพ/ ไม่มีเสียง,73
39,รับชม Live TV ไม่ได้-หน้าจอดำไม่แสดงภาพ | TrueIDTV-ปัญหารับช,รับชม Live TV ไม่ได้-Error ไม่มีสัญญาณอินเตอร์เน็ต,TrueIDTV-ปัญหารับชม LiveTV,Monitor เหตุเสียครบตามเงื่อนไข,69
39,รับชม Live TV ไม่ได้-หน้าจอดำไม่แสดงภาพ | TrueIDTV-ปัญหารับช,รับชม Live TV ไม่ได้-ภาพค้าง/ภาพหมุน,TrueIDTV-ปัญหารับชม LiveTV,Monitor เหตุเสียครบตามเงื่อนไข,63
39,รับชม Live TV ไม่ได้-หน้าจอดำไม่แสดงภาพ | TrueIDTV-ปัญหารับช,รับชม Live TV ไม่ได้-Error C0002,TrueIDTV-ปัญหารับชม LiveTV,การใช้งานของลูกค้า,63
39,รับชม Live TV ไม่ได้-หน้าจอดำไม่แสดงภาพ | TrueIDTV-ปัญหารับช,รับชม Live TV ไม่ได้-Error ไม่มีสัญญาณอินเตอร์เน็ต,TrueIDTV-ปัญหารับชม LiveTV,ไม่ทราบสาเหตุ,62
39,รับชม Live TV ไม่ได้-หน้าจอดำไม่แสดงภาพ | TrueIDTV-ปัญหารับช,รับชม Live TV ไม่ได้-หน้าจอดำไม่แสดงภาพ,TrueIDTV-ปัญหารับชม LiveTV,ค่าสัญญาณดี ภาพค้าง/ ขาดหาย,59
39,รับชม Live TV ไม่ได้-หน้าจอดำไม่แสดงภาพ | TrueIDTV-ปัญหารับช,รับชม Live TV ไม่ได้-Error ไม่มีสัญญาณอินเตอร์เน็ต,TrueIDTV-ปัญหารับชม LiveTV,Remote ไม่ทำงาน,52
39,รับชม Live TV ไม่ได้-หน้าจอดำไม่แสดงภาพ | TrueIDTV-ปัญหารับช,รับชม Live TV ปัญหาการรับชม-ไม่มีภาพแสดงบางช่อง,TrueIDTV-ปัญหารับชม LiveTV,การใช้งานของลูกค้า,49
39,รับชม Live TV ไม่ได้-หน้าจอดำไม่แสดงภาพ | TrueIDTV-ปัญหารับช,รับชม Live TV ไม่ได้-ภาพค้าง/ภาพหมุน,TrueIDTV-ปัญหารับชม LiveTV,ค่าสัญญาณดี ไม่มีภาพ/ ไม่มีเสียง,47
39,รับชม Live TV ไม่ได้-หน้าจอดำไม่แสดงภาพ | TrueIDTV-ปัญหารับช,รับชม Live TV ไม่ได้-ภาพค้าง/ภาพหมุน,TrueIDTV-ปัญหารับชม LiveTV,ค่าสัญญาณดี ภาพค้าง/ ขาดหาย,47
39,รับชม Live TV ไม่ได้-หน้าจอดำไม่แสดงภาพ | TrueIDTV-ปัญหารับช,รับชม Live TV ไม่ได้-Error ไม่มีสัญญาณอินเตอร์เน็ต,TrueIDTV-ปัญหารับชม LiveTV,ทดสอบและอธิบายลูกค้า,46
39,รับชม Live TV ไม่ได้-หน้าจอดำไม่แสดงภาพ | TrueIDTV-ปัญหารับช,รับชม Live TV ไม่ได้-ภาพค้าง/ภาพหมุน,TrueIDTV-ปัญหารับชม LiveTV,ไม่ทราบสาเหตุ,46
39,รับชม Live TV ไม่ได้-หน้าจอดำไม่แสดงภาพ | TrueIDTV-ปัญหารับช,รับชม Live TV ไม่ได้-หน้าจอดำไม่แสดงภาพ,TrueIDTV-ปัญหารับชม LiveTV,BUG FIRMWARE,44
39,รับชม Live TV ไม่ได้-หน้าจอดำไม่แสดงภาพ | TrueIDTV-ปัญหารับช,รับชม Live TV ไม่ได้-หน้าจอดำไม่แสดงภาพ,TrueIDTV-ปัญหารับชม LiveTV,ทดสอบและอธิบายลูกค้า,43
39,รับชม Live TV ไม่ได้-หน้าจอดำไม่แสดงภาพ | TrueIDTV-ปัญหารับช,รับชม Live TV ไม่ได้-หน้าจอดำไม่แสดงภาพ,TrueIDTV-ปัญหารับชม LiveTV,ส่งงานไม่ถูกต้อง,40
39,รับชม Live TV ไม่ได้-หน้าจอดำไม่แสดงภาพ | TrueIDTV-ปัญหารับช,รับชม Live TV ไม่ได้-Error C0002,TrueIDTV-ปัญหารับชม LiveTV,CONFIG CHANGE,39
39,รับชม Live TV ไม่ได้-หน้าจอดำไม่แสดงภาพ | TrueIDTV-ปัญหารับช,รับชม Live TV ไม่ได้-หน้าจอดำไม่แสดงภาพ,TrueIDTV-ปัญหารับชม LiveTV,ไม่พบปัญหาการใช้งานแล้ว,38
39,รับชม Live TV ไม่ได้-หน้าจอดำไม่แสดงภาพ | TrueIDTV-ปัญหารับช,รับชม Live TV ไม่ได้-มีเสียง-ไม่มีภาพ,TrueIDTV-ปัญหารับชม LiveTV,CONFIG CHANGE,38
39,รับชม Live TV ไม่ได้-หน้าจอดำไม่แสดงภาพ | TrueIDTV-ปัญหารับช,รับชม Live TV ไม่ได้-ภาพค้าง/ภาพหมุน,TrueIDTV-ปัญหารับชม LiveTV,BUG FIRMWARE,36
39,รับชม Live TV ไม่ได้-หน้าจอดำไม่แสดงภาพ | TrueIDTV-ปัญหารับช,รับชม Live TV ไม่ได้-Error ไม่มีสัญญาณอินเตอร์เน็ต,TrueIDTV-ปัญหารับชม LiveTV,ไม่พบปัญหาการใช้งานแล้ว,35
39,รับชม Live TV ไม่ได้-หน้าจอดำไม่แสดงภาพ | TrueIDTV-ปัญหารับช,รับชม Live TV ไม่ได้-ภาพค้าง/ภาพหมุน,TrueIDTV-ปัญหารับชม LiveTV,ไม่พบปัญหาการใช้งานแล้ว,32
39,รับชม Live TV ไม่ได้-หน้าจอดำไม่แสดงภาพ | TrueIDTV-ปัญหารับช,รับชม Live TV ไม่ได้-มีภาพ-ไม่มีเสียง,TrueIDTV-ปัญหารับชม LiveTV,CONFIG CHANGE,31
39,รับชม Live TV ไม่ได้-หน้าจอดำไม่แสดงภาพ | TrueIDTV-ปัญหารับช,รับชม Live TV ไม่ได้-Error ไม่มีสัญญาณอินเตอร์เน็ต,TrueIDTV-ปัญหารับชม LiveTV,BUG FIRMWARE,31
39,รับชม Live TV ไม่ได้-หน้าจอดำไม่แสดงภาพ | TrueIDTV-ปัญหารับช,รับชม Live TV ไม่ได้-มีภาพ-ไม่มีเสียง,TrueIDTV-ปัญหารับชม LiveTV,เหตุเสียใช้ได้ ก่อนช่างถึงบ้าน,31
39,รับชม Live TV ไม่ได้-หน้าจอดำไม่แสดงภาพ | TrueIDTV-ปัญหารับช,รับชม Live TV ไม่ได้-Error ไม่มีสัญญาณอินเตอร์เน็ต,TrueIDTV-ปัญหารับชม LiveTV,ค่าสัญญาณดี ไม่มีภาพ/ ไม่มีเสียง,31
39,รับชม Live TV ไม่ได้-หน้าจอดำไม่แสดงภาพ | TrueIDTV-ปัญหารับช,รับชม Live TV ไม่ได้-ภาพกระตุก,TrueIDTV-ปัญหารับชม LiveTV,CONFIG CHANGE,28
39,รับชม Live TV ไม่ได้-หน้าจอดำไม่แสดงภาพ | TrueIDTV-ปัญหารับช,รับชม Live TV ไม่ได้-Error ไม่มีสัญญาณอินเตอร์เน็ต,TrueIDTV-ปัญหารับชม LiveTV,ส่งงานไม่ถูกต้อง,28
39,รับชม Live TV ไม่ได้-หน้าจอดำไม่แสดงภาพ | TrueIDTV-ปัญหารับช,รับชม Live TV ไม่ได้-หน้าจอดำไม่แสดงภาพ,TrueIDTV-ปัญหารับชม LiveTV,Port HDMI/AV/optical/usb เสีย,27
39,รับชม Live TV ไม่ได้-หน้าจอดำไม่แสดงภาพ | TrueIDTV-ปัญหารับช,รับชม Live TV ไม่ได้-ภาพค้าง/ภาพหมุน,TrueIDTV-ปัญหารับชม LiveTV,ส่งงานไม่ถูกต้อง,27
39,รับชม Live TV ไม่ได้-หน้าจอดำไม่แสดงภาพ | TrueIDTV-ปัญหารับช,รับชม Live TV ไม่ได้-Error ไม่มีสัญญาณอินเตอร์เน็ต,TrueIDTV-ปัญหารับชม LiveTV,ค่าสัญญาณดี ภาพค้าง/ ขาดหาย,26
39,รับชม Live TV ไม่ได้-หน้าจอดำไม่แสดงภาพ | TrueIDTV-ปัญหารับช,รับชม Live TV ไม่ได้-มีภาพ-ไม่มีเสียง,TrueIDTV-ปัญหารับชม LiveTV,ขัดข้อง/เสีย,26
39,รับชม Live TV ไม่ได้-หน้าจอดำไม่แสดงภาพ | TrueIDTV-ปัญหารับช,รับชม Live TV ไม่ได้-ภาพกระตุก,TrueIDTV-ปัญหารับชม LiveTV,อุปกรณ์ Hang,25
39,รับชม Live TV ไม่ได้-หน้าจอดำไม่แสดงภาพ | TrueIDTV-ปัญหารับช,รับชม Live TV ปัญหาการรับชม-ไม่มีภาพแสดงบางช่อง,TrueIDTV-ปัญหารับชม LiveTV,CONFIG CHANGE,25
39,รับชม Live TV ไม่ได้-หน้าจอดำไม่แสดงภาพ | TrueIDTV-ปัญหารับช,รับชม Live TV ไม่ได้-ภาพเป็นเส้น/ภาพแตก,TrueIDTV-ปัญหารับชม LiveTV,ขัดข้อง/เสีย,23
39,รับชม Live TV ไม่ได้-หน้าจอดำไม่แสดงภาพ | TrueIDTV-ปัญหารับช,รับชม Live TV ไม่ได้-ภาพกระตุก,TrueIDTV-ปัญหารับชม LiveTV,เหตุเสียใช้ได้ ก่อนช่างถึงบ้าน,23
39,รับชม Live TV ไม่ได้-หน้าจอดำไม่แสดงภาพ | TrueIDTV-ปัญหารับช,ปัญหาระบบ,ใช้งาน Netflix ไม่ได้,,23
39,รับชม Live TV ไม่ได้-หน้าจอดำไม่แสดงภาพ | TrueIDTV-ปัญหารับช,รับชม Live TV ไม่ได้-Error ไม่มีสัญญาณอินเตอร์เน็ต,TrueIDTV-ปัญหารับชม LiveTV,wifi ของกล่องเสีย,22
39,รับชม Live TV ไม่ได้-หน้าจอดำไม่แสดงภาพ | TrueIDTV-ปัญหารับช,รับชม Live TV ไม่ได้-หน้าจอดำไม่แสดงภาพ,TrueIDTV-ปัญหารับชม LiveTV,อุปกรณ์ลูกค้า TV/เครื่องเสียง/อุปกรณ์ Bluetooth,21
39,รับชม Live TV ไม่ได้-หน้าจอดำไม่แสดงภาพ | TrueIDTV-ปัญหารับช,รับชม Live TV ไม่ได้-หน้าจอดำไม่แสดงภาพ,TrueIDTV-ปัญหารับชม LiveTV,ข้อต่อหลวม ไม่ดี/ไม่สนิท,21
39,รับชม Live TV ไม่ได้-หน้าจอดำไม่แสดงภาพ | TrueIDTV-ปัญหารับช,รับชม Live TV ไม่ได้-ภาพค้าง/ภาพหมุน,TrueIDTV-ปัญหารับชม LiveTV,ลูกค้าต้องการเปลี่ยน Hybrid Box,20
39,รับชม Live TV ไม่ได้-หน้าจอดำไม่แสดงภาพ | TrueIDTV-ปัญหารับช,รับชม Live TV ไม่ได้-ภาพค้าง/ภาพหมุน,TrueIDTV-ปัญหารับชม LiveTV,ทดสอบและอธิบายลูกค้า,20
39,รับชม Live TV ไม่ได้-หน้าจอดำไม่แสดงภาพ | TrueIDTV-ปัญหารับช,รับชม Live TV ไม่ได้-หน้าจอดำไม่แสดงภาพ,TrueIDTV-ปัญหารับชม LiveTV,wifi ของกล่องเสีย,20
39,รับชม Live TV ไม่ได้-หน้าจอดำไม่แสดงภาพ | TrueIDTV-ปัญหารับช,รับชม Live TV ไม่ได้-มีเสียง-ไม่มีภาพ,TrueIDTV-ปัญหารับชม LiveTV,ขัดข้อง/เสีย,20
39,รับชม Live TV ไม่ได้-หน้าจอดำไม่แสดงภาพ | TrueIDTV-ปัญหารับช,รับชม Live TV ไม่ได้-มีภาพ-ไม่มีเสียง,TrueIDTV-ปัญหารับชม LiveTV,ลูกค้าเปลี่ยนใจ/ลูกค้าขอยกเลิกบริการเอง,20
39,รับชม Live TV ไม่ได้-หน้าจอดำไม่แสดงภาพ | TrueIDTV-ปัญหารับช,รับชม Live TV ไม่ได้-ภาพเป็นเส้น/ภาพแตก,TrueIDTV-ปัญหารับชม LiveTV,CONFIG CHANGE,20
39,รับชม Live TV ไม่ได้-หน้าจอดำไม่แสดงภาพ | TrueIDTV-ปัญหารับช,รับชม Live TV ไม่ได้-มีเสียง-ไม่มีภาพ,TrueIDTV-ปัญหารับชม LiveTV,อุปกรณ์ Hang,19
39,รับชม Live TV ไม่ได้-หน้าจอดำไม่แสดงภาพ | TrueIDTV-ปัญหารับช,รับชม Live TV ไม่ได้-ภาพกระตุก,TrueIDTV-ปัญหารับชม LiveTV,ขัดข้อง/เสีย,19
39,รับชม Live TV ไม่ได้-หน้าจอดำไม่แสดงภาพ | TrueIDTV-ปัญหารับช,รับชม Live TV ไม่ได้-Error C0002,TrueIDTV-ปัญหารับชม LiveTV,เหตุเสียใช้ได้ ก่อนช่างถึงบ้าน,18
39,รับชม Live TV ไม่ได้-หน้าจอดำไม่แสดงภาพ | TrueIDTV-ปัญหารับช,รับชม Live TV ไม่ได้-มีภาพ-ไม่มีเสียง,TrueIDTV-ปัญหารับชม LiveTV,อุปกรณ์ Hang,18
39,รับชม Live TV ไม่ได้-หน้าจอดำไม่แสดงภาพ | TrueIDTV-ปัญหารับช,รับชม Live TV ไม่ได้-ภาพกระตุก,TrueIDTV-ปัญหารับชม LiveTV,ลูกค้าต้องการเปลี่ยน TrueID TV Box,18
39,รับชม Live TV ไม่ได้-หน้าจอดำไม่แสดงภาพ | TrueIDTV-ปัญหารับช,รับชม Live TV ไม่ได้-มีเสียง-ไม่มีภาพ,TrueIDTV-ปัญหารับชม LiveTV,เหตุเสียใช้ได้ ก่อนช่างถึงบ้าน,17
39,รับชม Live TV ไม่ได้-หน้าจอดำไม่แสดงภาพ | TrueIDTV-ปัญหารับช,รับชม Live TV ไม่ได้-ภาพเป็นเส้น/ภาพแตก,TrueIDTV-ปัญหารับชม LiveTV,เหตุเสียใช้ได้ ก่อนช่างถึงบ้าน,17
39,รับชม Live TV ไม่ได้-หน้าจอดำไม่แสดงภาพ | TrueIDTV-ปัญหารับช,รับชม Live TV ไม่ได้-มีภาพ-ไม่มีเสียง,TrueIDTV-ปัญหารับชม LiveTV,ค่าสัญญาณดี ไม่มีภาพ/ ไม่มีเสียง,17
39,รับชม Live TV ไม่ได้-หน้าจอดำไม่แสดงภาพ | TrueIDTV-ปัญหารับช,รับชม Live TV ไม่ได้-หน้าจอดำไม่แสดงภาพ,TrueIDTV-ปัญหารับชม LiveTV,ลูกค้าต้องการเปลี่ยน Hybrid Box,17
39,รับชม Live TV ไม่ได้-หน้าจอดำไม่แสดงภาพ | TrueIDTV-ปัญหารับช,รับชม Live TV ไม่ได้-ภาพกระตุก,TrueIDTV-ปัญหารับชม LiveTV,ลูกค้าเปลี่ยนใจ/ลูกค้าขอยกเลิกบริการเอง,16
39,รับชม Live TV ไม่ได้-หน้าจอดำไม่แสดงภาพ | TrueIDTV-ปัญหารับช,รับชม Live TV ปัญหาการรับชม-ไม่มีภาพแสดงบางช่อง,TrueIDTV-ปัญหารับชม LiveTV,ลูกค้าเปลี่ยนใจ/ลูกค้าขอยกเลิกบริการเอง,16
39,รับชม Live TV ไม่ได้-หน้าจอดำไม่แสดงภาพ | TrueIDTV-ปัญหารับช,รับชม Live TV ไม่ได้-ภาพค้าง/ภาพหมุน,TrueIDTV-ปัญหารับชม LiveTV,Battery หมด/เสื่อม,15
39,รับชม Live TV ไม่ได้-หน้าจอดำไม่แสดงภาพ | TrueIDTV-ปัญหารับช,รับชม Live TV ไม่ได้-ภาพและเสียงไม่ตรงกัน,TrueIDTV-ปัญหารับชม LiveTV,การใช้งานของลูกค้า,15
39,รับชม Live TV ไม่ได้-หน้าจอดำไม่แสดงภาพ | TrueIDTV-ปัญหารับช,รับชม Live TV ไม่ได้-หน้าจอดำไม่แสดงภาพ,TrueIDTV-ปัญหารับชม LiveTV,Battery หมด/เสื่อม,15
39,รับชม Live TV ไม่ได้-หน้าจอดำไม่แสดงภาพ | TrueIDTV-ปัญหารับช,รับชม Live TV ไม่ได้-Error C0002,TrueIDTV-ปัญหารับชม LiveTV,อุปกรณ์ Hang,15
39,รับชม Live TV ไม่ได้-หน้าจอดำไม่แสดงภาพ | TrueIDTV-ปัญหารับช,รับชม Live TV ไม่ได้-Error ไม่มีสัญญาณอินเตอร์เน็ต,TrueIDTV-ปัญหารับชม LiveTV,Connect WiFi ไม่ได้/ไม่พบ SSID,15
39,รับชม Live TV ไม่ได้-หน้าจอดำไม่แสดงภาพ | TrueIDTV-ปัญหารับช,รับชม Live TV ไม่ได้-มีภาพ-ไม่มีเสียง,TrueIDTV-ปัญหารับชม LiveTV,ลูกค้าต้องการเปลี่ยน TrueID TV Box,14
39,รับชม Live TV ไม่ได้-หน้าจอดำไม่แสดงภาพ | TrueIDTV-ปัญหารับช,รับชม Live TV ไม่ได้-ภาพกระตุก,TrueIDTV-ปัญหารับชม LiveTV,ค่าสัญญาณดี ภาพค้าง/ ขาดหาย,13
39,รับชม Live TV ไม่ได้-หน้าจอดำไม่แสดงภาพ | TrueIDTV-ปัญหารับช,รับชม Live TV ไม่ได้-หน้าจอดำไม่แสดงภาพ,TrueIDTV-ปัญหารับชม LiveTV,เสื่อมสภาพการใช้งาน,13
39,รับชม Live TV ไม่ได้-หน้าจอดำไม่แสดงภาพ | TrueIDTV-ปัญหารับช,รับชม Live TV ไม่ได้-หน้าจอดำไม่แสดงภาพ,TrueIDTV-ปัญหารับชม LiveTV,ช่องรายการถูกล็อค(E016/E017),13
39,รับชม Live TV ไม่ได้-หน้าจอดำไม่แสดงภาพ | TrueIDTV-ปัญหารับช,รับชม Live TV ไม่ได้-ภาพเป็นเส้น/ภาพแตก,TrueIDTV-ปัญหารับชม LiveTV,อุปกรณ์ Hang,13
39,รับชม Live TV ไม่ได้-หน้าจอดำไม่แสดงภาพ | TrueIDTV-ปัญหารับช,รับชม Live TV ไม่ได้-Error ไม่มีสัญญาณอินเตอร์เน็ต,TrueIDTV-ปัญหารับชม LiveTV,Reboot,12
39,รับชม Live TV ไม่ได้-หน้าจอดำไม่แสดงภาพ | TrueIDTV-ปัญหารับช,รับชม Live TV ไม่ได้-หน้าจอดำไม่แสดงภาพ,TrueIDTV-ปัญหารับชม LiveTV,Modemไม่ lock/ไม่ Synch/High Loss,11
39,รับชม Live TV ไม่ได้-หน้าจอดำไม่แสดงภาพ | TrueIDTV-ปัญหารับช,รับชม Live TV ไม่ได้-มีเสียง-ไม่มีภาพ,TrueIDTV-ปัญหารับชม LiveTV,ลูกค้าเปลี่ยนใจ/ลูกค้าขอยกเลิกบริการเอง,11
39,รับชม Live TV ไม่ได้-หน้าจอดำไม่แสดงภาพ | TrueIDTV-ปัญหารับช,รับชม Live TV ไม่ได้-ภาพเป็นเส้น/ภาพแตก,TrueIDTV-ปัญหารับชม LiveTV,ค่าสัญญาณดี ภาพค้าง/ ขาดหาย,11
39,รับชม Live TV ไม่ได้-หน้าจอดำไม่แสดงภาพ | TrueIDTV-ปัญหารับช,รับชม Live TV ไม่ได้-ภาพและเสียงไม่ตรงกัน,TrueIDTV-ปัญหารับชม LiveTV,อุปกรณ์ Hang,11
39,รับชม Live TV ไม่ได้-หน้าจอดำไม่แสดงภาพ | TrueIDTV-ปัญหารับช,รับชม Live TV ไม่ได้-ภาพเป็นเส้น/ภาพแตก,TrueIDTV-ปัญหารับชม LiveTV,ค่าสัญญาณดี ไม่มีภาพ/ ไม่มีเสียง,11
39,รับชม Live TV ไม่ได้-หน้าจอดำไม่แสดงภาพ | TrueIDTV-ปัญหารับช,รับชม Live TV ไม่ได้-ภาพค้าง/ภาพหมุน,TrueIDTV-ปัญหารับชม LiveTV,คำสั่งเสียงไม่ทำงาน,11
39,รับชม Live TV ไม่ได้-หน้าจอดำไม่แสดงภาพ | TrueIDTV-ปัญหารับช,รับชม Live TV ไม่ได้-Error ไม่มีสัญญาณอินเตอร์เน็ต,TrueIDTV-ปัญหารับชม LiveTV,เปลี่ยน process การทำงาน,10
39,รับชม Live TV ไม่ได้-หน้าจอดำไม่แสดงภาพ | TrueIDTV-ปัญหารับช,รับชม Live TV ไม่ได้-ภาพเป็นเส้น/ภาพแตก,TrueIDTV-ปัญหารับชม LiveTV,ลูกค้าเปลี่ยนใจ/ลูกค้าขอยกเลิกบริการเอง,10
39,รับชม Live TV ไม่ได้-หน้าจอดำไม่แสดงภาพ | TrueIDTV-ปัญหารับช,รับชม Live TV ไม่ได้-Error ไม่มีสัญญาณอินเตอร์เน็ต,TrueIDTV-ปัญหารับชม LiveTV,Port HDMI/AV/optical/usb เสีย,10
39,รับชม Live TV ไม่ได้-หน้าจอดำไม่แสดงภาพ | TrueIDTV-ปัญหารับช,รับชม Live TV ไม่ได้-ภาพและเสียงไม่ตรงกัน,TrueIDTV-ปัญหารับชม LiveTV,CONFIG CHANGE,10
39,รับชม Live TV ไม่ได้-หน้าจอดำไม่แสดงภาพ | TrueIDTV-ปัญหารับช,รับชม Live TV ไม่ได้-ภาพค้าง/ภาพหมุน,TrueIDTV-ปัญหารับชม LiveTV,ลูกค้าต้องการเปลี่ยน Set Top Box,10
39,รับชม Live TV ไม่ได้-หน้าจอดำไม่แสดงภาพ | TrueIDTV-ปัญหารับช,รับชม Live TV ไม่ได้-หน้าจอดำไม่แสดงภาพ,TrueIDTV-ปัญหารับชม LiveTV,Connect WiFi ไม่ได้/ไม่พบ SSID,10
39,รับชม Live TV ไม่ได้-หน้าจอดำไม่แสดงภาพ | TrueIDTV-ปัญหารับช,รับชม Live TV ไม่ได้-Error C0002,TrueIDTV-ปัญหารับชม LiveTV,อุปกรณ์คืนค่าโรงงาน,10
39,รับชม Live TV ไม่ได้-หน้าจอดำไม่แสดงภาพ | TrueIDTV-ปัญหารับช,รับชม Live TV ไม่ได้-หน้าจอดำไม่แสดงภาพ,TrueIDTV-ปัญหารับชม LiveTV,เปลี่ยน process การทำงาน,10
39,รับชม Live TV ไม่ได้-หน้าจอดำไม่แสดงภาพ | TrueIDTV-ปัญหารับช,รับชม Live TV ไม่ได้-Error ไม่มีสัญญาณอินเตอร์เน็ต,TrueIDTV-ปัญหารับชม LiveTV,ลูกค้าต้องการเปลี่ยน Hybrid Box,10
39,รับชม Live TV ไม่ได้-หน้าจอดำไม่แสดงภาพ | TrueIDTV-ปัญหารับช,รับชม Live TV ไม่ได้-ภาพค้าง/ภาพหมุน,TrueIDTV-ปัญหารับชม LiveTV,wifi ของกล่องเสีย,9
39,รับชม Live TV ไม่ได้-หน้าจอดำไม่แสดงภาพ | TrueIDTV-ปัญหารับช,รับชม Live TV ปัญหาการรับชม-ไม่มีภาพแสดงบางช่อง,TrueIDTV-ปัญหารับชม LiveTV,เหตุเสียใช้ได้ ก่อนช่างถึงบ้าน,9
39,รับชม Live TV ไม่ได้-หน้าจอดำไม่แสดงภาพ | TrueIDTV-ปัญหารับช,รับชม Live TV ไม่ได้-หน้าจอดำไม่แสดงภาพ,TrueIDTV-ปัญหารับชม LiveTV,ผรม ติดตั้งกล่องไม่สมบูรณ์,9
39,รับชม Live TV ไม่ได้-หน้าจอดำไม่แสดงภาพ | TrueIDTV-ปัญหารับช,รับชม Live TV ไม่ได้-หน้าจอดำไม่แสดงภาพ,TrueIDTV-ปัญหารับชม LiveTV,กล่องรับสัญญาณขัดข้อง (E161),9
39,รับชม Live TV ไม่ได้-หน้าจอดำไม่แสดงภาพ | TrueIDTV-ปัญหารับช,รับชม Live TV ไม่ได้-Error ไม่มีสัญญาณอินเตอร์เน็ต,TrueIDTV-ปัญหารับชม LiveTV,อุปกรณ์ลูกค้า TV/เครื่องเสียง/อุปกรณ์ Bluetooth,9
39,รับชม Live TV ไม่ได้-หน้าจอดำไม่แสดงภาพ | TrueIDTV-ปัญหารับช,รับชม Live TV ไม่ได้-ภาพค้าง/ภาพหมุน,TrueIDTV-ปัญหารับชม LiveTV,Port HDMI/AV/optical/usb เสีย,8
39,รับชม Live TV ไม่ได้-หน้าจอดำไม่แสดงภาพ | TrueIDTV-ปัญหารับช,รับชม Live TV ไม่ได้-ภาพเป็นเส้น/ภาพแตก,TrueIDTV-ปัญหารับชม LiveTV,Monitor เหตุเสียครบตามเงื่อนไข,8
39,รับชม Live TV ไม่ได้-หน้าจอดำไม่แสดงภาพ | TrueIDTV-ปัญหารับช,รับชม Live TV ไม่ได้-มีภาพ-ไม่มีเสียง,TrueIDTV-ปัญหารับชม LiveTV,Remote ไม่ทำงาน,8
39,รับชม Live TV ไม่ได้-หน้าจอดำไม่แสดงภาพ | TrueIDTV-ปัญหารับช,รับชม Live TV ไม่ได้-ภาพเป็นเส้น/ภาพแตก,TrueIDTV-ปัญหารับชม LiveTV,ลูกค้าต้องการเปลี่ยน TrueID TV Box,8
39,รับชม Live TV ไม่ได้-หน้าจอดำไม่แสดงภาพ | TrueIDTV-ปัญหารับช,รับชม Live TV ไม่ได้-หน้าจอดำไม่แสดงภาพ,TrueIDTV-ปัญหารับชม LiveTV,เชื่อมต่อ Remote ไม่ได้ (กล่องเสีย),8
39,รับชม Live TV ไม่ได้-หน้าจอดำไม่แสดงภาพ | TrueIDTV-ปัญหารับช,รับชม Live TV ไม่ได้-ภาพกระตุก,TrueIDTV-ปัญหารับชม LiveTV,ไฟไม่เข้า,8
39,รับชม Live TV ไม่ได้-หน้าจอดำไม่แสดงภาพ | TrueIDTV-ปัญหารับช,รับชม Live TV ไม่ได้-ภาพเป็นเส้น/ภาพแตก,TrueIDTV-ปัญหารับชม LiveTV,ไฟไม่เข้า,8
39,รับชม Live TV ไม่ได้-หน้าจอดำไม่แสดงภาพ | TrueIDTV-ปัญหารับช,รับชม Live TV ไม่ได้-Error ไม่มีสัญญาณอินเตอร์เน็ต,TrueIDTV-ปัญหารับชม LiveTV,Battery หมด/เสื่อม,8
39,รับชม Live TV ไม่ได้-หน้าจอดำไม่แสดงภาพ | TrueIDTV-ปัญหารับช,รับชม Live TV ไม่ได้-หน้าจอดำไม่แสดงภาพ,TrueIDTV-ปัญหารับชม LiveTV,ลูกค้าต้องการเปลี่ยน Set Top Box,8
39,รับชม Live TV ไม่ได้-หน้าจอดำไม่แสดงภาพ | TrueIDTV-ปัญหารับช,รับชม Live TV ไม่ได้-ภาพค้าง/ภาพหมุน,TrueIDTV-ปัญหารับชม LiveTV,เปลี่ยน process การทำงาน,8
39,รับชม Live TV ไม่ได้-หน้าจอดำไม่แสดงภาพ | TrueIDTV-ปัญหารับช,รับชม Live TV ไม่ได้-Error ไม่มีสัญญาณอินเตอร์เน็ต,TrueIDTV-ปัญหารับชม LiveTV,ช่องรายการถูกล็อค(E016/E017),8
39,รับชม Live TV ไม่ได้-หน้าจอดำไม่แสดงภาพ | TrueIDTV-ปัญหารับช,รับชม Live TV ไม่ได้-มีภาพ-ไม่มีเสียง,TrueIDTV-ปัญหารับชม LiveTV,ไฟไม่เข้า,8
39,รับชม Live TV ไม่ได้-หน้าจอดำไม่แสดงภาพ | TrueIDTV-ปัญหารับช,รับชม Live TV ไม่ได้-หน้าจอดำไม่แสดงภาพ,TrueIDTV-ปัญหารับชม LiveTV,ช่องรายการถูกล็อค(CA14),8
39,รับชม Live TV ไม่ได้-หน้าจอดำไม่แสดงภาพ | TrueIDTV-ปัญหารับช,รับชม Live TV ไม่ได้-ภาพค้าง/ภาพหมุน,TrueIDTV-ปัญหารับชม LiveTV,ลูกค้าต้องการเปลี่ยน Modem,7
39,รับชม Live TV ไม่ได้-หน้าจอดำไม่แสดงภาพ | TrueIDTV-ปัญหารับช,รับชม Live TV ไม่ได้-ภาพกระตุก,TrueIDTV-ปัญหารับชม LiveTV,Monitor เหตุเสียครบตามเงื่อนไข,7
39,รับชม Live TV ไม่ได้-หน้าจอดำไม่แสดงภาพ | TrueIDTV-ปัญหารับช,รับชม Live TV ไม่ได้-หน้าจอดำไม่แสดงภาพ,TrueIDTV-ปัญหารับชม LiveTV,Port Lan เสีย,7
39,รับชม Live TV ไม่ได้-หน้าจอดำไม่แสดงภาพ | TrueIDTV-ปัญหารับช,รับชม Live TV ปัญหาการรับชม-ไม่มีภาพแสดงบางช่อง,TrueIDTV-ปัญหารับชม LiveTV,อุปกรณ์ Hang,7
39,รับชม Live TV ไม่ได้-หน้าจอดำไม่แสดงภาพ | TrueIDTV-ปัญหารับช,รับชม Live TV ไม่ได้-Error ไม่มีสัญญาณอินเตอร์เน็ต,TrueIDTV-ปัญหารับชม LiveTV,ข้อต่อหลวม ไม่ดี/ไม่สนิท,7
39,รับชม Live TV ไม่ได้-หน้าจอดำไม่แสดงภาพ | TrueIDTV-ปัญหารับช,รับชม Live TV ไม่ได้-ภาพค้าง/ภาพหมุน,TrueIDTV-ปัญหารับชม LiveTV,เชื่อมต่อ Remote ไม่ได้ (กล่องเสีย),7
39,รับชม Live TV ไม่ได้-หน้าจอดำไม่แสดงภาพ | TrueIDTV-ปัญหารับช,รับชม Live TV ไม่ได้-ภาพกระตุก,TrueIDTV-ปัญหารับชม LiveTV,อุปกรณ์คืนค่าโรงงาน,7
39,รับชม Live TV ไม่ได้-หน้าจอดำไม่แสดงภาพ | TrueIDTV-ปัญหารับช,รับชม Live TV ไม่ได้-มีเสียง-ไม่มีภาพ,TrueIDTV-ปัญหารับชม LiveTV,ค่าสัญญาณดี ไม่มีภาพ/ ไม่มีเสียง,7
39,รับชม Live TV ไม่ได้-หน้าจอดำไม่แสดงภาพ | TrueIDTV-ปัญหารับช,รับชม Live TV ไม่ได้-มีเสียง-ไม่มีภาพ,TrueIDTV-ปัญหารับชม LiveTV,ไม่พบปัญหาการใช้งานแล้ว,7
39,รับชม Live TV ไม่ได้-หน้าจอดำไม่แสดงภาพ | TrueIDTV-ปัญหารับช,รับชม Live TV ไม่ได้-Error C0002,TrueIDTV-ปัญหารับชม LiveTV,ลูกค้าต้องการเปลี่ยน TrueID TV Box,7
39,รับชม Live TV ไม่ได้-หน้าจอดำไม่แสดงภาพ | TrueIDTV-ปัญหารับช,รับชม Live TV ไม่ได้-Error ไม่มีสัญญาณอินเตอร์เน็ต,TrueIDTV-ปัญหารับชม LiveTV,สายหัก/สายงอ/สายถูกดึงรั้ง,7
39,รับชม Live TV ไม่ได้-หน้าจอดำไม่แสดงภาพ | TrueIDTV-ปัญหารับช,รับชม Live TV ไม่ได้-มีเสียง-ไม่มีภาพ,TrueIDTV-ปัญหารับชม LiveTV,อุปกรณ์คืนค่าโรงงาน,7
39,รับชม Live TV ไม่ได้-หน้าจอดำไม่แสดงภาพ | TrueIDTV-ปัญหารับช,รับชม Live TV ไม่ได้-Error C0002,TrueIDTV-ปัญหารับชม LiveTV,ขัดข้อง/เสีย,7
39,รับชม Live TV ไม่ได้-หน้าจอดำไม่แสดงภาพ | TrueIDTV-ปัญหารับช,รับชม Live TV ไม่ได้-Error C0002,TrueIDTV-ปัญหารับชม LiveTV,ลูกค้าเปลี่ยนใจ/ลูกค้าขอยกเลิกบริการเอง,6
39,รับชม Live TV ไม่ได้-หน้าจอดำไม่แสดงภาพ | TrueIDTV-ปัญหารับช,รับชม Live TV ไม่ได้-ภาพและเสียงไม่ตรงกัน,TrueIDTV-ปัญหารับชม LiveTV,ลูกค้าต้องการเปลี่ยน TrueID TV Box,6
39,รับชม Live TV ไม่ได้-หน้าจอดำไม่แสดงภาพ | TrueIDTV-ปัญหารับช,รับชม Live TV ไม่ได้-ภาพเป็นเส้น/ภาพแตก,TrueIDTV-ปัญหารับชม LiveTV,อุปกรณ์คืนค่าโรงงาน,6
39,รับชม Live TV ไม่ได้-หน้าจอดำไม่แสดงภาพ | TrueIDTV-ปัญหารับช,รับชม Live TV ไม่ได้-ภาพค้าง/ภาพหมุน,TrueIDTV-ปัญหารับชม LiveTV,Connect WiFi ไม่ได้/ไม่พบ SSID,6
39,รับชม Live TV ไม่ได้-หน้าจอดำไม่แสดงภาพ | TrueIDTV-ปัญหารับช,รับชม Live TV ไม่ได้-มีเสียง-ไม่มีภาพ,TrueIDTV-ปัญหารับชม LiveTV,Monitor เหตุเสียครบตามเงื่อนไข,6
39,รับชม Live TV ไม่ได้-หน้าจอดำไม่แสดงภาพ | TrueIDTV-ปัญหารับช,รับชม Live TV ไม่ได้-มีเสียง-ไม่มีภาพ,TrueIDTV-ปัญหารับชม LiveTV,Remote ไม่ทำงาน,6
39,รับชม Live TV ไม่ได้-หน้าจอดำไม่แสดงภาพ | TrueIDTV-ปัญหารับช,รับชม Live TV ไม่แสดง Subtitle,TrueIDTV-ปัญหารับชม LiveTV,การใช้งานของลูกค้า,6
39,รับชม Live TV ไม่ได้-หน้าจอดำไม่แสดงภาพ | TrueIDTV-ปัญหารับช,รับชม Live TV ไม่ได้-Error ไม่มีสัญญาณอินเตอร์เน็ต,TrueIDTV-ปัญหารับชม LiveTV,ผรม ติดตั้งกล่องไม่สมบูรณ์,6
39,รับชม Live TV ไม่ได้-หน้าจอดำไม่แสดงภาพ | TrueIDTV-ปัญหารับช,รับชม Live TV ไม่ได้-ภาพเป็นเส้น/ภาพแตก,TrueIDTV-ปัญหารับชม LiveTV,อุปกรณ์ลูกค้า TV/เครื่องเสียง/อุปกรณ์ Bluetooth,6
39,รับชม Live TV ไม่ได้-หน้าจอดำไม่แสดงภาพ | TrueIDTV-ปัญหารับช,รับชม Live TV ไม่ได้-ภาพค้าง/ภาพหมุน,TrueIDTV-ปัญหารับชม LiveTV,กล่องรับสัญญาณขัดข้อง (E161),6
39,รับชม Live TV ไม่ได้-หน้าจอดำไม่แสดงภาพ | TrueIDTV-ปัญหารับช,รับชม Live TV ไม่ได้-ภาพค้าง/ภาพหมุน,TrueIDTV-ปัญหารับชม LiveTV,สายหัก/สายงอ/สายถูกดึงรั้ง,5
39,รับชม Live TV ไม่ได้-หน้าจอดำไม่แสดงภาพ | TrueIDTV-ปัญหารับช,รับชม Live TV ไม่ได้-หน้าจอดำไม่แสดงภาพ,TrueIDTV-ปัญหารับชม LiveTV,เหตุเสียภายใน 90 วัน,5
39,รับชม Live TV ไม่ได้-หน้าจอดำไม่แสดงภาพ | TrueIDTV-ปัญหารับช,รับชม Live TV ไม่ได้-ภาพกระตุก,TrueIDTV-ปัญหารับชม LiveTV,ไม่ทราบสาเหตุ,5
39,รับชม Live TV ไม่ได้-หน้าจอดำไม่แสดงภาพ | TrueIDTV-ปัญหารับช,รับชม Live TV ไม่ได้-หน้าจอดำไม่แสดงภาพ,TrueIDTV-ปัญหารับชม LiveTV,คำสั่งเสียงไม่ทำงาน,5
39,รับชม Live TV ไม่ได้-หน้าจอดำไม่แสดงภาพ | TrueIDTV-ปัญหารับช,รับชม Live TV ไม่ได้-มีภาพ-ไม่มีเสียง,TrueIDTV-ปัญหารับชม LiveTV,ไม่ทราบสาเหตุ,5
39,รับชม Live TV ไม่ได้-หน้าจอดำไม่แสดงภาพ | TrueIDTV-ปัญหารับช,รับชม Live TV ไม่ได้-ภาพเป็นเส้น/ภาพแตก,TrueIDTV-ปัญหารับชม LiveTV,Remote ไม่ทำงาน,5
39,รับชม Live TV ไม่ได้-หน้าจอดำไม่แสดงภาพ | TrueIDTV-ปัญหารับช,รับชม Live TV ไม่ได้-มีภาพ-ไม่มีเสียง,TrueIDTV-ปัญหารับชม LiveTV,ค่าสัญญาณดี ภาพค้าง/ ขาดหาย,5
39,รับชม Live TV ไม่ได้-หน้าจอดำไม่แสดงภาพ | TrueIDTV-ปัญหารับช,รับชม Live TV ไม่ได้-มีภาพ-ไม่มีเสียง,TrueIDTV-ปัญหารับชม LiveTV,Monitor เหตุเสียครบตามเงื่อนไข,5
39,รับชม Live TV ไม่ได้-หน้าจอดำไม่แสดงภาพ | TrueIDTV-ปัญหารับช,รับชม Live TV ไม่ได้-ภาพค้าง/ภาพหมุน,TrueIDTV-ปัญหารับชม LiveTV,Sync Speed ได้ แต่ Test Speed WIFI 5 GHz ไม่ได้ตาม Package,5
39,รับชม Live TV ไม่ได้-หน้าจอดำไม่แสดงภาพ | TrueIDTV-ปัญหารับช,รับชม Live TV ไม่ได้-Error ไม่มีสัญญาณอินเตอร์เน็ต,TrueIDTV-ปัญหารับชม LiveTV,Port Lan เสีย,5
39,รับชม Live TV ไม่ได้-หน้าจอดำไม่แสดงภาพ | TrueIDTV-ปัญหารับช,รับชม Live TV ไม่ได้-Error C0002,TrueIDTV-ปัญหารับชม LiveTV,ค่าสัญญาณดี ภาพค้าง/ ขาดหาย,5
39,รับชม Live TV ไม่ได้-หน้าจอดำไม่แสดงภาพ | TrueIDTV-ปัญหารับช,รับชม Live TV ไม่ได้-ภาพค้าง/ภาพหมุน,TrueIDTV-ปัญหารับชม LiveTV,สั่งด้วยเสียไม่ได้ (กล่องเสีย),5
39,รับชม Live TV ไม่ได้-หน้าจอดำไม่แสดงภาพ | TrueIDTV-ปัญหารับช,รับชม Live TV ไม่ได้-ภาพกระตุก,TrueIDTV-ปัญหารับชม LiveTV,Remote ไม่ทำงาน,5
39,รับชม Live TV ไม่ได้-หน้าจอดำไม่แสดงภาพ | TrueIDTV-ปัญหารับช,รับชม Live TV ไม่ได้-หน้าจอดำไม่แสดงภาพ,TrueIDTV-ปัญหารับชม LiveTV,ลูกค้าต้องการเปลี่ยน Modem,5
39,รับชม Live TV ไม่ได้-หน้าจอดำไม่แสดงภาพ | TrueIDTV-ปัญหารับช,รับชม Live TV ไม่ได้-มีเสียง-ไม่มีภาพ,TrueIDTV-ปัญหารับชม LiveTV,Port HDMI/AV/optical/usb เสีย,5
39,รับชม Live TV ไม่ได้-หน้าจอดำไม่แสดงภาพ | TrueIDTV-ปัญหารับช,รับชม Live TV ปัญหาการรับชม-ไม่มีภาพแสดงบางช่อง,TrueIDTV-ปัญหารับชม LiveTV,ส่งงานไม่ถูกต้อง,5
39,รับชม Live TV ไม่ได้-หน้าจอดำไม่แสดงภาพ | TrueIDTV-ปัญหารับช,รับชม Live TV ไม่ได้-Error C0002,TrueIDTV-ปัญหารับชม LiveTV,ไม่พบปัญหาการใช้งานแล้ว,5
39,รับชม Live TV ไม่ได้-หน้าจอดำไม่แสดงภาพ | TrueIDTV-ปัญหารับช,รับชม Live TV ไม่ได้-ภาพเป็นเส้น/ภาพแตก,TrueIDTV-ปัญหารับชม LiveTV,ไม่ทราบสาเหตุ,5
39,รับชม Live TV ไม่ได้-หน้าจอดำไม่แสดงภาพ | TrueIDTV-ปัญหารับช,รับชม Live TV ไม่ได้-ภาพและเสียงไม่ตรงกัน,TrueIDTV-ปัญหารับชม LiveTV,เหตุเสียใช้ได้ ก่อนช่างถึงบ้าน,5
39,รับชม Live TV ไม่ได้-หน้าจอดำไม่แสดงภาพ | TrueIDTV-ปัญหารับช,รับชม Live TV ไม่ได้-มีเสียง-ไม่มีภาพ,TrueIDTV-ปัญหารับชม LiveTV,ไม่ทราบสาเหตุ,5
39,รับชม Live TV ไม่ได้-หน้าจอดำไม่แสดงภาพ | TrueIDTV-ปัญหารับช,รับชม Live TV ไม่ได้-Error ไม่มีสัญญาณอินเตอร์เน็ต,TrueIDTV-ปัญหารับชม LiveTV,ลูกค้าต้องการเปลี่ยน Modem,5
39,รับชม Live TV ไม่ได้-หน้าจอดำไม่แสดงภาพ | TrueIDTV-ปัญหารับช,รับชม Live TV ไม่ได้-ภาพค้าง/ภาพหมุน,TrueIDTV-ปัญหารับชม LiveTV,Reboot,5
39,รับชม Live TV ไม่ได้-หน้าจอดำไม่แสดงภาพ | TrueIDTV-ปัญหารับช,รับชม Live TV ไม่ได้-ภาพและเสียงไม่ตรงกัน,TrueIDTV-ปัญหารับชม LiveTV,ลูกค้าเปลี่ยนใจ/ลูกค้าขอยกเลิกบริการเอง,4
39,รับชม Live TV ไม่ได้-หน้าจอดำไม่แสดงภาพ | TrueIDTV-ปัญหารับช,รับชม Live TV ปัญหาการรับชม-ไม่มีภาพแสดงบางช่อง,TrueIDTV-ปัญหารับชม LiveTV,ค่าสัญญาณดี ภาพค้าง/ ขาดหาย,4
39,รับชม Live TV ไม่ได้-หน้าจอดำไม่แสดงภาพ | TrueIDTV-ปัญหารับช,รับชม Live TV ไม่ได้-ภาพค้าง/ภาพหมุน,TrueIDTV-ปัญหารับชม LiveTV,หัวสายสำเร็จSC-APC หลวม /ไม่สนิท,4
39,รับชม Live TV ไม่ได้-หน้าจอดำไม่แสดงภาพ | TrueIDTV-ปัญหารับช,รับชม Live TV ไม่ได้-ภาพกระตุก,TrueIDTV-ปัญหารับชม LiveTV,BUG FIRMWARE,4
39,รับชม Live TV ไม่ได้-หน้าจอดำไม่แสดงภาพ | TrueIDTV-ปัญหารับช,รับชม Live TV ไม่ได้-ภาพค้าง/ภาพหมุน,TrueIDTV-ปัญหารับชม LiveTV,Modemไม่ lock/ไม่ Synch/High Loss,4
39,รับชม Live TV ไม่ได้-หน้าจอดำไม่แสดงภาพ | TrueIDTV-ปัญหารับช,รับชม Live TV ไม่ได้-Error ไม่มีสัญญาณอินเตอร์เน็ต,TrueIDTV-ปัญหารับชม LiveTV,คำสั่งเสียงไม่ทำงาน,4
39,รับชม Live TV ไม่ได้-หน้าจอดำไม่แสดงภาพ | TrueIDTV-ปัญหารับช,รับชม Live TV ไม่ได้-หน้าจอดำไม่แสดงภาพ,TrueIDTV-ปัญหารับชม LiveTV,ระยะสาย Drop Wire ไกล,4
39,รับชม Live TV ไม่ได้-หน้าจอดำไม่แสดงภาพ | TrueIDTV-ปัญหารับช,รับชม Live TV ไม่ได้-ภาพค้าง/ภาพหมุน,TrueIDTV-ปัญหารับชม LiveTV,เสื่อมสภาพการใช้งาน,4
39,รับชม Live TV ไม่ได้-หน้าจอดำไม่แสดงภาพ | TrueIDTV-ปัญหารับช,รับชม Live TV ไม่ได้-หน้าจอดำไม่แสดงภาพ,TrueIDTV-ปัญหารับชม LiveTV,สายหัก/สายงอ/สายถูกดึงรั้ง,4
39,รับชม Live TV ไม่ได้-หน้าจอดำไม่แสดงภาพ | TrueIDTV-ปัญหารับช,รับชม Live TV ไม่ได้-มีเสียง-ไม่มีภาพ,TrueIDTV-ปัญหารับชม LiveTV,ทดสอบและอธิบายลูกค้า,4
39,รับชม Live TV ไม่ได้-หน้าจอดำไม่แสดงภาพ | TrueIDTV-ปัญหารับช,รับชม Live TV ไม่ได้-Error ไม่มีสัญญาณอินเตอร์เน็ต,TrueIDTV-ปัญหารับชม LiveTV,ไม่มีสัญญาณ CATV หรือ ค่า RF ไม่ได้ตามค่ามาตรฐาน,4
39,รับชม Live TV ไม่ได้-หน้าจอดำไม่แสดงภาพ | TrueIDTV-ปัญหารับช,รับชม Live TV ไม่ได้-ภาพค้าง/ภาพหมุน,TrueIDTV-ปัญหารับชม LiveTV,Port Lan เสีย,4
39,รับชม Live TV ไม่ได้-หน้าจอดำไม่แสดงภาพ | TrueIDTV-ปัญหารับช,รับชม Live TV ไม่ได้-มีเสียง-ไม่มีภาพ,TrueIDTV-ปัญหารับชม LiveTV,ลูกค้าต้องการเปลี่ยน TrueID TV Box,4
39,รับชม Live TV ไม่ได้-หน้าจอดำไม่แสดงภาพ | TrueIDTV-ปัญหารับช,รับชม Live TV ไม่ได้-มีเสียง-ไม่มีภาพ,TrueIDTV-ปัญหารับชม LiveTV,ส่งงานไม่ถูกต้อง,4
39,รับชม Live TV ไม่ได้-หน้าจอดำไม่แสดงภาพ | TrueIDTV-ปัญหารับช,รับชม Live TV ไม่ได้-ภาพกระตุก,TrueIDTV-ปัญหารับชม LiveTV,ข้อต่อหลวม ไม่ดี/ไม่สนิท,4
39,รับชม Live TV ไม่ได้-หน้าจอดำไม่แสดงภาพ | TrueIDTV-ปัญหารับช,รับชม Live TV ไม่ได้-Error C0002,TrueIDTV-ปัญหารับชม LiveTV,wifi ของกล่องเสีย,4
39,รับชม Live TV ไม่ได้-หน้าจอดำไม่แสดงภาพ | TrueIDTV-ปัญหารับช,รับชม Live TV ไม่ได้-Error C0002,TrueIDTV-ปัญหารับชม LiveTV,BUG FIRMWARE,4
39,รับชม Live TV ไม่ได้-หน้าจอดำไม่แสดงภาพ | TrueIDTV-ปัญหารับช,รับชม Live TV ไม่ได้-Error C0002,TrueIDTV-ปัญหารับชม LiveTV,ไฟไม่เข้า,4
39,รับชม Live TV ไม่ได้-หน้าจอดำไม่แสดงภาพ | TrueIDTV-ปัญหารับช,รับชม Live TV ไม่ได้-Error ไม่มีสัญญาณอินเตอร์เน็ต,TrueIDTV-ปัญหารับชม LiveTV,หัวสายสำเร็จSC-APC เสีย,4
39,รับชม Live TV ไม่ได้-หน้าจอดำไม่แสดงภาพ | TrueIDTV-ปัญหารับช,รับชม Live TV ปัญหาการรับชม-ไม่มีภาพแสดงบางช่อง,TrueIDTV-ปัญหารับชม LiveTV,ลูกค้าต้องการเปลี่ยน TrueID TV Box,4
39,รับชม Live TV ไม่ได้-หน้าจอดำไม่แสดงภาพ | TrueIDTV-ปัญหารับช,รับชม Live TV ไม่ได้-Error C0002,TrueIDTV-ปัญหารับชม LiveTV,ทดสอบและอธิบายลูกค้า,4
39,รับชม Live TV ไม่ได้-หน้าจอดำไม่แสดงภาพ | TrueIDTV-ปัญหารับช,รับชม Live TV ไม่ได้-ภาพเป็นเส้น/ภาพแตก,TrueIDTV-ปัญหารับชม LiveTV,เสื่อมสภาพการใช้งาน,4
39,รับชม Live TV ไม่ได้-หน้าจอดำไม่แสดงภาพ | TrueIDTV-ปัญหารับช,รับชม Live TV ไม่ได้-มีเสียง-ไม่มีภาพ,TrueIDTV-ปัญหารับชม LiveTV,ไฟไม่เข้า,4
39,รับชม Live TV ไม่ได้-หน้าจอดำไม่แสดงภาพ | TrueIDTV-ปัญหารับช,รับชม Live TV ไม่ได้-มีภาพ-ไม่มีเสียง,TrueIDTV-ปัญหารับชม LiveTV,อุปกรณ์คืนค่าโรงงาน,4
39,รับชม Live TV ไม่ได้-หน้าจอดำไม่แสดงภาพ | TrueIDTV-ปัญหารับช,รับชม Live TV ไม่ได้-ภาพค้าง/ภาพหมุน,TrueIDTV-ปัญหารับชม LiveTV,ช่องรายการถูกล็อค(E016/E017),4
39,รับชม Live TV ไม่ได้-หน้าจอดำไม่แสดงภาพ | TrueIDTV-ปัญหารับช,รับชม Live TV ไม่ได้-หน้าจอดำไม่แสดงภาพ,TrueIDTV-ปัญหารับชม LiveTV,กล่องไม่อ่านการ์ด,4
39,รับชม Live TV ไม่ได้-หน้าจอดำไม่แสดงภาพ | TrueIDTV-ปัญหารับช,รับชม Live TV ไม่ได้-หน้าจอดำไม่แสดงภาพ,TrueIDTV-ปัญหารับชม LiveTV,ลูกค้าแจ้งขอยกเลิกบริการ,4
39,รับชม Live TV ไม่ได้-หน้าจอดำไม่แสดงภาพ | TrueIDTV-ปัญหารับช,รับชม Live TV ไม่ได้-หน้าจอดำไม่แสดงภาพ,TrueIDTV-ปัญหารับชม LiveTV,Switch on/off เสีย/ชำรุดแตกหัก,4
39,รับชม Live TV ไม่ได้-หน้าจอดำไม่แสดงภาพ | TrueIDTV-ปัญหารับช,รับชม Live TV ไม่ได้-หน้าจอดำไม่แสดงภาพ,TrueIDTV-ปัญหารับชม LiveTV,Costomer Knowledge,3
39,รับชม Live TV ไม่ได้-หน้าจอดำไม่แสดงภาพ | TrueIDTV-ปัญหารับช,รับชม Live TV ไม่ได้-Error ไม่มีสัญญาณอินเตอร์เน็ต,TrueIDTV-ปัญหารับชม LiveTV,เสื่อมสภาพการใช้งาน,3
39,รับชม Live TV ไม่ได้-หน้าจอดำไม่แสดงภาพ | TrueIDTV-ปัญหารับช,รับชม Live TV ปัญหาการรับชม-ไม่มีภาพแสดงบางช่อง,TrueIDTV-ปัญหารับชม LiveTV,Remote ไม่ทำงาน,3
39,รับชม Live TV ไม่ได้-หน้าจอดำไม่แสดงภาพ | TrueIDTV-ปัญหารับช,รับชม Live TV ไม่ได้-ภาพค้าง/ภาพหมุน,TrueIDTV-ปัญหารับชม LiveTV,ผรม ติดตั้งกล่องไม่สมบูรณ์,3
39,รับชม Live TV ไม่ได้-หน้าจอดำไม่แสดงภาพ | TrueIDTV-ปัญหารับช,รับชม Live TV ไม่ได้-ภาพกระตุก,TrueIDTV-ปัญหารับชม LiveTV,เสื่อมสภาพการใช้งาน,3
39,รับชม Live TV ไม่ได้-หน้าจอดำไม่แสดงภาพ | TrueIDTV-ปัญหารับช,รับชม Live TV ไม่ได้-หน้าจอดำไม่แสดงภาพ,TrueIDTV-ปัญหารับชม LiveTV,หัวสายสำเร็จSC-APC เสีย,3
39,รับชม Live TV ไม่ได้-หน้าจอดำไม่แสดงภาพ | TrueIDTV-ปัญหารับช,รับชม Live TV ปัญหาการรับชม-ไม่มีภาพแสดงบางช่อง,TrueIDTV-ปัญหารับชม LiveTV,ไฟไม่เข้า,3
39,รับชม Live TV ไม่ได้-หน้าจอดำไม่แสดงภาพ | TrueIDTV-ปัญหารับช,รับชม Live TV ไม่ได้-หน้าจอดำไม่แสดงภาพ,TrueIDTV-ปัญหารับชม LiveTV,ค่าสัญญาณดี แต่พบภาพขาดหาย/ ภาพแตก/ เสียงขาดหาย,3
39,รับชม Live TV ไม่ได้-หน้าจอดำไม่แสดงภาพ | TrueIDTV-ปัญหารับช,รับชม Live TV ไม่ได้-ภาพและเสียงไม่ตรงกัน,TrueIDTV-ปัญหารับชม LiveTV,BUG FIRMWARE,3
39,รับชม Live TV ไม่ได้-หน้าจอดำไม่แสดงภาพ | TrueIDTV-ปัญหารับช,รับชม Live TV ไม่ได้-ภาพกระตุก,TrueIDTV-ปัญหารับชม LiveTV,ค่าสัญญาณดี ไม่มีภาพ/ ไม่มีเสียง,3
39,รับชม Live TV ไม่ได้-หน้าจอดำไม่แสดงภาพ | TrueIDTV-ปัญหารับช,รับชม Live TV ไม่ได้-หน้าจอดำไม่แสดงภาพ,TrueIDTV-ปัญหารับชม LiveTV,ไม่มีสัญญาณ CATV หรือ ค่า RF ไม่ได้ตามค่ามาตรฐาน,3
39,รับชม Live TV ไม่ได้-หน้าจอดำไม่แสดงภาพ | TrueIDTV-ปัญหารับช,รับชม Live TV ไม่ได้-ภาพค้าง/ภาพหมุน,TrueIDTV-ปัญหารับชม LiveTV,ข้อต่อหลวม ไม่ดี/ไม่สนิท,3
39,รับชม Live TV ไม่ได้-หน้าจอดำไม่แสดงภาพ | TrueIDTV-ปัญหารับช,รับชม Live TV ไม่ได้-Error C0002,TrueIDTV-ปัญหารับชม LiveTV,ลูกค้าต้องการเปลี่ยน Hybrid Box,3
39,รับชม Live TV ไม่ได้-หน้าจอดำไม่แสดงภาพ | TrueIDTV-ปัญหารับช,รับชม Live TV ไม่ได้-ภาพกระตุก,TrueIDTV-ปัญหารับชม LiveTV,ช่องรายการถูกล็อค(E016/E017),3
39,รับชม Live TV ไม่ได้-หน้าจอดำไม่แสดงภาพ | TrueIDTV-ปัญหารับช,รับชม Live TV ไม่ได้-Error C0002,TrueIDTV-ปัญหารับชม LiveTV,Monitor เหตุเสียครบตามเงื่อนไข,3
39,รับชม Live TV ไม่ได้-หน้าจอดำไม่แสดงภาพ | TrueIDTV-ปัญหารับช,รับชม Live TV ไม่ได้-ภาพค้าง/ภาพหมุน,TrueIDTV-ปัญหารับชม LiveTV,ค่าสัญญาณดี แต่พบภาพขาดหาย/ ภาพแตก/ เสียงขาดหาย,3
39,รับชม Live TV ไม่ได้-หน้าจอดำไม่แสดงภาพ | TrueIDTV-ปัญหารับช,รับชม Live TV ไม่ได้-ภาพกระตุก,TrueIDTV-ปัญหารับชม LiveTV,สายหัก/สายงอ/สายถูกดึงรั้ง,3
39,รับชม Live TV ไม่ได้-หน้าจอดำไม่แสดงภาพ | TrueIDTV-ปัญหารับช,รับชม Live TV ไม่ได้-หน้าจอดำไม่แสดงภาพ,TrueIDTV-ปัญหารับชม LiveTV,หน้าจอแสดง Error C0002,3
39,รับชม Live TV ไม่ได้-หน้าจอดำไม่แสดงภาพ | TrueIDTV-ปัญหารับช,รับชม Live TV ปัญหาการรับชม-ไม่มีภาพแสดงบางช่อง,TrueIDTV-ปัญหารับชม LiveTV,BUG FIRMWARE,3
39,รับชม Live TV ไม่ได้-หน้าจอดำไม่แสดงภาพ | TrueIDTV-ปัญหารับช,รับชม Live TV ไม่ได้-หน้าจอดำ/จอฟ้า,TrueIDTV-ปัญหารับชม LiveTV,การใช้งานของลูกค้า,3
39,รับชม Live TV ไม่ได้-หน้าจอดำไม่แสดงภาพ | TrueIDTV-ปัญหารับช,รับชม Live TV ไม่ได้-Error ไม่มีสัญญาณอินเตอร์เน็ต,TrueIDTV-ปัญหารับชม LiveTV,สั่งด้วยเสียไม่ได้ (กล่องเสีย),3
39,รับชม Live TV ไม่ได้-หน้าจอดำไม่แสดงภาพ | TrueIDTV-ปัญหารับช,รับชม Live TV ไม่ได้-Error ไม่มีสัญญาณอินเตอร์เน็ต,TrueIDTV-ปัญหารับชม LiveTV,ลูกค้าแจ้งขอยกเลิกบริการ,3
39,รับชม Live TV ไม่ได้-หน้าจอดำไม่แสดงภาพ | TrueIDTV-ปัญหารับช,รับชม Live TV ไม่ได้-ภาพค้าง/ภาพหมุน,TrueIDTV-ปัญหารับชม LiveTV,อุปกรณ์ลูกค้า TV/เครื่องเสียง/อุปกรณ์ Bluetooth,3
39,รับชม Live TV ไม่ได้-หน้าจอดำไม่แสดงภาพ | TrueIDTV-ปัญหารับช,รับชม Live TV ไม่ได้-มีภาพ-ไม่มีเสียง,TrueIDTV-ปัญหารับชม LiveTV,อุปกรณ์ลูกค้า TV/เครื่องเสียง/อุปกรณ์ Bluetooth,3
39,รับชม Live TV ไม่ได้-หน้าจอดำไม่แสดงภาพ | TrueIDTV-ปัญหารับช,รับชม Live TV ไม่แสดง Subtitle,TrueIDTV-ปัญหารับชม LiveTV,CONFIG CHANGE,3
39,รับชม Live TV ไม่ได้-หน้าจอดำไม่แสดงภาพ | TrueIDTV-ปัญหารับช,รับชม Live TV ไม่ได้-หน้าจอดำไม่แสดงภาพ,TrueIDTV-ปัญหารับชม LiveTV,Auto close by BOT,3
39,รับชม Live TV ไม่ได้-หน้าจอดำไม่แสดงภาพ | TrueIDTV-ปัญหารับช,รับชม Live TV ปัญหาการรับชม-ไม่มีภาพแสดงบางช่อง,TrueIDTV-ปัญหารับชม LiveTV,ขัดข้อง/เสีย,3
39,รับชม Live TV ไม่ได้-หน้าจอดำไม่แสดงภาพ | TrueIDTV-ปัญหารับช,รับชม Live TV ปัญหาการรับชม-ไม่มีภาพแสดงบางช่อง,TrueIDTV-ปัญหารับชม LiveTV,อุปกรณ์คืนค่าโรงงาน,3
39,รับชม Live TV ไม่ได้-หน้าจอดำไม่แสดงภาพ | TrueIDTV-ปัญหารับช,รับชม Live TV ไม่ได้-Error ไม่มีสัญญาณอินเตอร์เน็ต,TrueIDTV-ปัญหารับชม LiveTV,เชื่อมต่อ Remote ไม่ได้ (กล่องเสีย),3
39,รับชม Live TV ไม่ได้-หน้าจอดำไม่แสดงภาพ | TrueIDTV-ปัญหารับช,รับชม Live TV ไม่ได้-ภาพกระตุก,TrueIDTV-ปัญหารับชม LiveTV,กล่องรับสัญญาณขัดข้อง (CA9/CA11),3
39,รับชม Live TV ไม่ได้-หน้าจอดำไม่แสดงภาพ | TrueIDTV-ปัญหารับช,รับชม Live TV ไม่ได้-มีภาพ-ไม่มีเสียง,TrueIDTV-ปัญหารับชม LiveTV,ส่งงานไม่ถูกต้อง,3
39,รับชม Live TV ไม่ได้-หน้าจอดำไม่แสดงภาพ | TrueIDTV-ปัญหารับช,รับชม Live TV ไม่ได้-Error ไม่มีสัญญาณอินเตอร์เน็ต,TrueIDTV-ปัญหารับชม LiveTV,Modemไม่ lock/ไม่ Synch/High Loss,3
39,รับชม Live TV ไม่ได้-หน้าจอดำไม่แสดงภาพ | TrueIDTV-ปัญหารับช,รับชม Live TV ไม่ได้-Error ไม่มีสัญญาณอินเตอร์เน็ต,TrueIDTV-ปัญหารับชม LiveTV,Switch on/off เสีย/ชำรุดแตกหัก,3
39,รับชม Live TV ไม่ได้-หน้าจอดำไม่แสดงภาพ | TrueIDTV-ปัญหารับช,รับชม Live TV ไม่ได้-Error C0002,TrueIDTV-ปัญหารับชม LiveTV,ค่าสัญญาณดี ไม่มีภาพ/ ไม่มีเสียง,3
39,รับชม Live TV ไม่ได้-หน้าจอดำไม่แสดงภาพ | TrueIDTV-ปัญหารับช,รับชม Live TV ไม่ได้-Error C0002,TrueIDTV-ปัญหารับชม LiveTV,ส่งงานไม่ถูกต้อง,3
39,รับชม Live TV ไม่ได้-หน้าจอดำไม่แสดงภาพ | TrueIDTV-ปัญหารับช,รับชม Live TV ไม่ได้-มีเสียง-ไม่มีภาพ,TrueIDTV-ปัญหารับชม LiveTV,คำสั่งเสียงไม่ทำงาน,2
39,รับชม Live TV ไม่ได้-หน้าจอดำไม่แสดงภาพ | TrueIDTV-ปัญหารับช,รับชม Live TV ไม่ได้-ภาพและเสียงไม่ตรงกัน,TrueIDTV-ปัญหารับชม LiveTV,ไฟไม่เข้า,2
39,รับชม Live TV ไม่ได้-หน้าจอดำไม่แสดงภาพ | TrueIDTV-ปัญหารับช,รับชม Live TV ไม่ได้-ภาพและเสียงไม่ตรงกัน,TrueIDTV-ปัญหารับชม LiveTV,Monitor เหตุเสียครบตามเงื่อนไข,2
39,รับชม Live TV ไม่ได้-หน้าจอดำไม่แสดงภาพ | TrueIDTV-ปัญหารับช,รับชม Live TV ไม่ได้-มีภาพ-ไม่มีเสียง,TrueIDTV-ปัญหารับชม LiveTV,ทดสอบและอธิบายลูกค้า,2
39,รับชม Live TV ไม่ได้-หน้าจอดำไม่แสดงภาพ | TrueIDTV-ปัญหารับช,รับชม Live TV ไม่ได้-ภาพกระตุก,TrueIDTV-ปัญหารับชม LiveTV,ส่งงานไม่ถูกต้อง,2
39,รับชม Live TV ไม่ได้-หน้าจอดำไม่แสดงภาพ | TrueIDTV-ปัญหารับช,รับชม Live TV ไม่ได้-มีภาพ-ไม่มีเสียง,TrueIDTV-ปัญหารับชม LiveTV,เสื่อมสภาพการใช้งาน,2
39,รับชม Live TV ไม่ได้-หน้าจอดำไม่แสดงภาพ | TrueIDTV-ปัญหารับช,รับชม Live TV ไม่ได้-Error ไม่มีสัญญาณอินเตอร์เน็ต,TrueIDTV-ปัญหารับชม LiveTV,ลูกค้าต้องการเปลี่ยน Set Top Box,2
39,รับชม Live TV ไม่ได้-หน้าจอดำไม่แสดงภาพ | TrueIDTV-ปัญหารับช,รับชม Live TV ไม่ได้-ภาพเป็นเส้น/ภาพแตก,TrueIDTV-ปัญหารับชม LiveTV,ทดสอบและอธิบายลูกค้า,2
39,รับชม Live TV ไม่ได้-หน้าจอดำไม่แสดงภาพ | TrueIDTV-ปัญหารับช,รับชม Live TV ไม่ได้-หน้าจอดำไม่แสดงภาพ,TrueIDTV-ปัญหารับชม LiveTV,Reboot,2
39,รับชม Live TV ไม่ได้-หน้าจอดำไม่แสดงภาพ | TrueIDTV-ปัญหารับช,รับชม Live TV ไม่ได้-Error C0002,TrueIDTV-ปัญหารับชม LiveTV,หน้าจอแสดง Error C0002,2
39,รับชม Live TV ไม่ได้-หน้าจอดำไม่แสดงภาพ | TrueIDTV-ปัญหารับช,รับชม Live TV ไม่ได้-หน้าจอดำไม่แสดงภาพ,TrueIDTV-ปัญหารับชม LiveTV,หัวสายสำเร็จSC-APC หลวม /ไม่สนิท,2
39,รับชม Live TV ไม่ได้-หน้าจอดำไม่แสดงภาพ | TrueIDTV-ปัญหารับช,รับชม Live TV ไม่ได้-หน้าจอดำไม่แสดงภาพ,TrueIDTV-ปัญหารับชม LiveTV,สูญหาย,2
39,รับชม Live TV ไม่ได้-หน้าจอดำไม่แสดงภาพ | TrueIDTV-ปัญหารับช,รับชม Live TV ไม่ได้-ภาพค้าง/ภาพหมุน,TrueIDTV-ปัญหารับชม LiveTV,Sync Speed/RSSI ไม่ได้ WIFI ตาม Criteria /Low Signal 5 GHz,2
39,รับชม Live TV ไม่ได้-หน้าจอดำไม่แสดงภาพ | TrueIDTV-ปัญหารับช,รับชม Live TV ไม่ได้-Error ไม่มีสัญญาณอินเตอร์เน็ต,TrueIDTV-ปัญหารับชม LiveTV,มีค่า Loss สูง,2
39,รับชม Live TV ไม่ได้-หน้าจอดำไม่แสดงภาพ | TrueIDTV-ปัญหารับช,รับชม Live TV ไม่ได้-ภาพค้าง/ภาพหมุน,TrueIDTV-ปัญหารับชม LiveTV,เสาอากาศชำรุด,2
39,รับชม Live TV ไม่ได้-หน้าจอดำไม่แสดงภาพ | TrueIDTV-ปัญหารับช,รับชม Live TV ไม่ได้-มีภาพ-ไม่มีเสียง,TrueIDTV-ปัญหารับชม LiveTV,ลูกค้าต้องการเปลี่ยน Set Top Box,2
39,รับชม Live TV ไม่ได้-หน้าจอดำไม่แสดงภาพ | TrueIDTV-ปัญหารับช,รับชม Live TV ไม่ได้-หน้าจอดำไม่แสดงภาพ,TrueIDTV-ปัญหารับชม LiveTV,Port HDMI/AV เสีย,2
39,รับชม Live TV ไม่ได้-หน้าจอดำไม่แสดงภาพ | TrueIDTV-ปัญหารับช,รับชม Live TV ไม่ได้-ภาพกระตุก,TrueIDTV-ปัญหารับชม LiveTV,ลูกค้าต้องการเปลี่ยน Hybrid Box,2
39,รับชม Live TV ไม่ได้-หน้าจอดำไม่แสดงภาพ | TrueIDTV-ปัญหารับช,รับชม Live TV ไม่ได้-Error ไม่มีสัญญาณอินเตอร์เน็ต,TrueIDTV-ปัญหารับชม LiveTV,กล่องรับสัญญาณขัดข้อง (E161),2
39,รับชม Live TV ไม่ได้-หน้าจอดำไม่แสดงภาพ | TrueIDTV-ปัญหารับช,รับชม Live TV ไม่ได้-ภาพค้าง/ภาพหมุน,TrueIDTV-ปัญหารับชม LiveTV,ไม่มีสัญญาณ CATV หรือ ค่า RF ไม่ได้ตามค่ามาตรฐาน,2
39,รับชม Live TV ไม่ได้-หน้าจอดำไม่แสดงภาพ | TrueIDTV-ปัญหารับช,รับชม Live TV ไม่ได้-ภาพกระตุก,TrueIDTV-ปัญหารับชม LiveTV,ลูกค้าต้องการเปลี่ยน Set Top Box,2
39,รับชม Live TV ไม่ได้-หน้าจอดำไม่แสดงภาพ | TrueIDTV-ปัญหารับช,รับชม Live TV ไม่ได้-ภาพค้าง/ภาพหมุน,TrueIDTV-ปัญหารับชม LiveTV,ช่องรายการถูกล็อค(CA14),2
39,รับชม Live TV ไม่ได้-หน้าจอดำไม่แสดงภาพ | TrueIDTV-ปัญหารับช,รับชม Live TV ไม่ได้-ภาพเป็นเส้น/ภาพแตก,TrueIDTV-ปัญหารับชม LiveTV,Battery หมด/เสื่อม,2
39,รับชม Live TV ไม่ได้-หน้าจอดำไม่แสดงภาพ | TrueIDTV-ปัญหารับช,รับชม Live TV ไม่ได้-มีภาพ-ไม่มีเสียง,TrueIDTV-ปัญหารับชม LiveTV,Port HDMI/AV/optical/usb เสีย,2
39,รับชม Live TV ไม่ได้-หน้าจอดำไม่แสดงภาพ | TrueIDTV-ปัญหารับช,รับชม Live TV ไม่ได้-มีเสียง-ไม่มีภาพ,TrueIDTV-ปัญหารับชม LiveTV,ผรม ติดตั้งกล่องไม่สมบูรณ์,2
39,รับชม Live TV ไม่ได้-หน้าจอดำไม่แสดงภาพ | TrueIDTV-ปัญหารับช,รับชม Live TV ไม่ได้-ภาพเป็นเส้น/ภาพแตก,TrueIDTV-ปัญหารับชม LiveTV,ลูกค้าต้องการเปลี่ยน Hybrid Box,2
39,รับชม Live TV ไม่ได้-หน้าจอดำไม่แสดงภาพ | TrueIDTV-ปัญหารับช,รับชม Live TV ไม่ได้-ภาพเป็นเส้น/ภาพแตก,TrueIDTV-ปัญหารับชม LiveTV,Port HDMI/AV/optical/usb เสีย,2
39,รับชม Live TV ไม่ได้-หน้าจอดำไม่แสดงภาพ | TrueIDTV-ปัญหารับช,รับชม Live TV ไม่ได้-Error C0002,TrueIDTV-ปัญหารับชม LiveTV,Connect WiFi ไม่ได้/ไม่พบ SSID,2
39,รับชม Live TV ไม่ได้-หน้าจอดำไม่แสดงภาพ | TrueIDTV-ปัญหารับช,รับชม Live TV ไม่แสดง Subtitle,TrueIDTV-ปัญหารับชม LiveTV,ลูกค้าเปลี่ยนใจ/ลูกค้าขอยกเลิกบริการเอง,2
39,รับชม Live TV ไม่ได้-หน้าจอดำไม่แสดงภาพ | TrueIDTV-ปัญหารับช,รับชม Live TV ไม่ได้-Error C0002,TrueIDTV-ปัญหารับชม LiveTV,ไม่ทราบสาเหตุ,2
39,รับชม Live TV ไม่ได้-หน้าจอดำไม่แสดงภาพ | TrueIDTV-ปัญหารับช,รับชม Live TV ไม่ได้-ภาพเป็นเส้น/ภาพแตก,TrueIDTV-ปัญหารับชม LiveTV,ข้อต่อหลวม ไม่ดี/ไม่สนิท,2
39,รับชม Live TV ไม่ได้-หน้าจอดำไม่แสดงภาพ | TrueIDTV-ปัญหารับช,รับชม Live TV ไม่ได้-มีภาพ-ไม่มีเสียง,TrueIDTV-ปัญหารับชม LiveTV,Reboot,2
39,รับชม Live TV ไม่ได้-หน้าจอดำไม่แสดงภาพ | TrueIDTV-ปัญหารับช,รับชม Live TV ไม่ได้-ภาพค้าง/ภาพหมุน,TrueIDTV-ปัญหารับชม LiveTV,กล่องรับสัญญาณขัดข้อง (ER16/E048),2
39,รับชม Live TV ไม่ได้-หน้าจอดำไม่แสดงภาพ | TrueIDTV-ปัญหารับช,รับชม Live TV ปัญหาการรับชม-ไม่มีภาพแสดงบางช่อง,TrueIDTV-ปัญหารับชม LiveTV,ไม่ทราบสาเหตุ,2
39,รับชม Live TV ไม่ได้-หน้าจอดำไม่แสดงภาพ | TrueIDTV-ปัญหารับช,รับชม Live TV ไม่ได้-ภาพกระตุก,TrueIDTV-ปัญหารับชม LiveTV,ทดสอบและอธิบายลูกค้า,2
39,รับชม Live TV ไม่ได้-หน้าจอดำไม่แสดงภาพ | TrueIDTV-ปัญหารับช,รับชม Live TV ไม่ได้-หน้าจอดำไม่แสดงภาพ,TrueIDTV-ปัญหารับชม LiveTV,Sync Speed ได้ แต่ Test Speed WIFI 5 GHz ไม่ได้ตาม Package,2
39,รับชม Live TV ไม่ได้-หน้าจอดำไม่แสดงภาพ | TrueIDTV-ปัญหารับช,รับชม Live TV ไม่ได้-Error ไม่มีสัญญาณอินเตอร์เน็ต,TrueIDTV-ปัญหารับชม LiveTV,ช่องรายการถูกล็อค(CA14),2
39,รับชม Live TV ไม่ได้-หน้าจอดำไม่แสดงภาพ | TrueIDTV-ปัญหารับช,รับชม Live TV ไม่ได้-Error C0002,TrueIDTV-ปัญหารับชม LiveTV,ลูกค้าต้องการเปลี่ยน Set Top Box,2
39,รับชม Live TV ไม่ได้-หน้าจอดำไม่แสดงภาพ | TrueIDTV-ปัญหารับช,รับชม Live TV ไม่ได้-Error ไม่มีสัญญาณอินเตอร์เน็ต,TrueIDTV-ปัญหารับชม LiveTV,การไฟฟ้าย้ายแนว/จัดระเบียบสาย,2
39,รับชม Live TV ไม่ได้-หน้าจอดำไม่แสดงภาพ | TrueIDTV-ปัญหารับช,รับชม Live TV ไม่ได้-มีภาพ-ไม่มีเสียง,TrueIDTV-ปัญหารับชม LiveTV,เปลี่ยน process การทำงาน,2
39,รับชม Live TV ไม่ได้-หน้าจอดำไม่แสดงภาพ | TrueIDTV-ปัญหารับช,รับชม Live TV ไม่ได้-Error C0002,TrueIDTV-ปัญหารับชม LiveTV,Modemไม่ lock/ไม่ Synch/High Loss,2
39,รับชม Live TV ไม่ได้-หน้าจอดำไม่แสดงภาพ | TrueIDTV-ปัญหารับช,รับชม Live TV ไม่ได้-หน้าจอดำไม่แสดงภาพ,TrueIDTV-ปัญหารับชม LiveTV,Sync Speed/RSSI ไม่ได้ WIFI ตาม Criteria /Low Signal 5 GHz,2
39,รับชม Live TV ไม่ได้-หน้าจอดำไม่แสดงภาพ | TrueIDTV-ปัญหารับช,รับชม Live TV ปัญหาการรับชม-ไม่มีภาพแสดงบางช่อง,TrueIDTV-ปัญหารับชม LiveTV,ไม่พบปัญหาการใช้งานแล้ว,2
39,รับชม Live TV ไม่ได้-หน้าจอดำไม่แสดงภาพ | TrueIDTV-ปัญหารับช,รับชม Live TV ไม่ได้-ภาพและเสียงไม่ตรงกัน,TrueIDTV-ปัญหารับชม LiveTV,ไม่ทราบสาเหตุ,2
39,รับชม Live TV ไม่ได้-หน้าจอดำไม่แสดงภาพ | TrueIDTV-ปัญหารับช,รับชม Live TV ไม่ได้-มีภาพ-ไม่มีเสียง,TrueIDTV-ปัญหารับชม LiveTV,BUG FIRMWARE,2
39,รับชม Live TV ไม่ได้-หน้าจอดำไม่แสดงภาพ | TrueIDTV-ปัญหารับช,รับชม Live TV ไม่ได้-ภาพค้าง/ภาพหมุน,TrueIDTV-ปัญหารับชม LiveTV,เหตุเสียภายใน 90 วัน,2
39,รับชม Live TV ไม่ได้-หน้าจอดำไม่แสดงภาพ | TrueIDTV-ปัญหารับช,รับชม Live TV ไม่ได้-ภาพค้าง/ภาพหมุน,TrueIDTV-ปัญหารับชม LiveTV,หน้าจอแสดง Error C0002,2
39,รับชม Live TV ไม่ได้-หน้าจอดำไม่แสดงภาพ | TrueIDTV-ปัญหารับช,รับชม Live TV ไม่ได้-Error ไม่มีสัญญาณอินเตอร์เน็ต,TrueIDTV-ปัญหารับชม LiveTV,เหตุเสียภายใน 90 วัน,1
39,รับชม Live TV ไม่ได้-หน้าจอดำไม่แสดงภาพ | TrueIDTV-ปัญหารับช,รับชม Live TV ไม่ได้-มีเสียง-ไม่มีภาพ,TrueIDTV-ปัญหารับชม LiveTV,wifi ของกล่องเสีย,1
39,รับชม Live TV ไม่ได้-หน้าจอดำไม่แสดงภาพ | TrueIDTV-ปัญหารับช,รับชม Live TV ไม่ได้-มีภาพ-ไม่มีเสียง,TrueIDTV-ปัญหารับชม LiveTV,ข้อต่อหลวม ไม่ดี/ไม่สนิท,1
39,รับชม Live TV ไม่ได้-หน้าจอดำไม่แสดงภาพ | TrueIDTV-ปัญหารับช,รับชม Live TV ไม่ได้-หน้าจอดำไม่แสดงภาพ,TrueIDTV-ปัญหารับชม LiveTV,สัตว์ (เช่น ลิง กระรอก ช้าง ),1
39,รับชม Live TV ไม่ได้-หน้าจอดำไม่แสดงภาพ | TrueIDTV-ปัญหารับช,รับชม Live TV ไม่ได้-Error ไม่มีสัญญาณอินเตอร์เน็ต,TrueIDTV-ปัญหารับชม LiveTV,สัตว์ (เช่น ลิง กระรอก ช้าง ),1
39,รับชม Live TV ไม่ได้-หน้าจอดำไม่แสดงภาพ | TrueIDTV-ปัญหารับช,รับชม Live TV ไม่ได้-Error C0002,TrueIDTV-ปัญหารับชม LiveTV,ช่องรายการถูกล็อค(E016/E017),1
39,รับชม Live TV ไม่ได้-หน้าจอดำไม่แสดงภาพ | TrueIDTV-ปัญหารับช,รับชม Live TV ปัญหาการรับชม-ไม่มีภาพแสดงบางช่อง,TrueIDTV-ปัญหารับชม LiveTV,เหตุเสียภายใน 90 วัน,1
39,รับชม Live TV ไม่ได้-หน้าจอดำไม่แสดงภาพ | TrueIDTV-ปัญหารับช,รับชม Live TV ไม่ได้-ภาพเป็นเส้น/ภาพแตก,TrueIDTV-ปัญหารับชม LiveTV,หัวสายสำเร็จSC-APC หลวม /ไม่สนิท,1
39,รับชม Live TV ไม่ได้-หน้าจอดำไม่แสดงภาพ | TrueIDTV-ปัญหารับช,รับชม Live TV ไม่ได้-มีเสียง-ไม่มีภาพ,TrueIDTV-ปัญหารับชม LiveTV,BUG FIRMWARE,1
39,รับชม Live TV ไม่ได้-หน้าจอดำไม่แสดงภาพ | TrueIDTV-ปัญหารับช,รับชม Live TV ไม่ได้-มีภาพ-ไม่มีเสียง,TrueIDTV-ปัญหารับชม LiveTV,wifi ของกล่องเสีย,1
39,รับชม Live TV ไม่ได้-หน้าจอดำไม่แสดงภาพ | TrueIDTV-ปัญหารับช,รับชม Live TV ไม่ได้-ภาพและเสียงไม่ตรงกัน,TrueIDTV-ปัญหารับชม LiveTV,Reboot,1
39,รับชม Live TV ไม่ได้-หน้าจอดำไม่แสดงภาพ | TrueIDTV-ปัญหารับช,รับชม Live TV ปัญหาการรับชม-ไม่มีภาพแสดงบางช่อง,TrueIDTV-ปัญหารับชม LiveTV,ลูกค้าต้องการเปลี่ยน Hybrid Box,1
39,รับชม Live TV ไม่ได้-หน้าจอดำไม่แสดงภาพ | TrueIDTV-ปัญหารับช,รับชม Live TV ไม่ได้-ภาพค้าง/ภาพหมุน,TrueIDTV-ปัญหารับชม LiveTV,สูญหาย,1
39,รับชม Live TV ไม่ได้-หน้าจอดำไม่แสดงภาพ | TrueIDTV-ปัญหารับช,รับชม Live TV ไม่ได้-Error C0002,TrueIDTV-ปัญหารับชม LiveTV,หัวสายสำเร็จSC-APC เสีย,1
39,รับชม Live TV ไม่ได้-หน้าจอดำไม่แสดงภาพ | TrueIDTV-ปัญหารับช,รับชม Live TV ไม่ได้-Error ไม่มีสัญญาณอินเตอร์เน็ต,TrueIDTV-ปัญหารับชม LiveTV,สายเสื่อมสภาพ,1
39,รับชม Live TV ไม่ได้-หน้าจอดำไม่แสดงภาพ | TrueIDTV-ปัญหารับช,รับชม Live TV ไม่ได้-หน้าจอดำไม่แสดงภาพ,TrueIDTV-ปัญหารับชม LiveTV,Modem แตกหัก/สีผิดสภาพเดิม,1
39,รับชม Live TV ไม่ได้-หน้าจอดำไม่แสดงภาพ | TrueIDTV-ปัญหารับช,รับชม Live TV ปัญหาการรับชม-ไม่มีภาพแสดงบางช่อง,TrueIDTV-ปัญหารับชม LiveTV,เปลี่ยน process การทำงาน,1
39,รับชม Live TV ไม่ได้-หน้าจอดำไม่แสดงภาพ | TrueIDTV-ปัญหารับช,รับชม Live TV ไม่ได้-มีเสียง-ไม่มีภาพ,TrueIDTV-ปัญหารับชม LiveTV,อุปกรณ์ลูกค้า TV/เครื่องเสียง/อุปกรณ์ Bluetooth,1
39,รับชม Live TV ไม่ได้-หน้าจอดำไม่แสดงภาพ | TrueIDTV-ปัญหารับช,รับชม Live TV ไม่ได้-Error ไม่มีสัญญาณอินเตอร์เน็ต,TrueIDTV-ปัญหารับชม LiveTV,Modem ไม่รองรับ Package ลูกค้า,1
39,รับชม Live TV ไม่ได้-หน้าจอดำไม่แสดงภาพ | TrueIDTV-ปัญหารับช,รับชม Live TV ไม่ได้-หน้าจอดำ/จอฟ้า,TrueIDTV-ปัญหารับชม LiveTV,ลูกค้าต้องการเปลี่ยน TrueID TV Box,1
39,รับชม Live TV ไม่ได้-หน้าจอดำไม่แสดงภาพ | TrueIDTV-ปัญหารับช,รับชม Live TV ไม่ได้-Error C0002,TrueIDTV-ปัญหารับชม LiveTV,Reboot,1
39,รับชม Live TV ไม่ได้-หน้าจอดำไม่แสดงภาพ | TrueIDTV-ปัญหารับช,รับชม Live TV ไม่ได้-Error ไม่มีสัญญาณอินเตอร์เน็ต,TrueIDTV-ปัญหารับชม LiveTV,Costomer Knowledge,1
39,รับชม Live TV ไม่ได้-หน้าจอดำไม่แสดงภาพ | TrueIDTV-ปัญหารับช,รับชม Live TV ไม่ได้-มีภาพ-ไม่มีเสียง,TrueIDTV-ปัญหารับชม LiveTV,CONFIG.PARAMETER ไม่ถูกต้อง,1
39,รับชม Live TV ไม่ได้-หน้าจอดำไม่แสดงภาพ | TrueIDTV-ปัญหารับช,รับชม Live TV ไม่ได้-Error ไม่มีสัญญาณอินเตอร์เน็ต,TrueIDTV-ปัญหารับชม LiveTV,Sync Speed/RSSI ไม่ได้ WIFI ตาม Criteria /Low Signal 5 GHz,1
39,รับชม Live TV ไม่ได้-หน้าจอดำไม่แสดงภาพ | TrueIDTV-ปัญหารับช,รับชม Live TV ไม่ได้-หน้าจอดำไม่แสดงภาพ,TrueIDTV-ปัญหารับชม LiveTV,รถเกี่ยว,1
39,รับชม Live TV ไม่ได้-หน้าจอดำไม่แสดงภาพ | TrueIDTV-ปัญหารับช,รับชม Live TV ไม่ได้-หน้าจอดำไม่แสดงภาพ,TrueIDTV-ปัญหารับชม LiveTV,ลูกค้าใช้งาน Wi Fi ห่างจาก Modem,1
39,รับชม Live TV ไม่ได้-หน้าจอดำไม่แสดงภาพ | TrueIDTV-ปัญหารับช,รับชม Live TV ไม่ได้-หน้าจอดำไม่แสดงภาพ,TrueIDTV-ปัญหารับชม LiveTV,อื่น ๆ,1
39,รับชม Live TV ไม่ได้-หน้าจอดำไม่แสดงภาพ | TrueIDTV-ปัญหารับช,รับชม Live TV ไม่ได้-Error C0002,TrueIDTV-ปัญหารับชม LiveTV,กล่องรับสัญญาณขัดข้อง (E161),1
39,รับชม Live TV ไม่ได้-หน้าจอดำไม่แสดงภาพ | TrueIDTV-ปัญหารับช,รับชม Live TV ไม่ได้-หน้าจอดำไม่แสดงภาพ,TrueIDTV-ปัญหารับชม LiveTV,บุคคลเจตนาร้าย-ตัดทำลายข่ายสาย,1
39,รับชม Live TV ไม่ได้-หน้าจอดำไม่แสดงภาพ | TrueIDTV-ปัญหารับช,รับชม Live TV ไม่ได้-หน้าจอดำไม่แสดงภาพ,TrueIDTV-ปัญหารับชม LiveTV,Sync Speed ได้ แต่ Test Speed LAN ไม่ได้ตาม Package,1
39,รับชม Live TV ไม่ได้-หน้าจอดำไม่แสดงภาพ | TrueIDTV-ปัญหารับช,รับชม Live TV ไม่ได้-ภาพเป็นเส้น/ภาพแตก,TrueIDTV-ปัญหารับชม LiveTV,ลูกค้าต้องการเปลี่ยน Set Top Box,1
39,รับชม Live TV ไม่ได้-หน้าจอดำไม่แสดงภาพ | TrueIDTV-ปัญหารับช,รับชม Live TV ไม่ได้-ภาพกระตุก,TrueIDTV-ปัญหารับชม LiveTV,คำสั่งเสียงไม่ทำงาน,1
39,รับชม Live TV ไม่ได้-หน้าจอดำไม่แสดงภาพ | TrueIDTV-ปัญหารับช,รับชม Live TV ไม่ได้-ภาพกระตุก,TrueIDTV-ปัญหารับชม LiveTV,สกปรก,1
39,รับชม Live TV ไม่ได้-หน้าจอดำไม่แสดงภาพ | TrueIDTV-ปัญหารับช,รับชม Live TV ไม่ได้-หน้าจอดำไม่แสดงภาพ,TrueIDTV-ปัญหารับชม LiveTV,มีเสียงผิดปกติในตัวโมเด็ม,1
39,รับชม Live TV ไม่ได้-หน้าจอดำไม่แสดงภาพ | TrueIDTV-ปัญหารับช,รับชม Live TV ไม่ได้-ภาพค้าง/ภาพหมุน,TrueIDTV-ปัญหารับชม LiveTV,หลอดไฟ LED Status เสีย,1
39,รับชม Live TV ไม่ได้-หน้าจอดำไม่แสดงภาพ | TrueIDTV-ปัญหารับช,รับชม Live TV ไม่ได้-Error C0002,TrueIDTV-ปัญหารับชม LiveTV,Sync Speed/RSSI ไม่ได้ WIFI ตาม Criteria /Low Signal 5 GHz,1
39,รับชม Live TV ไม่ได้-หน้าจอดำไม่แสดงภาพ | TrueIDTV-ปัญหารับช,รับชม Live TV ไม่ได้-มีเสียง-ไม่มีภาพ,TrueIDTV-ปัญหารับชม LiveTV,พายุ,1
39,รับชม Live TV ไม่ได้-หน้าจอดำไม่แสดงภาพ | TrueIDTV-ปัญหารับช,รับชม Live TV ไม่ได้-ภาพค้าง/ภาพหมุน,TrueIDTV-ปัญหารับชม LiveTV,สัตว์ (เช่น ลิง กระรอก ช้าง ),1
39,รับชม Live TV ไม่ได้-หน้าจอดำไม่แสดงภาพ | TrueIDTV-ปัญหารับช,รับชม Live TV ไม่ได้-ภาพค้าง/ภาพหมุน,TrueIDTV-ปัญหารับชม LiveTV,แตกหัก,1
39,รับชม Live TV ไม่ได้-หน้าจอดำไม่แสดงภาพ | TrueIDTV-ปัญหารับช,รับชม Live TV ไม่ได้-มีเสียง-ไม่มีภาพ,TrueIDTV-ปัญหารับชม LiveTV,Battery หมด/เสื่อม,1
39,รับชม Live TV ไม่ได้-หน้าจอดำไม่แสดงภาพ | TrueIDTV-ปัญหารับช,รับชม Live TV ไม่ได้-หน้าจอดำไม่แสดงภาพ,TrueIDTV-ปัญหารับชม LiveTV,สายเสื่อมสภาพ,1
39,รับชม Live TV ไม่ได้-หน้าจอดำไม่แสดงภาพ | TrueIDTV-ปัญหารับช,รับชม Live TV ไม่ได้-Error C0002,TrueIDTV-ปัญหารับชม LiveTV,Remote ไม่ทำงาน,1
39,รับชม Live TV ไม่ได้-หน้าจอดำไม่แสดงภาพ | TrueIDTV-ปัญหารับช,รับชม Live TV ไม่ได้-ภาพกระตุก,TrueIDTV-ปัญหารับชม LiveTV,มีค่า Loss สูง,1
39,รับชม Live TV ไม่ได้-หน้าจอดำไม่แสดงภาพ | TrueIDTV-ปัญหารับช,รับชม Live TV ไม่ได้-ภาพเป็นเส้น/ภาพแตก,TrueIDTV-ปัญหารับชม LiveTV,คำสั่งเสียงไม่ทำงาน,1
39,รับชม Live TV ไม่ได้-หน้าจอดำไม่แสดงภาพ | TrueIDTV-ปัญหารับช,รับชม Live TV ไม่ได้-ภาพกระตุก,TrueIDTV-ปัญหารับชม LiveTV,Switch on/off เสีย/ชำรุดแตกหัก,1
39,รับชม Live TV ไม่ได้-หน้าจอดำไม่แสดงภาพ | TrueIDTV-ปัญหารับช,รับชม Live TV ไม่ได้-มีเสียง-ไม่มีภาพ,TrueIDTV-ปัญหารับชม LiveTV,สายหัก/สายงอ/สายถูกดึงรั้ง,1
39,รับชม Live TV ไม่ได้-หน้าจอดำไม่แสดงภาพ | TrueIDTV-ปัญหารับช,รับชม Live TV ไม่ได้-Error ไม่มีสัญญาณอินเตอร์เน็ต,TrueIDTV-ปัญหารับชม LiveTV,ไม่ตรงรุ่น,1
39,รับชม Live TV ไม่ได้-หน้าจอดำไม่แสดงภาพ | TrueIDTV-ปัญหารับช,รับชม Live TV ไม่ได้-ภาพเป็นเส้น/ภาพแตก,TrueIDTV-ปัญหารับชม LiveTV,Reboot,1
39,รับชม Live TV ไม่ได้-หน้าจอดำไม่แสดงภาพ | TrueIDTV-ปัญหารับช,รับชม Live TV ไม่ได้-ภาพและเสียงไม่ตรงกัน,TrueIDTV-ปัญหารับชม LiveTV,ขัดข้อง/เสีย,1
39,รับชม Live TV ไม่ได้-หน้าจอดำไม่แสดงภาพ | TrueIDTV-ปัญหารับช,รับชม Live TV ไม่ได้-มีภาพ-ไม่มีเสียง,TrueIDTV-ปัญหารับชม LiveTV,มีเสียงผิดปกติในตัวโมเด็ม,1
39,รับชม Live TV ไม่ได้-หน้าจอดำไม่แสดงภาพ | TrueIDTV-ปัญหารับช,รับชม Live TV ไม่ได้-ภาพเป็นเส้น/ภาพแตก,TrueIDTV-ปัญหารับชม LiveTV,wifi ของกล่องเสีย,1
39,รับชม Live TV ไม่ได้-หน้าจอดำไม่แสดงภาพ | TrueIDTV-ปัญหารับช,รับชม Live TV ไม่ได้-ภาพและเสียงไม่ตรงกัน,TrueIDTV-ปัญหารับชม LiveTV,คำสั่งเสียงไม่ทำงาน,1
39,รับชม Live TV ไม่ได้-หน้าจอดำไม่แสดงภาพ | TrueIDTV-ปัญหารับช,รับชม Live TV ไม่ได้-ภาพเป็นเส้น/ภาพแตก,TrueIDTV-ปัญหารับชม LiveTV,สายหัก/สายงอ/สายถูกดึงรั้ง,1
39,รับชม Live TV ไม่ได้-หน้าจอดำไม่แสดงภาพ | TrueIDTV-ปัญหารับช,รับชม Live TV ไม่ได้-หน้าจอดำไม่แสดงภาพ,TrueIDTV-ปัญหารับชม LiveTV,กล่องรับสัญญาณขัดข้อง (CA9/CA11),1
39,รับชม Live TV ไม่ได้-หน้าจอดำไม่แสดงภาพ | TrueIDTV-ปัญหารับช,รับชม Live TV ไม่ได้-ภาพกระตุก,TrueIDTV-ปัญหารับชม LiveTV,ไม่มีสัญญาณ CATV หรือ ค่า RF ไม่ได้ตามค่ามาตรฐาน,1
39,รับชม Live TV ไม่ได้-หน้าจอดำไม่แสดงภาพ | TrueIDTV-ปัญหารับช,รับชม Live TV ไม่ได้-ภาพค้าง/ภาพหมุน,TrueIDTV-ปัญหารับชม LiveTV,หลวม/แตกหัก,1
39,รับชม Live TV ไม่ได้-หน้าจอดำไม่แสดงภาพ | TrueIDTV-ปัญหารับช,รับชม Live TV ไม่แสดง Subtitle,TrueIDTV-ปัญหารับชม LiveTV,เหตุเสียใช้ได้ ก่อนช่างถึงบ้าน,1
39,รับชม Live TV ไม่ได้-หน้าจอดำไม่แสดงภาพ | TrueIDTV-ปัญหารับช,รับชม Live TV ไม่ได้-มีเสียง-ไม่มีภาพ,TrueIDTV-ปัญหารับชม LiveTV,Modemไม่ lock/ไม่ Synch/High Loss,1
39,รับชม Live TV ไม่ได้-หน้าจอดำไม่แสดงภาพ | TrueIDTV-ปัญหารับช,รับชม Live TV ไม่ได้-ภาพค้าง/ภาพหมุน,TrueIDTV-ปัญหารับชม LiveTV,ลูกค้าแจ้งขอยกเลิกบริการ,1
39,รับชม Live TV ไม่ได้-หน้าจอดำไม่แสดงภาพ | TrueIDTV-ปัญหารับช,รับชม Live TV ไม่ได้-ภาพค้าง/ภาพหมุน,TrueIDTV-ปัญหารับชม LiveTV,Area Manager เห็นชอบให้มีการเปลี่ยน CPE,1
39,รับชม Live TV ไม่ได้-หน้าจอดำไม่แสดงภาพ | TrueIDTV-ปัญหารับช,รับชม Live TV ไม่แสดง Subtitle,TrueIDTV-ปัญหารับชม LiveTV,ขัดข้อง/เสีย,1
39,รับชม Live TV ไม่ได้-หน้าจอดำไม่แสดงภาพ | TrueIDTV-ปัญหารับช,รับชม Live TV ไม่ได้-มีเสียง-ไม่มีภาพ,TrueIDTV-ปัญหารับชม LiveTV,ช่องรายการถูกล็อค(CA14),1
39,รับชม Live TV ไม่ได้-หน้าจอดำไม่แสดงภาพ | TrueIDTV-ปัญหารับช,รับชม Live TV ไม่ได้-ภาพค้าง/ภาพหมุน,TrueIDTV-ปัญหารับชม LiveTV,อัพเกรดอุปกรณ์,1
39,รับชม Live TV ไม่ได้-หน้าจอดำไม่แสดงภาพ | TrueIDTV-ปัญหารับช,รับชม Live TV ไม่ได้-Error C0002,TrueIDTV-ปัญหารับชม LiveTV,อุปกรณ์ลูกค้า TV/เครื่องเสียง/อุปกรณ์ Bluetooth,1
39,รับชม Live TV ไม่ได้-หน้าจอดำไม่แสดงภาพ | TrueIDTV-ปัญหารับช,รับชม Live TV ไม่ได้-ภาพเป็นเส้น/ภาพแตก,TrueIDTV-ปัญหารับชม LiveTV,Sync Speed ได้ แต่ Test Speed WIFI 5 GHz ไม่ได้ตาม Package,1
39,รับชม Live TV ไม่ได้-หน้าจอดำไม่แสดงภาพ | TrueIDTV-ปัญหารับช,รับชม Live TV ไม่ได้-หน้าจอดำไม่แสดงภาพ,TrueIDTV-ปัญหารับชม LiveTV,การไฟฟ้าย้ายแนว/จัดระเบียบสาย,1
39,รับชม Live TV ไม่ได้-หน้าจอดำไม่แสดงภาพ | TrueIDTV-ปัญหารับช,รับชม Live TV ไม่ได้-มีเสียง-ไม่มีภาพ,TrueIDTV-ปัญหารับชม LiveTV,กล่องรับสัญญาณขัดข้อง (E161),1
39,รับชม Live TV ไม่ได้-หน้าจอดำไม่แสดงภาพ | TrueIDTV-ปัญหารับช,รับชม Live TV ไม่ได้-หน้าจอดำไม่แสดงภาพ,TrueIDTV-ปัญหารับชม LiveTV,สั่งด้วยเสียไม่ได้ (กล่องเสีย),1
39,รับชม Live TV ไม่ได้-หน้าจอดำไม่แสดงภาพ | TrueIDTV-ปัญหารับช,รับชม Live TV ปัญหาการรับชม-ไม่มีภาพแสดงบางช่อง,TrueIDTV-ปัญหารับชม LiveTV,สั่งด้วยเสียไม่ได้ (กล่องเสีย),1
39,รับชม Live TV ไม่ได้-หน้าจอดำไม่แสดงภาพ | TrueIDTV-ปัญหารับช,รับชม Live TV ไม่ได้-ภาพกระตุก,TrueIDTV-ปัญหารับชม LiveTV,ไม่พบปัญหาการใช้งานแล้ว,1
39,รับชม Live TV ไม่ได้-หน้าจอดำไม่แสดงภาพ | TrueIDTV-ปัญหารับช,รับชม Live TV ไม่ได้-ภาพเป็นเส้น/ภาพแตก,TrueIDTV-ปัญหารับชม LiveTV,รถเกี่ยว,1
39,รับชม Live TV ไม่ได้-หน้าจอดำไม่แสดงภาพ | TrueIDTV-ปัญหารับช,รับชม Live TV ไม่ได้-ภาพค้าง/ภาพหมุน,TrueIDTV-ปัญหารับชม LiveTV,กล่องไม่อ่านการ์ด,1
39,รับชม Live TV ไม่ได้-หน้าจอดำไม่แสดงภาพ | TrueIDTV-ปัญหารับช,รับชม Live TV ไม่ได้-มีเสียง-ไม่มีภาพ,TrueIDTV-ปัญหารับชม LiveTV,ค่าสัญญาณดี ภาพค้าง/ ขาดหาย,1
39,รับชม Live TV ไม่ได้-หน้าจอดำไม่แสดงภาพ | TrueIDTV-ปัญหารับช,รับชม Live TV ไม่ได้-มีภาพ-ไม่มีเสียง,TrueIDTV-ปัญหารับชม LiveTV,หัวสายสำเร็จSC-APC เสีย,1
39,รับชม Live TV ไม่ได้-หน้าจอดำไม่แสดงภาพ | TrueIDTV-ปัญหารับช,รับชม Live TV ไม่ได้-ภาพกระตุก,TrueIDTV-ปัญหารับชม LiveTV,ค่าสัญญาณดี แต่พบภาพขาดหาย/ ภาพแตก/ เสียงขาดหาย,1
39,รับชม Live TV ไม่ได้-หน้าจอดำไม่แสดงภาพ | TrueIDTV-ปัญหารับช,รับชม Live TV ไม่ได้-ภาพค้าง/ภาพหมุน,TrueIDTV-ปัญหารับชม LiveTV,CONFIG.PARAMETER ไม่ถูกต้อง,1
39,รับชม Live TV ไม่ได้-หน้าจอดำไม่แสดงภาพ | TrueIDTV-ปัญหารับช,รับชม Live TV ไม่ได้-ภาพเป็นเส้น/ภาพแตก,TrueIDTV-ปัญหารับชม LiveTV,ไม่พบปัญหาการใช้งานแล้ว,1
39,รับชม Live TV ไม่ได้-หน้าจอดำไม่แสดงภาพ | TrueIDTV-ปัญหารับช,รับชม Live TV ไม่ได้-ภาพค้าง/ภาพหมุน,TrueIDTV-ปัญหารับชม LiveTV,สายขาด,1
39,รับชม Live TV ไม่ได้-หน้าจอดำไม่แสดงภาพ | TrueIDTV-ปัญหารับช,รับชม Live TV ไม่ได้-มีภาพ-ไม่มีเสียง,TrueIDTV-ปัญหารับชม LiveTV,ไม่พบปัญหาการใช้งานแล้ว,1
39,รับชม Live TV ไม่ได้-หน้าจอดำไม่แสดงภาพ | TrueIDTV-ปัญหารับช,รับชม Live TV ไม่ได้-ภาพและเสียงไม่ตรงกัน,TrueIDTV-ปัญหารับชม LiveTV,ค่าสัญญาณดี ไม่มีภาพ/ ไม่มีเสียง,1
39,รับชม Live TV ไม่ได้-หน้าจอดำไม่แสดงภาพ | TrueIDTV-ปัญหารับช,รับชม Live TV ไม่ได้-ภาพกระตุก,TrueIDTV-ปัญหารับชม LiveTV,Reboot,1
39,รับชม Live TV ไม่ได้-หน้าจอดำไม่แสดงภาพ | TrueIDTV-ปัญหารับช,รับชม Live TV ไม่ได้-ภาพกระตุก,TrueIDTV-ปัญหารับชม LiveTV,Port HDMI/AV/optical/usb เสีย,1
39,รับชม Live TV ไม่ได้-หน้าจอดำไม่แสดงภาพ | TrueIDTV-ปัญหารับช,รับชม Live TV ไม่ได้-ภาพเป็นเส้น/ภาพแตก,TrueIDTV-ปัญหารับชม LiveTV,ไม่มีสัญญาณ CATV หรือ ค่า RF ไม่ได้ตามค่ามาตรฐาน,1
39,รับชม Live TV ไม่ได้-หน้าจอดำไม่แสดงภาพ | TrueIDTV-ปัญหารับช,รับชม Live TV ไม่ได้-มีเสียง-ไม่มีภาพ,TrueIDTV-ปัญหารับชม LiveTV,ลูกค้าต้องการเปลี่ยน Modem,1
39,รับชม Live TV ไม่ได้-หน้าจอดำไม่แสดงภาพ | TrueIDTV-ปัญหารับช,รับชม Live TV ไม่ได้-Error ไม่มีสัญญาณอินเตอร์เน็ต,TrueIDTV-ปัญหารับชม LiveTV,Wi-fi 2.4G ไม่รองรับ Speed,1
39,รับชม Live TV ไม่ได้-หน้าจอดำไม่แสดงภาพ | TrueIDTV-ปัญหารับช,รับชม Live TV ไม่ได้-ภาพค้าง/ภาพหมุน,TrueIDTV-ปัญหารับชม LiveTV,Modem แตกหัก/สีผิดสภาพเดิม,1
39,รับชม Live TV ไม่ได้-หน้าจอดำไม่แสดงภาพ | TrueIDTV-ปัญหารับช,รับชม Live TV ปัญหาการรับชม-ไม่มีภาพแสดงบางช่อง,TrueIDTV-ปัญหารับชม LiveTV,ช่องรายการถูกล็อค(E016/E017),1
39,รับชม Live TV ไม่ได้-หน้าจอดำไม่แสดงภาพ | TrueIDTV-ปัญหารับช,รับชม Live TV ไม่ได้-มีภาพ-ไม่มีเสียง,TrueIDTV-ปัญหารับชม LiveTV,สั่งด้วยเสียไม่ได้ (กล่องเสีย),1
39,รับชม Live TV ไม่ได้-หน้าจอดำไม่แสดงภาพ | TrueIDTV-ปัญหารับช,รับชม Live TV ปัญหาการรับชม-ไม่มีภาพแสดงบางช่อง,TrueIDTV-ปัญหารับชม LiveTV,ทดสอบและอธิบายลูกค้า,1
39,รับชม Live TV ไม่ได้-หน้าจอดำไม่แสดงภาพ | TrueIDTV-ปัญหารับช,รับชม Live TV ไม่ได้-ภาพเป็นเส้น/ภาพแตก,TrueIDTV-ปัญหารับชม LiveTV,Modemไม่ lock/ไม่ Synch/High Loss,1
39,รับชม Live TV ไม่ได้-หน้าจอดำไม่แสดงภาพ | TrueIDTV-ปัญหารับช,รับชม Live TV ไม่ได้-ภาพและเสียงไม่ตรงกัน,TrueIDTV-ปัญหารับชม LiveTV,Port HDMI/AV/optical/usb เสีย,1
39,รับชม Live TV ไม่ได้-หน้าจอดำไม่แสดงภาพ | TrueIDTV-ปัญหารับช,รับชม Live TV ปัญหาการรับชม-ไม่มีภาพแสดงบางช่อง,TrueIDTV-ปัญหารับชม LiveTV,ลูกค้าต้องการเปลี่ยน Set Top Box,1
39,รับชม Live TV ไม่ได้-หน้าจอดำไม่แสดงภาพ | TrueIDTV-ปัญหารับช,รับชม Live TV ไม่แสดง Subtitle,TrueIDTV-ปัญหารับชม LiveTV,Monitor เหตุเสียครบตามเงื่อนไข,1
39,รับชม Live TV ไม่ได้-หน้าจอดำไม่แสดงภาพ | TrueIDTV-ปัญหารับช,รับชม Live TV ไม่ได้-ภาพเป็นเส้น/ภาพแตก,TrueIDTV-ปัญหารับชม LiveTV,เปลี่ยน process การทำงาน,1
39,รับชม Live TV ไม่ได้-หน้าจอดำไม่แสดงภาพ | TrueIDTV-ปัญหารับช,รับชม Live TV ไม่ได้-Error ไม่มีสัญญาณอินเตอร์เน็ต,TrueIDTV-ปัญหารับชม LiveTV,ลูกค้าใช้งาน Wi Fi ห่างจาก Modem,1
39,รับชม Live TV ไม่ได้-หน้าจอดำไม่แสดงภาพ | TrueIDTV-ปัญหารับช,รับชม Live TV ไม่ได้-ภาพและเสียงไม่ตรงกัน,TrueIDTV-ปัญหารับชม LiveTV,ค่าสัญญาณดี ภาพค้าง/ ขาดหาย,1
39,รับชม Live TV ไม่ได้-หน้าจอดำไม่แสดงภาพ | TrueIDTV-ปัญหารับช,รับชม Live TV ไม่ได้-ภาพค้าง/ภาพหมุน,TrueIDTV-ปัญหารับชม LiveTV,ระยะสาย Drop Wire ไกล,1
39,รับชม Live TV ไม่ได้-หน้าจอดำไม่แสดงภาพ | TrueIDTV-ปัญหารับช,รับชม Live TV ไม่ได้-Error ไม่มีสัญญาณอินเตอร์เน็ต,TrueIDTV-ปัญหารับชม LiveTV,รถเกี่ยว,1
40,โทรเข้าออกเงียบไม่มีสัญญาณ | โทรเข้า-ออก | ลูกค้าต้องการเปลี,เปลี่ยน Modem เนื่องจากสูญหาย,บริการหลังการขาย,ไฟไม่เข้า,43
40,โทรเข้าออกเงียบไม่มีสัญญาณ | โทรเข้า-ออก | ลูกค้าต้องการเปลี,เปลี่ยน Modem เนื่องจากสูญหาย,บริการหลังการขาย,สูญหาย,41
40,โทรเข้าออกเงียบไม่มีสัญญาณ | โทรเข้า-ออก | ลูกค้าต้องการเปลี,เปลี่ยน Modem เนื่องจากสูญหาย,บริการหลังการขาย,Ticket มีการระบุให้เปลี่ยนอุปกรณ์,28
40,โทรเข้าออกเงียบไม่มีสัญญาณ | โทรเข้า-ออก | ลูกค้าต้องการเปลี,ปัญหาการใช้งานของลูกค้า,เปิด Web ไม่ได้,ลูกค้าต้องการเปลี่ยน Modem,20
40,โทรเข้าออกเงียบไม่มีสัญญาณ | โทรเข้า-ออก | ลูกค้าต้องการเปลี,โทรเข้าออกเงียบไม่มีสัญญาณ,โทรเข้า-ออก,ลูกค้าต้องการเปลี่ยน Modem,18
40,โทรเข้าออกเงียบไม่มีสัญญาณ | โทรเข้า-ออก | ลูกค้าต้องการเปลี,อุปกรณ์ลูกค้า (device),ใช้งานบาง Program/App ไม่ได้,ลูกค้าต้องการเปลี่ยน Modem,13
40,โทรเข้าออกเงียบไม่มีสัญญาณ | โทรเข้า-ออก | ลูกค้าต้องการเปลี,เปลี่ยน Modem เนื่องจากสูญหาย,บริการหลังการขาย,ลูกค้าทำอุปกรณ์เสียหาย,13
40,โทรเข้าออกเงียบไม่มีสัญญาณ | โทรเข้า-ออก | ลูกค้าต้องการเปลี,เปลี่ยน Modem เนื่องจากสูญหาย,บริการหลังการขาย,การใช้งานของลูกค้า,12
40,โทรเข้าออกเงียบไม่มีสัญญาณ | โทรเข้า-ออก | ลูกค้าต้องการเปลี,เปลี่ยน Modem เนื่องจากสูญหาย,บริการหลังการขาย,ขัดข้อง/เสีย,9
40,โทรเข้าออกเงียบไม่มีสัญญาณ | โทรเข้า-ออก | ลูกค้าต้องการเปลี,เปลี่ยน Modem เนื่องจากสูญหาย,บริการหลังการขาย,สายหัก/สายงอ/สายถูกดึงรั้ง,8
40,โทรเข้าออกเงียบไม่มีสัญญาณ | โทรเข้า-ออก | ลูกค้าต้องการเปลี,เปลี่ยน Modem เนื่องจากสูญหาย,บริการหลังการขาย,ลูกค้าต้องการเปลี่ยน Modem,7
40,โทรเข้าออกเงียบไม่มีสัญญาณ | โทรเข้า-ออก | ลูกค้าต้องการเปลี,เปลี่ยน Modem เนื่องจากสูญหาย,บริการหลังการขาย,ส่งงานไม่ถูกต้อง,6
40,โทรเข้าออกเงียบไม่มีสัญญาณ | โทรเข้า-ออก | ลูกค้าต้องการเปลี,เปลี่ยน Modem เนื่องจากสูญหาย,บริการหลังการขาย,Monitor เหตุเสียครบตามเงื่อนไข,5
40,โทรเข้าออกเงียบไม่มีสัญญาณ | โทรเข้า-ออก | ลูกค้าต้องการเปลี,เปลี่ยน Modem เนื่องจากสูญหาย,บริการหลังการขาย,เหตุเสียใช้ได้ ก่อนช่างถึงบ้าน,4
40,โทรเข้าออกเงียบไม่มีสัญญาณ | โทรเข้า-ออก | ลูกค้าต้องการเปลี,เปลี่ยน Modem เนื่องจากสูญหาย,บริการหลังการขาย,Connect WiFi ไม่ได้/ไม่พบ SSID,4
40,โทรเข้าออกเงียบไม่มีสัญญาณ | โทรเข้า-ออก | ลูกค้าต้องการเปลี,เปลี่ยน Modem เนื่องจากสูญหาย,บริการหลังการขาย,Modemไม่ lock/ไม่ Synch/High Loss,3
40,โทรเข้าออกเงียบไม่มีสัญญาณ | โทรเข้า-ออก | ลูกค้าต้องการเปลี,เปลี่ยน Modem เนื่องจากสูญหาย,บริการหลังการขาย,ไม่ทราบสาเหตุ,3
40,โทรเข้าออกเงียบไม่มีสัญญาณ | โทรเข้า-ออก | ลูกค้าต้องการเปลี,เปลี่ยน Modem เนื่องจากสูญหาย,บริการหลังการขาย,Modem แตกหัก/สีผิดสภาพเดิม,3
40,โทรเข้าออกเงียบไม่มีสัญญาณ | โทรเข้า-ออก | ลูกค้าต้องการเปลี,อุปกรณ์ลูกค้า (device),เปิด Website ไม่ได้บาง Web,ลูกค้าต้องการเปลี่ยน Modem,3
40,โทรเข้าออกเงียบไม่มีสัญญาณ | โทรเข้า-ออก | ลูกค้าต้องการเปลี,โทรออกไม่ได้,โทรออก,ลูกค้าต้องการเปลี่ยน Modem,3
40,โทรเข้าออกเงียบไม่มีสัญญาณ | โทรเข้า-ออก | ลูกค้าต้องการเปลี,เปลี่ยน Modem เนื่องจากสูญหาย,บริการหลังการขาย,รถเกี่ยว,2
40,โทรเข้าออกเงียบไม่มีสัญญาณ | โทรเข้า-ออก | ลูกค้าต้องการเปลี,เปลี่ยน Modem เนื่องจากสูญหาย,บริการหลังการขาย,Switch on/off เสีย/ชำรุดแตกหัก,2
40,โทรเข้าออกเงียบไม่มีสัญญาณ | โทรเข้า-ออก | ลูกค้าต้องการเปลี,โทรออกสัญญาณสายไม่ว่าง,โทรออก,ลูกค้าต้องการเปลี่ยน Modem,2
40,โทรเข้าออกเงียบไม่มีสัญญาณ | โทรเข้า-ออก | ลูกค้าต้องการเปลี,มีสัญญาณแต่โทรเข้าไม่ได้,โทรเข้า,Modem ไม่รองรับ Package ลูกค้า,2
40,โทรเข้าออกเงียบไม่มีสัญญาณ | โทรเข้า-ออก | ลูกค้าต้องการเปลี,มีสัญญาณแต่โทรเข้า-ออกยาก,คุณภาพสัญญาน,ลูกค้าต้องการเปลี่ยน Modem,2
40,โทรเข้าออกเงียบไม่มีสัญญาณ | โทรเข้า-ออก | ลูกค้าต้องการเปลี,เปลี่ยน Modem เนื่องจากสูญหาย,บริการหลังการขาย,ลูกค้าเปลี่ยนใจ/ลูกค้าขอยกเลิกบริการเอง,2
40,โทรเข้าออกเงียบไม่มีสัญญาณ | โทรเข้า-ออก | ลูกค้าต้องการเปลี,เปลี่ยน Modem เนื่องจากสูญหาย,บริการหลังการขาย,เสาอากาศชำรุด,2
40,โทรเข้าออกเงียบไม่มีสัญญาณ | โทรเข้า-ออก | ลูกค้าต้องการเปลี,เปลี่ยน Modem เนื่องจากสูญหาย,บริการหลังการขาย,หัวสายสำเร็จSC-APC เสีย,2
40,โทรเข้าออกเงียบไม่มีสัญญาณ | โทรเข้า-ออก | ลูกค้าต้องการเปลี,เปลี่ยน Modem เนื่องจากสูญหาย,บริการหลังการขาย,ไม่พบปัญหาการใช้งานแล้ว,1
40,โทรเข้าออกเงียบไม่มีสัญญาณ | โทรเข้า-ออก | ลูกค้าต้องการเปลี,Proactive - เปลี่ยนModem และ ติดตั้ง OTT และยกเลิก DVB,บริการหลังการขาย,ขัดข้อง/เสีย,1
40,โทรเข้าออกเงียบไม่มีสัญญาณ | โทรเข้า-ออก | ลูกค้าต้องการเปลี,เปลี่ยน Modem เนื่องจากสูญหาย,บริการหลังการขาย,ทดสอบและอธิบายลูกค้า,1
40,โทรเข้าออกเงียบไม่มีสัญญาณ | โทรเข้า-ออก | ลูกค้าต้องการเปลี,เปลี่ยน Modem เนื่องจากสูญหาย,บริการหลังการขาย,หัวสายสำเร็จSC-APC หลวม /ไม่สนิท,1
40,โทรเข้าออกเงียบไม่มีสัญญาณ | โทรเข้า-ออก | ลูกค้าต้องการเปลี,Soft-X Unregistered,โทรเข้า-ออก,ลูกค้าต้องการเปลี่ยน Modem,1
40,โทรเข้าออกเงียบไม่มีสัญญาณ | โทรเข้า-ออก | ลูกค้าต้องการเปลี,เปลี่ยน Modem เนื่องจากสูญหาย,บริการหลังการขาย,CONFIG CHANGE,1
40,โทรเข้าออกเงียบไม่มีสัญญาณ | โทรเข้า-ออก | ลูกค้าต้องการเปลี,เปลี่ยน Modem เนื่องจากสูญหาย,บริการหลังการขาย,Reboot,1
40,โทรเข้าออกเงียบไม่มีสัญญาณ | โทรเข้า-ออก | ลูกค้าต้องการเปลี,เปลี่ยน Modem เนื่องจากสูญหาย,บริการหลังการขาย,ไฟไหม้,1
40,โทรเข้าออกเงียบไม่มีสัญญาณ | โทรเข้า-ออก | ลูกค้าต้องการเปลี,Set-top box หาย/ชำรุด (ยกเว้นค่าปรับ),บริการหลังการขาย,ลูกค้าต้องการเปลี่ยน Modem,1
40,โทรเข้าออกเงียบไม่มีสัญญาณ | โทรเข้า-ออก | ลูกค้าต้องการเปลี,ติดตั้ง Mesh เป็น AP(พร้อมเก็บAPกลับ),บริการหลังการขาย,ลูกค้าต้องการเปลี่ยน Modem,1
40,โทรเข้าออกเงียบไม่มีสัญญาณ | โทรเข้า-ออก | ลูกค้าต้องการเปลี,เปลี่ยน Modem เนื่องจากสูญหาย,แจ้งเสีย-Internet&Data,,1
40,โทรเข้าออกเงียบไม่มีสัญญาณ | โทรเข้า-ออก | ลูกค้าต้องการเปลี,เปลี่ยน Modem เนื่องจากสูญหาย,บริการหลังการขาย,ลูกค้าต้องการเปลี่ยน Set Top Box,1
40,โทรเข้าออกเงียบไม่มีสัญญาณ | โทรเข้า-ออก | ลูกค้าต้องการเปลี,ปัญหาระบบ,ใช้งาน Netflix ไม่ได้,ลูกค้าต้องการเปลี่ยน Modem,1
40,โทรเข้าออกเงียบไม่มีสัญญาณ | โทรเข้า-ออก | ลูกค้าต้องการเปลี,อุปกรณ์ลูกค้า (device),Internet ช้า,ลูกค้าต้องการเปลี่ยน Modem,1
40,โทรเข้าออกเงียบไม่มีสัญญาณ | โทรเข้า-ออก | ลูกค้าต้องการเปลี,ค่าสัญญาณดี แต่ใช้งาน Voice ไม่ได้,คุณภาพสัญญาน,ลูกค้าต้องการเปลี่ยน Modem,1
40,โทรเข้าออกเงียบไม่มีสัญญาณ | โทรเข้า-ออก | ลูกค้าต้องการเปลี,โทรออกมือถือไม่ได้,โทรออก,Modem ไม่รองรับ Package ลูกค้า,1
41,Proactive ensure Fault ค่าสัญญาณดี | Proactive | ไม่พบปัญหาก,Proactive ensure Fault ค่าสัญญาณดี,Proactive,ไม่พบปัญหาการใช้งานแล้ว,30203
41,Proactive ensure Fault ค่าสัญญาณดี | Proactive | ไม่พบปัญหาก,Proactive ensure Fault ค่าสัญญาณดี,Proactive,ลูกค้าไม่อยู่บ้าน,2358
41,Proactive ensure Fault ค่าสัญญาณดี | Proactive | ไม่พบปัญหาก,Proactive ensure Fault ค่าสัญญาณดี,Proactive,Auto close by BOT,860
41,Proactive ensure Fault ค่าสัญญาณดี | Proactive | ไม่พบปัญหาก,Proactive ensure Fault ค่าสัญญาณดี,Proactive,ลูกค้าแจ้งเสีย (เปิด Reactive Ticket),784
41,Proactive ensure Fault ค่าสัญญาณดี | Proactive | ไม่พบปัญหาก,Proactive ensure Fault ค่าสัญญาณดี,Proactive,การใช้งานของลูกค้า,608
41,Proactive ensure Fault ค่าสัญญาณดี | Proactive | ไม่พบปัญหาก,Proactive ensure Fault ค่าสัญญาณดี,Proactive,Monitor เหตุเสียครบตามเงื่อนไข,358
41,Proactive ensure Fault ค่าสัญญาณดี | Proactive | ไม่พบปัญหาก,Proactive ensure Fault ค่าสัญญาณดี,Proactive,CONFIG CHANGE,325
41,Proactive ensure Fault ค่าสัญญาณดี | Proactive | ไม่พบปัญหาก,Proactive ensure Fault ค่าสัญญาณดี,Proactive,ลูกค้าต้องการเปลี่ยน Modem,283
41,Proactive ensure Fault ค่าสัญญาณดี | Proactive | ไม่พบปัญหาก,Proactive ensure Fault ค่าสัญญาณดี,Proactive,Connect WiFi ไม่ได้/ไม่พบ SSID,262
41,Proactive ensure Fault ค่าสัญญาณดี | Proactive | ไม่พบปัญหาก,Proactive ensure Fault ค่าสัญญาณดี,Proactive,ขัดข้อง/เสีย,226
41,Proactive ensure Fault ค่าสัญญาณดี | Proactive | ไม่พบปัญหาก,Proactive ensure Fault ค่าสัญญาณดี,Proactive,เปลี่ยน process การทำงาน,224
41,Proactive ensure Fault ค่าสัญญาณดี | Proactive | ไม่พบปัญหาก,Proactive ensure Fault ค่าสัญญาณดี,Proactive,เหตุเสียใช้ได้ ก่อนช่างถึงบ้าน,219
41,Proactive ensure Fault ค่าสัญญาณดี | Proactive | ไม่พบปัญหาก,Proactive ensure Fault ค่าสัญญาณดี,Proactive,ลูกค้าเปลี่ยนใจ/ลูกค้าขอยกเลิกบริการเอง,171
41,Proactive ensure Fault ค่าสัญญาณดี | Proactive | ไม่พบปัญหาก,Proactive ensure Fault ค่าสัญญาณดี,Proactive,Reboot,159
41,Proactive ensure Fault ค่าสัญญาณดี | Proactive | ไม่พบปัญหาก,Proactive ensure Fault ค่าสัญญาณดี,Proactive,ไม่ทราบสาเหตุ,158
41,Proactive ensure Fault ค่าสัญญาณดี | Proactive | ไม่พบปัญหาก,Proactive ensure Fault ค่าสัญญาณดี,Proactive,ส่งงานไม่ถูกต้อง,136
41,Proactive ensure Fault ค่าสัญญาณดี | Proactive | ไม่พบปัญหาก,Proactive ensure Fault ค่าสัญญาณดี,Proactive,พบปัญหาใหม่,118
41,Proactive ensure Fault ค่าสัญญาณดี | Proactive | ไม่พบปัญหาก,Proactive ensure Fault ค่าสัญญาณดี,Proactive,Modemไม่ lock/ไม่ Synch/High Loss,85
41,Proactive ensure Fault ค่าสัญญาณดี | Proactive | ไม่พบปัญหาก,Proactive ensure Fault ค่าสัญญาณดี,Proactive,ไฟไม่เข้า,73
41,Proactive ensure Fault ค่าสัญญาณดี | Proactive | ไม่พบปัญหาก,Proactive ensure Fault ค่าสัญญาณดี,Proactive,Sync Speed ได้ แต่ Test Speed WIFI 5 GHz ไม่ได้ตาม Package,67
41,Proactive ensure Fault ค่าสัญญาณดี | Proactive | ไม่พบปัญหาก,Proactive ensure Fault ค่าสัญญาณดี,Proactive,ทดสอบและอธิบายลูกค้า,44
41,Proactive ensure Fault ค่าสัญญาณดี | Proactive | ไม่พบปัญหาก,Proactive ensure Fault ค่าสัญญาณดี,Proactive,สายหัก/สายงอ/สายถูกดึงรั้ง,30
41,Proactive ensure Fault ค่าสัญญาณดี | Proactive | ไม่พบปัญหาก,Proactive ensure Fault ค่าสัญญาณดี,Proactive,ลูกค้าแจ้งขอยกเลิกบริการ,28
41,Proactive ensure Fault ค่าสัญญาณดี | Proactive | ไม่พบปัญหาก,Proactive ensure Fault ค่าสัญญาณดี,Proactive,Sync Speed ได้ แต่ Test Speed LAN ไม่ได้ตาม Package,27
41,Proactive ensure Fault ค่าสัญญาณดี | Proactive | ไม่พบปัญหาก,Proactive ensure Fault ค่าสัญญาณดี,Proactive,Modem ไม่รองรับ Package ลูกค้า,27
41,Proactive ensure Fault ค่าสัญญาณดี | Proactive | ไม่พบปัญหาก,Proactive ensure Fault ค่าสัญญาณดี,Proactive,อุปกรณ์คืนค่าโรงงาน,26
41,Proactive ensure Fault ค่าสัญญาณดี | Proactive | ไม่พบปัญหาก,Proactive ensure Fault ค่าสัญญาณดี,Proactive,หัวสายสำเร็จSC-APC เสีย,18
41,Proactive ensure Fault ค่าสัญญาณดี | Proactive | ไม่พบปัญหาก,Proactive ensure Fault ค่าสัญญาณดี,Proactive,มีเสียงผิดปกติในตัวโมเด็ม,15
41,Proactive ensure Fault ค่าสัญญาณดี | Proactive | ไม่พบปัญหาก,Proactive ensure Fault ค่าสัญญาณดี,Proactive,Switch on/off เสีย/ชำรุดแตกหัก,12
41,Proactive ensure Fault ค่าสัญญาณดี | Proactive | ไม่พบปัญหาก,Proactive ensure Fault ค่าสัญญาณดี,Proactive,หัวสายสำเร็จSC-APC หลวม /ไม่สนิท,12
41,Proactive ensure Fault ค่าสัญญาณดี | Proactive | ไม่พบปัญหาก,Proactive ensure Fault ค่าสัญญาณดี,Proactive,ไม่ตรงรุ่น,10
41,Proactive ensure Fault ค่าสัญญาณดี | Proactive | ไม่พบปัญหาก,Proactive ensure Fault ค่าสัญญาณดี,Proactive,BUG FIRMWARE,9
41,Proactive ensure Fault ค่าสัญญาณดี | Proactive | ไม่พบปัญหาก,Proactive ensure Fault ค่าสัญญาณดี,Proactive,LAN เสีย,8
41,Proactive ensure Fault ค่าสัญญาณดี | Proactive | ไม่พบปัญหาก,Proactive ensure Fault ค่าสัญญาณดี,Proactive,Costomer Knowledge,8
41,Proactive ensure Fault ค่าสัญญาณดี | Proactive | ไม่พบปัญหาก,Proactive ensure Fault ค่าสัญญาณดี,Proactive,CONFIG.PARAMETER ไม่ถูกต้อง,8
41,Proactive ensure Fault ค่าสัญญาณดี | Proactive | ไม่พบปัญหาก,Proactive ensure Fault ค่าสัญญาณดี,Proactive,ข้อต่อหลวม ไม่ดี/ไม่สนิท,8
41,Proactive ensure Fault ค่าสัญญาณดี | Proactive | ไม่พบปัญหาก,Proactive ensure Fault ค่าสัญญาณดี,Proactive,Area Manager เห็นชอบให้มีการเปลี่ยน CPE,8
41,Proactive ensure Fault ค่าสัญญาณดี | Proactive | ไม่พบปัญหาก,Proactive ensure Fault ค่าสัญญาณดี,Proactive,Ticket มีการระบุให้เปลี่ยนอุปกรณ์,7
41,Proactive ensure Fault ค่าสัญญาณดี | Proactive | ไม่พบปัญหาก,Proactive ensure Fault ค่าสัญญาณดี,Proactive,พบปัญหาเดิม,7
41,Proactive ensure Fault ค่าสัญญาณดี | Proactive | ไม่พบปัญหาก,Proactive ensure Fault ค่าสัญญาณดี,Proactive,สายเสื่อมสภาพ,5
41,Proactive ensure Fault ค่าสัญญาณดี | Proactive | ไม่พบปัญหาก,Proactive ensure Fault ค่าสัญญาณดี,Proactive,ลูกค้าใช้งาน Wi Fi ห่างจาก Modem,5
41,Proactive ensure Fault ค่าสัญญาณดี | Proactive | ไม่พบปัญหาก,Proactive ensure Fault ค่าสัญญาณดี,Proactive,Sync Speed ได้ แต่ Test Speed WIFI 2.4 GHz ไม่ได้ตาม Package,5
41,Proactive ensure Fault ค่าสัญญาณดี | Proactive | ไม่พบปัญหาก,Proactive ensure Fault ค่าสัญญาณดี,Proactive,มีสัญญาณรบกวน WiFi สูง,5
41,Proactive ensure Fault ค่าสัญญาณดี | Proactive | ไม่พบปัญหาก,Proactive ensure Fault ค่าสัญญาณดี,Proactive,การไฟฟ้าย้ายแนว/จัดระเบียบสาย,4
41,Proactive ensure Fault ค่าสัญญาณดี | Proactive | ไม่พบปัญหาก,Proactive ensure Fault ค่าสัญญาณดี,Proactive,เทศบาลตัดแต่งต้นไม้,3
41,Proactive ensure Fault ค่าสัญญาณดี | Proactive | ไม่พบปัญหาก,Proactive ensure Fault ค่าสัญญาณดี,Proactive,พายุ,3
41,Proactive ensure Fault ค่าสัญญาณดี | Proactive | ไม่พบปัญหาก,Proactive ensure Fault ค่าสัญญาณดี,Proactive,Voice ไม่ติด (ไฟ Phone ไม่ติด),3
41,Proactive ensure Fault ค่าสัญญาณดี | Proactive | ไม่พบปัญหาก,Proactive ensure Fault ค่าสัญญาณดี,Proactive,Wi-fi 2.4G ไม่รองรับ Speed,3
41,Proactive ensure Fault ค่าสัญญาณดี | Proactive | ไม่พบปัญหาก,Proactive ensure Fault ค่าสัญญาณดี,Proactive,เสาอากาศชำรุด,3
41,Proactive ensure Fault ค่าสัญญาณดี | Proactive | ไม่พบปัญหาก,Proactive ensure Fault ค่าสัญญาณดี,Proactive,Modem แตกหัก/สีผิดสภาพเดิม,3
41,Proactive ensure Fault ค่าสัญญาณดี | Proactive | ไม่พบปัญหาก,Proactive ensure Fault ค่าสัญญาณดี,Proactive,มีค่า Loss สูง,3
41,Proactive ensure Fault ค่าสัญญาณดี | Proactive | ไม่พบปัญหาก,Proactive ensure Fault ค่าสัญญาณดี,Proactive,สูญหาย,2
41,Proactive ensure Fault ค่าสัญญาณดี | Proactive | ไม่พบปัญหาก,Proactive ensure Fault ค่าสัญญาณดี,Proactive,หัวสายสำเร็จSC-APC สกปรก,2
41,Proactive ensure Fault ค่าสัญญาณดี | Proactive | ไม่พบปัญหาก,Proactive ensure Fault ค่าสัญญาณดี,Proactive,สัญญาณ Wifi ไม่ครอบคลุม,2
41,Proactive ensure Fault ค่าสัญญาณดี | Proactive | ไม่พบปัญหาก,Proactive ensure Fault ค่าสัญญาณดี,Proactive,Mesh pair ไม่สำเร็จ,2
41,Proactive ensure Fault ค่าสัญญาณดี | Proactive | ไม่พบปัญหาก,Proactive ensure Fault ค่าสัญญาณดี,Proactive,ลูกค้าต้องการเปลี่ยน Mesh Wifi,2
41,Proactive ensure Fault ค่าสัญญาณดี | Proactive | ไม่พบปัญหาก,Proactive ensure Fault ค่าสัญญาณดี,Proactive,อุปกรณ์ Hang,2
41,Proactive ensure Fault ค่าสัญญาณดี | Proactive | ไม่พบปัญหาก,Proactive ensure Fault ค่าสัญญาณดี,Proactive,เหตุเสียภายใน 90 วัน,2
41,Proactive ensure Fault ค่าสัญญาณดี | Proactive | ไม่พบปัญหาก,Proactive ensure Fault ค่าสัญญาณดี,Proactive,Fault After Event,1
41,Proactive ensure Fault ค่าสัญญาณดี | Proactive | ไม่พบปัญหาก,Proactive ensure Fault ค่าสัญญาณดี,Proactive,หลวม/แตกหัก,1
41,Proactive ensure Fault ค่าสัญญาณดี | Proactive | ไม่พบปัญหาก,Proactive ensure Fault ค่าสัญญาณดี,Proactive,สกปรก,1
41,Proactive ensure Fault ค่าสัญญาณดี | Proactive | ไม่พบปัญหาก,Proactive ensure Fault ค่าสัญญาณดี,Proactive,รถเกี่ยว,1
41,Proactive ensure Fault ค่าสัญญาณดี | Proactive | ไม่พบปัญหาก,Proactive ensure Fault ค่าสัญญาณดี,Proactive,เสื่อมสภาพการใช้งาน,1
41,Proactive ensure Fault ค่าสัญญาณดี | Proactive | ไม่พบปัญหาก,Proactive ensure Fault ค่าสัญญาณดี,Proactive,สัตว์ (เช่น ลิง กระรอก ช้าง ),1
41,Proactive ensure Fault ค่าสัญญาณดี | Proactive | ไม่พบปัญหาก,Proactive ensure Fault ค่าสัญญาณดี,Proactive,ระยะสาย Drop Wire ไกล,1
41,Proactive ensure Fault ค่าสัญญาณดี | Proactive | ไม่พบปัญหาก,Proactive ensure Fault ค่าสัญญาณดี,Proactive,CONFIG CHANGE/BUG FIRMWARE,1
41,Proactive ensure Fault ค่าสัญญาณดี | Proactive | ไม่พบปัญหาก,Proactive ensure Fault ค่าสัญญาณดี,Proactive,Port เสีย,1
41,Proactive ensure Fault ค่าสัญญาณดี | Proactive | ไม่พบปัญหาก,Proactive ensure Fault ค่าสัญญาณดี,Proactive,หลอดไฟ LED Status เสีย,1
41,Proactive ensure Fault ค่าสัญญาณดี | Proactive | ไม่พบปัญหาก,Proactive ensure Fault ค่าสัญญาณดี,Proactive,ไม่มีสัญญาณ CATV หรือ ค่า RF ไม่ได้ตามค่ามาตรฐาน,1
41,Proactive ensure Fault ค่าสัญญาณดี | Proactive | ไม่พบปัญหาก,Proactive ensure Fault ค่าสัญญาณดี,Proactive,ลูกค้าต้องการเปลี่ยน TrueID TV Box,1
41,Proactive ensure Fault ค่าสัญญาณดี | Proactive | ไม่พบปัญหาก,Proactive ensure Fault ค่าสัญญาณดี,Proactive,Exp ดี - ลูกค้าไม่สะดวกให้ตรวจสอบ,1
42,ปัญหาเปิดกล่องแล้วจะ Reboot สัญญาณใหม่ | TrueIDTV-ปัญหารับชม,ปัญหาเปิดกล่องแล้วจะ Reboot สัญญาณใหม่,TrueIDTV-ปัญหารับชม LiveTV,การใช้งานของลูกค้า,392
42,ปัญหาเปิดกล่องแล้วจะ Reboot สัญญาณใหม่ | TrueIDTV-ปัญหารับชม,ปัญหาเปิดกล่องแล้วจะ Reboot สัญญาณใหม่,TrueIDTV-ปัญหารับชม LiveTV,อุปกรณ์ Hang,338
42,ปัญหาเปิดกล่องแล้วจะ Reboot สัญญาณใหม่ | TrueIDTV-ปัญหารับชม,ปัญหาเปิดกล่องแล้วจะ Reboot สัญญาณใหม่,TrueIDTV-ปัญหารับชม LiveTV,CONFIG CHANGE,187
42,ปัญหาเปิดกล่องแล้วจะ Reboot สัญญาณใหม่ | TrueIDTV-ปัญหารับชม,ปัญหาเปิดกล่องแล้วจะ Reboot สัญญาณใหม่,TrueIDTV-ปัญหารับชม LiveTV,ไฟไม่เข้า,168
42,ปัญหาเปิดกล่องแล้วจะ Reboot สัญญาณใหม่ | TrueIDTV-ปัญหารับชม,ปัญหาเปิดกล่องแล้วจะ Reboot สัญญาณใหม่,TrueIDTV-ปัญหารับชม LiveTV,ลูกค้าต้องการเปลี่ยน TrueID TV Box,146
42,ปัญหาเปิดกล่องแล้วจะ Reboot สัญญาณใหม่ | TrueIDTV-ปัญหารับชม,ปัญหาเปิดกล่องแล้วจะ Reboot สัญญาณใหม่,TrueIDTV-ปัญหารับชม LiveTV,เหตุเสียใช้ได้ ก่อนช่างถึงบ้าน,116
42,ปัญหาเปิดกล่องแล้วจะ Reboot สัญญาณใหม่ | TrueIDTV-ปัญหารับชม,ปัญหาเปิดกล่องแล้วจะ Reboot สัญญาณใหม่,TrueIDTV-ปัญหารับชม LiveTV,ขัดข้อง/เสีย,106
42,ปัญหาเปิดกล่องแล้วจะ Reboot สัญญาณใหม่ | TrueIDTV-ปัญหารับชม,ปัญหาเปิดกล่องแล้วจะ Reboot สัญญาณใหม่,TrueIDTV-ปัญหารับชม LiveTV,ลูกค้าเปลี่ยนใจ/ลูกค้าขอยกเลิกบริการเอง,74
42,ปัญหาเปิดกล่องแล้วจะ Reboot สัญญาณใหม่ | TrueIDTV-ปัญหารับชม,ปัญหาเปิดกล่องแล้วจะ Reboot สัญญาณใหม่,TrueIDTV-ปัญหารับชม LiveTV,อุปกรณ์คืนค่าโรงงาน,70
42,ปัญหาเปิดกล่องแล้วจะ Reboot สัญญาณใหม่ | TrueIDTV-ปัญหารับชม,ปัญหาเปิดกล่องแล้วจะ Reboot สัญญาณใหม่,TrueIDTV-ปัญหารับชม LiveTV,ค่าสัญญาณดี ภาพค้าง/ ขาดหาย,64
42,ปัญหาเปิดกล่องแล้วจะ Reboot สัญญาณใหม่ | TrueIDTV-ปัญหารับชม,ปัญหาเปิดกล่องแล้วจะ Reboot สัญญาณใหม่,TrueIDTV-ปัญหารับชม LiveTV,Remote ไม่ทำงาน,50
42,ปัญหาเปิดกล่องแล้วจะ Reboot สัญญาณใหม่ | TrueIDTV-ปัญหารับชม,ปัญหาเปิดกล่องแล้วจะ Reboot สัญญาณใหม่,TrueIDTV-ปัญหารับชม LiveTV,ค่าสัญญาณดี ไม่มีภาพ/ ไม่มีเสียง,34
42,ปัญหาเปิดกล่องแล้วจะ Reboot สัญญาณใหม่ | TrueIDTV-ปัญหารับชม,ปัญหาเปิดกล่องแล้วจะ Reboot สัญญาณใหม่,TrueIDTV-ปัญหารับชม LiveTV,Monitor เหตุเสียครบตามเงื่อนไข,34
42,ปัญหาเปิดกล่องแล้วจะ Reboot สัญญาณใหม่ | TrueIDTV-ปัญหารับชม,ปัญหาเปิดกล่องแล้วจะ Reboot สัญญาณใหม่,TrueIDTV-ปัญหารับชม LiveTV,ลูกค้าต้องการเปลี่ยน Hybrid Box,30
42,ปัญหาเปิดกล่องแล้วจะ Reboot สัญญาณใหม่ | TrueIDTV-ปัญหารับชม,ปัญหาเปิดกล่องแล้วจะ Reboot สัญญาณใหม่,TrueIDTV-ปัญหารับชม LiveTV,ไม่ทราบสาเหตุ,25
42,ปัญหาเปิดกล่องแล้วจะ Reboot สัญญาณใหม่ | TrueIDTV-ปัญหารับชม,ปัญหาเปิดกล่องแล้วจะ Reboot สัญญาณใหม่,TrueIDTV-ปัญหารับชม LiveTV,ทดสอบและอธิบายลูกค้า,23
42,ปัญหาเปิดกล่องแล้วจะ Reboot สัญญาณใหม่ | TrueIDTV-ปัญหารับชม,ปัญหาเปิดกล่องแล้วจะ Reboot สัญญาณใหม่,TrueIDTV-ปัญหารับชม LiveTV,wifi ของกล่องเสีย,19
42,ปัญหาเปิดกล่องแล้วจะ Reboot สัญญาณใหม่ | TrueIDTV-ปัญหารับชม,ปัญหาเปิดกล่องแล้วจะ Reboot สัญญาณใหม่,TrueIDTV-ปัญหารับชม LiveTV,ลูกค้าต้องการเปลี่ยน Set Top Box,17
42,ปัญหาเปิดกล่องแล้วจะ Reboot สัญญาณใหม่ | TrueIDTV-ปัญหารับชม,ปัญหาเปิดกล่องแล้วจะ Reboot สัญญาณใหม่,TrueIDTV-ปัญหารับชม LiveTV,BUG FIRMWARE,15
42,ปัญหาเปิดกล่องแล้วจะ Reboot สัญญาณใหม่ | TrueIDTV-ปัญหารับชม,ปัญหาเปิดกล่องแล้วจะ Reboot สัญญาณใหม่,TrueIDTV-ปัญหารับชม LiveTV,ส่งงานไม่ถูกต้อง,15
42,ปัญหาเปิดกล่องแล้วจะ Reboot สัญญาณใหม่ | TrueIDTV-ปัญหารับชม,ปัญหาเปิดกล่องแล้วจะ Reboot สัญญาณใหม่,TrueIDTV-ปัญหารับชม LiveTV,ไม่พบปัญหาการใช้งานแล้ว,12
42,ปัญหาเปิดกล่องแล้วจะ Reboot สัญญาณใหม่ | TrueIDTV-ปัญหารับชม,ปัญหาเปิดกล่องแล้วจะ Reboot สัญญาณใหม่,TrueIDTV-ปัญหารับชม LiveTV,เชื่อมต่อ Remote ไม่ได้ (กล่องเสีย),8
42,ปัญหาเปิดกล่องแล้วจะ Reboot สัญญาณใหม่ | TrueIDTV-ปัญหารับชม,ปัญหาเปิดกล่องแล้วจะ Reboot สัญญาณใหม่,TrueIDTV-ปัญหารับชม LiveTV,กล่องรับสัญญาณขัดข้อง (E161),6
42,ปัญหาเปิดกล่องแล้วจะ Reboot สัญญาณใหม่ | TrueIDTV-ปัญหารับชม,ปัญหาเปิดกล่องแล้วจะ Reboot สัญญาณใหม่,TrueIDTV-ปัญหารับชม LiveTV,Battery หมด/เสื่อม,6
42,ปัญหาเปิดกล่องแล้วจะ Reboot สัญญาณใหม่ | TrueIDTV-ปัญหารับชม,ปัญหาเปิดกล่องแล้วจะ Reboot สัญญาณใหม่,TrueIDTV-ปัญหารับชม LiveTV,ช่องรายการถูกล็อค(E016/E017),6
42,ปัญหาเปิดกล่องแล้วจะ Reboot สัญญาณใหม่ | TrueIDTV-ปัญหารับชม,ปัญหาเปิดกล่องแล้วจะ Reboot สัญญาณใหม่,TrueIDTV-ปัญหารับชม LiveTV,Port HDMI/AV/optical/usb เสีย,6
42,ปัญหาเปิดกล่องแล้วจะ Reboot สัญญาณใหม่ | TrueIDTV-ปัญหารับชม,ปัญหาเปิดกล่องแล้วจะ Reboot สัญญาณใหม่,TrueIDTV-ปัญหารับชม LiveTV,Reboot,5
42,ปัญหาเปิดกล่องแล้วจะ Reboot สัญญาณใหม่ | TrueIDTV-ปัญหารับชม,ปัญหาเปิดกล่องแล้วจะ Reboot สัญญาณใหม่,TrueIDTV-ปัญหารับชม LiveTV,ข้อต่อหลวม ไม่ดี/ไม่สนิท,5
42,ปัญหาเปิดกล่องแล้วจะ Reboot สัญญาณใหม่ | TrueIDTV-ปัญหารับชม,ปัญหาเปิดกล่องแล้วจะ Reboot สัญญาณใหม่,TrueIDTV-ปัญหารับชม LiveTV,Modemไม่ lock/ไม่ Synch/High Loss,4
42,ปัญหาเปิดกล่องแล้วจะ Reboot สัญญาณใหม่ | TrueIDTV-ปัญหารับชม,ปัญหาเปิดกล่องแล้วจะ Reboot สัญญาณใหม่,TrueIDTV-ปัญหารับชม LiveTV,อุปกรณ์ลูกค้า TV/เครื่องเสียง/อุปกรณ์ Bluetooth,4
42,ปัญหาเปิดกล่องแล้วจะ Reboot สัญญาณใหม่ | TrueIDTV-ปัญหารับชม,ปัญหาเปิดกล่องแล้วจะ Reboot สัญญาณใหม่,TrueIDTV-ปัญหารับชม LiveTV,เปลี่ยน process การทำงาน,4
42,ปัญหาเปิดกล่องแล้วจะ Reboot สัญญาณใหม่ | TrueIDTV-ปัญหารับชม,ปัญหาเปิดกล่องแล้วจะ Reboot สัญญาณใหม่,TrueIDTV-ปัญหารับชม LiveTV,Switch on/off เสีย/ชำรุดแตกหัก,4
42,ปัญหาเปิดกล่องแล้วจะ Reboot สัญญาณใหม่ | TrueIDTV-ปัญหารับชม,ปัญหาเปิดกล่องแล้วจะ Reboot สัญญาณใหม่,TrueIDTV-ปัญหารับชม LiveTV,คำสั่งเสียงไม่ทำงาน,4
42,ปัญหาเปิดกล่องแล้วจะ Reboot สัญญาณใหม่ | TrueIDTV-ปัญหารับชม,ปัญหาเปิดกล่องแล้วจะ Reboot สัญญาณใหม่,TrueIDTV-ปัญหารับชม LiveTV,Sync Speed ได้ แต่ Test Speed WIFI 5 GHz ไม่ได้ตาม Package,3
42,ปัญหาเปิดกล่องแล้วจะ Reboot สัญญาณใหม่ | TrueIDTV-ปัญหารับชม,เปลี่ยนกล่อง-update software version กล่อง ไม่สำเร็จ,แจ้งเสีย-TrueID TV,CONFIG CHANGE,3
42,ปัญหาเปิดกล่องแล้วจะ Reboot สัญญาณใหม่ | TrueIDTV-ปัญหารับชม,ปัญหาเปิดกล่องแล้วจะ Reboot สัญญาณใหม่,TrueIDTV-ปัญหารับชม LiveTV,หัวสายสำเร็จSC-APC หลวม /ไม่สนิท,3
42,ปัญหาเปิดกล่องแล้วจะ Reboot สัญญาณใหม่ | TrueIDTV-ปัญหารับชม,ปัญหาเปิดกล่องแล้วจะ Reboot สัญญาณใหม่,TrueIDTV-ปัญหารับชม LiveTV,ผรม ติดตั้งกล่องไม่สมบูรณ์,2
42,ปัญหาเปิดกล่องแล้วจะ Reboot สัญญาณใหม่ | TrueIDTV-ปัญหารับชม,ปัญหาเปิดกล่องแล้วจะ Reboot สัญญาณใหม่,TrueIDTV-ปัญหารับชม LiveTV,ลูกค้าต้องการเปลี่ยน Modem,2
42,ปัญหาเปิดกล่องแล้วจะ Reboot สัญญาณใหม่ | TrueIDTV-ปัญหารับชม,ปัญหาเปิดกล่องแล้วจะ Reboot สัญญาณใหม่,TrueIDTV-ปัญหารับชม LiveTV,ไม่มีสัญญาณ CATV หรือ ค่า RF ไม่ได้ตามค่ามาตรฐาน,2
42,ปัญหาเปิดกล่องแล้วจะ Reboot สัญญาณใหม่ | TrueIDTV-ปัญหารับชม,ปัญหาเปิดกล่องแล้วจะ Reboot สัญญาณใหม่,TrueIDTV-ปัญหารับชม LiveTV,เสื่อมสภาพการใช้งาน,2
42,ปัญหาเปิดกล่องแล้วจะ Reboot สัญญาณใหม่ | TrueIDTV-ปัญหารับชม,ปัญหาเปิดกล่องแล้วจะ Reboot สัญญาณใหม่,TrueIDTV-ปัญหารับชม LiveTV,สั่งด้วยเสียไม่ได้ (กล่องเสีย),2
42,ปัญหาเปิดกล่องแล้วจะ Reboot สัญญาณใหม่ | TrueIDTV-ปัญหารับชม,ปัญหาเปิดกล่องแล้วจะ Reboot สัญญาณใหม่,TrueIDTV-ปัญหารับชม LiveTV,Connect WiFi ไม่ได้/ไม่พบ SSID,2
42,ปัญหาเปิดกล่องแล้วจะ Reboot สัญญาณใหม่ | TrueIDTV-ปัญหารับชม,ปัญหาเปิดกล่องแล้วจะ Reboot สัญญาณใหม่,TrueIDTV-ปัญหารับชม LiveTV,รถเกี่ยว,2
42,ปัญหาเปิดกล่องแล้วจะ Reboot สัญญาณใหม่ | TrueIDTV-ปัญหารับชม,ปัญหาเปิดกล่องแล้วจะ Reboot สัญญาณใหม่,TrueIDTV-ปัญหารับชม LiveTV,เหตุเสียภายใน 90 วัน,2
42,ปัญหาเปิดกล่องแล้วจะ Reboot สัญญาณใหม่ | TrueIDTV-ปัญหารับชม,ปัญหาเปิดกล่องแล้วจะ Reboot สัญญาณใหม่,TrueIDTV-ปัญหารับชม LiveTV,สายหัก/สายงอ/สายถูกดึงรั้ง,2
42,ปัญหาเปิดกล่องแล้วจะ Reboot สัญญาณใหม่ | TrueIDTV-ปัญหารับชม,ปัญหาเปิดกล่องแล้วจะ Reboot สัญญาณใหม่,TrueIDTV-ปัญหารับชม LiveTV,Port Lan เสีย,2
42,ปัญหาเปิดกล่องแล้วจะ Reboot สัญญาณใหม่ | TrueIDTV-ปัญหารับชม,เปลี่ยนกล่อง-update software version กล่อง ไม่สำเร็จ,แจ้งเสีย-TrueID TV,ขัดข้อง/เสีย,1
42,ปัญหาเปิดกล่องแล้วจะ Reboot สัญญาณใหม่ | TrueIDTV-ปัญหารับชม,ปัญหาเปิดกล่องแล้วจะ Reboot สัญญาณใหม่,TrueIDTV-ปัญหารับชม LiveTV,อื่น ๆ,1
42,ปัญหาเปิดกล่องแล้วจะ Reboot สัญญาณใหม่ | TrueIDTV-ปัญหารับชม,เปลี่ยนกล่อง-update software version กล่อง ไม่สำเร็จ,แจ้งเสีย-TrueID TV,การใช้งานของลูกค้า,1
42,ปัญหาเปิดกล่องแล้วจะ Reboot สัญญาณใหม่ | TrueIDTV-ปัญหารับชม,ปัญหาเปิดกล่องแล้วจะ Reboot สัญญาณใหม่,TrueIDTV-ปัญหารับชม LiveTV,ลูกค้าแจ้งขอยกเลิกบริการ,1
42,ปัญหาเปิดกล่องแล้วจะ Reboot สัญญาณใหม่ | TrueIDTV-ปัญหารับชม,ปัญหาเปิดกล่องแล้วจะ Reboot สัญญาณใหม่,TrueIDTV-ปัญหารับชม LiveTV,หัวสายสำเร็จSC-APC เสีย,1
42,ปัญหาเปิดกล่องแล้วจะ Reboot สัญญาณใหม่ | TrueIDTV-ปัญหารับชม,ปัญหาเปิดกล่องแล้วจะ Reboot สัญญาณใหม่,TrueIDTV-ปัญหารับชม LiveTV,พบปัญหาใหม่,1
42,ปัญหาเปิดกล่องแล้วจะ Reboot สัญญาณใหม่ | TrueIDTV-ปัญหารับชม,ปัญหาเปิดกล่องแล้วจะ Reboot สัญญาณใหม่,TrueIDTV-ปัญหารับชม LiveTV,หลอดไฟ LED Status เสีย,1
42,ปัญหาเปิดกล่องแล้วจะ Reboot สัญญาณใหม่ | TrueIDTV-ปัญหารับชม,ปัญหาเปิดกล่องแล้วจะ Reboot สัญญาณใหม่,TrueIDTV-ปัญหารับชม LiveTV,สูญหาย,1
42,ปัญหาเปิดกล่องแล้วจะ Reboot สัญญาณใหม่ | TrueIDTV-ปัญหารับชม,ปัญหาเปิดกล่องแล้วจะ Reboot สัญญาณใหม่,TrueIDTV-ปัญหารับชม LiveTV,ลูกค้าใช้งาน Wi Fi ห่างจาก Modem,1
42,ปัญหาเปิดกล่องแล้วจะ Reboot สัญญาณใหม่ | TrueIDTV-ปัญหารับชม,ปัญหาเปิดกล่องแล้วจะ Reboot สัญญาณใหม่,TrueIDTV-ปัญหารับชม LiveTV,กล่องรับสัญญาณขัดข้อง (CA9/CA11),1
42,ปัญหาเปิดกล่องแล้วจะ Reboot สัญญาณใหม่ | TrueIDTV-ปัญหารับชม,ปัญหาระบบ,ใช้งานบาง Program/App ไม่ได้,ลูกค้าต้องการเปลี่ยน TrueID TV Box,1
42,ปัญหาเปิดกล่องแล้วจะ Reboot สัญญาณใหม่ | TrueIDTV-ปัญหารับชม,ปัญหาเปิดกล่องแล้วจะ Reboot สัญญาณใหม่,TrueIDTV-ปัญหารับชม LiveTV,ช่องรายการถูกล็อค(CA14),1
42,ปัญหาเปิดกล่องแล้วจะ Reboot สัญญาณใหม่ | TrueIDTV-ปัญหารับชม,ปัญหาเปิดกล่องแล้วจะ Reboot สัญญาณใหม่,TrueIDTV-ปัญหารับชม LiveTV,LAN เสีย,1
42,ปัญหาเปิดกล่องแล้วจะ Reboot สัญญาณใหม่ | TrueIDTV-ปัญหารับชม,เปลี่ยนกล่อง-update software version กล่อง ไม่สำเร็จ,แจ้งเสีย-TrueID TV,Switch on/off เสีย/ชำรุดแตกหัก,1
42,ปัญหาเปิดกล่องแล้วจะ Reboot สัญญาณใหม่ | TrueIDTV-ปัญหารับชม,ปัญหาเปิดกล่องแล้วจะ Reboot สัญญาณใหม่,TrueIDTV-ปัญหารับชม LiveTV,Sync Speed ได้ แต่ Test Speed WIFI 2.4 GHz ไม่ได้ตาม Package,1
42,ปัญหาเปิดกล่องแล้วจะ Reboot สัญญาณใหม่ | TrueIDTV-ปัญหารับชม,ปัญหาเปิดกล่องแล้วจะ Reboot สัญญาณใหม่,TrueIDTV-ปัญหารับชม LiveTV,Wi-fi 2.4G ไม่รองรับ Speed,1
42,ปัญหาเปิดกล่องแล้วจะ Reboot สัญญาณใหม่ | TrueIDTV-ปัญหารับชม,ปัญหาเปิดกล่องแล้วจะ Reboot สัญญาณใหม่,TrueIDTV-ปัญหารับชม LiveTV,อุปกรณ์ไม่รองรับ,1
42,ปัญหาเปิดกล่องแล้วจะ Reboot สัญญาณใหม่ | TrueIDTV-ปัญหารับชม,ปัญหาเปิดกล่องแล้วจะ Reboot สัญญาณใหม่,TrueIDTV-ปัญหารับชม LiveTV,CONFIG CHANGE/BUG FIRMWARE,1
42,ปัญหาเปิดกล่องแล้วจะ Reboot สัญญาณใหม่ | TrueIDTV-ปัญหารับชม,ปัญหาเปิดกล่องแล้วจะ Reboot สัญญาณใหม่,TrueIDTV-ปัญหารับชม LiveTV,Modem ไม่รองรับ Package ลูกค้า,1
42,ปัญหาเปิดกล่องแล้วจะ Reboot สัญญาณใหม่ | TrueIDTV-ปัญหารับชม,เปลี่ยนกล่อง-update software version กล่อง ไม่สำเร็จ,แจ้งเสีย-TrueID TV,ลูกค้าต้องการเปลี่ยน TrueID TV Box,1
42,ปัญหาเปิดกล่องแล้วจะ Reboot สัญญาณใหม่ | TrueIDTV-ปัญหารับชม,ปัญหาเปิดกล่องแล้วจะ Reboot สัญญาณใหม่,TrueIDTV-ปัญหารับชม LiveTV,Area Manager เห็นชอบให้มีการเปลี่ยน CPE,1
42,ปัญหาเปิดกล่องแล้วจะ Reboot สัญญาณใหม่ | TrueIDTV-ปัญหารับชม,ปัญหาเปิดกล่องแล้วจะ Reboot สัญญาณใหม่,TrueIDTV-ปัญหารับชม LiveTV,กล่องไม่อ่านการ์ด,1
43,สายโทรศัพท์ / สายไฟหย่อน | ข่ายสายตอนนอก-OSP | ทรูรับผิดชอบ,สายโทรศัพท์ / สายไฟหย่อน,ข่ายสายตอนนอก-OSP,ทรูรับผิดชอบ,1209
43,สายโทรศัพท์ / สายไฟหย่อน | ข่ายสายตอนนอก-OSP | ทรูรับผิดชอบ,อันตรายจากสายตกหย่อน,ข่ายสายตอนนอก-OSP,ทรูรับผิดชอบ,788
43,สายโทรศัพท์ / สายไฟหย่อน | ข่ายสายตอนนอก-OSP | ทรูรับผิดชอบ,ปัญหาเกี่ยวกับทรัพย์สินของ True,ข่ายสายตอนนอก-OSP,ทรูรับผิดชอบ,174
43,สายโทรศัพท์ / สายไฟหย่อน | ข่ายสายตอนนอก-OSP | ทรูรับผิดชอบ,สายโทรศัพท์ / สายไฟหย่อน,ข่ายสายตอนนอก-OSP,องค์กรอื่น (ไม่ใช่ทรู),123
43,สายโทรศัพท์ / สายไฟหย่อน | ข่ายสายตอนนอก-OSP | ทรูรับผิดชอบ,อันตรายจากสายตกหย่อน,ข่ายสายตอนนอก-OSP,องค์กรอื่น (ไม่ใช่ทรู),65
43,สายโทรศัพท์ / สายไฟหย่อน | ข่ายสายตอนนอก-OSP | ทรูรับผิดชอบ,อันตรายจากสายตกหย่อน,ข่ายสายตอนนอก-OSP,พบปัญหาใหม่,56
43,สายโทรศัพท์ / สายไฟหย่อน | ข่ายสายตอนนอก-OSP | ทรูรับผิดชอบ,สายโทรศัพท์ / สายไฟหย่อน,ข่ายสายตอนนอก-OSP,ลูกค้ารับผิดชอบ,42
43,สายโทรศัพท์ / สายไฟหย่อน | ข่ายสายตอนนอก-OSP | ทรูรับผิดชอบ,สายโทรศัพท์ / สายไฟหย่อน,ข่ายสายตอนนอก-OSP,เหตุเสียใช้ได้ ก่อนช่างถึงบ้าน,39
43,สายโทรศัพท์ / สายไฟหย่อน | ข่ายสายตอนนอก-OSP | ทรูรับผิดชอบ,สายโทรศัพท์ / สายไฟหย่อน,ข่ายสายตอนนอก-OSP,Monitor เหตุเสียครบตามเงื่อนไข,35
43,สายโทรศัพท์ / สายไฟหย่อน | ข่ายสายตอนนอก-OSP | ทรูรับผิดชอบ,สายโทรศัพท์ / สายไฟหย่อน,ข่ายสายตอนนอก-OSP,ไม่ทราบสาเหตุ,27
43,สายโทรศัพท์ / สายไฟหย่อน | ข่ายสายตอนนอก-OSP | ทรูรับผิดชอบ,ปัญหาเกี่ยวกับทรัพย์สินของ True,ข่ายสายตอนนอก-OSP,องค์กรอื่น (ไม่ใช่ทรู),25
43,สายโทรศัพท์ / สายไฟหย่อน | ข่ายสายตอนนอก-OSP | ทรูรับผิดชอบ,อันตรายจากสายตกหย่อน,ข่ายสายตอนนอก-OSP,ลูกค้ารับผิดชอบ,24
43,สายโทรศัพท์ / สายไฟหย่อน | ข่ายสายตอนนอก-OSP | ทรูรับผิดชอบ,อันตรายจากสายตกหย่อน,ข่ายสายตอนนอก-OSP,ไม่ทราบสาเหตุ,22
43,สายโทรศัพท์ / สายไฟหย่อน | ข่ายสายตอนนอก-OSP | ทรูรับผิดชอบ,อันตรายจากสายตกหย่อน,ข่ายสายตอนนอก-OSP,เหตุเสียใช้ได้ ก่อนช่างถึงบ้าน,20
43,สายโทรศัพท์ / สายไฟหย่อน | ข่ายสายตอนนอก-OSP | ทรูรับผิดชอบ,สายโทรศัพท์ / สายไฟหย่อน,ข่ายสายตอนนอก-OSP,ส่งงานไม่ถูกต้อง,16
43,สายโทรศัพท์ / สายไฟหย่อน | ข่ายสายตอนนอก-OSP | ทรูรับผิดชอบ,สายโทรศัพท์ / สายไฟหย่อน,ข่ายสายตอนนอก-OSP,Process,15
43,สายโทรศัพท์ / สายไฟหย่อน | ข่ายสายตอนนอก-OSP | ทรูรับผิดชอบ,สายโทรศัพท์ / สายไฟหย่อน,ข่ายสายตอนนอก-OSP,ลูกค้าเปลี่ยนใจ/ลูกค้าขอยกเลิกบริการเอง,13
43,สายโทรศัพท์ / สายไฟหย่อน | ข่ายสายตอนนอก-OSP | ทรูรับผิดชอบ,อันตรายจากสายตกหย่อน,ข่ายสายตอนนอก-OSP,Monitor เหตุเสียครบตามเงื่อนไข,10
43,สายโทรศัพท์ / สายไฟหย่อน | ข่ายสายตอนนอก-OSP | ทรูรับผิดชอบ,อันตรายจากสายตกหย่อน,ข่ายสายตอนนอก-OSP,ส่งงานไม่ถูกต้อง,9
43,สายโทรศัพท์ / สายไฟหย่อน | ข่ายสายตอนนอก-OSP | ทรูรับผิดชอบ,อันตรายจากสายตกหย่อน,ข่ายสายตอนนอก-OSP,ลูกค้าเปลี่ยนใจ/ลูกค้าขอยกเลิกบริการเอง,9
43,สายโทรศัพท์ / สายไฟหย่อน | ข่ายสายตอนนอก-OSP | ทรูรับผิดชอบ,สายโทรศัพท์ / สายไฟหย่อน,ข่ายสายตอนนอก-OSP,ไม่พบปัญหาการใช้งานแล้ว,9
43,สายโทรศัพท์ / สายไฟหย่อน | ข่ายสายตอนนอก-OSP | ทรูรับผิดชอบ,มีสัญญาณแต่โทรเข้า-ออกยาก,คุณภาพสัญญาน,การใช้งานของลูกค้า,9
43,สายโทรศัพท์ / สายไฟหย่อน | ข่ายสายตอนนอก-OSP | ทรูรับผิดชอบ,ปัญหาเกี่ยวกับทรัพย์สินของ True,ข่ายสายตอนนอก-OSP,ไม่ทราบสาเหตุ,7
43,สายโทรศัพท์ / สายไฟหย่อน | ข่ายสายตอนนอก-OSP | ทรูรับผิดชอบ,ปัญหาเกี่ยวกับทรัพย์สินของ True,ข่ายสายตอนนอก-OSP,ลูกค้ารับผิดชอบ,7
43,สายโทรศัพท์ / สายไฟหย่อน | ข่ายสายตอนนอก-OSP | ทรูรับผิดชอบ,ปัญหาเกี่ยวกับทรัพย์สินของ True,ข่ายสายตอนนอก-OSP,เหตุเสียใช้ได้ ก่อนช่างถึงบ้าน,7
43,สายโทรศัพท์ / สายไฟหย่อน | ข่ายสายตอนนอก-OSP | ทรูรับผิดชอบ,อันตรายจากสายตกหย่อน,ข่ายสายตอนนอก-OSP,ไม่พบปัญหาการใช้งานแล้ว,7
43,สายโทรศัพท์ / สายไฟหย่อน | ข่ายสายตอนนอก-OSP | ทรูรับผิดชอบ,อันตรายจากสายตกหย่อน,ข่ายสายตอนนอก-OSP,Process,6
43,สายโทรศัพท์ / สายไฟหย่อน | ข่ายสายตอนนอก-OSP | ทรูรับผิดชอบ,ติดตั้ง Smart Plug เนื่องจาก Network event,ข่ายสายตอนนอก-OSP,อยู่ระหว่างการแก้ไขเหตุเสีย Network Event,5
43,สายโทรศัพท์ / สายไฟหย่อน | ข่ายสายตอนนอก-OSP | ทรูรับผิดชอบ,ปัญหาเกี่ยวกับทรัพย์สินของ True,ข่ายสายตอนนอก-OSP,ส่งงานไม่ถูกต้อง,5
43,สายโทรศัพท์ / สายไฟหย่อน | ข่ายสายตอนนอก-OSP | ทรูรับผิดชอบ,ปัญหาเกี่ยวกับทรัพย์สินของ True,ข่ายสายตอนนอก-OSP,ไม่พบปัญหาการใช้งานแล้ว,4
43,สายโทรศัพท์ / สายไฟหย่อน | ข่ายสายตอนนอก-OSP | ทรูรับผิดชอบ,ติดตั้ง FWA เนื่องจาก Network event,ข่ายสายตอนนอก-OSP,อยู่ระหว่างการแก้ไขเหตุเสีย Network Event,4
43,สายโทรศัพท์ / สายไฟหย่อน | ข่ายสายตอนนอก-OSP | ทรูรับผิดชอบ,สายโทรศัพท์ / สายไฟหย่อน,ข่ายสายตอนนอก-OSP,ขัดข้อง/เสีย,3
43,สายโทรศัพท์ / สายไฟหย่อน | ข่ายสายตอนนอก-OSP | ทรูรับผิดชอบ,ปัญหาเกี่ยวกับทรัพย์สินของ True,ข่ายสายตอนนอก-OSP,Process,3
43,สายโทรศัพท์ / สายไฟหย่อน | ข่ายสายตอนนอก-OSP | ทรูรับผิดชอบ,ติดตั้ง Smart Plug เนื่องจาก Network event,ข่ายสายตอนนอก-OSP,ไม่ทราบสาเหตุ,3
43,สายโทรศัพท์ / สายไฟหย่อน | ข่ายสายตอนนอก-OSP | ทรูรับผิดชอบ,สายโทรศัพท์ / สายไฟหย่อน,ข่ายสายตอนนอก-OSP,สายหัก/สายงอ/สายถูกดึงรั้ง,3
43,สายโทรศัพท์ / สายไฟหย่อน | ข่ายสายตอนนอก-OSP | ทรูรับผิดชอบ,ติดตั้ง FWA เนื่องจาก Network event,ข่ายสายตอนนอก-OSP,แก้ไขเหตุเสีย Network Event แล้ว,2
43,สายโทรศัพท์ / สายไฟหย่อน | ข่ายสายตอนนอก-OSP | ทรูรับผิดชอบ,อันตรายจากสายตกหย่อน,ข่ายสายตอนนอก-OSP,ความเชี่ยวชาญในงาน,2
43,สายโทรศัพท์ / สายไฟหย่อน | ข่ายสายตอนนอก-OSP | ทรูรับผิดชอบ,สายโทรศัพท์ / สายไฟหย่อน,ข่ายสายตอนนอก-OSP,ทดสอบและอธิบายลูกค้า,1
43,สายโทรศัพท์ / สายไฟหย่อน | ข่ายสายตอนนอก-OSP | ทรูรับผิดชอบ,มีเสียงอื่นแทรกในสาย,คุณภาพสัญญาน,การใช้งานของลูกค้า,1
43,สายโทรศัพท์ / สายไฟหย่อน | ข่ายสายตอนนอก-OSP | ทรูรับผิดชอบ,สายโทรศัพท์ / สายไฟหย่อน,ข่ายสายตอนนอก-OSP,การไฟฟ้าย้ายแนว/จัดระเบียบสาย,1
43,สายโทรศัพท์ / สายไฟหย่อน | ข่ายสายตอนนอก-OSP | ทรูรับผิดชอบ,อันตรายจากสายตกหย่อน,ข่ายสายตอนนอก-OSP,เปลี่ยน process การทำงาน,1
43,สายโทรศัพท์ / สายไฟหย่อน | ข่ายสายตอนนอก-OSP | ทรูรับผิดชอบ,สายโทรศัพท์ / สายไฟหย่อน,ข่ายสายตอนนอก-OSP,พบปัญหาใหม่,1
43,สายโทรศัพท์ / สายไฟหย่อน | ข่ายสายตอนนอก-OSP | ทรูรับผิดชอบ,ติดตั้ง FWA เนื่องจาก Network event,ข่ายสายตอนนอก-OSP,Process,1
43,สายโทรศัพท์ / สายไฟหย่อน | ข่ายสายตอนนอก-OSP | ทรูรับผิดชอบ,ติดตั้ง Smart Plug เนื่องจาก Network event,ข่ายสายตอนนอก-OSP,ทดสอบและอธิบายลูกค้า,1
43,สายโทรศัพท์ / สายไฟหย่อน | ข่ายสายตอนนอก-OSP | ทรูรับผิดชอบ,ติดตั้ง Smart Plug เนื่องจาก Network event,ข่ายสายตอนนอก-OSP,ทรูรับผิดชอบ,1
43,สายโทรศัพท์ / สายไฟหย่อน | ข่ายสายตอนนอก-OSP | ทรูรับผิดชอบ,มีเสียงซ่าในสาย,คุณภาพสัญญาน,การใช้งานของลูกค้า,1
43,สายโทรศัพท์ / สายไฟหย่อน | ข่ายสายตอนนอก-OSP | ทรูรับผิดชอบ,ติดตั้ง FWA เนื่องจาก Network event,ข่ายสายตอนนอก-OSP,เหตุเสียใช้ได้ ก่อนช่างถึงบ้าน,1
43,สายโทรศัพท์ / สายไฟหย่อน | ข่ายสายตอนนอก-OSP | ทรูรับผิดชอบ,เก็บอุปกรณ์ FWA เนื่องจาก ปิดงาน Network event,ข่ายสายตอนนอก-OSP,แก้ไขเหตุเสีย Network Event แล้ว,1
43,สายโทรศัพท์ / สายไฟหย่อน | ข่ายสายตอนนอก-OSP | ทรูรับผิดชอบ,มีสัญญาณแต่โทรเข้า-ออกยาก,คุณภาพสัญญาน,เทศบาลตัดแต่งต้นไม้,1
43,สายโทรศัพท์ / สายไฟหย่อน | ข่ายสายตอนนอก-OSP | ทรูรับผิดชอบ,เก็บอุปกรณ์ Smart Plug เนื่องจาก ปิดงาน Network event,ข่ายสายตอนนอก-OSP,อยู่ระหว่างการแก้ไขเหตุเสีย Network Event,1
43,สายโทรศัพท์ / สายไฟหย่อน | ข่ายสายตอนนอก-OSP | ทรูรับผิดชอบ,สายโทรศัพท์ / สายไฟหย่อน,ข่ายสายตอนนอก-OSP,การใช้งานของลูกค้า,1
43,สายโทรศัพท์ / สายไฟหย่อน | ข่ายสายตอนนอก-OSP | ทรูรับผิดชอบ,ติดตั้ง Smart Plug เนื่องจาก Network event,ข่ายสายตอนนอก-OSP,เหตุเสียใช้ได้ ก่อนช่างถึงบ้าน,1
43,สายโทรศัพท์ / สายไฟหย่อน | ข่ายสายตอนนอก-OSP | ทรูรับผิดชอบ,ปัญหาเกี่ยวกับทรัพย์สินของ True,ข่ายสายตอนนอก-OSP,ลูกค้าเปลี่ยนใจ/ลูกค้าขอยกเลิกบริการเอง,1
43,สายโทรศัพท์ / สายไฟหย่อน | ข่ายสายตอนนอก-OSP | ทรูรับผิดชอบ,อันตรายจากสายตกหย่อน,ข่ายสายตอนนอก-OSP,สายหัก/สายงอ/สายถูกดึงรั้ง,1
43,สายโทรศัพท์ / สายไฟหย่อน | ข่ายสายตอนนอก-OSP | ทรูรับผิดชอบ,ติดตั้ง FWA เนื่องจาก Network event,ข่ายสายตอนนอก-OSP,ทรูรับผิดชอบ,1
43,สายโทรศัพท์ / สายไฟหย่อน | ข่ายสายตอนนอก-OSP | ทรูรับผิดชอบ,ปัญหาเกี่ยวกับทรัพย์สินของ True,ข่ายสายตอนนอก-OSP,Monitor เหตุเสียครบตามเงื่อนไข,1
43,สายโทรศัพท์ / สายไฟหย่อน | ข่ายสายตอนนอก-OSP | ทรูรับผิดชอบ,ติดตั้ง Smart Plug เนื่องจาก Network event,ข่ายสายตอนนอก-OSP,แก้ไขเหตุเสีย Network Event แล้ว,1
44,Proactive ensure Fault ค่าสัญญาณดี | Proactive | Sync Speed/,ขอบริการหลังการขาย-ช่าง App Line,บริการหลังการขาย,Sync Speed/RSSI ไม่ได้ WIFI ตาม Criteria /Low Signal 5 GHz,221
44,Proactive ensure Fault ค่าสัญญาณดี | Proactive | Sync Speed/,ไฟ Los ติด เป็นสีแดง,Internet เชื่อมต่อไม่ได้,Sync Speed/RSSI ไม่ได้ WIFI ตาม Criteria /Low Signal 5 GHz,205
44,Proactive ensure Fault ค่าสัญญาณดี | Proactive | Sync Speed/,ค่าสัญญาณไม่ดี,Internet เชื่อมต่อไม่ได้,Sync Speed/RSSI ไม่ได้ WIFI ตาม Criteria /Low Signal 5 GHz,192
44,Proactive ensure Fault ค่าสัญญาณดี | Proactive | Sync Speed/,ค่าสัญญาณไม่ดี,Internet หลุดบ่อย,Sync Speed/RSSI ไม่ได้ WIFI ตาม Criteria /Low Signal 5 GHz,163
44,Proactive ensure Fault ค่าสัญญาณดี | Proactive | Sync Speed/,ปัญหา WiFi,Internet หลุดบ่อย,Sync Speed/RSSI ไม่ได้ WIFI ตาม Criteria /Low Signal 5 GHz,157
44,Proactive ensure Fault ค่าสัญญาณดี | Proactive | Sync Speed/,Retention Fault,คุณภาพสัญญาน,Sync Speed/RSSI ไม่ได้ WIFI ตาม Criteria /Low Signal 5 GHz,134
44,Proactive ensure Fault ค่าสัญญาณดี | Proactive | Sync Speed/,ปัญหา WiFi,Internet ช้า,Sync Speed/RSSI ไม่ได้ WIFI ตาม Criteria /Low Signal 5 GHz,82
44,Proactive ensure Fault ค่าสัญญาณดี | Proactive | Sync Speed/,Proactive ensure Fault ค่าสัญญาณดี,Proactive,Sync Speed/RSSI ไม่ได้ WIFI ตาม Criteria /Low Signal 5 GHz,76
44,Proactive ensure Fault ค่าสัญญาณดี | Proactive | Sync Speed/,ค่าสัญญาณไม่ดี,Internet ช้า,Sync Speed/RSSI ไม่ได้ WIFI ตาม Criteria /Low Signal 5 GHz,74
44,Proactive ensure Fault ค่าสัญญาณดี | Proactive | Sync Speed/,Proactive monitor หลังปิดงานซ่อม,คุณภาพสัญญาน,Sync Speed/RSSI ไม่ได้ WIFI ตาม Criteria /Low Signal 5 GHz,61
44,Proactive ensure Fault ค่าสัญญาณดี | Proactive | Sync Speed/,ปัญหา Router,เปิด Web ไม่ได้,Sync Speed/RSSI ไม่ได้ WIFI ตาม Criteria /Low Signal 5 GHz,36
44,Proactive ensure Fault ค่าสัญญาณดี | Proactive | Sync Speed/,ปัญหา Router,Internet หลุดบ่อย,Sync Speed/RSSI ไม่ได้ WIFI ตาม Criteria /Low Signal 5 GHz,34
44,Proactive ensure Fault ค่าสัญญาณดี | Proactive | Sync Speed/,ไฟ Power ไม่ติด,Internet เชื่อมต่อไม่ได้,Sync Speed/RSSI ไม่ได้ WIFI ตาม Criteria /Low Signal 5 GHz,33
44,Proactive ensure Fault ค่าสัญญาณดี | Proactive | Sync Speed/,Proactive - PPPOE หลุดบ่อย,Proactive,Sync Speed/RSSI ไม่ได้ WIFI ตาม Criteria /Low Signal 5 GHz,29
44,Proactive ensure Fault ค่าสัญญาณดี | Proactive | Sync Speed/,Mesh Wifi ไฟไม่ติด,Internet เชื่อมต่อไม่ได้,Sync Speed/RSSI ไม่ได้ WIFI ตาม Criteria /Low Signal 5 GHz,27
44,Proactive ensure Fault ค่าสัญญาณดี | Proactive | Sync Speed/,ปัญหา Router,Internet ช้า,Sync Speed/RSSI ไม่ได้ WIFI ตาม Criteria /Low Signal 5 GHz,26
44,Proactive ensure Fault ค่าสัญญาณดี | Proactive | Sync Speed/,ปัญหาการใช้งานของลูกค้า,Internet ช้า,Sync Speed/RSSI ไม่ได้ WIFI ตาม Criteria /Low Signal 5 GHz,26
44,Proactive ensure Fault ค่าสัญญาณดี | Proactive | Sync Speed/,ขอบริการหลังการขาย-ช่าง App Line,บริการหลังการขาย,Sync Speed/RSSI ไม่ได้ WIFI ตาม Criteria /Low Signal 2.4 GHz,25
44,Proactive ensure Fault ค่าสัญญาณดี | Proactive | Sync Speed/,ค่าสัญญาณไม่ดี,Internet เชื่อมต่อไม่ได้,Sync Speed/RSSI ไม่ได้ WIFI ตาม Criteria /Low Signal 2.4 GHz,19
44,Proactive ensure Fault ค่าสัญญาณดี | Proactive | Sync Speed/,ไฟ Los ติด เป็นสีแดง,Internet เชื่อมต่อไม่ได้,Sync Speed/RSSI ไม่ได้ WIFI ตาม Criteria /Low Signal 2.4 GHz,19
44,Proactive ensure Fault ค่าสัญญาณดี | Proactive | Sync Speed/,ไฟ Los ดับ/ไฟ PON กระพริบ,Internet เชื่อมต่อไม่ได้,Sync Speed/RSSI ไม่ได้ WIFI ตาม Criteria /Low Signal 5 GHz,15
44,Proactive ensure Fault ค่าสัญญาณดี | Proactive | Sync Speed/,ค่าสัญญาณไม่ดี,เปิด Web ไม่ได้,Sync Speed/RSSI ไม่ได้ WIFI ตาม Criteria /Low Signal 5 GHz,15
44,Proactive ensure Fault ค่าสัญญาณดี | Proactive | Sync Speed/,ปัญหา WiFi,เปิด Web ไม่ได้,Sync Speed/RSSI ไม่ได้ WIFI ตาม Criteria /Low Signal 5 GHz,12
44,Proactive ensure Fault ค่าสัญญาณดี | Proactive | Sync Speed/,ปัญหาระบบ,ใช้งานบาง Program/App ไม่ได้,Sync Speed/RSSI ไม่ได้ WIFI ตาม Criteria /Low Signal 5 GHz,12
44,Proactive ensure Fault ค่าสัญญาณดี | Proactive | Sync Speed/,Proactive-Fiber broken,Proactive,Sync Speed/RSSI ไม่ได้ WIFI ตาม Criteria /Low Signal 5 GHz,11
44,Proactive ensure Fault ค่าสัญญาณดี | Proactive | Sync Speed/,Proactive monitor หลังปิดงานซ่อม,คุณภาพสัญญาน,Sync Speed/RSSI ไม่ได้ WIFI ตาม Criteria /Low Signal 2.4 GHz,9
44,Proactive ensure Fault ค่าสัญญาณดี | Proactive | Sync Speed/,Local Low Speed,แจ้งเสีย-WiFi,,9
44,Proactive ensure Fault ค่าสัญญาณดี | Proactive | Sync Speed/,ปัญหา WiFi,Internet หลุดบ่อย,Sync Speed/RSSI ไม่ได้ WIFI ตาม Criteria /Low Signal 2.4 GHz,7
44,Proactive ensure Fault ค่าสัญญาณดี | Proactive | Sync Speed/,ค่าสัญญาณไม่ดี,Internet หลุดบ่อย,Sync Speed/RSSI ไม่ได้ WIFI ตาม Criteria /Low Signal 2.4 GHz,7
44,Proactive ensure Fault ค่าสัญญาณดี | Proactive | Sync Speed/,ปัญหาการใช้งานของลูกค้า,Internet หลุดบ่อย,Sync Speed/RSSI ไม่ได้ WIFI ตาม Criteria /Low Signal 5 GHz,6
44,Proactive ensure Fault ค่าสัญญาณดี | Proactive | Sync Speed/,ปัญหาการใช้งานของลูกค้า,ใช้งานบาง Program/App ไม่ได้,Sync Speed/RSSI ไม่ได้ WIFI ตาม Criteria /Low Signal 5 GHz,5
44,Proactive ensure Fault ค่าสัญญาณดี | Proactive | Sync Speed/,Retention Fault,คุณภาพสัญญาน,Sync Speed/RSSI ไม่ได้ WIFI ตาม Criteria /Low Signal 2.4 GHz,5
44,Proactive ensure Fault ค่าสัญญาณดี | Proactive | Sync Speed/,ปัญหาการใช้งานของลูกค้า,เล่น Game Online ไม่ได้,Sync Speed/RSSI ไม่ได้ WIFI ตาม Criteria /Low Signal 5 GHz,5
44,Proactive ensure Fault ค่าสัญญาณดี | Proactive | Sync Speed/,ปัญหาการใช้งานของลูกค้า,เปิด Web ไม่ได้,Sync Speed/RSSI ไม่ได้ WIFI ตาม Criteria /Low Signal 5 GHz,5
44,Proactive ensure Fault ค่าสัญญาณดี | Proactive | Sync Speed/,Proactive ensure Fault ค่าสัญญาณดี,Proactive,Sync Speed/RSSI ไม่ได้ WIFI ตาม Criteria /Low Signal 2.4 GHz,4
44,Proactive ensure Fault ค่าสัญญาณดี | Proactive | Sync Speed/,Proactive-Fiber broken,Proactive,Sync Speed/RSSI ไม่ได้ WIFI ตาม Criteria /Low Signal 2.4 GHz,4
44,Proactive ensure Fault ค่าสัญญาณดี | Proactive | Sync Speed/,ไฟ PON ติดปกติ แต่ Userไม่ONLINE,Internet เชื่อมต่อไม่ได้,Sync Speed/RSSI ไม่ได้ WIFI ตาม Criteria /Low Signal 5 GHz,4
44,Proactive ensure Fault ค่าสัญญาณดี | Proactive | Sync Speed/,ค่าสัญญาณไม่ดี,เปิด Web ไม่ได้,Sync Speed/RSSI ไม่ได้ WIFI ตาม Criteria /Low Signal 2.4 GHz,4
44,Proactive ensure Fault ค่าสัญญาณดี | Proactive | Sync Speed/,ปัญหา WiFi,Internet ช้า,Sync Speed/RSSI ไม่ได้ WIFI ตาม Criteria /Low Signal 2.4 GHz,4
44,Proactive ensure Fault ค่าสัญญาณดี | Proactive | Sync Speed/,ค่าสัญญาณไม่ดี,Internet ช้า,Sync Speed/RSSI ไม่ได้ WIFI ตาม Criteria /Low Signal 2.4 GHz,4
44,Proactive ensure Fault ค่าสัญญาณดี | Proactive | Sync Speed/,ปัญหาระบบ,ใช้กล้องวงจรปิดไม่ได้,Sync Speed/RSSI ไม่ได้ WIFI ตาม Criteria /Low Signal 2.4 GHz,4
44,Proactive ensure Fault ค่าสัญญาณดี | Proactive | Sync Speed/,อุปกรณ์ลูกค้า (device),ใช้งานบาง Program/App ไม่ได้,Sync Speed/RSSI ไม่ได้ WIFI ตาม Criteria /Low Signal 5 GHz,3
44,Proactive ensure Fault ค่าสัญญาณดี | Proactive | Sync Speed/,ปัญหา Router,เปิด Web ไม่ได้,Sync Speed/RSSI ไม่ได้ WIFI ตาม Criteria /Low Signal 2.4 GHz,3
44,Proactive ensure Fault ค่าสัญญาณดี | Proactive | Sync Speed/,Mesh Wifi ไฟไม่ติด,Internet เชื่อมต่อไม่ได้,Sync Speed/RSSI ไม่ได้ WIFI ตาม Criteria /Low Signal 2.4 GHz,3
44,Proactive ensure Fault ค่าสัญญาณดี | Proactive | Sync Speed/,ภาพแตก /ภาพเป็นเส้น/ ภาพค้าง/ภาพมาๆ หายๆ,TVS-ปัญหาสัญญาณ,Sync Speed/RSSI ไม่ได้ WIFI ตาม Criteria /Low Signal 5 GHz,3
44,Proactive ensure Fault ค่าสัญญาณดี | Proactive | Sync Speed/,หน้าจอฟ้า/หน้าจอดำ,TVS-ปัญหาสัญญาณ,Sync Speed/RSSI ไม่ได้ WIFI ตาม Criteria /Low Signal 5 GHz,2
44,Proactive ensure Fault ค่าสัญญาณดี | Proactive | Sync Speed/,เปลี่ยน TrueID Gen2,บริการหลังการขาย,Sync Speed/RSSI ไม่ได้ WIFI ตาม Criteria /Low Signal 5 GHz,2
44,Proactive ensure Fault ค่าสัญญาณดี | Proactive | Sync Speed/,ปัญหาระบบ,ใช้งานบาง Program/App ไม่ได้,Sync Speed/RSSI ไม่ได้ WIFI ตาม Criteria /Low Signal 2.4 GHz,2
44,Proactive ensure Fault ค่าสัญญาณดี | Proactive | Sync Speed/,ปัญหา Router,Internet หลุดบ่อย,Sync Speed/RSSI ไม่ได้ WIFI ตาม Criteria /Low Signal 2.4 GHz,2
44,Proactive ensure Fault ค่าสัญญาณดี | Proactive | Sync Speed/,ปัญหาระบบ,เล่น Game Online ไม่ได้,Sync Speed/RSSI ไม่ได้ WIFI ตาม Criteria /Low Signal 5 GHz,2
44,Proactive ensure Fault ค่าสัญญาณดี | Proactive | Sync Speed/,2Gbps ปัญหา low speed,Internet ช้า,ขัดข้อง/เสีย,2
44,Proactive ensure Fault ค่าสัญญาณดี | Proactive | Sync Speed/,ปัญหาการใช้งานของลูกค้า,ใช้กล้องวงจรปิดไม่ได้,Sync Speed/RSSI ไม่ได้ WIFI ตาม Criteria /Low Signal 2.4 GHz,2
44,Proactive ensure Fault ค่าสัญญาณดี | Proactive | Sync Speed/,2Gbps ปัญหา low speed,Internet ช้า,,2
44,Proactive ensure Fault ค่าสัญญาณดี | Proactive | Sync Speed/,กล่อง Set top boxขัดข้อง,TVS-ปัญหาอุปกรณ์,Sync Speed/RSSI ไม่ได้ WIFI ตาม Criteria /Low Signal 5 GHz,2
44,Proactive ensure Fault ค่าสัญญาณดี | Proactive | Sync Speed/,ปัญหาการใช้งานของลูกค้า,ใช้กล้องวงจรปิดไม่ได้,Sync Speed/RSSI ไม่ได้ WIFI ตาม Criteria /Low Signal 5 GHz,1
44,Proactive ensure Fault ค่าสัญญาณดี | Proactive | Sync Speed/,2Gbps ปัญหา low speed,Internet ช้า,Modem ไม่รองรับ Package ลูกค้า,1
44,Proactive ensure Fault ค่าสัญญาณดี | Proactive | Sync Speed/,Set-top box หาย/ชำรุด,บริการหลังการขาย,Sync Speed/RSSI ไม่ได้ WIFI ตาม Criteria /Low Signal 5 GHz,1
44,Proactive ensure Fault ค่าสัญญาณดี | Proactive | Sync Speed/,Proactive WiFi หลุดบ่อย,Proactive,Sync Speed/RSSI ไม่ได้ WIFI ตาม Criteria /Low Signal 5 GHz,1
44,Proactive ensure Fault ค่าสัญญาณดี | Proactive | Sync Speed/,อุปกรณ์ลูกค้า (device),เปิด Website ไม่ได้บาง Web,Sync Speed/RSSI ไม่ได้ WIFI ตาม Criteria /Low Signal 5 GHz,1
44,Proactive ensure Fault ค่าสัญญาณดี | Proactive | Sync Speed/,Non TrueDDNS - ใช้งานกล้องวงจรปิดไม่ได้,Connectได้แต่มีปัญหา,Sync Speed/RSSI ไม่ได้ WIFI ตาม Criteria /Low Signal 2.4 GHz,1
44,Proactive ensure Fault ค่าสัญญาณดี | Proactive | Sync Speed/,ไฟ Los ดับ/ไฟ PON กระพริบ,Internet เชื่อมต่อไม่ได้,Sync Speed/RSSI ไม่ได้ WIFI ตาม Criteria /Low Signal 2.4 GHz,1
44,Proactive ensure Fault ค่าสัญญาณดี | Proactive | Sync Speed/,2Gbps ปัญหา low speed,Internet ช้า,ลูกค้าต้องการเปลี่ยน Modem,1
44,Proactive ensure Fault ค่าสัญญาณดี | Proactive | Sync Speed/,อุปกรณ์เปิดไม่ติด ไฟไม่เข้า,TrueIDTV-ปัญหาอุปกรณ์,Sync Speed/RSSI ไม่ได้ WIFI ตาม Criteria /Low Signal 5 GHz,1
44,Proactive ensure Fault ค่าสัญญาณดี | Proactive | Sync Speed/,ติดตั้ง Mesh เป็น AP(พร้อมเก็บAPกลับ),บริการหลังการขาย,Sync Speed/RSSI ไม่ได้ WIFI ตาม Criteria /Low Signal 5 GHz,1
44,Proactive ensure Fault ค่าสัญญาณดี | Proactive | Sync Speed/,ปัญหาการใช้งานของลูกค้า,ใช้งานบาง Program/App ไม่ได้,Sync Speed/RSSI ไม่ได้ WIFI ตาม Criteria /Low Signal 2.4 GHz,1
44,Proactive ensure Fault ค่าสัญญาณดี | Proactive | Sync Speed/,ER16: ไม่พบสัญญาณ,TVS-ปัญหาสัญญาณ,Sync Speed/RSSI ไม่ได้ WIFI ตาม Criteria /Low Signal 5 GHz,1
44,Proactive ensure Fault ค่าสัญญาณดี | Proactive | Sync Speed/,Proactive - PPPOE หลุดบ่อย,Proactive,Sync Speed/RSSI ไม่ได้ WIFI ตาม Criteria /Low Signal 2.4 GHz,1
44,Proactive ensure Fault ค่าสัญญาณดี | Proactive | Sync Speed/,ขอช่างเข้าซ่อม (กลุ่มลูกค้าร้องเรียน),IOT-ขอบริการงานช่าง,Sync Speed/RSSI ไม่ได้ WIFI ตาม Criteria /Low Signal 2.4 GHz,1
44,Proactive ensure Fault ค่าสัญญาณดี | Proactive | Sync Speed/,2Gbps ปัญหา low speed,Internet ช้า,Sync Speed/RSSI ไม่ได้ WIFI ตาม Criteria /Low Signal 5 GHz,1
44,Proactive ensure Fault ค่าสัญญาณดี | Proactive | Sync Speed/,ปัญหา WiFi,เปิด Web ไม่ได้,Sync Speed/RSSI ไม่ได้ WIFI ตาม Criteria /Low Signal 2.4 GHz,1
44,Proactive ensure Fault ค่าสัญญาณดี | Proactive | Sync Speed/,ภาพกระตุก ทุกช่อง/บางช่อง,TVS-ปัญหาสัญญาณ,Sync Speed/RSSI ไม่ได้ WIFI ตาม Criteria /Low Signal 5 GHz,1
44,Proactive ensure Fault ค่าสัญญาณดี | Proactive | Sync Speed/,Proactive-Burst speed,บริการหลังการขาย,Sync Speed/RSSI ไม่ได้ WIFI ตาม Criteria /Low Signal 5 GHz,1
44,Proactive ensure Fault ค่าสัญญาณดี | Proactive | Sync Speed/,ปัญหา Router,Internet ช้า,Sync Speed/RSSI ไม่ได้ WIFI ตาม Criteria /Low Signal 2.4 GHz,1
44,Proactive ensure Fault ค่าสัญญาณดี | Proactive | Sync Speed/,ปัญหาระบบ,เปิด Website ไม่ได้บาง Web,Sync Speed/RSSI ไม่ได้ WIFI ตาม Criteria /Low Signal 5 GHz,1
44,Proactive ensure Fault ค่าสัญญาณดี | Proactive | Sync Speed/,อุปกรณ์ลูกค้า (device),เล่น Game Online ไม่ได้,Sync Speed/RSSI ไม่ได้ WIFI ตาม Criteria /Low Signal 5 GHz,1
44,Proactive ensure Fault ค่าสัญญาณดี | Proactive | Sync Speed/,อุปกรณ์ลูกค้า (device),เปิด Web ไม่ได้,Sync Speed/RSSI ไม่ได้ WIFI ตาม Criteria /Low Signal 5 GHz,1
44,Proactive ensure Fault ค่าสัญญาณดี | Proactive | Sync Speed/,ไฟ Power ไม่ติด,Internet เชื่อมต่อไม่ได้,Sync Speed/RSSI ไม่ได้ WIFI ตาม Criteria /Low Signal 2.4 GHz,1
44,Proactive ensure Fault ค่าสัญญาณดี | Proactive | Sync Speed/,Proactive -monitor หลังปิดงาน Network event,Proactive,Sync Speed/RSSI ไม่ได้ WIFI ตาม Criteria /Low Signal 5 GHz,1
44,Proactive ensure Fault ค่าสัญญาณดี | Proactive | Sync Speed/,ปัญหาการใช้งานของลูกค้า,Internet หลุดบ่อย,Sync Speed/RSSI ไม่ได้ WIFI ตาม Criteria /Low Signal 2.4 GHz,1
44,Proactive ensure Fault ค่าสัญญาณดี | Proactive | Sync Speed/,Preventive Dropwire สายตกหย่อน,คุณภาพสัญญาน,Sync Speed/RSSI ไม่ได้ WIFI ตาม Criteria /Low Signal 5 GHz,1
45,ปัญหา Router | Internet ช้า | Wi-fi 2.4G ไม่รองรับ Speed,ขอบริการหลังการขาย-ช่าง App Line,บริการหลังการขาย,Sync Speed ได้ แต่ Test Speed WIFI 5 GHz ไม่ได้ตาม Package,214
45,ปัญหา Router | Internet ช้า | Wi-fi 2.4G ไม่รองรับ Speed,ค่าสัญญาณไม่ดี,Internet เชื่อมต่อไม่ได้,Sync Speed ได้ แต่ Test Speed WIFI 5 GHz ไม่ได้ตาม Package,203
45,ปัญหา Router | Internet ช้า | Wi-fi 2.4G ไม่รองรับ Speed,ไฟ Los ติด เป็นสีแดง,Internet เชื่อมต่อไม่ได้,Sync Speed ได้ แต่ Test Speed WIFI 5 GHz ไม่ได้ตาม Package,166
45,ปัญหา Router | Internet ช้า | Wi-fi 2.4G ไม่รองรับ Speed,ปัญหา WiFi,Internet หลุดบ่อย,Sync Speed ได้ แต่ Test Speed WIFI 5 GHz ไม่ได้ตาม Package,155
45,ปัญหา Router | Internet ช้า | Wi-fi 2.4G ไม่รองรับ Speed,Retention Fault,คุณภาพสัญญาน,Sync Speed ได้ แต่ Test Speed WIFI 5 GHz ไม่ได้ตาม Package,144
45,ปัญหา Router | Internet ช้า | Wi-fi 2.4G ไม่รองรับ Speed,ค่าสัญญาณไม่ดี,Internet หลุดบ่อย,Sync Speed ได้ แต่ Test Speed WIFI 5 GHz ไม่ได้ตาม Package,116
45,ปัญหา Router | Internet ช้า | Wi-fi 2.4G ไม่รองรับ Speed,ค่าสัญญาณไม่ดี,Internet ช้า,Sync Speed ได้ แต่ Test Speed WIFI 5 GHz ไม่ได้ตาม Package,114
45,ปัญหา Router | Internet ช้า | Wi-fi 2.4G ไม่รองรับ Speed,ปัญหา WiFi,Internet ช้า,Sync Speed ได้ แต่ Test Speed WIFI 5 GHz ไม่ได้ตาม Package,111
45,ปัญหา Router | Internet ช้า | Wi-fi 2.4G ไม่รองรับ Speed,Proactive monitor หลังปิดงานซ่อม,คุณภาพสัญญาน,Sync Speed ได้ แต่ Test Speed WIFI 5 GHz ไม่ได้ตาม Package,81
45,ปัญหา Router | Internet ช้า | Wi-fi 2.4G ไม่รองรับ Speed,ขอบริการหลังการขาย-ช่าง App Line,บริการหลังการขาย,Sync Speed ได้ แต่ Test Speed LAN ไม่ได้ตาม Package,69
45,ปัญหา Router | Internet ช้า | Wi-fi 2.4G ไม่รองรับ Speed,ขอบริการหลังการขาย-ช่าง App Line,บริการหลังการขาย,Sync Speed ได้ แต่ Test Speed WIFI 2.4 GHz ไม่ได้ตาม Package,64
45,ปัญหา Router | Internet ช้า | Wi-fi 2.4G ไม่รองรับ Speed,ไฟ Los ติด เป็นสีแดง,Internet เชื่อมต่อไม่ได้,Sync Speed ได้ แต่ Test Speed LAN ไม่ได้ตาม Package,53
45,ปัญหา Router | Internet ช้า | Wi-fi 2.4G ไม่รองรับ Speed,ค่าสัญญาณไม่ดี,Internet เชื่อมต่อไม่ได้,Sync Speed ได้ แต่ Test Speed LAN ไม่ได้ตาม Package,48
45,ปัญหา Router | Internet ช้า | Wi-fi 2.4G ไม่รองรับ Speed,ค่าสัญญาณไม่ดี,Internet เชื่อมต่อไม่ได้,Sync Speed ได้ แต่ Test Speed WIFI 2.4 GHz ไม่ได้ตาม Package,41
45,ปัญหา Router | Internet ช้า | Wi-fi 2.4G ไม่รองรับ Speed,ไฟ Los ติด เป็นสีแดง,Internet เชื่อมต่อไม่ได้,Sync Speed ได้ แต่ Test Speed WIFI 2.4 GHz ไม่ได้ตาม Package,40
45,ปัญหา Router | Internet ช้า | Wi-fi 2.4G ไม่รองรับ Speed,ปัญหา WiFi,Internet หลุดบ่อย,Sync Speed ได้ แต่ Test Speed LAN ไม่ได้ตาม Package,35
45,ปัญหา Router | Internet ช้า | Wi-fi 2.4G ไม่รองรับ Speed,ค่าสัญญาณไม่ดี,Internet หลุดบ่อย,Sync Speed ได้ แต่ Test Speed LAN ไม่ได้ตาม Package,32
45,ปัญหา Router | Internet ช้า | Wi-fi 2.4G ไม่รองรับ Speed,ปัญหา WiFi,Internet ช้า,Sync Speed ได้ แต่ Test Speed LAN ไม่ได้ตาม Package,32
45,ปัญหา Router | Internet ช้า | Wi-fi 2.4G ไม่รองรับ Speed,Retention Fault,คุณภาพสัญญาน,Sync Speed ได้ แต่ Test Speed LAN ไม่ได้ตาม Package,31
45,ปัญหา Router | Internet ช้า | Wi-fi 2.4G ไม่รองรับ Speed,Retention Fault,คุณภาพสัญญาน,Sync Speed ได้ แต่ Test Speed WIFI 2.4 GHz ไม่ได้ตาม Package,30
45,ปัญหา Router | Internet ช้า | Wi-fi 2.4G ไม่รองรับ Speed,Mesh Wifi ไฟไม่ติด,Internet เชื่อมต่อไม่ได้,Sync Speed ได้ แต่ Test Speed WIFI 5 GHz ไม่ได้ตาม Package,29
45,ปัญหา Router | Internet ช้า | Wi-fi 2.4G ไม่รองรับ Speed,ค่าสัญญาณไม่ดี,Internet ช้า,Sync Speed ได้ แต่ Test Speed LAN ไม่ได้ตาม Package,29
45,ปัญหา Router | Internet ช้า | Wi-fi 2.4G ไม่รองรับ Speed,ปัญหา Router,Internet ช้า,Sync Speed ได้ แต่ Test Speed WIFI 5 GHz ไม่ได้ตาม Package,29
45,ปัญหา Router | Internet ช้า | Wi-fi 2.4G ไม่รองรับ Speed,ปัญหา Router,Internet หลุดบ่อย,Sync Speed ได้ แต่ Test Speed WIFI 5 GHz ไม่ได้ตาม Package,27
45,ปัญหา Router | Internet ช้า | Wi-fi 2.4G ไม่รองรับ Speed,ไฟ Power ไม่ติด,Internet เชื่อมต่อไม่ได้,Sync Speed ได้ แต่ Test Speed WIFI 5 GHz ไม่ได้ตาม Package,27
45,ปัญหา Router | Internet ช้า | Wi-fi 2.4G ไม่รองรับ Speed,ปัญหา Router,เปิด Web ไม่ได้,Sync Speed ได้ แต่ Test Speed WIFI 5 GHz ไม่ได้ตาม Package,24
45,ปัญหา Router | Internet ช้า | Wi-fi 2.4G ไม่รองรับ Speed,ค่าสัญญาณไม่ดี,Internet หลุดบ่อย,Sync Speed ได้ แต่ Test Speed WIFI 2.4 GHz ไม่ได้ตาม Package,23
45,ปัญหา Router | Internet ช้า | Wi-fi 2.4G ไม่รองรับ Speed,Retention Fault,คุณภาพสัญญาน,Wi-fi 2.4G ไม่รองรับ Speed,23
45,ปัญหา Router | Internet ช้า | Wi-fi 2.4G ไม่รองรับ Speed,Proactive monitor หลังปิดงานซ่อม,คุณภาพสัญญาน,Sync Speed ได้ แต่ Test Speed WIFI 2.4 GHz ไม่ได้ตาม Package,23
45,ปัญหา Router | Internet ช้า | Wi-fi 2.4G ไม่รองรับ Speed,ปัญหาการใช้งานของลูกค้า,Internet ช้า,Sync Speed ได้ แต่ Test Speed WIFI 5 GHz ไม่ได้ตาม Package,19
45,ปัญหา Router | Internet ช้า | Wi-fi 2.4G ไม่รองรับ Speed,ปัญหา WiFi,Internet หลุดบ่อย,Sync Speed ได้ แต่ Test Speed WIFI 2.4 GHz ไม่ได้ตาม Package,19
45,ปัญหา Router | Internet ช้า | Wi-fi 2.4G ไม่รองรับ Speed,ปัญหา Router,Internet ช้า,Sync Speed ได้ แต่ Test Speed LAN ไม่ได้ตาม Package,16
45,ปัญหา Router | Internet ช้า | Wi-fi 2.4G ไม่รองรับ Speed,Proactive-Fiber broken,Proactive,Sync Speed ได้ แต่ Test Speed WIFI 2.4 GHz ไม่ได้ตาม Package,14
45,ปัญหา Router | Internet ช้า | Wi-fi 2.4G ไม่รองรับ Speed,ปัญหาระบบ,ใช้งานบาง Program/App ไม่ได้,Sync Speed ได้ แต่ Test Speed WIFI 5 GHz ไม่ได้ตาม Package,13
45,ปัญหา Router | Internet ช้า | Wi-fi 2.4G ไม่รองรับ Speed,ปัญหา WiFi,Internet ช้า,Sync Speed ได้ แต่ Test Speed WIFI 2.4 GHz ไม่ได้ตาม Package,13
45,ปัญหา Router | Internet ช้า | Wi-fi 2.4G ไม่รองรับ Speed,Proactive-Fiber broken,Proactive,Sync Speed ได้ แต่ Test Speed WIFI 5 GHz ไม่ได้ตาม Package,12
45,ปัญหา Router | Internet ช้า | Wi-fi 2.4G ไม่รองรับ Speed,ปัญหา Router,Internet หลุดบ่อย,Sync Speed ได้ แต่ Test Speed LAN ไม่ได้ตาม Package,11
45,ปัญหา Router | Internet ช้า | Wi-fi 2.4G ไม่รองรับ Speed,Proactive-Fiber broken,Proactive,Sync Speed ได้ แต่ Test Speed LAN ไม่ได้ตาม Package,11
45,ปัญหา Router | Internet ช้า | Wi-fi 2.4G ไม่รองรับ Speed,ปัญหา Router,Internet ช้า,Wi-fi 2.4G ไม่รองรับ Speed,10
45,ปัญหา Router | Internet ช้า | Wi-fi 2.4G ไม่รองรับ Speed,ปัญหา Router,เปิด Web ไม่ได้,Sync Speed ได้ แต่ Test Speed WIFI 2.4 GHz ไม่ได้ตาม Package,10
45,ปัญหา Router | Internet ช้า | Wi-fi 2.4G ไม่รองรับ Speed,ปัญหา WiFi,เปิด Web ไม่ได้,Sync Speed ได้ แต่ Test Speed WIFI 5 GHz ไม่ได้ตาม Package,9
45,ปัญหา Router | Internet ช้า | Wi-fi 2.4G ไม่รองรับ Speed,ไฟ Los ดับ/ไฟ PON กระพริบ,Internet เชื่อมต่อไม่ได้,Sync Speed ได้ แต่ Test Speed WIFI 5 GHz ไม่ได้ตาม Package,9
45,ปัญหา Router | Internet ช้า | Wi-fi 2.4G ไม่รองรับ Speed,Mesh Wifi ไฟไม่ติด,Internet เชื่อมต่อไม่ได้,Sync Speed ได้ แต่ Test Speed LAN ไม่ได้ตาม Package,9
45,ปัญหา Router | Internet ช้า | Wi-fi 2.4G ไม่รองรับ Speed,ค่าสัญญาณไม่ดี,Internet ช้า,Sync Speed ได้ แต่ Test Speed WIFI 2.4 GHz ไม่ได้ตาม Package,9
45,ปัญหา Router | Internet ช้า | Wi-fi 2.4G ไม่รองรับ Speed,ไฟ Power ไม่ติด,Internet เชื่อมต่อไม่ได้,Sync Speed ได้ แต่ Test Speed LAN ไม่ได้ตาม Package,9
45,ปัญหา Router | Internet ช้า | Wi-fi 2.4G ไม่รองรับ Speed,ปัญหา Router,เปิด Web ไม่ได้,Sync Speed ได้ แต่ Test Speed LAN ไม่ได้ตาม Package,8
45,ปัญหา Router | Internet ช้า | Wi-fi 2.4G ไม่รองรับ Speed,Proactive - PPPOE หลุดบ่อย,Proactive,Sync Speed ได้ แต่ Test Speed WIFI 5 GHz ไม่ได้ตาม Package,7
45,ปัญหา Router | Internet ช้า | Wi-fi 2.4G ไม่รองรับ Speed,ค่าสัญญาณไม่ดี,เปิด Web ไม่ได้,Sync Speed ได้ แต่ Test Speed LAN ไม่ได้ตาม Package,7
45,ปัญหา Router | Internet ช้า | Wi-fi 2.4G ไม่รองรับ Speed,ปัญหาการใช้งานของลูกค้า,Internet ช้า,Sync Speed ได้ แต่ Test Speed LAN ไม่ได้ตาม Package,6
45,ปัญหา Router | Internet ช้า | Wi-fi 2.4G ไม่รองรับ Speed,ค่าสัญญาณไม่ดี,เปิด Web ไม่ได้,Sync Speed ได้ แต่ Test Speed WIFI 5 GHz ไม่ได้ตาม Package,6
45,ปัญหา Router | Internet ช้า | Wi-fi 2.4G ไม่รองรับ Speed,ปัญหา Router,Internet หลุดบ่อย,Sync Speed ได้ แต่ Test Speed WIFI 2.4 GHz ไม่ได้ตาม Package,5
45,ปัญหา Router | Internet ช้า | Wi-fi 2.4G ไม่รองรับ Speed,ภาพแตก /ภาพเป็นเส้น/ ภาพค้าง/ภาพมาๆ หายๆ,TVS-ปัญหาสัญญาณ,Sync Speed ได้ แต่ Test Speed WIFI 5 GHz ไม่ได้ตาม Package,4
45,ปัญหา Router | Internet ช้า | Wi-fi 2.4G ไม่รองรับ Speed,ปัญหา Router,Internet ช้า,Sync Speed ได้ แต่ Test Speed WIFI 2.4 GHz ไม่ได้ตาม Package,4
45,ปัญหา Router | Internet ช้า | Wi-fi 2.4G ไม่รองรับ Speed,กล่อง Set top boxขัดข้อง,TVS-ปัญหาอุปกรณ์,Sync Speed ได้ แต่ Test Speed WIFI 5 GHz ไม่ได้ตาม Package,4
45,ปัญหา Router | Internet ช้า | Wi-fi 2.4G ไม่รองรับ Speed,ไฟ Power ไม่ติด,Internet เชื่อมต่อไม่ได้,Sync Speed ได้ แต่ Test Speed WIFI 2.4 GHz ไม่ได้ตาม Package,4
45,ปัญหา Router | Internet ช้า | Wi-fi 2.4G ไม่รองรับ Speed,ปัญหา WiFi,เปิด Web ไม่ได้,Sync Speed ได้ แต่ Test Speed WIFI 2.4 GHz ไม่ได้ตาม Package,4
45,ปัญหา Router | Internet ช้า | Wi-fi 2.4G ไม่รองรับ Speed,ปัญหาระบบ,ใช้งานบาง Program/App ไม่ได้,Sync Speed ได้ แต่ Test Speed WIFI 2.4 GHz ไม่ได้ตาม Package,4
45,ปัญหา Router | Internet ช้า | Wi-fi 2.4G ไม่รองรับ Speed,Speed Shuffle - พบปัญหาการใช้งาน,แจ้งเสีย-web content /tools,,4
45,ปัญหา Router | Internet ช้า | Wi-fi 2.4G ไม่รองรับ Speed,ไฟ Los ดับ/ไฟ PON กระพริบ,Internet เชื่อมต่อไม่ได้,Sync Speed ได้ แต่ Test Speed WIFI 2.4 GHz ไม่ได้ตาม Package,3
45,ปัญหา Router | Internet ช้า | Wi-fi 2.4G ไม่รองรับ Speed,CA2: สมาร์ทการ์ดไม่ถูกต้อง(สมาร์ทการ์ดขัดข้องหรือสกปรก),TVS-ปัญหาสัญญาณ,Sync Speed ได้ แต่ Test Speed WIFI 5 GHz ไม่ได้ตาม Package,3
45,ปัญหา Router | Internet ช้า | Wi-fi 2.4G ไม่รองรับ Speed,ภาพกระตุก ทุกช่อง/บางช่อง,TVS-ปัญหาสัญญาณ,Sync Speed ได้ แต่ Test Speed WIFI 5 GHz ไม่ได้ตาม Package,3
45,ปัญหา Router | Internet ช้า | Wi-fi 2.4G ไม่รองรับ Speed,ปัญหาระบบ,เปิด Website ไม่ได้บาง Web,Sync Speed ได้ แต่ Test Speed WIFI 5 GHz ไม่ได้ตาม Package,3
45,ปัญหา Router | Internet ช้า | Wi-fi 2.4G ไม่รองรับ Speed,Mesh Wifi ไฟไม่ติด,Internet เชื่อมต่อไม่ได้,Sync Speed ได้ แต่ Test Speed WIFI 2.4 GHz ไม่ได้ตาม Package,3
45,ปัญหา Router | Internet ช้า | Wi-fi 2.4G ไม่รองรับ Speed,ปัญหาการใช้งานของลูกค้า,Internet หลุดบ่อย,Sync Speed ได้ แต่ Test Speed WIFI 5 GHz ไม่ได้ตาม Package,3
45,ปัญหา Router | Internet ช้า | Wi-fi 2.4G ไม่รองรับ Speed,ปัญหาระบบ,ใช้งานบาง Program/App ไม่ได้,Sync Speed ได้ แต่ Test Speed LAN ไม่ได้ตาม Package,3
45,ปัญหา Router | Internet ช้า | Wi-fi 2.4G ไม่รองรับ Speed,ปัญหาการใช้งานของลูกค้า,ใช้งานบาง Program/App ไม่ได้,Sync Speed ได้ แต่ Test Speed WIFI 5 GHz ไม่ได้ตาม Package,3
45,ปัญหา Router | Internet ช้า | Wi-fi 2.4G ไม่รองรับ Speed,ปัญหาการใช้งานของลูกค้า,Internet ช้า,Wi-fi 2.4G ไม่รองรับ Speed,3
45,ปัญหา Router | Internet ช้า | Wi-fi 2.4G ไม่รองรับ Speed,ปัญหาการใช้งานของลูกค้า,ใช้งานบาง Program/App ไม่ได้,Sync Speed ได้ แต่ Test Speed LAN ไม่ได้ตาม Package,2
45,ปัญหา Router | Internet ช้า | Wi-fi 2.4G ไม่รองรับ Speed,ปัญหาระบบ,ใช้กล้องวงจรปิดไม่ได้,Sync Speed ได้ แต่ Test Speed WIFI 5 GHz ไม่ได้ตาม Package,2
45,ปัญหา Router | Internet ช้า | Wi-fi 2.4G ไม่รองรับ Speed,ไฟ Los ดับ/ไฟ PON กระพริบ,Internet เชื่อมต่อไม่ได้,Sync Speed ได้ แต่ Test Speed LAN ไม่ได้ตาม Package,2
45,ปัญหา Router | Internet ช้า | Wi-fi 2.4G ไม่รองรับ Speed,หน้าจอฟ้า/หน้าจอดำ,TVS-ปัญหาสัญญาณ,Sync Speed ได้ แต่ Test Speed WIFI 5 GHz ไม่ได้ตาม Package,2
45,ปัญหา Router | Internet ช้า | Wi-fi 2.4G ไม่รองรับ Speed,ปัญหาการใช้งานของลูกค้า,ใช้กล้องวงจรปิดไม่ได้,Sync Speed ได้ แต่ Test Speed WIFI 2.4 GHz ไม่ได้ตาม Package,2
45,ปัญหา Router | Internet ช้า | Wi-fi 2.4G ไม่รองรับ Speed,อุปกรณ์ลูกค้า (device),เปิด Website ไม่ได้บาง Web,Sync Speed ได้ แต่ Test Speed WIFI 5 GHz ไม่ได้ตาม Package,2
45,ปัญหา Router | Internet ช้า | Wi-fi 2.4G ไม่รองรับ Speed,Proactive-fiber poor after repair,Proactive,Sync Speed ได้ แต่ Test Speed WIFI 5 GHz ไม่ได้ตาม Package,2
45,ปัญหา Router | Internet ช้า | Wi-fi 2.4G ไม่รองรับ Speed,Proactive -monitor หลังปิดงาน Network event,Proactive,Sync Speed ได้ แต่ Test Speed WIFI 5 GHz ไม่ได้ตาม Package,2
45,ปัญหา Router | Internet ช้า | Wi-fi 2.4G ไม่รองรับ Speed,ปัญหาระบบ,ใช้งานบาง Program/App ไม่ได้,Wi-fi 2.4G ไม่รองรับ Speed,2
45,ปัญหา Router | Internet ช้า | Wi-fi 2.4G ไม่รองรับ Speed,ไฟ PON ติดปกติ แต่ Userไม่ONLINE,Internet เชื่อมต่อไม่ได้,Sync Speed ได้ แต่ Test Speed WIFI 5 GHz ไม่ได้ตาม Package,2
45,ปัญหา Router | Internet ช้า | Wi-fi 2.4G ไม่รองรับ Speed,ปัญหาระบบ,เล่น Game Online ไม่ได้,Sync Speed ได้ แต่ Test Speed WIFI 5 GHz ไม่ได้ตาม Package,2
45,ปัญหา Router | Internet ช้า | Wi-fi 2.4G ไม่รองรับ Speed,2Gbps ปัญหา low speed,Internet ช้า,Sync Speed ได้ แต่ Test Speed LAN ไม่ได้ตาม Package,2
45,ปัญหา Router | Internet ช้า | Wi-fi 2.4G ไม่รองรับ Speed,Proactive Inspection  Dropwire,Proactive,Sync Speed ได้ แต่ Test Speed WIFI 2.4 GHz ไม่ได้ตาม Package,1
45,ปัญหา Router | Internet ช้า | Wi-fi 2.4G ไม่รองรับ Speed,Proactive Inspection  Dropwire,Proactive,Sync Speed ได้ แต่ Test Speed WIFI 5 GHz ไม่ได้ตาม Package,1
45,ปัญหา Router | Internet ช้า | Wi-fi 2.4G ไม่รองรับ Speed,ปัญหาระบบ,ใช้งาน VPN ไม่ได้,Sync Speed ได้ แต่ Test Speed WIFI 5 GHz ไม่ได้ตาม Package,1
45,ปัญหา Router | Internet ช้า | Wi-fi 2.4G ไม่รองรับ Speed,ค่าสัญญาณไม่ดี,เปิด Web ไม่ได้,Sync Speed ได้ แต่ Test Speed WIFI 2.4 GHz ไม่ได้ตาม Package,1
45,ปัญหา Router | Internet ช้า | Wi-fi 2.4G ไม่รองรับ Speed,ภาพกระตุก ทุกช่อง/บางช่อง,TVS-ปัญหาสัญญาณ,Sync Speed ได้ แต่ Test Speed LAN ไม่ได้ตาม Package,1
45,ปัญหา Router | Internet ช้า | Wi-fi 2.4G ไม่รองรับ Speed,ปัญหาระบบ,เปิด Website ไม่ได้บาง Web,Wi-fi 2.4G ไม่รองรับ Speed,1
45,ปัญหา Router | Internet ช้า | Wi-fi 2.4G ไม่รองรับ Speed,Local Low Speed ค่าสัญญาณดี,Connectได้แต่มีปัญหา,Sync Speed ได้ แต่ Test Speed WIFI 5 GHz ไม่ได้ตาม Package,1
45,ปัญหา Router | Internet ช้า | Wi-fi 2.4G ไม่รองรับ Speed,ปัญหาการใช้งานของลูกค้า,เปิด Web ไม่ได้,Sync Speed ได้ แต่ Test Speed WIFI 2.4 GHz ไม่ได้ตาม Package,1
45,ปัญหา Router | Internet ช้า | Wi-fi 2.4G ไม่รองรับ Speed,ปัญหาการใช้งานของลูกค้า,Internet ช้า,Sync Speed ได้ แต่ Test Speed WIFI 2.4 GHz ไม่ได้ตาม Package,1
45,ปัญหา Router | Internet ช้า | Wi-fi 2.4G ไม่รองรับ Speed,2Gbps ปัญหา low speed,Internet ช้า,ส่งงานไม่ถูกต้อง,1
45,ปัญหา Router | Internet ช้า | Wi-fi 2.4G ไม่รองรับ Speed,อุปกรณ์ลูกค้า (device),Internet ช้า,Sync Speed ได้ แต่ Test Speed WIFI 5 GHz ไม่ได้ตาม Package,1
45,ปัญหา Router | Internet ช้า | Wi-fi 2.4G ไม่รองรับ Speed,ปัญหาระบบ,ใช้กล้องวงจรปิดไม่ได้,Sync Speed ได้ แต่ Test Speed WIFI 2.4 GHz ไม่ได้ตาม Package,1
45,ปัญหา Router | Internet ช้า | Wi-fi 2.4G ไม่รองรับ Speed,ปัญหา WiFi,เปิด Web ไม่ได้,Sync Speed ได้ แต่ Test Speed LAN ไม่ได้ตาม Package,1
45,ปัญหา Router | Internet ช้า | Wi-fi 2.4G ไม่รองรับ Speed,ปัญหาการใช้งานของลูกค้า,ใช้กล้องวงจรปิดไม่ได้,Sync Speed ได้ แต่ Test Speed LAN ไม่ได้ตาม Package,1
45,ปัญหา Router | Internet ช้า | Wi-fi 2.4G ไม่รองรับ Speed,โทรออกสัญญาณสายไม่ว่าง,โทรออก,Sync Speed ได้ แต่ Test Speed WIFI 5 GHz ไม่ได้ตาม Package,1
45,ปัญหา Router | Internet ช้า | Wi-fi 2.4G ไม่รองรับ Speed,ปัญหาการใช้งานของลูกค้า,เปิด Web ไม่ได้,Sync Speed ได้ แต่ Test Speed LAN ไม่ได้ตาม Package,1
45,ปัญหา Router | Internet ช้า | Wi-fi 2.4G ไม่รองรับ Speed,อุปกรณ์ลูกค้า (device),ใช้งานบาง Program/App ไม่ได้,Sync Speed ได้ แต่ Test Speed WIFI 5 GHz ไม่ได้ตาม Package,1
45,ปัญหา Router | Internet ช้า | Wi-fi 2.4G ไม่รองรับ Speed,รีโมตคำสั่งเสียงไม่ทำงาน,TVS-ปัญหาอุปกรณ์,Sync Speed ได้ แต่ Test Speed WIFI 5 GHz ไม่ได้ตาม Package,1
45,ปัญหา Router | Internet ช้า | Wi-fi 2.4G ไม่รองรับ Speed,ภาพหายบางช่อง,TVS-ปัญหาสัญญาณ,Sync Speed ได้ แต่ Test Speed WIFI 5 GHz ไม่ได้ตาม Package,1
45,ปัญหา Router | Internet ช้า | Wi-fi 2.4G ไม่รองรับ Speed,ปัญหาการใช้งานของลูกค้า,Internet หลุดบ่อย,Sync Speed ได้ แต่ Test Speed LAN ไม่ได้ตาม Package,1
45,ปัญหา Router | Internet ช้า | Wi-fi 2.4G ไม่รองรับ Speed,Proactive-fiber poor after repair,Proactive,Sync Speed ได้ แต่ Test Speed WIFI 2.4 GHz ไม่ได้ตาม Package,1
45,ปัญหา Router | Internet ช้า | Wi-fi 2.4G ไม่รองรับ Speed,ปัญหาการใช้งานของลูกค้า,ใช้กล้องวงจรปิดไม่ได้,Sync Speed ได้ แต่ Test Speed WIFI 5 GHz ไม่ได้ตาม Package,1
45,ปัญหา Router | Internet ช้า | Wi-fi 2.4G ไม่รองรับ Speed,2Gbps ปัญหา low speed,Internet ช้า,Sync Speed ได้ แต่ Test Speed WIFI 5 GHz ไม่ได้ตาม Package,1
45,ปัญหา Router | Internet ช้า | Wi-fi 2.4G ไม่รองรับ Speed,ปัญหาการใช้งานของลูกค้า,เล่น Game Online ไม่ได้,Sync Speed ได้ แต่ Test Speed WIFI 5 GHz ไม่ได้ตาม Package,1
45,ปัญหา Router | Internet ช้า | Wi-fi 2.4G ไม่รองรับ Speed,อุปกรณ์ลูกค้า (device),เปิด Website ไม่ได้บาง Web,Wi-fi 2.4G ไม่รองรับ Speed,1
46,ปัญหาระบบ | ใช้งานบาง Program/App ไม่ได้ | เหตุเสียใช้ได้ ก่,ปัญหาระบบ,ใช้งานบาง Program/App ไม่ได้,,6168
46,ปัญหาระบบ | ใช้งานบาง Program/App ไม่ได้ | เหตุเสียใช้ได้ ก่,No Skill ปัญหาการใช้งาน,แจ้งเสีย - รอรับบริการ,,1719
46,ปัญหาระบบ | ใช้งานบาง Program/App ไม่ได้ | เหตุเสียใช้ได้ ก่,ปัญหาการใช้งานของลูกค้า,ใช้งานบาง Program/App ไม่ได้,,1281
46,ปัญหาระบบ | ใช้งานบาง Program/App ไม่ได้ | เหตุเสียใช้ได้ ก่,อุปกรณ์ลูกค้า (device),ใช้งานบาง Program/App ไม่ได้,,587
46,ปัญหาระบบ | ใช้งานบาง Program/App ไม่ได้ | เหตุเสียใช้ได้ ก่,ปัญหาระบบ,ใช้งานบาง Program/App ไม่ได้,การใช้งานของลูกค้า,152
46,ปัญหาระบบ | ใช้งานบาง Program/App ไม่ได้ | เหตุเสียใช้ได้ ก่,ปัญหาการใช้งานของลูกค้า,ใช้งานบาง Program/App ไม่ได้,การใช้งานของลูกค้า,69
46,ปัญหาระบบ | ใช้งานบาง Program/App ไม่ได้ | เหตุเสียใช้ได้ ก่,ปัญหาระบบ,ใช้งานบาง Program/App ไม่ได้,ลูกค้าต้องการเปลี่ยน Modem,62
46,ปัญหาระบบ | ใช้งานบาง Program/App ไม่ได้ | เหตุเสียใช้ได้ ก่,ปัญหาระบบ,ใช้งานบาง Program/App ไม่ได้,เหตุเสียใช้ได้ ก่อนช่างถึงบ้าน,56
46,ปัญหาระบบ | ใช้งานบาง Program/App ไม่ได้ | เหตุเสียใช้ได้ ก่,ปัญหาระบบ,ใช้งานบาง Program/App ไม่ได้,CONFIG CHANGE,52
46,ปัญหาระบบ | ใช้งานบาง Program/App ไม่ได้ | เหตุเสียใช้ได้ ก่,True iService-สมัครและลงชื่อเข้าใช้งาน ไม่ได้,แจ้งเสีย-Application True,,52
46,ปัญหาระบบ | ใช้งานบาง Program/App ไม่ได้ | เหตุเสียใช้ได้ ก่,ปัญหาการใช้งานของลูกค้า,ใช้งานบาง Program/App ไม่ได้,เหตุเสียใช้ได้ ก่อนช่างถึงบ้าน,37
46,ปัญหาระบบ | ใช้งานบาง Program/App ไม่ได้ | เหตุเสียใช้ได้ ก่,True iService-ใช้งานไม่ได้,แจ้งเสีย-Application True,,36
46,ปัญหาระบบ | ใช้งานบาง Program/App ไม่ได้ | เหตุเสียใช้ได้ ก่,ปัญหาระบบ,ใช้งานบาง Program/App ไม่ได้,ขัดข้อง/เสีย,31
46,ปัญหาระบบ | ใช้งานบาง Program/App ไม่ได้ | เหตุเสียใช้ได้ ก่,ปัญหาการใช้งานของลูกค้า,ใช้งานบาง Program/App ไม่ได้,ลูกค้าต้องการเปลี่ยน Modem,28
46,ปัญหาระบบ | ใช้งานบาง Program/App ไม่ได้ | เหตุเสียใช้ได้ ก่,ปัญหาระบบ,ใช้งานบาง Program/App ไม่ได้,ลูกค้าเปลี่ยนใจ/ลูกค้าขอยกเลิกบริการเอง,27
46,ปัญหาระบบ | ใช้งานบาง Program/App ไม่ได้ | เหตุเสียใช้ได้ ก่,อุปกรณ์ลูกค้า (device),ใช้งานบาง Program/App ไม่ได้,การใช้งานของลูกค้า,23
46,ปัญหาระบบ | ใช้งานบาง Program/App ไม่ได้ | เหตุเสียใช้ได้ ก่,ปัญหาระบบ,ใช้งานบาง Program/App ไม่ได้,ส่งงานไม่ถูกต้อง,17
46,ปัญหาระบบ | ใช้งานบาง Program/App ไม่ได้ | เหตุเสียใช้ได้ ก่,ปัญหาการใช้งานของลูกค้า,ใช้งานบาง Program/App ไม่ได้,CONFIG CHANGE,15
46,ปัญหาระบบ | ใช้งานบาง Program/App ไม่ได้ | เหตุเสียใช้ได้ ก่,ปัญหาระบบ,ใช้งานบาง Program/App ไม่ได้,Reboot,15
46,ปัญหาระบบ | ใช้งานบาง Program/App ไม่ได้ | เหตุเสียใช้ได้ ก่,ปัญหาระบบ,ใช้งานบาง Program/App ไม่ได้,ไม่ทราบสาเหตุ,13
46,ปัญหาระบบ | ใช้งานบาง Program/App ไม่ได้ | เหตุเสียใช้ได้ ก่,ปัญหาการใช้งานของลูกค้า,ใช้งานบาง Program/App ไม่ได้,ลูกค้าเปลี่ยนใจ/ลูกค้าขอยกเลิกบริการเอง,13
46,ปัญหาระบบ | ใช้งานบาง Program/App ไม่ได้ | เหตุเสียใช้ได้ ก่,ปัญหาระบบ,เปิด Website ไม่ได้บาง Web,CONFIG CHANGE/BUG FIRMWARE,11
46,ปัญหาระบบ | ใช้งานบาง Program/App ไม่ได้ | เหตุเสียใช้ได้ ก่,ปัญหาระบบ,ใช้งานบาง Program/App ไม่ได้,Modemไม่ lock/ไม่ Synch/High Loss,10
46,ปัญหาระบบ | ใช้งานบาง Program/App ไม่ได้ | เหตุเสียใช้ได้ ก่,ปัญหาระบบ,ใช้งานบาง Program/App ไม่ได้,Monitor เหตุเสียครบตามเงื่อนไข,10
46,ปัญหาระบบ | ใช้งานบาง Program/App ไม่ได้ | เหตุเสียใช้ได้ ก่,ปัญหาการใช้งานของลูกค้า,ใช้งานบาง Program/App ไม่ได้,ขัดข้อง/เสีย,10
46,ปัญหาระบบ | ใช้งานบาง Program/App ไม่ได้ | เหตุเสียใช้ได้ ก่,ปัญหาระบบ,ใช้งานบาง Program/App ไม่ได้,ทดสอบและอธิบายลูกค้า,10
46,ปัญหาระบบ | ใช้งานบาง Program/App ไม่ได้ | เหตุเสียใช้ได้ ก่,อุปกรณ์ลูกค้า (device),ใช้งานบาง Program/App ไม่ได้,CONFIG CHANGE,9
46,ปัญหาระบบ | ใช้งานบาง Program/App ไม่ได้ | เหตุเสียใช้ได้ ก่,ปัญหาระบบ,ใช้งานบาง Program/App ไม่ได้,สายหัก/สายงอ/สายถูกดึงรั้ง,9
46,ปัญหาระบบ | ใช้งานบาง Program/App ไม่ได้ | เหตุเสียใช้ได้ ก่,True iService-หน้า Home ไม่แสดงข้อมูล/แสดงไม่ถูกต้อง,แจ้งเสีย-Application True,,8
46,ปัญหาระบบ | ใช้งานบาง Program/App ไม่ได้ | เหตุเสียใช้ได้ ก่,ปัญหาการใช้งานของลูกค้า,ใช้งานบาง Program/App ไม่ได้,Modemไม่ lock/ไม่ Synch/High Loss,7
46,ปัญหาระบบ | ใช้งานบาง Program/App ไม่ได้ | เหตุเสียใช้ได้ ก่,ปัญหาการใช้งานของลูกค้า,ใช้งานบาง Program/App ไม่ได้,ไม่ทราบสาเหตุ,6
46,ปัญหาระบบ | ใช้งานบาง Program/App ไม่ได้ | เหตุเสียใช้ได้ ก่,Call source code status Not Ok,โทรเข้า-ออก,CONFIG CHANGE/BUG FIRMWARE,6
46,ปัญหาระบบ | ใช้งานบาง Program/App ไม่ได้ | เหตุเสียใช้ได้ ก่,True iService-ปัญหา-ประวัติการชำระ/ประวัติการใช้งาน,แจ้งเสีย-Application True,,6
46,ปัญหาระบบ | ใช้งานบาง Program/App ไม่ได้ | เหตุเสียใช้ได้ ก่,อุปกรณ์ลูกค้า (device),ใช้งานบาง Program/App ไม่ได้,ลูกค้าเปลี่ยนใจ/ลูกค้าขอยกเลิกบริการเอง,5
46,ปัญหาระบบ | ใช้งานบาง Program/App ไม่ได้ | เหตุเสียใช้ได้ ก่,ปัญหาระบบ,ใช้งานบาง Program/App ไม่ได้,ไม่พบปัญหาการใช้งานแล้ว,5
46,ปัญหาระบบ | ใช้งานบาง Program/App ไม่ได้ | เหตุเสียใช้ได้ ก่,ปัญหาระบบ,ใช้งานบาง Program/App ไม่ได้,Ticket มีการระบุให้เปลี่ยนอุปกรณ์,5
46,ปัญหาระบบ | ใช้งานบาง Program/App ไม่ได้ | เหตุเสียใช้ได้ ก่,ปัญหาระบบ,ใช้งานบาง Program/App ไม่ได้,การไฟฟ้าย้ายแนว/จัดระเบียบสาย,5
46,ปัญหาระบบ | ใช้งานบาง Program/App ไม่ได้ | เหตุเสียใช้ได้ ก่,อุปกรณ์ลูกค้า (device),ใช้งานบาง Program/App ไม่ได้,Monitor เหตุเสียครบตามเงื่อนไข,4
46,ปัญหาระบบ | ใช้งานบาง Program/App ไม่ได้ | เหตุเสียใช้ได้ ก่,ปัญหาการใช้งานของลูกค้า,ใช้งานบาง Program/App ไม่ได้,ทดสอบและอธิบายลูกค้า,4
46,ปัญหาระบบ | ใช้งานบาง Program/App ไม่ได้ | เหตุเสียใช้ได้ ก่,ปัญหาระบบ,ใช้งานบาง Program/App ไม่ได้,รถเกี่ยว,4
46,ปัญหาระบบ | ใช้งานบาง Program/App ไม่ได้ | เหตุเสียใช้ได้ ก่,ติดตั้ง Mesh เป็น AP(พร้อมเก็บAPกลับ),บริการหลังการขาย,ส่งงานไม่ถูกต้อง,4
46,ปัญหาระบบ | ใช้งานบาง Program/App ไม่ได้ | เหตุเสียใช้ได้ ก่,ปัญหาระบบ,ใช้งานบาง Program/App ไม่ได้,อุปกรณ์คืนค่าโรงงาน,4
46,ปัญหาระบบ | ใช้งานบาง Program/App ไม่ได้ | เหตุเสียใช้ได้ ก่,ปัญหาระบบ,ใช้งานบาง Program/App ไม่ได้,ไฟไม่เข้า,4
46,ปัญหาระบบ | ใช้งานบาง Program/App ไม่ได้ | เหตุเสียใช้ได้ ก่,ปัญหาการใช้งานของลูกค้า,ใช้งานบาง Program/App ไม่ได้,Monitor เหตุเสียครบตามเงื่อนไข,3
46,ปัญหาระบบ | ใช้งานบาง Program/App ไม่ได้ | เหตุเสียใช้ได้ ก่,ปัญหาการใช้งานของลูกค้า,ใช้งานบาง Program/App ไม่ได้,ส่งงานไม่ถูกต้อง,3
46,ปัญหาระบบ | ใช้งานบาง Program/App ไม่ได้ | เหตุเสียใช้ได้ ก่,ปัญหาการใช้งานของลูกค้า,ใช้งานบาง Program/App ไม่ได้,Ticket มีการระบุให้เปลี่ยนอุปกรณ์,3
46,ปัญหาระบบ | ใช้งานบาง Program/App ไม่ได้ | เหตุเสียใช้ได้ ก่,ปัญหาการใช้งานของลูกค้า,ใช้งานบาง Program/App ไม่ได้,เปลี่ยน process การทำงาน,3
46,ปัญหาระบบ | ใช้งานบาง Program/App ไม่ได้ | เหตุเสียใช้ได้ ก่,ปัญหาระบบ,ใช้งานบาง Program/App ไม่ได้,Modem ไม่รองรับ Package ลูกค้า,3
46,ปัญหาระบบ | ใช้งานบาง Program/App ไม่ได้ | เหตุเสียใช้ได้ ก่,อุปกรณ์ลูกค้า (device),ใช้งานบาง Program/App ไม่ได้,ขัดข้อง/เสีย,3
46,ปัญหาระบบ | ใช้งานบาง Program/App ไม่ได้ | เหตุเสียใช้ได้ ก่,อุปกรณ์ลูกค้า (device),ใช้งานบาง Program/App ไม่ได้,เหตุเสียใช้ได้ ก่อนช่างถึงบ้าน,3
46,ปัญหาระบบ | ใช้งานบาง Program/App ไม่ได้ | เหตุเสียใช้ได้ ก่,ปัญหาการใช้งานของลูกค้า,ใช้งานบาง Program/App ไม่ได้,ไฟไม่เข้า,3
46,ปัญหาระบบ | ใช้งานบาง Program/App ไม่ได้ | เหตุเสียใช้ได้ ก่,ปัญหาระบบ,ใช้งานบาง Program/App ไม่ได้,มีเสียงผิดปกติในตัวโมเด็ม,3
46,ปัญหาระบบ | ใช้งานบาง Program/App ไม่ได้ | เหตุเสียใช้ได้ ก่,ปัญหาการใช้งานของลูกค้า,ใช้งานบาง Program/App ไม่ได้,Modem ไม่รองรับ Package ลูกค้า,3
46,ปัญหาระบบ | ใช้งานบาง Program/App ไม่ได้ | เหตุเสียใช้ได้ ก่,ปัญหาระบบ,เปิด Website ไม่ได้บาง Web,ไม่พบปัญหาการใช้งานแล้ว,2
46,ปัญหาระบบ | ใช้งานบาง Program/App ไม่ได้ | เหตุเสียใช้ได้ ก่,ปัญหาระบบ,ใช้งานบาง Program/App ไม่ได้,เปลี่ยน process การทำงาน,2
46,ปัญหาระบบ | ใช้งานบาง Program/App ไม่ได้ | เหตุเสียใช้ได้ ก่,ปัญหาการใช้งานของลูกค้า,ใช้งานบาง Program/App ไม่ได้,อุปกรณ์คืนค่าโรงงาน,2
46,ปัญหาระบบ | ใช้งานบาง Program/App ไม่ได้ | เหตุเสียใช้ได้ ก่,ใช้โปรแกรมอื่นไม่ได้ (ระบุชื่อโปรแกรม),Connectได้แต่มีปัญหา,,2
46,ปัญหาระบบ | ใช้งานบาง Program/App ไม่ได้ | เหตุเสียใช้ได้ ก่,ปัญหาระบบ,ใช้งานบาง Program/App ไม่ได้,BUG FIRMWARE,2
46,ปัญหาระบบ | ใช้งานบาง Program/App ไม่ได้ | เหตุเสียใช้ได้ ก่,Mari AI-พบปัญหาการใช้งาน,แจ้งเสีย-web content /tools,,2
46,ปัญหาระบบ | ใช้งานบาง Program/App ไม่ได้ | เหตุเสียใช้ได้ ก่,ใช้งานบาง Program/App ไม่ได้,FTTR-Connectได้ แต่มีปัญหา,,2
46,ปัญหาระบบ | ใช้งานบาง Program/App ไม่ได้ | เหตุเสียใช้ได้ ก่,อุปกรณ์ลูกค้า (device),ใช้งานบาง Program/App ไม่ได้,CONFIG.PARAMETER ไม่ถูกต้อง,2
46,ปัญหาระบบ | ใช้งานบาง Program/App ไม่ได้ | เหตุเสียใช้ได้ ก่,อุปกรณ์ลูกค้า (device),ใช้งานบาง Program/App ไม่ได้,ทดสอบและอธิบายลูกค้า,2
46,ปัญหาระบบ | ใช้งานบาง Program/App ไม่ได้ | เหตุเสียใช้ได้ ก่,ปัญหาระบบ,ใช้งานบาง Program/App ไม่ได้,CONFIG CHANGE/BUG FIRMWARE,2
46,ปัญหาระบบ | ใช้งานบาง Program/App ไม่ได้ | เหตุเสียใช้ได้ ก่,ปัญหาการใช้งานของลูกค้า,ใช้งานบาง Program/App ไม่ได้,Switch on/off เสีย/ชำรุดแตกหัก,2
46,ปัญหาระบบ | ใช้งานบาง Program/App ไม่ได้ | เหตุเสียใช้ได้ ก่,ปัญหาระบบ,ใช้งานบาง Program/App ไม่ได้,มีค่า Loss สูง,2
46,ปัญหาระบบ | ใช้งานบาง Program/App ไม่ได้ | เหตุเสียใช้ได้ ก่,ปัญหาการใช้งานของลูกค้า,ใช้งานบาง Program/App ไม่ได้,CONFIG.PARAMETER ไม่ถูกต้อง,2
46,ปัญหาระบบ | ใช้งานบาง Program/App ไม่ได้ | เหตุเสียใช้ได้ ก่,ปัญหาระบบ,ใช้งานบาง Program/App ไม่ได้,Voice ไม่ติด (ไฟ Phone ไม่ติด),1
46,ปัญหาระบบ | ใช้งานบาง Program/App ไม่ได้ | เหตุเสียใช้ได้ ก่,ปัญหาการใช้งานของลูกค้า,ใช้งานบาง Program/App ไม่ได้,หัวสายสำเร็จSC-APC เสีย,1
46,ปัญหาระบบ | ใช้งานบาง Program/App ไม่ได้ | เหตุเสียใช้ได้ ก่,ปัญหาระบบ,ใช้งานบาง Program/App ไม่ได้,ไฟไหม้,1
46,ปัญหาระบบ | ใช้งานบาง Program/App ไม่ได้ | เหตุเสียใช้ได้ ก่,อุปกรณ์ลูกค้า (device),ใช้งานบาง Program/App ไม่ได้,ไม่ทราบสาเหตุ,1
46,ปัญหาระบบ | ใช้งานบาง Program/App ไม่ได้ | เหตุเสียใช้ได้ ก่,ปัญหาระบบ,ใช้งานบาง Program/App ไม่ได้,ไม่ตรงรุ่น,1
46,ปัญหาระบบ | ใช้งานบาง Program/App ไม่ได้ | เหตุเสียใช้ได้ ก่,อุปกรณ์ลูกค้า (device),เปิด Website ไม่ได้บาง Web,CONFIG CHANGE/BUG FIRMWARE,1
46,ปัญหาระบบ | ใช้งานบาง Program/App ไม่ได้ | เหตุเสียใช้ได้ ก่,ปัญหาการใช้งานของลูกค้า,ใช้งานบาง Program/App ไม่ได้,Costomer Knowledge,1
46,ปัญหาระบบ | ใช้งานบาง Program/App ไม่ได้ | เหตุเสียใช้ได้ ก่,Soft-X Unregistered,โทรเข้า-ออก,BUG FIRMWARE,1
46,ปัญหาระบบ | ใช้งานบาง Program/App ไม่ได้ | เหตุเสียใช้ได้ ก่,อุปกรณ์ลูกค้า (device),เปิด Web ไม่ได้,CONFIG.PARAMETER ไม่ถูกต้อง,1
46,ปัญหาระบบ | ใช้งานบาง Program/App ไม่ได้ | เหตุเสียใช้ได้ ก่,อุปกรณ์ลูกค้า (device),ใช้งานบาง Program/App ไม่ได้,Modemไม่ lock/ไม่ Synch/High Loss,1
46,ปัญหาระบบ | ใช้งานบาง Program/App ไม่ได้ | เหตุเสียใช้ได้ ก่,ปัญหาระบบ,ใช้งานบาง Program/App ไม่ได้,Area Manager เห็นชอบให้มีการเปลี่ยน CPE,1
46,ปัญหาระบบ | ใช้งานบาง Program/App ไม่ได้ | เหตุเสียใช้ได้ ก่,ปัญหาระบบ,ใช้งานบาง Program/App ไม่ได้,ลูกค้าแจ้งขอยกเลิกบริการ,1
46,ปัญหาระบบ | ใช้งานบาง Program/App ไม่ได้ | เหตุเสียใช้ได้ ก่,ปัญหาระบบ,ใช้งานบาง Program/App ไม่ได้,หัวสายสำเร็จSC-APC เสีย,1
46,ปัญหาระบบ | ใช้งานบาง Program/App ไม่ได้ | เหตุเสียใช้ได้ ก่,อุปกรณ์ลูกค้า (device),ใช้งานบาง Program/App ไม่ได้,มีเสียงผิดปกติในตัวโมเด็ม,1
46,ปัญหาระบบ | ใช้งานบาง Program/App ไม่ได้ | เหตุเสียใช้ได้ ก่,FTTR-ปัญหาระบบ,ใช้งานบาง Program/App ไม่ได้,,1
46,ปัญหาระบบ | ใช้งานบาง Program/App ไม่ได้ | เหตุเสียใช้ได้ ก่,อุปกรณ์ลูกค้า (device),ใช้งานบาง Program/App ไม่ได้,ไฟไม่เข้า,1
46,ปัญหาระบบ | ใช้งานบาง Program/App ไม่ได้ | เหตุเสียใช้ได้ ก่,ปัญหาระบบ,ใช้งานบาง Program/App ไม่ได้,CONFIG.PARAMETER ไม่ถูกต้อง,1
46,ปัญหาระบบ | ใช้งานบาง Program/App ไม่ได้ | เหตุเสียใช้ได้ ก่,อุปกรณ์ลูกค้า (device),ใช้งานบาง Program/App ไม่ได้,CONFIG CHANGE/BUG FIRMWARE,1
46,ปัญหาระบบ | ใช้งานบาง Program/App ไม่ได้ | เหตุเสียใช้ได้ ก่,ปัญหาระบบ,ใช้งานบาง Program/App ไม่ได้,Mesh pair ไม่สำเร็จ,1
46,ปัญหาระบบ | ใช้งานบาง Program/App ไม่ได้ | เหตุเสียใช้ได้ ก่,ปัญหาระบบ,ใช้งานบาง Program/App ไม่ได้,เทศบาลตัดแต่งต้นไม้,1
46,ปัญหาระบบ | ใช้งานบาง Program/App ไม่ได้ | เหตุเสียใช้ได้ ก่,ปัญหาระบบ,ใช้งานบาง Program/App ไม่ได้,เหตุเสียภายใน 90 วัน,1
46,ปัญหาระบบ | ใช้งานบาง Program/App ไม่ได้ | เหตุเสียใช้ได้ ก่,ปัญหาการใช้งานของลูกค้า,เปิด Web ไม่ได้,CONFIG.PARAMETER ไม่ถูกต้อง,1
46,ปัญหาระบบ | ใช้งานบาง Program/App ไม่ได้ | เหตุเสียใช้ได้ ก่,อุปกรณ์ลูกค้า (device),ใช้งานบาง Program/App ไม่ได้,Switch on/off เสีย/ชำรุดแตกหัก,1
46,ปัญหาระบบ | ใช้งานบาง Program/App ไม่ได้ | เหตุเสียใช้ได้ ก่,ปัญหาการใช้งานของลูกค้า,ใช้งานบาง Program/App ไม่ได้,Reboot,1
46,ปัญหาระบบ | ใช้งานบาง Program/App ไม่ได้ | เหตุเสียใช้ได้ ก่,ใช้โปรแกรมอื่นไม่ได้ (ระบุชื่อโปรแกรม),Connectได้แต่มีปัญหา,CONFIG CHANGE,1
46,ปัญหาระบบ | ใช้งานบาง Program/App ไม่ได้ | เหตุเสียใช้ได้ ก่,True iService-Login ไม่สำเร็จ,แจ้งเสีย-Application True,,1
46,ปัญหาระบบ | ใช้งานบาง Program/App ไม่ได้ | เหตุเสียใช้ได้ ก่,ปัญหาการใช้งานของลูกค้า,ใช้งานบาง Program/App ไม่ได้,เหตุเสียภายใน 90 วัน,1
46,ปัญหาระบบ | ใช้งานบาง Program/App ไม่ได้ | เหตุเสียใช้ได้ ก่,ปัญหาระบบ,ใช้งานบาง Program/App ไม่ได้,บุคคลเจตนาร้าย-ตัดทำลายข่ายสาย,1
46,ปัญหาระบบ | ใช้งานบาง Program/App ไม่ได้ | เหตุเสียใช้ได้ ก่,อุปกรณ์ลูกค้า (device),ใช้งานบาง Program/App ไม่ได้,ส่งงานไม่ถูกต้อง,1
46,ปัญหาระบบ | ใช้งานบาง Program/App ไม่ได้ | เหตุเสียใช้ได้ ก่,ปัญหาระบบ,ใช้งานบาง Program/App ไม่ได้,LAN เสีย,1
46,ปัญหาระบบ | ใช้งานบาง Program/App ไม่ได้ | เหตุเสียใช้ได้ ก่,ปัญหาระบบ,เปิด Website ไม่ได้บาง Web,CONFIG.PARAMETER ไม่ถูกต้อง,1
46,ปัญหาระบบ | ใช้งานบาง Program/App ไม่ได้ | เหตุเสียใช้ได้ ก่,อุปกรณ์ลูกค้า (device),ใช้งานบาง Program/App ไม่ได้,อุปกรณ์คืนค่าโรงงาน,1
46,ปัญหาระบบ | ใช้งานบาง Program/App ไม่ได้ | เหตุเสียใช้ได้ ก่,ปัญหาระบบ,ใช้งานบาง Program/App ไม่ได้,Costomer Knowledge,1
46,ปัญหาระบบ | ใช้งานบาง Program/App ไม่ได้ | เหตุเสียใช้ได้ ก่,ปัญหาการใช้งานของลูกค้า,ใช้งานบาง Program/App ไม่ได้,Modem แตกหัก/สีผิดสภาพเดิม,1
46,ปัญหาระบบ | ใช้งานบาง Program/App ไม่ได้ | เหตุเสียใช้ได้ ก่,อุปกรณ์ลูกค้า (device),ใช้งานบาง Program/App ไม่ได้,หัวสายสำเร็จSC-APC หลวม /ไม่สนิท,1
46,ปัญหาระบบ | ใช้งานบาง Program/App ไม่ได้ | เหตุเสียใช้ได้ ก่,Trade In-Download & Install ไม่ได้,แจ้งเสีย-Application True,,1
47,อุปกรณ์เปิดติด - Logo Trueid TV/Android TV หมุนค้าง | TrueID,อุปกรณ์เปิดติด - Logo Trueid TV/Android TV หมุนค้าง,TrueIDTV-ปัญหาอุปกรณ์,การใช้งานของลูกค้า,277
47,อุปกรณ์เปิดติด - Logo Trueid TV/Android TV หมุนค้าง | TrueID,อุปกรณ์เปิดติด - Logo Trueid TV/Android TV หมุนค้าง,TrueIDTV-ปัญหาอุปกรณ์,อุปกรณ์ Hang,172
47,อุปกรณ์เปิดติด - Logo Trueid TV/Android TV หมุนค้าง | TrueID,อุปกรณ์เปิดติด - Logo Trueid TV/Android TV หมุนค้าง,TrueIDTV-ปัญหาอุปกรณ์,CONFIG CHANGE,146
47,อุปกรณ์เปิดติด - Logo Trueid TV/Android TV หมุนค้าง | TrueID,อุปกรณ์เปิดติด - Logo Trueid TV/Android TV หมุนค้าง,TrueIDTV-ปัญหาอุปกรณ์,ไฟไม่เข้า,99
47,อุปกรณ์เปิดติด - Logo Trueid TV/Android TV หมุนค้าง | TrueID,อุปกรณ์เปิดติด - Logo Trueid TV/Android TV หมุนค้าง,TrueIDTV-ปัญหาอุปกรณ์,ลูกค้าต้องการเปลี่ยน TrueID TV Box,94
47,อุปกรณ์เปิดติด - Logo Trueid TV/Android TV หมุนค้าง | TrueID,อุปกรณ์เปิดติด - Logo Trueid TV/Android TV หมุนค้าง,TrueIDTV-ปัญหาอุปกรณ์,เหตุเสียใช้ได้ ก่อนช่างถึงบ้าน,80
47,อุปกรณ์เปิดติด - Logo Trueid TV/Android TV หมุนค้าง | TrueID,อุปกรณ์เปิดติด - Logo Trueid TV/Android TV หมุนค้าง,TrueIDTV-ปัญหาอุปกรณ์,ขัดข้อง/เสีย,68
47,อุปกรณ์เปิดติด - Logo Trueid TV/Android TV หมุนค้าง | TrueID,อุปกรณ์เปิดติด - Logo Trueid TV/Android TV หมุนค้าง,TrueIDTV-ปัญหาอุปกรณ์,Remote ไม่ทำงาน,46
47,อุปกรณ์เปิดติด - Logo Trueid TV/Android TV หมุนค้าง | TrueID,อุปกรณ์เปิดติด - Logo Trueid TV/Android TV หมุนค้าง,TrueIDTV-ปัญหาอุปกรณ์,ลูกค้าเปลี่ยนใจ/ลูกค้าขอยกเลิกบริการเอง,45
47,อุปกรณ์เปิดติด - Logo Trueid TV/Android TV หมุนค้าง | TrueID,อุปกรณ์เปิดติด - Logo Trueid TV/Android TV หมุนค้าง,TrueIDTV-ปัญหาอุปกรณ์,Monitor เหตุเสียครบตามเงื่อนไข,34
47,อุปกรณ์เปิดติด - Logo Trueid TV/Android TV หมุนค้าง | TrueID,อุปกรณ์เปิดติด - Logo Trueid TV/Android TV หมุนค้าง,TrueIDTV-ปัญหาอุปกรณ์,ค่าสัญญาณดี ภาพค้าง/ ขาดหาย,34
47,อุปกรณ์เปิดติด - Logo Trueid TV/Android TV หมุนค้าง | TrueID,อุปกรณ์เปิดติด - Logo Trueid TV/Android TV หมุนค้าง,TrueIDTV-ปัญหาอุปกรณ์,อุปกรณ์คืนค่าโรงงาน,30
47,อุปกรณ์เปิดติด - Logo Trueid TV/Android TV หมุนค้าง | TrueID,อุปกรณ์เปิดติด - Logo Trueid TV/Android TV หมุนค้าง,TrueIDTV-ปัญหาอุปกรณ์,ค่าสัญญาณดี ไม่มีภาพ/ ไม่มีเสียง,18
47,อุปกรณ์เปิดติด - Logo Trueid TV/Android TV หมุนค้าง | TrueID,อุปกรณ์เปิดติด - Logo Trueid TV/Android TV หมุนค้าง,TrueIDTV-ปัญหาอุปกรณ์,BUG FIRMWARE,17
47,อุปกรณ์เปิดติด - Logo Trueid TV/Android TV หมุนค้าง | TrueID,อุปกรณ์เปิดติด - Logo Trueid TV/Android TV หมุนค้าง,TrueIDTV-ปัญหาอุปกรณ์,ไม่ทราบสาเหตุ,13
47,อุปกรณ์เปิดติด - Logo Trueid TV/Android TV หมุนค้าง | TrueID,อุปกรณ์เปิดติด - Logo Trueid TV/Android TV หมุนค้าง,TrueIDTV-ปัญหาอุปกรณ์,ลูกค้าต้องการเปลี่ยน Hybrid Box,11
47,อุปกรณ์เปิดติด - Logo Trueid TV/Android TV หมุนค้าง | TrueID,อุปกรณ์เปิดติด - Logo Trueid TV/Android TV หมุนค้าง,TrueIDTV-ปัญหาอุปกรณ์,ส่งงานไม่ถูกต้อง,9
47,อุปกรณ์เปิดติด - Logo Trueid TV/Android TV หมุนค้าง | TrueID,อุปกรณ์เปิดติด - Logo Trueid TV/Android TV หมุนค้าง,TrueIDTV-ปัญหาอุปกรณ์,ไม่พบปัญหาการใช้งานแล้ว,9
47,อุปกรณ์เปิดติด - Logo Trueid TV/Android TV หมุนค้าง | TrueID,อุปกรณ์เปิดติด - Logo Trueid TV/Android TV หมุนค้าง,TrueIDTV-ปัญหาอุปกรณ์,wifi ของกล่องเสีย,8
47,อุปกรณ์เปิดติด - Logo Trueid TV/Android TV หมุนค้าง | TrueID,อุปกรณ์เปิดติด - Logo Trueid TV/Android TV หมุนค้าง,TrueIDTV-ปัญหาอุปกรณ์,ทดสอบและอธิบายลูกค้า,7
47,อุปกรณ์เปิดติด - Logo Trueid TV/Android TV หมุนค้าง | TrueID,อุปกรณ์เปิดติด - Logo Trueid TV/Android TV หมุนค้าง,TrueIDTV-ปัญหาอุปกรณ์,Port HDMI/AV/optical/usb เสีย,5
47,อุปกรณ์เปิดติด - Logo Trueid TV/Android TV หมุนค้าง | TrueID,อุปกรณ์เปิดติด - Logo Trueid TV/Android TV หมุนค้าง,TrueIDTV-ปัญหาอุปกรณ์,เปลี่ยน process การทำงาน,5
47,อุปกรณ์เปิดติด - Logo Trueid TV/Android TV หมุนค้าง | TrueID,อุปกรณ์เปิดติด - Logo Trueid TV/Android TV หมุนค้าง,TrueIDTV-ปัญหาอุปกรณ์,Connect WiFi ไม่ได้/ไม่พบ SSID,4
47,อุปกรณ์เปิดติด - Logo Trueid TV/Android TV หมุนค้าง | TrueID,อุปกรณ์เปิดติด - Logo Trueid TV/Android TV หมุนค้าง,TrueIDTV-ปัญหาอุปกรณ์,ลูกค้าต้องการเปลี่ยน Set Top Box,4
47,อุปกรณ์เปิดติด - Logo Trueid TV/Android TV หมุนค้าง | TrueID,อุปกรณ์เปิดติด - Logo Trueid TV/Android TV หมุนค้าง,TrueIDTV-ปัญหาอุปกรณ์,ลูกค้าต้องการเปลี่ยน Modem,3
47,อุปกรณ์เปิดติด - Logo Trueid TV/Android TV หมุนค้าง | TrueID,อุปกรณ์เปิดติด - Logo Trueid TV/Android TV หมุนค้าง,TrueIDTV-ปัญหาอุปกรณ์,เชื่อมต่อ Remote ไม่ได้ (กล่องเสีย),3
47,อุปกรณ์เปิดติด - Logo Trueid TV/Android TV หมุนค้าง | TrueID,อุปกรณ์เปิดติด - Logo Trueid TV/Android TV หมุนค้าง,TrueIDTV-ปัญหาอุปกรณ์,กล่องรับสัญญาณขัดข้อง (E161),3
47,อุปกรณ์เปิดติด - Logo Trueid TV/Android TV หมุนค้าง | TrueID,อุปกรณ์เปิดติด - Logo Trueid TV/Android TV หมุนค้าง,TrueIDTV-ปัญหาอุปกรณ์,Reboot,3
47,อุปกรณ์เปิดติด - Logo Trueid TV/Android TV หมุนค้าง | TrueID,อุปกรณ์เปิดติด - Logo Trueid TV/Android TV หมุนค้าง,TrueIDTV-ปัญหาอุปกรณ์,สายหัก/สายงอ/สายถูกดึงรั้ง,2
47,อุปกรณ์เปิดติด - Logo Trueid TV/Android TV หมุนค้าง | TrueID,อุปกรณ์เปิดติด - Logo Trueid TV/Android TV หมุนค้าง,TrueIDTV-ปัญหาอุปกรณ์,หลอดไฟ LED Status เสีย,2
47,อุปกรณ์เปิดติด - Logo Trueid TV/Android TV หมุนค้าง | TrueID,อุปกรณ์เปิดติด - Logo Trueid TV/Android TV หมุนค้าง,TrueIDTV-ปัญหาอุปกรณ์,ข้อต่อหลวม ไม่ดี/ไม่สนิท,2
47,อุปกรณ์เปิดติด - Logo Trueid TV/Android TV หมุนค้าง | TrueID,อุปกรณ์เปิดติด - Logo Trueid TV/Android TV หมุนค้าง,TrueIDTV-ปัญหาอุปกรณ์,ผรม ติดตั้งกล่องไม่สมบูรณ์,2
47,อุปกรณ์เปิดติด - Logo Trueid TV/Android TV หมุนค้าง | TrueID,อุปกรณ์เปิดติด - Logo Trueid TV/Android TV หมุนค้าง,TrueIDTV-ปัญหาอุปกรณ์,กล่องรับสัญญาณขัดข้อง (CA9/CA11),2
47,อุปกรณ์เปิดติด - Logo Trueid TV/Android TV หมุนค้าง | TrueID,อุปกรณ์เปิดติด - Logo Trueid TV/Android TV หมุนค้าง,TrueIDTV-ปัญหาอุปกรณ์,ช่องรายการถูกล็อค(E016/E017),2
47,อุปกรณ์เปิดติด - Logo Trueid TV/Android TV หมุนค้าง | TrueID,อุปกรณ์เปิดติด - Logo Trueid TV/Android TV หมุนค้าง,TrueIDTV-ปัญหาอุปกรณ์,อุปกรณ์ลูกค้า TV/เครื่องเสียง/อุปกรณ์ Bluetooth,2
47,อุปกรณ์เปิดติด - Logo Trueid TV/Android TV หมุนค้าง | TrueID,อุปกรณ์เปิดติด - Logo Trueid TV/Android TV หมุนค้าง,TrueIDTV-ปัญหาอุปกรณ์,สูญหาย,2
47,อุปกรณ์เปิดติด - Logo Trueid TV/Android TV หมุนค้าง | TrueID,อุปกรณ์เปิดติด - Logo Trueid TV/Android TV หมุนค้าง,TrueIDTV-ปัญหาอุปกรณ์,หัวสายสำเร็จSC-APC เสีย,2
47,อุปกรณ์เปิดติด - Logo Trueid TV/Android TV หมุนค้าง | TrueID,อุปกรณ์เปิดติด - Logo Trueid TV/Android TV หมุนค้าง,TrueIDTV-ปัญหาอุปกรณ์,Modemไม่ lock/ไม่ Synch/High Loss,2
47,อุปกรณ์เปิดติด - Logo Trueid TV/Android TV หมุนค้าง | TrueID,อุปกรณ์เปิดติด - Logo Trueid TV/Android TV หมุนค้าง,TrueIDTV-ปัญหาอุปกรณ์,ค่าสัญญาณดี แต่พบภาพขาดหาย/ ภาพแตก/ เสียงขาดหาย,1
47,อุปกรณ์เปิดติด - Logo Trueid TV/Android TV หมุนค้าง | TrueID,อุปกรณ์เปิดติด - Logo Trueid TV/Android TV หมุนค้าง,TrueIDTV-ปัญหาอุปกรณ์,ลูกค้าไม่อยู่บ้าน,1
47,อุปกรณ์เปิดติด - Logo Trueid TV/Android TV หมุนค้าง | TrueID,อุปกรณ์เปิดติด - Logo Trueid TV/Android TV หมุนค้าง,TrueIDTV-ปัญหาอุปกรณ์,เทศบาลตัดแต่งต้นไม้,1
47,อุปกรณ์เปิดติด - Logo Trueid TV/Android TV หมุนค้าง | TrueID,อุปกรณ์เปิดติด - Logo Trueid TV/Android TV หมุนค้าง,TrueIDTV-ปัญหาอุปกรณ์,พายุ,1
47,อุปกรณ์เปิดติด - Logo Trueid TV/Android TV หมุนค้าง | TrueID,อุปกรณ์เปิดติด - Logo Trueid TV/Android TV หมุนค้าง,TrueIDTV-ปัญหาอุปกรณ์,คำสั่งเสียงไม่ทำงาน,1
47,อุปกรณ์เปิดติด - Logo Trueid TV/Android TV หมุนค้าง | TrueID,อุปกรณ์เปิดติด - Logo Trueid TV/Android TV หมุนค้าง,TrueIDTV-ปัญหาอุปกรณ์,รถเกี่ยว,1
47,อุปกรณ์เปิดติด - Logo Trueid TV/Android TV หมุนค้าง | TrueID,อุปกรณ์เปิดติด - Logo Trueid TV/Android TV หมุนค้าง,TrueIDTV-ปัญหาอุปกรณ์,Port Lan เสีย,1
47,อุปกรณ์เปิดติด - Logo Trueid TV/Android TV หมุนค้าง | TrueID,อุปกรณ์เปิดติด - Logo Trueid TV/Android TV หมุนค้าง,TrueIDTV-ปัญหาอุปกรณ์,เสื่อมสภาพการใช้งาน,1
47,อุปกรณ์เปิดติด - Logo Trueid TV/Android TV หมุนค้าง | TrueID,อุปกรณ์เปิดติด - Logo Trueid TV/Android TV หมุนค้าง,TrueIDTV-ปัญหาอุปกรณ์,Battery หมด/เสื่อม,1
47,อุปกรณ์เปิดติด - Logo Trueid TV/Android TV หมุนค้าง | TrueID,อุปกรณ์เปิดติด - Logo Trueid TV/Android TV หมุนค้าง,TrueIDTV-ปัญหาอุปกรณ์,อุปกรณ์ไม่รองรับ,1
47,อุปกรณ์เปิดติด - Logo Trueid TV/Android TV หมุนค้าง | TrueID,อุปกรณ์เปิดติด - Logo Trueid TV/Android TV หมุนค้าง,TrueIDTV-ปัญหาอุปกรณ์,Modem แตกหัก/สีผิดสภาพเดิม,1
47,อุปกรณ์เปิดติด - Logo Trueid TV/Android TV หมุนค้าง | TrueID,อุปกรณ์เปิดติด - Logo Trueid TV/Android TV หมุนค้าง,TrueIDTV-ปัญหาอุปกรณ์,Switch on/off เสีย/ชำรุดแตกหัก,1
47,อุปกรณ์เปิดติด - Logo Trueid TV/Android TV หมุนค้าง | TrueID,อุปกรณ์เปิดติด - Logo Trueid TV/Android TV หมุนค้าง,TrueIDTV-ปัญหาอุปกรณ์,มีเสียงผิดปกติในตัวโมเด็ม,1
47,อุปกรณ์เปิดติด - Logo Trueid TV/Android TV หมุนค้าง | TrueID,อุปกรณ์เปิดติด - Logo Trueid TV/Android TV หมุนค้าง,TrueIDTV-ปัญหาอุปกรณ์,ลูกค้าแจ้งขอยกเลิกบริการ,1
47,อุปกรณ์เปิดติด - Logo Trueid TV/Android TV หมุนค้าง | TrueID,อุปกรณ์เปิดติด - Logo Trueid TV/Android TV หมุนค้าง,TrueIDTV-ปัญหาอุปกรณ์,สั่งด้วยเสียไม่ได้ (กล่องเสีย),1
47,อุปกรณ์เปิดติด - Logo Trueid TV/Android TV หมุนค้าง | TrueID,อุปกรณ์เปิดติด - Logo Trueid TV/Android TV หมุนค้าง,TrueIDTV-ปัญหาอุปกรณ์,กล่องรับสัญญาณขัดข้อง (ER16/E048),1
47,อุปกรณ์เปิดติด - Logo Trueid TV/Android TV หมุนค้าง | TrueID,ใช้รีโมตผ่าน App TrueID ไม่ได้,TrueIDTV-ปัญหาอุปกรณ์,ลูกค้าต้องการเปลี่ยน TrueID TV Box,1
47,อุปกรณ์เปิดติด - Logo Trueid TV/Android TV หมุนค้าง | TrueID,อุปกรณ์เปิดติด - Logo Trueid TV/Android TV หมุนค้าง,TrueIDTV-ปัญหาอุปกรณ์,Sync Speed/RSSI ไม่ได้ WIFI ตาม Criteria /Low Signal 5 GHz,1
48,CA4: ช่องนี้ไม่รวมอยู่ในแพ็กเกจ | TVS-ปัญหาสัญญาณ | เปลี่ยน ,CA11/CA21/CA22/ขึ้นข้อความ ติดต่อ True Vision care,TVS-ปัญหาสัญญาณ,กล่องรับสัญญาณขัดข้อง (CA9/CA11),27
48,CA4: ช่องนี้ไม่รวมอยู่ในแพ็กเกจ | TVS-ปัญหาสัญญาณ | เปลี่ยน ,CA8 ไม่สามารถรับชมช่องรายการนี้ได้,TVS-ปัญหาสัญญาณ,กล่องรับสัญญาณขัดข้อง (CA9/CA11),13
48,CA4: ช่องนี้ไม่รวมอยู่ในแพ็กเกจ | TVS-ปัญหาสัญญาณ | เปลี่ยน ,CA11/CA21/CA22/ขึ้นข้อความ ติดต่อ True Vision care,TVS-ปัญหาสัญญาณ,การใช้งานของลูกค้า,11
48,CA4: ช่องนี้ไม่รวมอยู่ในแพ็กเกจ | TVS-ปัญหาสัญญาณ | เปลี่ยน ,CA4: ช่องนี้ไม่รวมอยู่ในแพ็กเกจ,TVS-ปัญหาสัญญาณ,การใช้งานของลูกค้า,11
48,CA4: ช่องนี้ไม่รวมอยู่ในแพ็กเกจ | TVS-ปัญหาสัญญาณ | เปลี่ยน ,CA255 ไม่สามารถทำรายการได้,TVS-ปัญหาสัญญาณ,การใช้งานของลูกค้า,9
48,CA4: ช่องนี้ไม่รวมอยู่ในแพ็กเกจ | TVS-ปัญหาสัญญาณ | เปลี่ยน ,CA8 ไม่สามารถรับชมช่องรายการนี้ได้,TVS-ปัญหาสัญญาณ,การใช้งานของลูกค้า,6
48,CA4: ช่องนี้ไม่รวมอยู่ในแพ็กเกจ | TVS-ปัญหาสัญญาณ | เปลี่ยน ,ไม่พบช่องรายการตาม Package,TVS-ปัญหาสัญญาณ,ช่องรายการถูกล็อค(CA14),6
48,CA4: ช่องนี้ไม่รวมอยู่ในแพ็กเกจ | TVS-ปัญหาสัญญาณ | เปลี่ยน ,CA11/CA21/CA22/ขึ้นข้อความ ติดต่อ True Vision care,TVS-ปัญหาสัญญาณ,ลูกค้าเปลี่ยนใจ/ลูกค้าขอยกเลิกบริการเอง,5
48,CA4: ช่องนี้ไม่รวมอยู่ในแพ็กเกจ | TVS-ปัญหาสัญญาณ | เปลี่ยน ,CA4: ช่องนี้ไม่รวมอยู่ในแพ็กเกจ,TVS-ปัญหาสัญญาณ,ช่องรายการถูกล็อค(CA14),5
48,CA4: ช่องนี้ไม่รวมอยู่ในแพ็กเกจ | TVS-ปัญหาสัญญาณ | เปลี่ยน ,CA4: ช่องนี้ไม่รวมอยู่ในแพ็กเกจ,TVS-ปัญหาสัญญาณ,ไม่ทราบสาเหตุ,4
48,CA4: ช่องนี้ไม่รวมอยู่ในแพ็กเกจ | TVS-ปัญหาสัญญาณ | เปลี่ยน ,CA11/CA21/CA22/ขึ้นข้อความ ติดต่อ True Vision care,TVS-ปัญหาสัญญาณ,CONFIG CHANGE,4
48,CA4: ช่องนี้ไม่รวมอยู่ในแพ็กเกจ | TVS-ปัญหาสัญญาณ | เปลี่ยน ,CA4: ช่องนี้ไม่รวมอยู่ในแพ็กเกจ,TVS-ปัญหาสัญญาณ,CONFIG CHANGE,4
48,CA4: ช่องนี้ไม่รวมอยู่ในแพ็กเกจ | TVS-ปัญหาสัญญาณ | เปลี่ยน ,CA255 ไม่สามารถทำรายการได้,TVS-ปัญหาสัญญาณ,CONFIG CHANGE,4
48,CA4: ช่องนี้ไม่รวมอยู่ในแพ็กเกจ | TVS-ปัญหาสัญญาณ | เปลี่ยน ,ไม่พบช่องรายการตาม Package,TVS-ปัญหาสัญญาณ,กล่องรับสัญญาณขัดข้อง (CA9/CA11),4
48,CA4: ช่องนี้ไม่รวมอยู่ในแพ็กเกจ | TVS-ปัญหาสัญญาณ | เปลี่ยน ,CA255 ไม่สามารถทำรายการได้,TVS-ปัญหาสัญญาณ,ไฟไม่เข้า,4
48,CA4: ช่องนี้ไม่รวมอยู่ในแพ็กเกจ | TVS-ปัญหาสัญญาณ | เปลี่ยน ,CA11/CA21/CA22/ขึ้นข้อความ ติดต่อ True Vision care,TVS-ปัญหาสัญญาณ,Monitor เหตุเสียครบตามเงื่อนไข,3
48,CA4: ช่องนี้ไม่รวมอยู่ในแพ็กเกจ | TVS-ปัญหาสัญญาณ | เปลี่ยน ,CA11/CA21/CA22/ขึ้นข้อความ ติดต่อ True Vision care,TVS-ปัญหาสัญญาณ,ขัดข้อง/เสีย,3
48,CA4: ช่องนี้ไม่รวมอยู่ในแพ็กเกจ | TVS-ปัญหาสัญญาณ | เปลี่ยน ,CA255 ไม่สามารถทำรายการได้,TVS-ปัญหาสัญญาณ,ขัดข้อง/เสีย,3
48,CA4: ช่องนี้ไม่รวมอยู่ในแพ็กเกจ | TVS-ปัญหาสัญญาณ | เปลี่ยน ,CA4: ช่องนี้ไม่รวมอยู่ในแพ็กเกจ,TVS-ปัญหาสัญญาณ,ขัดข้อง/เสีย,3
48,CA4: ช่องนี้ไม่รวมอยู่ในแพ็กเกจ | TVS-ปัญหาสัญญาณ | เปลี่ยน ,ขึ้นข้อความ กรุณารอสักครู่,TVS-ปัญหาสัญญาณ,กล่องรับสัญญาณขัดข้อง (CA9/CA11),3
48,CA4: ช่องนี้ไม่รวมอยู่ในแพ็กเกจ | TVS-ปัญหาสัญญาณ | เปลี่ยน ,CA255 ไม่สามารถทำรายการได้,TVS-ปัญหาสัญญาณ,อุปกรณ์คืนค่าโรงงาน,3
48,CA4: ช่องนี้ไม่รวมอยู่ในแพ็กเกจ | TVS-ปัญหาสัญญาณ | เปลี่ยน ,CA255 ไม่สามารถทำรายการได้,TVS-ปัญหาสัญญาณ,ลูกค้าเปลี่ยนใจ/ลูกค้าขอยกเลิกบริการเอง,3
48,CA4: ช่องนี้ไม่รวมอยู่ในแพ็กเกจ | TVS-ปัญหาสัญญาณ | เปลี่ยน ,CA8 ไม่สามารถรับชมช่องรายการนี้ได้,TVS-ปัญหาสัญญาณ,เหตุเสียใช้ได้ ก่อนช่างถึงบ้าน,3
48,CA4: ช่องนี้ไม่รวมอยู่ในแพ็กเกจ | TVS-ปัญหาสัญญาณ | เปลี่ยน ,CA255 ไม่สามารถทำรายการได้,TVS-ปัญหาสัญญาณ,เหตุเสียใช้ได้ ก่อนช่างถึงบ้าน,3
48,CA4: ช่องนี้ไม่รวมอยู่ในแพ็กเกจ | TVS-ปัญหาสัญญาณ | เปลี่ยน ,ขึ้นข้อความ กรุณารอสักครู่,TVS-ปัญหาสัญญาณ,ช่องรายการถูกล็อค(CA14),3
48,CA4: ช่องนี้ไม่รวมอยู่ในแพ็กเกจ | TVS-ปัญหาสัญญาณ | เปลี่ยน ,CA8 ไม่สามารถรับชมช่องรายการนี้ได้,TVS-ปัญหาสัญญาณ,ลูกค้าเปลี่ยนใจ/ลูกค้าขอยกเลิกบริการเอง,2
48,CA4: ช่องนี้ไม่รวมอยู่ในแพ็กเกจ | TVS-ปัญหาสัญญาณ | เปลี่ยน ,CA255 ไม่สามารถทำรายการได้,TVS-ปัญหาสัญญาณ,กล่องรับสัญญาณขัดข้อง (CA9/CA11),2
48,CA4: ช่องนี้ไม่รวมอยู่ในแพ็กเกจ | TVS-ปัญหาสัญญาณ | เปลี่ยน ,CA8 ไม่สามารถรับชมช่องรายการนี้ได้,TVS-ปัญหาสัญญาณ,ขัดข้อง/เสีย,2
48,CA4: ช่องนี้ไม่รวมอยู่ในแพ็กเกจ | TVS-ปัญหาสัญญาณ | เปลี่ยน ,CA4: ช่องนี้ไม่รวมอยู่ในแพ็กเกจ,TVS-ปัญหาสัญญาณ,กล่องรับสัญญาณขัดข้อง (CA9/CA11),2
48,CA4: ช่องนี้ไม่รวมอยู่ในแพ็กเกจ | TVS-ปัญหาสัญญาณ | เปลี่ยน ,CA201: ช่องรายการนี้ถูกจำกัดการเข้าชม,TVS-ปัญหาสัญญาณ,CONFIG CHANGE,2
48,CA4: ช่องนี้ไม่รวมอยู่ในแพ็กเกจ | TVS-ปัญหาสัญญาณ | เปลี่ยน ,CA8 ไม่สามารถรับชมช่องรายการนี้ได้,TVS-ปัญหาสัญญาณ,ช่องรายการถูกล็อค(CA14),2
48,CA4: ช่องนี้ไม่รวมอยู่ในแพ็กเกจ | TVS-ปัญหาสัญญาณ | เปลี่ยน ,CA255 ไม่สามารถทำรายการได้,TVS-ปัญหาสัญญาณ,ลูกค้าต้องการเปลี่ยน Hybrid Box,2
48,CA4: ช่องนี้ไม่รวมอยู่ในแพ็กเกจ | TVS-ปัญหาสัญญาณ | เปลี่ยน ,CA8 ไม่สามารถรับชมช่องรายการนี้ได้,TVS-ปัญหาสัญญาณ,ทดสอบและอธิบายลูกค้า,2
48,CA4: ช่องนี้ไม่รวมอยู่ในแพ็กเกจ | TVS-ปัญหาสัญญาณ | เปลี่ยน ,CA4: ช่องนี้ไม่รวมอยู่ในแพ็กเกจ,TVS-ปัญหาสัญญาณ,ลูกค้าเปลี่ยนใจ/ลูกค้าขอยกเลิกบริการเอง,2
48,CA4: ช่องนี้ไม่รวมอยู่ในแพ็กเกจ | TVS-ปัญหาสัญญาณ | เปลี่ยน ,CA11/CA21/CA22/ขึ้นข้อความ ติดต่อ True Vision care,TVS-ปัญหาสัญญาณ,ช่องรายการถูกล็อค(CA14),2
48,CA4: ช่องนี้ไม่รวมอยู่ในแพ็กเกจ | TVS-ปัญหาสัญญาณ | เปลี่ยน ,E016-0: ช่องนี้ไม่รวมอยู่ในแพ็กเกจ,TVS-ปัญหาสัญญาณ,ลูกค้าเปลี่ยนใจ/ลูกค้าขอยกเลิกบริการเอง,2
48,CA4: ช่องนี้ไม่รวมอยู่ในแพ็กเกจ | TVS-ปัญหาสัญญาณ | เปลี่ยน ,CA8 ไม่สามารถรับชมช่องรายการนี้ได้,TVS-ปัญหาสัญญาณ,Monitor เหตุเสียครบตามเงื่อนไข,2
48,CA4: ช่องนี้ไม่รวมอยู่ในแพ็กเกจ | TVS-ปัญหาสัญญาณ | เปลี่ยน ,CA4: ช่องนี้ไม่รวมอยู่ในแพ็กเกจ,TVS-ปัญหาสัญญาณ,เปลี่ยน process การทำงาน,1
48,CA4: ช่องนี้ไม่รวมอยู่ในแพ็กเกจ | TVS-ปัญหาสัญญาณ | เปลี่ยน ,CA5 ขณะนี้ไม่สามารถรับชมรายการได้ชั่วคราว ติดต่อ True Vision care,TVS-ปัญหาสัญญาณ,ลูกค้าเปลี่ยนใจ/ลูกค้าขอยกเลิกบริการเอง,1
48,CA4: ช่องนี้ไม่รวมอยู่ในแพ็กเกจ | TVS-ปัญหาสัญญาณ | เปลี่ยน ,CA4: ช่องนี้ไม่รวมอยู่ในแพ็กเกจ,TVS-ปัญหาสัญญาณ,ค่าสัญญาณดี แต่พบภาพขาดหาย/ ภาพแตก/ เสียงขาดหาย,1
48,CA4: ช่องนี้ไม่รวมอยู่ในแพ็กเกจ | TVS-ปัญหาสัญญาณ | เปลี่ยน ,CA4: ช่องนี้ไม่รวมอยู่ในแพ็กเกจ,TVS-ปัญหาสัญญาณ,ส่งงานไม่ถูกต้อง,1
48,CA4: ช่องนี้ไม่รวมอยู่ในแพ็กเกจ | TVS-ปัญหาสัญญาณ | เปลี่ยน ,CA8 ไม่สามารถรับชมช่องรายการนี้ได้,TVS-ปัญหาสัญญาณ,ไม่ทราบสาเหตุ,1
48,CA4: ช่องนี้ไม่รวมอยู่ในแพ็กเกจ | TVS-ปัญหาสัญญาณ | เปลี่ยน ,CA11/CA21/CA22/ขึ้นข้อความ ติดต่อ True Vision care,TVS-ปัญหาสัญญาณ,ส่งงานไม่ถูกต้อง,1
48,CA4: ช่องนี้ไม่รวมอยู่ในแพ็กเกจ | TVS-ปัญหาสัญญาณ | เปลี่ยน ,E017-0 SMC Error,TVS-ปัญหาสัญญาณ,ช่องรายการถูกล็อค(CA14),1
48,CA4: ช่องนี้ไม่รวมอยู่ในแพ็กเกจ | TVS-ปัญหาสัญญาณ | เปลี่ยน ,CA4: ช่องนี้ไม่รวมอยู่ในแพ็กเกจ,TVS-ปัญหาสัญญาณ,อุปกรณ์คืนค่าโรงงาน,1
48,CA4: ช่องนี้ไม่รวมอยู่ในแพ็กเกจ | TVS-ปัญหาสัญญาณ | เปลี่ยน ,CA5 ขณะนี้ไม่สามารถรับชมรายการได้ชั่วคราว ติดต่อ True Vision care,TVS-ปัญหาสัญญาณ,ไฟไม่เข้า,1
48,CA4: ช่องนี้ไม่รวมอยู่ในแพ็กเกจ | TVS-ปัญหาสัญญาณ | เปลี่ยน ,CA11/CA21/CA22/ขึ้นข้อความ ติดต่อ True Vision care,CMDU-ปัญหาสัญญาณ,ค่าสัญญาณดี ไม่มีภาพ/ ไม่มีเสียง,1
48,CA4: ช่องนี้ไม่รวมอยู่ในแพ็กเกจ | TVS-ปัญหาสัญญาณ | เปลี่ยน ,CA11/CA21/CA22/ขึ้นข้อความ ติดต่อ True Vision care,TVS-ปัญหาสัญญาณ,ไม่ทราบสาเหตุ,1
48,CA4: ช่องนี้ไม่รวมอยู่ในแพ็กเกจ | TVS-ปัญหาสัญญาณ | เปลี่ยน ,ค่าสัญญาณไม่ดี,เปิด Web ไม่ได้,ช่องรายการถูกล็อค(CA14),1
48,CA4: ช่องนี้ไม่รวมอยู่ในแพ็กเกจ | TVS-ปัญหาสัญญาณ | เปลี่ยน ,CA255 ไม่สามารถทำรายการได้,TVS-ปัญหาสัญญาณ,Port HDMI/AV เสีย,1
48,CA4: ช่องนี้ไม่รวมอยู่ในแพ็กเกจ | TVS-ปัญหาสัญญาณ | เปลี่ยน ,CA201: ช่องรายการนี้ถูกจำกัดการเข้าชม,CMDU-ปัญหาสัญญาณ,การใช้งานของลูกค้า,1
48,CA4: ช่องนี้ไม่รวมอยู่ในแพ็กเกจ | TVS-ปัญหาสัญญาณ | เปลี่ยน ,CA255 ไม่สามารถทำรายการได้,TVS-ปัญหาสัญญาณ,ทดสอบและอธิบายลูกค้า,1
48,CA4: ช่องนี้ไม่รวมอยู่ในแพ็กเกจ | TVS-ปัญหาสัญญาณ | เปลี่ยน ,CA4: ช่องนี้ไม่รวมอยู่ในแพ็กเกจ,TVS-ปัญหาสัญญาณ,ช่องรายการถูกล็อค(E016/E017),1
48,CA4: ช่องนี้ไม่รวมอยู่ในแพ็กเกจ | TVS-ปัญหาสัญญาณ | เปลี่ยน ,CA8 ไม่สามารถรับชมช่องรายการนี้ได้,TVS-ปัญหาสัญญาณ,กล่องไม่อ่านการ์ด,1
48,CA4: ช่องนี้ไม่รวมอยู่ในแพ็กเกจ | TVS-ปัญหาสัญญาณ | เปลี่ยน ,CA201: ช่องรายการนี้ถูกจำกัดการเข้าชม,TVS-ปัญหาสัญญาณ,การใช้งานของลูกค้า,1
48,CA4: ช่องนี้ไม่รวมอยู่ในแพ็กเกจ | TVS-ปัญหาสัญญาณ | เปลี่ยน ,CA201: ช่องรายการนี้ถูกจำกัดการเข้าชม,TVS-ปัญหาสัญญาณ,อุปกรณ์คืนค่าโรงงาน,1
48,CA4: ช่องนี้ไม่รวมอยู่ในแพ็กเกจ | TVS-ปัญหาสัญญาณ | เปลี่ยน ,CA8 ไม่สามารถรับชมช่องรายการนี้ได้,TVS-ปัญหาสัญญาณ,ค่าสัญญาณดี ภาพค้าง/ ขาดหาย,1
48,CA4: ช่องนี้ไม่รวมอยู่ในแพ็กเกจ | TVS-ปัญหาสัญญาณ | เปลี่ยน ,CA255 ไม่สามารถทำรายการได้,TVS-ปัญหาสัญญาณ,Reboot,1
48,CA4: ช่องนี้ไม่รวมอยู่ในแพ็กเกจ | TVS-ปัญหาสัญญาณ | เปลี่ยน ,CA8 ไม่สามารถรับชมช่องรายการนี้ได้,TVS-ปัญหาสัญญาณ,กล่องรับสัญญาณขัดข้อง (E161),1
48,CA4: ช่องนี้ไม่รวมอยู่ในแพ็กเกจ | TVS-ปัญหาสัญญาณ | เปลี่ยน ,CA4: ช่องนี้ไม่รวมอยู่ในแพ็กเกจ,TVS-ปัญหาสัญญาณ,เหตุเสียใช้ได้ ก่อนช่างถึงบ้าน,1
48,CA4: ช่องนี้ไม่รวมอยู่ในแพ็กเกจ | TVS-ปัญหาสัญญาณ | เปลี่ยน ,ปัญหาสัญญาณเสียง,TVS-ปัญหาสัญญาณ,ช่องรายการถูกล็อค(CA14),1
48,CA4: ช่องนี้ไม่รวมอยู่ในแพ็กเกจ | TVS-ปัญหาสัญญาณ | เปลี่ยน ,CA11/CA21/CA22/ขึ้นข้อความ ติดต่อ True Vision care,TVS-ปัญหาสัญญาณ,ไม่มีสัญญาณ CATV หรือ ค่า RF ไม่ได้ตามค่ามาตรฐาน,1
48,CA4: ช่องนี้ไม่รวมอยู่ในแพ็กเกจ | TVS-ปัญหาสัญญาณ | เปลี่ยน ,CA8 ไม่สามารถรับชมช่องรายการนี้ได้,TVS-ปัญหาสัญญาณ,อุปกรณ์คืนค่าโรงงาน,1
48,CA4: ช่องนี้ไม่รวมอยู่ในแพ็กเกจ | TVS-ปัญหาสัญญาณ | เปลี่ยน ,CA255 ไม่สามารถทำรายการได้,TVS-ปัญหาสัญญาณ,ค่าสัญญาณดี ภาพค้าง/ ขาดหาย,1
48,CA4: ช่องนี้ไม่รวมอยู่ในแพ็กเกจ | TVS-ปัญหาสัญญาณ | เปลี่ยน ,CA8 ไม่สามารถรับชมช่องรายการนี้ได้,TVS-ปัญหาสัญญาณ,CONFIG CHANGE,1
48,CA4: ช่องนี้ไม่รวมอยู่ในแพ็กเกจ | TVS-ปัญหาสัญญาณ | เปลี่ยน ,CA255 ไม่สามารถทำรายการได้,TVS-ปัญหาสัญญาณ,กล่องรับสัญญาณขัดข้อง (ER16/E048),1
48,CA4: ช่องนี้ไม่รวมอยู่ในแพ็กเกจ | TVS-ปัญหาสัญญาณ | เปลี่ยน ,CA8 ไม่สามารถรับชมช่องรายการนี้ได้,TVS-ปัญหาสัญญาณ,ลูกค้าต้องการเปลี่ยน Set Top Box,1
48,CA4: ช่องนี้ไม่รวมอยู่ในแพ็กเกจ | TVS-ปัญหาสัญญาณ | เปลี่ยน ,CA201: ช่องรายการนี้ถูกจำกัดการเข้าชม,TVS-ปัญหาสัญญาณ,กล่องรับสัญญาณขัดข้อง (CA9/CA11),1
48,CA4: ช่องนี้ไม่รวมอยู่ในแพ็กเกจ | TVS-ปัญหาสัญญาณ | เปลี่ยน ,CA8 ไม่สามารถรับชมช่องรายการนี้ได้,TVS-ปัญหาสัญญาณ,อุปกรณ์ Hang,1
48,CA4: ช่องนี้ไม่รวมอยู่ในแพ็กเกจ | TVS-ปัญหาสัญญาณ | เปลี่ยน ,CA5 ขณะนี้ไม่สามารถรับชมรายการได้ชั่วคราว ติดต่อ True Vision care,TVS-ปัญหาสัญญาณ,การใช้งานของลูกค้า,1
48,CA4: ช่องนี้ไม่รวมอยู่ในแพ็กเกจ | TVS-ปัญหาสัญญาณ | เปลี่ยน ,CA8 ไม่สามารถรับชมช่องรายการนี้ได้,TVS-ปัญหาสัญญาณ,ส่งงานไม่ถูกต้อง,1
48,CA4: ช่องนี้ไม่รวมอยู่ในแพ็กเกจ | TVS-ปัญหาสัญญาณ | เปลี่ยน ,CA5 ขณะนี้ไม่สามารถรับชมรายการได้ชั่วคราว ติดต่อ True Vision care,TVS-ปัญหาสัญญาณ,เหตุเสียใช้ได้ ก่อนช่างถึงบ้าน,1
48,CA4: ช่องนี้ไม่รวมอยู่ในแพ็กเกจ | TVS-ปัญหาสัญญาณ | เปลี่ยน ,E016-0: ช่องนี้ไม่รวมอยู่ในแพ็กเกจ,TVS-ปัญหาสัญญาณ,BUG FIRMWARE,1
48,CA4: ช่องนี้ไม่รวมอยู่ในแพ็กเกจ | TVS-ปัญหาสัญญาณ | เปลี่ยน ,CA4: ช่องนี้ไม่รวมอยู่ในแพ็กเกจ,TVS-ปัญหาสัญญาณ,ไม่พบปัญหาการใช้งานแล้ว,1
48,CA4: ช่องนี้ไม่รวมอยู่ในแพ็กเกจ | TVS-ปัญหาสัญญาณ | เปลี่ยน ,CA201: ช่องรายการนี้ถูกจำกัดการเข้าชม,CMDU-ปัญหาสัญญาณ,กล่องรับสัญญาณขัดข้อง (CA9/CA11),1
48,CA4: ช่องนี้ไม่รวมอยู่ในแพ็กเกจ | TVS-ปัญหาสัญญาณ | เปลี่ยน ,CA5 ขณะนี้ไม่สามารถรับชมรายการได้ชั่วคราว ติดต่อ True Vision care,TVS-ปัญหาสัญญาณ,Monitor เหตุเสียครบตามเงื่อนไข,1
48,CA4: ช่องนี้ไม่รวมอยู่ในแพ็กเกจ | TVS-ปัญหาสัญญาณ | เปลี่ยน ,CA8 ไม่สามารถรับชมช่องรายการนี้ได้,TVS-ปัญหาสัญญาณ,Modemไม่ lock/ไม่ Synch/High Loss,1
48,CA4: ช่องนี้ไม่รวมอยู่ในแพ็กเกจ | TVS-ปัญหาสัญญาณ | เปลี่ยน ,CA4: ช่องนี้ไม่รวมอยู่ในแพ็กเกจ,TVS-ปัญหาสัญญาณ,ค่าสัญญาณดี ไม่มีภาพ/ ไม่มีเสียง,1
48,CA4: ช่องนี้ไม่รวมอยู่ในแพ็กเกจ | TVS-ปัญหาสัญญาณ | เปลี่ยน ,CA255 ไม่สามารถทำรายการได้,TVS-ปัญหาสัญญาณ,กล่องไม่อ่านการ์ด,1
48,CA4: ช่องนี้ไม่รวมอยู่ในแพ็กเกจ | TVS-ปัญหาสัญญาณ | เปลี่ยน ,รีโมตคำสั่งเสียงไม่ทำงาน,TVS-ปัญหาอุปกรณ์,ช่องรายการถูกล็อค(CA14),1
49,CA14: กล่องของท่านไม่เชื่อมต่อสัญญาณ | TVS-ปัญหาสัญญาณ | ขัด,CA14: กล่องของท่านไม่เชื่อมต่อสัญญาณ,TVS-ปัญหาสัญญาณ,การใช้งานของลูกค้า,41
49,CA14: กล่องของท่านไม่เชื่อมต่อสัญญาณ | TVS-ปัญหาสัญญาณ | ขัด,CA14: กล่องของท่านไม่เชื่อมต่อสัญญาณ,TVS-ปัญหาสัญญาณ,ช่องรายการถูกล็อค(CA14),29
49,CA14: กล่องของท่านไม่เชื่อมต่อสัญญาณ | TVS-ปัญหาสัญญาณ | ขัด,CA14: กล่องของท่านไม่เชื่อมต่อสัญญาณ,TVS-ปัญหาสัญญาณ,เหตุเสียใช้ได้ ก่อนช่างถึงบ้าน,24
49,CA14: กล่องของท่านไม่เชื่อมต่อสัญญาณ | TVS-ปัญหาสัญญาณ | ขัด,CA14: กล่องของท่านไม่เชื่อมต่อสัญญาณ,TVS-ปัญหาสัญญาณ,ขัดข้อง/เสีย,22
49,CA14: กล่องของท่านไม่เชื่อมต่อสัญญาณ | TVS-ปัญหาสัญญาณ | ขัด,CA14: กล่องของท่านไม่เชื่อมต่อสัญญาณ,TVS-ปัญหาสัญญาณ,CONFIG CHANGE,22
49,CA14: กล่องของท่านไม่เชื่อมต่อสัญญาณ | TVS-ปัญหาสัญญาณ | ขัด,CA14: กล่องของท่านไม่เชื่อมต่อสัญญาณ,TVS-ปัญหาสัญญาณ,Monitor เหตุเสียครบตามเงื่อนไข,9
49,CA14: กล่องของท่านไม่เชื่อมต่อสัญญาณ | TVS-ปัญหาสัญญาณ | ขัด,CA14: กล่องของท่านไม่เชื่อมต่อสัญญาณ,TVS-ปัญหาสัญญาณ,กล่องไม่อ่านการ์ด,9
49,CA14: กล่องของท่านไม่เชื่อมต่อสัญญาณ | TVS-ปัญหาสัญญาณ | ขัด,CA14: กล่องของท่านไม่เชื่อมต่อสัญญาณ,TVS-ปัญหาสัญญาณ,ไฟไม่เข้า,8
49,CA14: กล่องของท่านไม่เชื่อมต่อสัญญาณ | TVS-ปัญหาสัญญาณ | ขัด,CA14: กล่องของท่านไม่เชื่อมต่อสัญญาณ,TVS-ปัญหาสัญญาณ,อุปกรณ์ Hang,7
49,CA14: กล่องของท่านไม่เชื่อมต่อสัญญาณ | TVS-ปัญหาสัญญาณ | ขัด,CA14: กล่องของท่านไม่เชื่อมต่อสัญญาณ,TVS-ปัญหาสัญญาณ,อุปกรณ์คืนค่าโรงงาน,7
49,CA14: กล่องของท่านไม่เชื่อมต่อสัญญาณ | TVS-ปัญหาสัญญาณ | ขัด,CA14: กล่องของท่านไม่เชื่อมต่อสัญญาณ,TVS-ปัญหาสัญญาณ,ลูกค้าเปลี่ยนใจ/ลูกค้าขอยกเลิกบริการเอง,7
49,CA14: กล่องของท่านไม่เชื่อมต่อสัญญาณ | TVS-ปัญหาสัญญาณ | ขัด,CA11/CA21/CA22/ขึ้นข้อความ ติดต่อ True Vision care,TVS-ปัญหาสัญญาณ,เหตุเสียใช้ได้ ก่อนช่างถึงบ้าน,7
49,CA14: กล่องของท่านไม่เชื่อมต่อสัญญาณ | TVS-ปัญหาสัญญาณ | ขัด,CA14: กล่องของท่านไม่เชื่อมต่อสัญญาณ,TVS-ปัญหาสัญญาณ,ลูกค้าต้องการเปลี่ยน Set Top Box,5
49,CA14: กล่องของท่านไม่เชื่อมต่อสัญญาณ | TVS-ปัญหาสัญญาณ | ขัด,CA11/CA21/CA22/ขึ้นข้อความ ติดต่อ True Vision care,TVS-ปัญหาสัญญาณ,ไฟไม่เข้า,5
49,CA14: กล่องของท่านไม่เชื่อมต่อสัญญาณ | TVS-ปัญหาสัญญาณ | ขัด,CA11/CA21/CA22/ขึ้นข้อความ ติดต่อ True Vision care,TVS-ปัญหาสัญญาณ,กล่องไม่อ่านการ์ด,4
49,CA14: กล่องของท่านไม่เชื่อมต่อสัญญาณ | TVS-ปัญหาสัญญาณ | ขัด,CA14: กล่องของท่านไม่เชื่อมต่อสัญญาณ,TVS-ปัญหาสัญญาณ,ส่งงานไม่ถูกต้อง,4
49,CA14: กล่องของท่านไม่เชื่อมต่อสัญญาณ | TVS-ปัญหาสัญญาณ | ขัด,CA14: กล่องของท่านไม่เชื่อมต่อสัญญาณ,TVS-ปัญหาสัญญาณ,Remote ไม่ทำงาน,3
49,CA14: กล่องของท่านไม่เชื่อมต่อสัญญาณ | TVS-ปัญหาสัญญาณ | ขัด,CA14: กล่องของท่านไม่เชื่อมต่อสัญญาณ,TVS-ปัญหาสัญญาณ,ไม่ทราบสาเหตุ,3
49,CA14: กล่องของท่านไม่เชื่อมต่อสัญญาณ | TVS-ปัญหาสัญญาณ | ขัด,CA14: กล่องของท่านไม่เชื่อมต่อสัญญาณ,TVS-ปัญหาสัญญาณ,ลูกค้าต้องการเปลี่ยน Hybrid Box,3
49,CA14: กล่องของท่านไม่เชื่อมต่อสัญญาณ | TVS-ปัญหาสัญญาณ | ขัด,CA11/CA21/CA22/ขึ้นข้อความ ติดต่อ True Vision care,TVS-ปัญหาสัญญาณ,ลูกค้าต้องการเปลี่ยน Set Top Box,3
49,CA14: กล่องของท่านไม่เชื่อมต่อสัญญาณ | TVS-ปัญหาสัญญาณ | ขัด,CA11/CA21/CA22/ขึ้นข้อความ ติดต่อ True Vision care,TVS-ปัญหาสัญญาณ,อุปกรณ์ Hang,3
49,CA14: กล่องของท่านไม่เชื่อมต่อสัญญาณ | TVS-ปัญหาสัญญาณ | ขัด,CA14: กล่องของท่านไม่เชื่อมต่อสัญญาณ,TVS-ปัญหาสัญญาณ,กล่องรับสัญญาณขัดข้อง (CA9/CA11),3
49,CA14: กล่องของท่านไม่เชื่อมต่อสัญญาณ | TVS-ปัญหาสัญญาณ | ขัด,CA14: กล่องของท่านไม่เชื่อมต่อสัญญาณ,TVS-ปัญหาสัญญาณ,กล่องรับสัญญาณขัดข้อง (ER16/E048),2
49,CA14: กล่องของท่านไม่เชื่อมต่อสัญญาณ | TVS-ปัญหาสัญญาณ | ขัด,CA14: กล่องของท่านไม่เชื่อมต่อสัญญาณ,CMDU-ปัญหาสัญญาณ,CONFIG CHANGE,2
49,CA14: กล่องของท่านไม่เชื่อมต่อสัญญาณ | TVS-ปัญหาสัญญาณ | ขัด,CA4: ช่องนี้ไม่รวมอยู่ในแพ็กเกจ,TVS-ปัญหาสัญญาณ,กล่องไม่อ่านการ์ด,2
49,CA14: กล่องของท่านไม่เชื่อมต่อสัญญาณ | TVS-ปัญหาสัญญาณ | ขัด,CA14: กล่องของท่านไม่เชื่อมต่อสัญญาณ,TVS-ปัญหาสัญญาณ,ค่าสัญญาณดี ไม่มีภาพ/ ไม่มีเสียง,2
49,CA14: กล่องของท่านไม่เชื่อมต่อสัญญาณ | TVS-ปัญหาสัญญาณ | ขัด,CA14: กล่องของท่านไม่เชื่อมต่อสัญญาณ,CMDU-ปัญหาสัญญาณ,ขัดข้อง/เสีย,2
49,CA14: กล่องของท่านไม่เชื่อมต่อสัญญาณ | TVS-ปัญหาสัญญาณ | ขัด,E016-0: ช่องนี้ไม่รวมอยู่ในแพ็กเกจ,TVS-ปัญหาสัญญาณ,ลูกค้าต้องการเปลี่ยน Hybrid Box,1
49,CA14: กล่องของท่านไม่เชื่อมต่อสัญญาณ | TVS-ปัญหาสัญญาณ | ขัด,CA14: กล่องของท่านไม่เชื่อมต่อสัญญาณ,TVS-ปัญหาสัญญาณ,สกปรก,1
49,CA14: กล่องของท่านไม่เชื่อมต่อสัญญาณ | TVS-ปัญหาสัญญาณ | ขัด,CA14: กล่องของท่านไม่เชื่อมต่อสัญญาณ,CMDU-ปัญหาสัญญาณ,เหตุเสียใช้ได้ ก่อนช่างถึงบ้าน,1
49,CA14: กล่องของท่านไม่เชื่อมต่อสัญญาณ | TVS-ปัญหาสัญญาณ | ขัด,CA14: กล่องของท่านไม่เชื่อมต่อสัญญาณ,TVS-ปัญหาสัญญาณ,ลูกค้าต้องการเปลี่ยน Modem,1
49,CA14: กล่องของท่านไม่เชื่อมต่อสัญญาณ | TVS-ปัญหาสัญญาณ | ขัด,CA14: กล่องของท่านไม่เชื่อมต่อสัญญาณ,TVS-ปัญหาสัญญาณ,ลูกค้าแจ้งขอยกเลิกบริการ,1
49,CA14: กล่องของท่านไม่เชื่อมต่อสัญญาณ | TVS-ปัญหาสัญญาณ | ขัด,CA14: กล่องของท่านไม่เชื่อมต่อสัญญาณ,TVS-ปัญหาสัญญาณ,ช่องรายการถูกล็อค(E016/E017),1
49,CA14: กล่องของท่านไม่เชื่อมต่อสัญญาณ | TVS-ปัญหาสัญญาณ | ขัด,CA14: กล่องของท่านไม่เชื่อมต่อสัญญาณ,TVS-ปัญหาสัญญาณ,ไม่พบปัญหาการใช้งานแล้ว,1
49,CA14: กล่องของท่านไม่เชื่อมต่อสัญญาณ | TVS-ปัญหาสัญญาณ | ขัด,CA14: กล่องของท่านไม่เชื่อมต่อสัญญาณ,TVS-ปัญหาสัญญาณ,มีค่า Loss สูง,1
49,CA14: กล่องของท่านไม่เชื่อมต่อสัญญาณ | TVS-ปัญหาสัญญาณ | ขัด,ปัญหาการใช้งานHDD-PVR,TVS-ปัญหาอุปกรณ์,ช่องรายการถูกล็อค(CA14),1
49,CA14: กล่องของท่านไม่เชื่อมต่อสัญญาณ | TVS-ปัญหาสัญญาณ | ขัด,CA11/CA21/CA22/ขึ้นข้อความ ติดต่อ True Vision care,TVS-ปัญหาสัญญาณ,สายหัก/สายงอ/สายถูกดึงรั้ง,1
49,CA14: กล่องของท่านไม่เชื่อมต่อสัญญาณ | TVS-ปัญหาสัญญาณ | ขัด,CA14: กล่องของท่านไม่เชื่อมต่อสัญญาณ,TVS-ปัญหาสัญญาณ,สายหัก/สายงอ/สายถูกดึงรั้ง,1
49,CA14: กล่องของท่านไม่เชื่อมต่อสัญญาณ | TVS-ปัญหาสัญญาณ | ขัด,CA14: กล่องของท่านไม่เชื่อมต่อสัญญาณ,TVS-ปัญหาสัญญาณ,ค่าสัญญาณดี แต่พบภาพขาดหาย/ ภาพแตก/ เสียงขาดหาย,1
49,CA14: กล่องของท่านไม่เชื่อมต่อสัญญาณ | TVS-ปัญหาสัญญาณ | ขัด,CA14: กล่องของท่านไม่เชื่อมต่อสัญญาณ,TVS-ปัญหาสัญญาณ,BUG FIRMWARE,1
49,CA14: กล่องของท่านไม่เชื่อมต่อสัญญาณ | TVS-ปัญหาสัญญาณ | ขัด,ปัญหาอุปกรณ์- การเชื่อมต่อกล่อง OTT กับอุปกรณ์เสริมอื่นๆ,แจ้งเสีย-TrueID TV,CONFIG CHANGE,1
49,CA14: กล่องของท่านไม่เชื่อมต่อสัญญาณ | TVS-ปัญหาสัญญาณ | ขัด,CA14: กล่องของท่านไม่เชื่อมต่อสัญญาณ,TVS-ปัญหาสัญญาณ,กล่องรับสัญญาณขัดข้อง (E161),1
49,CA14: กล่องของท่านไม่เชื่อมต่อสัญญาณ | TVS-ปัญหาสัญญาณ | ขัด,CA14: กล่องของท่านไม่เชื่อมต่อสัญญาณ,CMDU-ปัญหาสัญญาณ,ช่องรายการถูกล็อค(CA14),1
49,CA14: กล่องของท่านไม่เชื่อมต่อสัญญาณ | TVS-ปัญหาสัญญาณ | ขัด,CA14: กล่องของท่านไม่เชื่อมต่อสัญญาณ,CMDU-ปัญหาสัญญาณ,การใช้งานของลูกค้า,1
49,CA14: กล่องของท่านไม่เชื่อมต่อสัญญาณ | TVS-ปัญหาสัญญาณ | ขัด,CA14: กล่องของท่านไม่เชื่อมต่อสัญญาณ,TVS-ปัญหาสัญญาณ,เปลี่ยน process การทำงาน,1
49,CA14: กล่องของท่านไม่เชื่อมต่อสัญญาณ | TVS-ปัญหาสัญญาณ | ขัด,CA14: กล่องของท่านไม่เชื่อมต่อสัญญาณ,TVS-ปัญหาสัญญาณ,รถเกี่ยว,1
49,CA14: กล่องของท่านไม่เชื่อมต่อสัญญาณ | TVS-ปัญหาสัญญาณ | ขัด,ปัญหาการใช้งานHDD-PVR,TVS-ปัญหาอุปกรณ์,กล่องรับสัญญาณขัดข้อง (CA9/CA11),1
49,CA14: กล่องของท่านไม่เชื่อมต่อสัญญาณ | TVS-ปัญหาสัญญาณ | ขัด,CA14: กล่องของท่านไม่เชื่อมต่อสัญญาณ,TVS-ปัญหาสัญญาณ,Battery หมด/เสื่อม,1
49,CA14: กล่องของท่านไม่เชื่อมต่อสัญญาณ | TVS-ปัญหาสัญญาณ | ขัด,CA14: กล่องของท่านไม่เชื่อมต่อสัญญาณ,TVS-ปัญหาสัญญาณ,ทดสอบและอธิบายลูกค้า,1
50,อุปกรณ์เปิดไม่ติด ไฟไม่เข้า | TrueIDTV-ปัญหาอุปกรณ์ | ไฟไม่เ,อุปกรณ์เปิดไม่ติด ไฟไม่เข้า,TrueIDTV-ปัญหาอุปกรณ์,การใช้งานของลูกค้า,921
50,อุปกรณ์เปิดไม่ติด ไฟไม่เข้า | TrueIDTV-ปัญหาอุปกรณ์ | ไฟไม่เ,อุปกรณ์เปิดไม่ติด ไฟไม่เข้า,TrueIDTV-ปัญหาอุปกรณ์,ขัดข้อง/เสีย,696
50,อุปกรณ์เปิดไม่ติด ไฟไม่เข้า | TrueIDTV-ปัญหาอุปกรณ์ | ไฟไม่เ,อุปกรณ์เปิดไม่ติด ไฟไม่เข้า,TrueIDTV-ปัญหาอุปกรณ์,ไฟไม่เข้า,452
50,อุปกรณ์เปิดไม่ติด ไฟไม่เข้า | TrueIDTV-ปัญหาอุปกรณ์ | ไฟไม่เ,อุปกรณ์เปิดไม่ติด ไฟไม่เข้า,TrueIDTV-ปัญหาอุปกรณ์,CONFIG CHANGE,287
50,อุปกรณ์เปิดไม่ติด ไฟไม่เข้า | TrueIDTV-ปัญหาอุปกรณ์ | ไฟไม่เ,อุปกรณ์เปิดไม่ติด ไฟไม่เข้า,TrueIDTV-ปัญหาอุปกรณ์,อุปกรณ์ Hang,275
50,อุปกรณ์เปิดไม่ติด ไฟไม่เข้า | TrueIDTV-ปัญหาอุปกรณ์ | ไฟไม่เ,อุปกรณ์เปิดไม่ติด ไฟไม่เข้า,TrueIDTV-ปัญหาอุปกรณ์,เหตุเสียใช้ได้ ก่อนช่างถึงบ้าน,274
50,อุปกรณ์เปิดไม่ติด ไฟไม่เข้า | TrueIDTV-ปัญหาอุปกรณ์ | ไฟไม่เ,อุปกรณ์เปิดไม่ติด ไฟไม่เข้า,TrueIDTV-ปัญหาอุปกรณ์,ลูกค้าต้องการเปลี่ยน TrueID TV Box,243
50,อุปกรณ์เปิดไม่ติด ไฟไม่เข้า | TrueIDTV-ปัญหาอุปกรณ์ | ไฟไม่เ,อุปกรณ์เปิดไม่ติด ไฟไม่เข้า,TrueIDTV-ปัญหาอุปกรณ์,Remote ไม่ทำงาน,177
50,อุปกรณ์เปิดไม่ติด ไฟไม่เข้า | TrueIDTV-ปัญหาอุปกรณ์ | ไฟไม่เ,อุปกรณ์เปิดไม่ติด ไฟไม่เข้า,TrueIDTV-ปัญหาอุปกรณ์,ลูกค้าเปลี่ยนใจ/ลูกค้าขอยกเลิกบริการเอง,157
50,อุปกรณ์เปิดไม่ติด ไฟไม่เข้า | TrueIDTV-ปัญหาอุปกรณ์ | ไฟไม่เ,อุปกรณ์เปิดไม่ติด ไฟไม่เข้า,TrueIDTV-ปัญหาอุปกรณ์,Monitor เหตุเสียครบตามเงื่อนไข,107
50,อุปกรณ์เปิดไม่ติด ไฟไม่เข้า | TrueIDTV-ปัญหาอุปกรณ์ | ไฟไม่เ,อุปกรณ์เปิดไม่ติด ไฟไม่เข้า,TrueIDTV-ปัญหาอุปกรณ์,อุปกรณ์คืนค่าโรงงาน,77
50,อุปกรณ์เปิดไม่ติด ไฟไม่เข้า | TrueIDTV-ปัญหาอุปกรณ์ | ไฟไม่เ,อุปกรณ์เปิดไม่ติด ไฟไม่เข้า,TrueIDTV-ปัญหาอุปกรณ์,ไม่ทราบสาเหตุ,62
50,อุปกรณ์เปิดไม่ติด ไฟไม่เข้า | TrueIDTV-ปัญหาอุปกรณ์ | ไฟไม่เ,อุปกรณ์เปิดไม่ติด ไฟไม่เข้า,TrueIDTV-ปัญหาอุปกรณ์,ค่าสัญญาณดี ภาพค้าง/ ขาดหาย,50
50,อุปกรณ์เปิดไม่ติด ไฟไม่เข้า | TrueIDTV-ปัญหาอุปกรณ์ | ไฟไม่เ,อุปกรณ์เปิดไม่ติด ไฟไม่เข้า,TrueIDTV-ปัญหาอุปกรณ์,ค่าสัญญาณดี ไม่มีภาพ/ ไม่มีเสียง,47
50,อุปกรณ์เปิดไม่ติด ไฟไม่เข้า | TrueIDTV-ปัญหาอุปกรณ์ | ไฟไม่เ,อุปกรณ์เปิดไม่ติด ไฟไม่เข้า,TrueIDTV-ปัญหาอุปกรณ์,BUG FIRMWARE,37
50,อุปกรณ์เปิดไม่ติด ไฟไม่เข้า | TrueIDTV-ปัญหาอุปกรณ์ | ไฟไม่เ,อุปกรณ์เปิดไม่ติด ไฟไม่เข้า,TrueIDTV-ปัญหาอุปกรณ์,ส่งงานไม่ถูกต้อง,37
50,อุปกรณ์เปิดไม่ติด ไฟไม่เข้า | TrueIDTV-ปัญหาอุปกรณ์ | ไฟไม่เ,อุปกรณ์เปิดไม่ติด ไฟไม่เข้า,TrueIDTV-ปัญหาอุปกรณ์,ทดสอบและอธิบายลูกค้า,37
50,อุปกรณ์เปิดไม่ติด ไฟไม่เข้า | TrueIDTV-ปัญหาอุปกรณ์ | ไฟไม่เ,อุปกรณ์เปิดไม่ติด ไฟไม่เข้า,TrueIDTV-ปัญหาอุปกรณ์,Port HDMI/AV/optical/usb เสีย,19
50,อุปกรณ์เปิดไม่ติด ไฟไม่เข้า | TrueIDTV-ปัญหาอุปกรณ์ | ไฟไม่เ,อุปกรณ์เปิดไม่ติด ไฟไม่เข้า,TrueIDTV-ปัญหาอุปกรณ์,Switch on/off เสีย/ชำรุดแตกหัก,19
50,อุปกรณ์เปิดไม่ติด ไฟไม่เข้า | TrueIDTV-ปัญหาอุปกรณ์ | ไฟไม่เ,ค่าสัญญาณไม่ดี,Internet เชื่อมต่อไม่ได้,ลูกค้าต้องการเปลี่ยน TrueID TV Box,18
50,อุปกรณ์เปิดไม่ติด ไฟไม่เข้า | TrueIDTV-ปัญหาอุปกรณ์ | ไฟไม่เ,อุปกรณ์เปิดไม่ติด ไฟไม่เข้า,TrueIDTV-ปัญหาอุปกรณ์,ลูกค้าต้องการเปลี่ยน Modem,16
50,อุปกรณ์เปิดไม่ติด ไฟไม่เข้า | TrueIDTV-ปัญหาอุปกรณ์ | ไฟไม่เ,อุปกรณ์เปิดไม่ติด ไฟไม่เข้า,TrueIDTV-ปัญหาอุปกรณ์,ข้อต่อหลวม ไม่ดี/ไม่สนิท,15
50,อุปกรณ์เปิดไม่ติด ไฟไม่เข้า | TrueIDTV-ปัญหาอุปกรณ์ | ไฟไม่เ,อุปกรณ์เปิดไม่ติด ไฟไม่เข้า,TrueIDTV-ปัญหาอุปกรณ์,อุปกรณ์ลูกค้า TV/เครื่องเสียง/อุปกรณ์ Bluetooth,14
50,อุปกรณ์เปิดไม่ติด ไฟไม่เข้า | TrueIDTV-ปัญหาอุปกรณ์ | ไฟไม่เ,อุปกรณ์เปิดไม่ติด ไฟไม่เข้า,TrueIDTV-ปัญหาอุปกรณ์,คำสั่งเสียงไม่ทำงาน,13
50,อุปกรณ์เปิดไม่ติด ไฟไม่เข้า | TrueIDTV-ปัญหาอุปกรณ์ | ไฟไม่เ,อุปกรณ์เปิดไม่ติด ไฟไม่เข้า,TrueIDTV-ปัญหาอุปกรณ์,ไม่พบปัญหาการใช้งานแล้ว,13
50,อุปกรณ์เปิดไม่ติด ไฟไม่เข้า | TrueIDTV-ปัญหาอุปกรณ์ | ไฟไม่เ,อุปกรณ์เปิดไม่ติด ไฟไม่เข้า,TrueIDTV-ปัญหาอุปกรณ์,สายหัก/สายงอ/สายถูกดึงรั้ง,12
50,อุปกรณ์เปิดไม่ติด ไฟไม่เข้า | TrueIDTV-ปัญหาอุปกรณ์ | ไฟไม่เ,อุปกรณ์เปิดไม่ติด ไฟไม่เข้า,TrueIDTV-ปัญหาอุปกรณ์,Reboot,11
50,อุปกรณ์เปิดไม่ติด ไฟไม่เข้า | TrueIDTV-ปัญหาอุปกรณ์ | ไฟไม่เ,อุปกรณ์เปิดไม่ติด ไฟไม่เข้า,TrueIDTV-ปัญหาอุปกรณ์,wifi ของกล่องเสีย,9
50,อุปกรณ์เปิดไม่ติด ไฟไม่เข้า | TrueIDTV-ปัญหาอุปกรณ์ | ไฟไม่เ,อุปกรณ์เปิดไม่ติด ไฟไม่เข้า,TrueIDTV-ปัญหาอุปกรณ์,เปลี่ยน process การทำงาน,9
50,อุปกรณ์เปิดไม่ติด ไฟไม่เข้า | TrueIDTV-ปัญหาอุปกรณ์ | ไฟไม่เ,อุปกรณ์เปิดไม่ติด ไฟไม่เข้า,TrueIDTV-ปัญหาอุปกรณ์,Connect WiFi ไม่ได้/ไม่พบ SSID,8
50,อุปกรณ์เปิดไม่ติด ไฟไม่เข้า | TrueIDTV-ปัญหาอุปกรณ์ | ไฟไม่เ,อุปกรณ์เปิดไม่ติด ไฟไม่เข้า,TrueIDTV-ปัญหาอุปกรณ์,Battery หมด/เสื่อม,7
50,อุปกรณ์เปิดไม่ติด ไฟไม่เข้า | TrueIDTV-ปัญหาอุปกรณ์ | ไฟไม่เ,อุปกรณ์เปิดไม่ติด ไฟไม่เข้า,TrueIDTV-ปัญหาอุปกรณ์,ลูกค้าต้องการเปลี่ยน Hybrid Box,7
50,อุปกรณ์เปิดไม่ติด ไฟไม่เข้า | TrueIDTV-ปัญหาอุปกรณ์ | ไฟไม่เ,อุปกรณ์เปิดไม่ติด ไฟไม่เข้า,TrueIDTV-ปัญหาอุปกรณ์,สูญหาย,7
50,อุปกรณ์เปิดไม่ติด ไฟไม่เข้า | TrueIDTV-ปัญหาอุปกรณ์ | ไฟไม่เ,อุปกรณ์เปิดไม่ติด ไฟไม่เข้า,TrueIDTV-ปัญหาอุปกรณ์,ผรม ติดตั้งกล่องไม่สมบูรณ์,6
50,อุปกรณ์เปิดไม่ติด ไฟไม่เข้า | TrueIDTV-ปัญหาอุปกรณ์ | ไฟไม่เ,อุปกรณ์เปิดไม่ติด ไฟไม่เข้า,TrueIDTV-ปัญหาอุปกรณ์,เชื่อมต่อ Remote ไม่ได้ (กล่องเสีย),6
50,อุปกรณ์เปิดไม่ติด ไฟไม่เข้า | TrueIDTV-ปัญหาอุปกรณ์ | ไฟไม่เ,อุปกรณ์เปิดไม่ติด ไฟไม่เข้า,TrueIDTV-ปัญหาอุปกรณ์,เสื่อมสภาพการใช้งาน,5
50,อุปกรณ์เปิดไม่ติด ไฟไม่เข้า | TrueIDTV-ปัญหาอุปกรณ์ | ไฟไม่เ,ค่าสัญญาณไม่ดี,Internet หลุดบ่อย,ลูกค้าต้องการเปลี่ยน TrueID TV Box,5
50,อุปกรณ์เปิดไม่ติด ไฟไม่เข้า | TrueIDTV-ปัญหาอุปกรณ์ | ไฟไม่เ,อุปกรณ์เปิดไม่ติด ไฟไม่เข้า,TrueIDTV-ปัญหาอุปกรณ์,หัวสายสำเร็จSC-APC หลวม /ไม่สนิท,4
50,อุปกรณ์เปิดไม่ติด ไฟไม่เข้า | TrueIDTV-ปัญหาอุปกรณ์ | ไฟไม่เ,อุปกรณ์เปิดไม่ติด ไฟไม่เข้า,TrueIDTV-ปัญหาอุปกรณ์,ลูกค้าต้องการเปลี่ยน Set Top Box,4
50,อุปกรณ์เปิดไม่ติด ไฟไม่เข้า | TrueIDTV-ปัญหาอุปกรณ์ | ไฟไม่เ,อุปกรณ์เปิดไม่ติด ไฟไม่เข้า,TrueIDTV-ปัญหาอุปกรณ์,ช่องรายการถูกล็อค(CA14),4
50,อุปกรณ์เปิดไม่ติด ไฟไม่เข้า | TrueIDTV-ปัญหาอุปกรณ์ | ไฟไม่เ,อุปกรณ์เปิดไม่ติด ไฟไม่เข้า,TrueIDTV-ปัญหาอุปกรณ์,Modemไม่ lock/ไม่ Synch/High Loss,4
50,อุปกรณ์เปิดไม่ติด ไฟไม่เข้า | TrueIDTV-ปัญหาอุปกรณ์ | ไฟไม่เ,ปัญหาอุปกรณ์ -กล่อง OTT เปิดไม่ติด ไฟไม่เข้า,แจ้งเสีย-TrueID TV,เหตุเสียใช้ได้ ก่อนช่างถึงบ้าน,3
50,อุปกรณ์เปิดไม่ติด ไฟไม่เข้า | TrueIDTV-ปัญหาอุปกรณ์ | ไฟไม่เ,อุปกรณ์เปิดไม่ติด ไฟไม่เข้า,TrueIDTV-ปัญหาอุปกรณ์,หัวสายสำเร็จSC-APC เสีย,3
50,อุปกรณ์เปิดไม่ติด ไฟไม่เข้า | TrueIDTV-ปัญหาอุปกรณ์ | ไฟไม่เ,TrueDDNS-ใช้งานกล้องวงจรปิดไม่ได้,Connectได้แต่มีปัญหา,,3
50,อุปกรณ์เปิดไม่ติด ไฟไม่เข้า | TrueIDTV-ปัญหาอุปกรณ์ | ไฟไม่เ,อุปกรณ์เปิดไม่ติด ไฟไม่เข้า,TrueIDTV-ปัญหาอุปกรณ์,ระยะสาย Drop Wire ไกล,3
50,อุปกรณ์เปิดไม่ติด ไฟไม่เข้า | TrueIDTV-ปัญหาอุปกรณ์ | ไฟไม่เ,ปัญหาอุปกรณ์ -กล่อง OTT เปิดไม่ติด ไฟไม่เข้า,แจ้งเสีย-TrueID TV,การใช้งานของลูกค้า,3
50,อุปกรณ์เปิดไม่ติด ไฟไม่เข้า | TrueIDTV-ปัญหาอุปกรณ์ | ไฟไม่เ,อุปกรณ์เปิดไม่ติด ไฟไม่เข้า,TrueIDTV-ปัญหาอุปกรณ์,รถเกี่ยว,3
50,อุปกรณ์เปิดไม่ติด ไฟไม่เข้า | TrueIDTV-ปัญหาอุปกรณ์ | ไฟไม่เ,รีโมตคำสั่งเสียงไม่ทำงาน,TVS-ปัญหาอุปกรณ์,Battery หมด/เสื่อม,3
50,อุปกรณ์เปิดไม่ติด ไฟไม่เข้า | TrueIDTV-ปัญหาอุปกรณ์ | ไฟไม่เ,ปัญหาอุปกรณ์ -กล่อง OTT เปิดไม่ติด ไฟไม่เข้า,แจ้งเสีย-TrueID TV,CONFIG CHANGE,3
50,อุปกรณ์เปิดไม่ติด ไฟไม่เข้า | TrueIDTV-ปัญหาอุปกรณ์ | ไฟไม่เ,อุปกรณ์เปิดไม่ติด ไฟไม่เข้า,TrueIDTV-ปัญหาอุปกรณ์,สั่งด้วยเสียไม่ได้ (กล่องเสีย),3
50,อุปกรณ์เปิดไม่ติด ไฟไม่เข้า | TrueIDTV-ปัญหาอุปกรณ์ | ไฟไม่เ,อุปกรณ์เปิดไม่ติด ไฟไม่เข้า,TrueIDTV-ปัญหาอุปกรณ์,ลูกค้าทำอุปกรณ์เสียหาย,2
50,อุปกรณ์เปิดไม่ติด ไฟไม่เข้า | TrueIDTV-ปัญหาอุปกรณ์ | ไฟไม่เ,Mesh Wifi ไฟไม่ติด,Internet เชื่อมต่อไม่ได้,ลูกค้าต้องการเปลี่ยน TrueID TV Box,2
50,อุปกรณ์เปิดไม่ติด ไฟไม่เข้า | TrueIDTV-ปัญหาอุปกรณ์ | ไฟไม่เ,อุปกรณ์เปิดไม่ติด ไฟไม่เข้า,TrueIDTV-ปัญหาอุปกรณ์,กล่องรับสัญญาณขัดข้อง (CA9/CA11),2
50,อุปกรณ์เปิดไม่ติด ไฟไม่เข้า | TrueIDTV-ปัญหาอุปกรณ์ | ไฟไม่เ,อุปกรณ์เปิดไม่ติด ไฟไม่เข้า,TrueIDTV-ปัญหาอุปกรณ์,กล่องรับสัญญาณขัดข้อง (E161),2
50,อุปกรณ์เปิดไม่ติด ไฟไม่เข้า | TrueIDTV-ปัญหาอุปกรณ์ | ไฟไม่เ,อุปกรณ์เปิดไม่ติด ไฟไม่เข้า,TrueIDTV-ปัญหาอุปกรณ์,ช่องรายการถูกล็อค(E016/E017),2
50,อุปกรณ์เปิดไม่ติด ไฟไม่เข้า | TrueIDTV-ปัญหาอุปกรณ์ | ไฟไม่เ,อุปกรณ์เปิดไม่ติด ไฟไม่เข้า,TrueIDTV-ปัญหาอุปกรณ์,ลูกค้าแจ้งขอยกเลิกบริการ,2
50,อุปกรณ์เปิดไม่ติด ไฟไม่เข้า | TrueIDTV-ปัญหาอุปกรณ์ | ไฟไม่เ,อุปกรณ์เปิดไม่ติด ไฟไม่เข้า,TrueIDTV-ปัญหาอุปกรณ์,Modem แตกหัก/สีผิดสภาพเดิม,2
50,อุปกรณ์เปิดไม่ติด ไฟไม่เข้า | TrueIDTV-ปัญหาอุปกรณ์ | ไฟไม่เ,ปัญหาอุปกรณ์ -กล่อง OTT เปิดไม่ติด ไฟไม่เข้า,แจ้งเสีย-TrueID TV,ไฟไม่เข้า,2
50,อุปกรณ์เปิดไม่ติด ไฟไม่เข้า | TrueIDTV-ปัญหาอุปกรณ์ | ไฟไม่เ,รีโมตเสียใช้งานไม่ได้,TVS-ปัญหาอุปกรณ์,Remote ไม่ทำงาน,2
50,อุปกรณ์เปิดไม่ติด ไฟไม่เข้า | TrueIDTV-ปัญหาอุปกรณ์ | ไฟไม่เ,ปัญหาอุปกรณ์ -กล่อง OTT เปิดไม่ติด ไฟไม่เข้า,แจ้งเสีย-TrueID TV,ค่าสัญญาณดี ภาพค้าง/ ขาดหาย,2
50,อุปกรณ์เปิดไม่ติด ไฟไม่เข้า | TrueIDTV-ปัญหาอุปกรณ์ | ไฟไม่เ,อุปกรณ์เปิดไม่ติด ไฟไม่เข้า,TrueIDTV-ปัญหาอุปกรณ์,สัตว์ (เช่น ลิง กระรอก ช้าง ),2
50,อุปกรณ์เปิดไม่ติด ไฟไม่เข้า | TrueIDTV-ปัญหาอุปกรณ์ | ไฟไม่เ,ปัญหา WiFi,Internet หลุดบ่อย,ลูกค้าต้องการเปลี่ยน TrueID TV Box,2
50,อุปกรณ์เปิดไม่ติด ไฟไม่เข้า | TrueIDTV-ปัญหาอุปกรณ์ | ไฟไม่เ,ปัญหาอุปกรณ์- การเชื่อมต่อ อุปกรณ์เสริม,แจ้งเสีย-TrueID TV,ไม่ทราบสาเหตุ,1
50,อุปกรณ์เปิดไม่ติด ไฟไม่เข้า | TrueIDTV-ปัญหาอุปกรณ์ | ไฟไม่เ,รีโมตเสียใช้งานไม่ได้,TrueIDTV-ปัญหาอุปกรณ์,Remote ไม่ทำงาน,1
50,อุปกรณ์เปิดไม่ติด ไฟไม่เข้า | TrueIDTV-ปัญหาอุปกรณ์ | ไฟไม่เ,รีโมตคำสั่งเสียงไม่ทำงาน,TVS-ปัญหาอุปกรณ์,Modemไม่ lock/ไม่ Synch/High Loss,1
50,อุปกรณ์เปิดไม่ติด ไฟไม่เข้า | TrueIDTV-ปัญหาอุปกรณ์ | ไฟไม่เ,อุปกรณ์เปิดไม่ติด ไฟไม่เข้า,TrueIDTV-ปัญหาอุปกรณ์,ไม่มีสัญญาณ CATV หรือ ค่า RF ไม่ได้ตามค่ามาตรฐาน,1
50,อุปกรณ์เปิดไม่ติด ไฟไม่เข้า | TrueIDTV-ปัญหาอุปกรณ์ | ไฟไม่เ,อุปกรณ์เปิดไม่ติด ไฟไม่เข้า,TrueIDTV-ปัญหาอุปกรณ์,เหตุเสียภายใน 90 วัน,1
50,อุปกรณ์เปิดไม่ติด ไฟไม่เข้า | TrueIDTV-ปัญหาอุปกรณ์ | ไฟไม่เ,ปัญหาอุปกรณ์ -กล่อง OTT เปิดไม่ติด ไฟไม่เข้า,แจ้งเสีย-TrueID TV,ลูกค้าต้องการเปลี่ยน TrueID TV Box,1
50,อุปกรณ์เปิดไม่ติด ไฟไม่เข้า | TrueIDTV-ปัญหาอุปกรณ์ | ไฟไม่เ,อุปกรณ์เปิดไม่ติด ไฟไม่เข้า,TrueIDTV-ปัญหาอุปกรณ์,ลูกค้าร้องขอ,1
50,อุปกรณ์เปิดไม่ติด ไฟไม่เข้า | TrueIDTV-ปัญหาอุปกรณ์ | ไฟไม่เ,อุปกรณ์เปิดไม่ติด ไฟไม่เข้า,TrueIDTV-ปัญหาอุปกรณ์,ช่างไม่ได้ติดตั้งกล้อง CCTV ให้ลูกค้า,1
50,อุปกรณ์เปิดไม่ติด ไฟไม่เข้า | TrueIDTV-ปัญหาอุปกรณ์ | ไฟไม่เ,Proactive-Fiber broken,Proactive,ลูกค้าต้องการเปลี่ยน TrueID TV Box,1
50,อุปกรณ์เปิดไม่ติด ไฟไม่เข้า | TrueIDTV-ปัญหาอุปกรณ์ | ไฟไม่เ,อุปกรณ์เปิดไม่ติด ไฟไม่เข้า,TrueIDTV-ปัญหาอุปกรณ์,กล่องรับสัญญาณขัดข้อง (ER16/E048),1
50,อุปกรณ์เปิดไม่ติด ไฟไม่เข้า | TrueIDTV-ปัญหาอุปกรณ์ | ไฟไม่เ,อุปกรณ์เปิดไม่ติด ไฟไม่เข้า,TrueIDTV-ปัญหาอุปกรณ์,Auto close by BOT,1
50,อุปกรณ์เปิดไม่ติด ไฟไม่เข้า | TrueIDTV-ปัญหาอุปกรณ์ | ไฟไม่เ,อุปกรณ์เปิดไม่ติด ไฟไม่เข้า,TrueIDTV-ปัญหาอุปกรณ์,หลอดไฟ LED Status เสีย,1
50,อุปกรณ์เปิดไม่ติด ไฟไม่เข้า | TrueIDTV-ปัญหาอุปกรณ์ | ไฟไม่เ,อุปกรณ์เปิดไม่ติด ไฟไม่เข้า,TrueIDTV-ปัญหาอุปกรณ์,มีค่า Loss สูง,1
50,อุปกรณ์เปิดไม่ติด ไฟไม่เข้า | TrueIDTV-ปัญหาอุปกรณ์ | ไฟไม่เ,รีโมตเสียใช้งานไม่ได้,TVS-ปัญหาอุปกรณ์,Battery หมด/เสื่อม,1
50,อุปกรณ์เปิดไม่ติด ไฟไม่เข้า | TrueIDTV-ปัญหาอุปกรณ์ | ไฟไม่เ,อุปกรณ์เปิดไม่ติด ไฟไม่เข้า,TrueIDTV-ปัญหาอุปกรณ์,เทศบาลตัดแต่งต้นไม้,1
50,อุปกรณ์เปิดไม่ติด ไฟไม่เข้า | TrueIDTV-ปัญหาอุปกรณ์ | ไฟไม่เ,ปัญหาอุปกรณ์- การเชื่อมต่อกล่อง OTT กับอุปกรณ์เสริมอื่นๆ,แจ้งเสีย-TrueID TV,อุปกรณ์คืนค่าโรงงาน,1
50,อุปกรณ์เปิดไม่ติด ไฟไม่เข้า | TrueIDTV-ปัญหาอุปกรณ์ | ไฟไม่เ,อุปกรณ์เปิดไม่ติด ไฟไม่เข้า,TrueIDTV-ปัญหาอุปกรณ์,ระยะสาย D/W,1
50,อุปกรณ์เปิดไม่ติด ไฟไม่เข้า | TrueIDTV-ปัญหาอุปกรณ์ | ไฟไม่เ,ปัญหาอุปกรณ์- การเชื่อมต่อกล่อง OTT กับอุปกรณ์เสริมอื่นๆ,แจ้งเสีย-TrueID TV,ลูกค้าต้องการเปลี่ยน TrueID TV Box,1
50,อุปกรณ์เปิดไม่ติด ไฟไม่เข้า | TrueIDTV-ปัญหาอุปกรณ์ | ไฟไม่เ,อุปกรณ์เปิดไม่ติด ไฟไม่เข้า,TrueIDTV-ปัญหาอุปกรณ์,ค่าสัญญาณดี แต่พบภาพขาดหาย/ ภาพแตก/ เสียงขาดหาย,1
50,อุปกรณ์เปิดไม่ติด ไฟไม่เข้า | TrueIDTV-ปัญหาอุปกรณ์ | ไฟไม่เ,อุปกรณ์เปิดไม่ติด ไฟไม่เข้า,TrueIDTV-ปัญหาอุปกรณ์,ไฟไหม้,1
50,อุปกรณ์เปิดไม่ติด ไฟไม่เข้า | TrueIDTV-ปัญหาอุปกรณ์ | ไฟไม่เ,TrueDDNS – เข้าเว็บ trueddns.com ไม่ได้,Connectได้แต่มีปัญหา,,1
50,อุปกรณ์เปิดไม่ติด ไฟไม่เข้า | TrueIDTV-ปัญหาอุปกรณ์ | ไฟไม่เ,อุปกรณ์เปิดไม่ติด ไฟไม่เข้า,TrueIDTV-ปัญหาอุปกรณ์,Port Lan เสีย,1
50,อุปกรณ์เปิดไม่ติด ไฟไม่เข้า | TrueIDTV-ปัญหาอุปกรณ์ | ไฟไม่เ,อุปกรณ์เปิดไม่ติด ไฟไม่เข้า,TrueIDTV-ปัญหาอุปกรณ์,สายเสื่อมสภาพ,1
50,อุปกรณ์เปิดไม่ติด ไฟไม่เข้า | TrueIDTV-ปัญหาอุปกรณ์ | ไฟไม่เ,รีโมตเสียใช้งานไม่ได้,TrueIDTV-ปัญหาอุปกรณ์,ขัดข้อง/เสีย,1
50,อุปกรณ์เปิดไม่ติด ไฟไม่เข้า | TrueIDTV-ปัญหาอุปกรณ์ | ไฟไม่เ,รีโมตเสียใช้งานไม่ได้,TrueIDTV-ปัญหาอุปกรณ์,ไม่ทราบสาเหตุ,1
50,อุปกรณ์เปิดไม่ติด ไฟไม่เข้า | TrueIDTV-ปัญหาอุปกรณ์ | ไฟไม่เ,ปัญหาอุปกรณ์- การเชื่อมต่อ อุปกรณ์เสริม,แจ้งเสีย-TrueID TV,ลูกค้าต้องการเปลี่ยน TrueID TV Box,1
50,อุปกรณ์เปิดไม่ติด ไฟไม่เข้า | TrueIDTV-ปัญหาอุปกรณ์ | ไฟไม่เ,ปัญหาอุปกรณ์ -กล่อง OTT เปิดไม่ติด ไฟไม่เข้า,แจ้งเสีย-TrueID TV,อุปกรณ์ Hang,1
51,Remote Trueid TV หาย / ชำรุด | บริการหลังการขาย | การใช้งานข,Remote Trueid TV หาย / ชำรุด,บริการหลังการขาย,Remote ไม่ทำงาน,217
51,Remote Trueid TV หาย / ชำรุด | บริการหลังการขาย | การใช้งานข,Remote Trueid TV หาย / ชำรุด,บริการหลังการขาย,ขัดข้อง/เสีย,147
51,Remote Trueid TV หาย / ชำรุด | บริการหลังการขาย | การใช้งานข,Remote Trueid TV หาย / ชำรุด,บริการหลังการขาย,การใช้งานของลูกค้า,61
51,Remote Trueid TV หาย / ชำรุด | บริการหลังการขาย | การใช้งานข,Remote Trueid TV หาย / ชำรุด,บริการหลังการขาย,เหตุเสียใช้ได้ ก่อนช่างถึงบ้าน,30
51,Remote Trueid TV หาย / ชำรุด | บริการหลังการขาย | การใช้งานข,Remote Trueid TV หาย / ชำรุด,บริการหลังการขาย,ลูกค้าเปลี่ยนใจ/ลูกค้าขอยกเลิกบริการเอง,20
51,Remote Trueid TV หาย / ชำรุด | บริการหลังการขาย | การใช้งานข,Retention Fault,คุณภาพสัญญาน,ลูกค้าต้องการเปลี่ยน TrueID TV Box,17
51,Remote Trueid TV หาย / ชำรุด | บริการหลังการขาย | การใช้งานข,Remote Trueid TV หาย / ชำรุด,บริการหลังการขาย,Monitor เหตุเสียครบตามเงื่อนไข,12
51,Remote Trueid TV หาย / ชำรุด | บริการหลังการขาย | การใช้งานข,Remote Trueid TV หาย / ชำรุด,บริการหลังการขาย,คำสั่งเสียงไม่ทำงาน,10
51,Remote Trueid TV หาย / ชำรุด | บริการหลังการขาย | การใช้งานข,Remote Trueid TV หาย / ชำรุด,บริการหลังการขาย,Battery หมด/เสื่อม,9
51,Remote Trueid TV หาย / ชำรุด | บริการหลังการขาย | การใช้งานข,Remote Trueid TV หาย / ชำรุด,บริการหลังการขาย,ไม่ทราบสาเหตุ,9
51,Remote Trueid TV หาย / ชำรุด | บริการหลังการขาย | การใช้งานข,Remote Trueid TV หาย / ชำรุด,บริการหลังการขาย,สูญหาย,7
51,Remote Trueid TV หาย / ชำรุด | บริการหลังการขาย | การใช้งานข,Remote Trueid TV หาย / ชำรุด,บริการหลังการขาย,ส่งงานไม่ถูกต้อง,7
51,Remote Trueid TV หาย / ชำรุด | บริการหลังการขาย | การใช้งานข,Remote Trueid TV หาย / ชำรุด,บริการหลังการขาย,อุปกรณ์ Hang,7
51,Remote Trueid TV หาย / ชำรุด | บริการหลังการขาย | การใช้งานข,Remote Trueid TV หาย / ชำรุด,บริการหลังการขาย,CONFIG CHANGE,6
51,Remote Trueid TV หาย / ชำรุด | บริการหลังการขาย | การใช้งานข,Remote Trueid TV หาย / ชำรุด,บริการหลังการขาย,เชื่อมต่อ Remote ไม่ได้ (กล่องเสีย),5
51,Remote Trueid TV หาย / ชำรุด | บริการหลังการขาย | การใช้งานข,Remote Trueid TV หาย / ชำรุด,บริการหลังการขาย,ลูกค้าทำอุปกรณ์เสียหาย,4
51,Remote Trueid TV หาย / ชำรุด | บริการหลังการขาย | การใช้งานข,Remote หาย / ชำรุด,บริการหลังการขาย,ลูกค้าต้องการเปลี่ยน TrueID TV Box,3
51,Remote Trueid TV หาย / ชำรุด | บริการหลังการขาย | การใช้งานข,Remote Trueid TV หาย / ชำรุด,บริการหลังการขาย,ลูกค้าต้องการเปลี่ยน TrueID TV Box,3
51,Remote Trueid TV หาย / ชำรุด | บริการหลังการขาย | การใช้งานข,Remote Trueid TV หาย / ชำรุด,บริการหลังการขาย,สั่งด้วยเสียไม่ได้ (กล่องเสีย),2
51,Remote Trueid TV หาย / ชำรุด | บริการหลังการขาย | การใช้งานข,Remote Trueid TV หาย / ชำรุด,บริการหลังการขาย,ไม่พบปัญหาการใช้งานแล้ว,2
51,Remote Trueid TV หาย / ชำรุด | บริการหลังการขาย | การใช้งานข,Remote Trueid TV หาย / ชำรุด,บริการหลังการขาย,อุปกรณ์คืนค่าโรงงาน,2
51,Remote Trueid TV หาย / ชำรุด | บริการหลังการขาย | การใช้งานข,Remote Trueid TV หาย / ชำรุด,บริการหลังการขาย,ลูกค้าต้องการเปลี่ยน Set Top Box,2
51,Remote Trueid TV หาย / ชำรุด | บริการหลังการขาย | การใช้งานข,Remote Trueid TV หาย / ชำรุด,บริการหลังการขาย,ข้อต่อหลวม ไม่ดี/ไม่สนิท,2
51,Remote Trueid TV หาย / ชำรุด | บริการหลังการขาย | การใช้งานข,Remote Trueid TV หาย / ชำรุด,บริการหลังการขาย,ค่าสัญญาณดี ภาพค้าง/ ขาดหาย,2
51,Remote Trueid TV หาย / ชำรุด | บริการหลังการขาย | การใช้งานข,Remote Trueid TV หาย / ชำรุด,บริการหลังการขาย,เหตุเสียภายใน 90 วัน,1
51,Remote Trueid TV หาย / ชำรุด | บริการหลังการขาย | การใช้งานข,Remote Trueid TV หาย / ชำรุด,บริการหลังการขาย,กล่องไม่อ่านการ์ด,1
51,Remote Trueid TV หาย / ชำรุด | บริการหลังการขาย | การใช้งานข,Remote ใช้งานไม่ได้,แจ้งเสีย-TrueID TV,ขัดข้อง/เสีย,1
51,Remote Trueid TV หาย / ชำรุด | บริการหลังการขาย | การใช้งานข,Remote ใช้งานไม่ได้,แจ้งเสีย-TrueID TV,Remote ไม่ทำงาน,1
51,Remote Trueid TV หาย / ชำรุด | บริการหลังการขาย | การใช้งานข,Remote Trueid TV หาย / ชำรุด,บริการหลังการขาย,wifi ของกล่องเสีย,1
51,Remote Trueid TV หาย / ชำรุด | บริการหลังการขาย | การใช้งานข,Remote Trueid TV หาย / ชำรุด,บริการหลังการขาย,เสื่อมสภาพการใช้งาน,1
51,Remote Trueid TV หาย / ชำรุด | บริการหลังการขาย | การใช้งานข,Remote Trueid TV หาย / ชำรุด,บริการหลังการขาย,Sync Speed ได้ แต่ Test Speed WIFI 5 GHz ไม่ได้ตาม Package,1
51,Remote Trueid TV หาย / ชำรุด | บริการหลังการขาย | การใช้งานข,Remote Trueid TV หาย / ชำรุด,บริการหลังการขาย,ไฟไม่เข้า,1
51,Remote Trueid TV หาย / ชำรุด | บริการหลังการขาย | การใช้งานข,Remote ใช้งานไม่ได้,แจ้งเสีย-TrueID TV,เหตุเสียใช้ได้ ก่อนช่างถึงบ้าน,1
51,Remote Trueid TV หาย / ชำรุด | บริการหลังการขาย | การใช้งานข,Remote Trueid TV หาย / ชำรุด,บริการหลังการขาย,ทดสอบและอธิบายลูกค้า,1
51,Remote Trueid TV หาย / ชำรุด | บริการหลังการขาย | การใช้งานข,ค่าสัญญาณไม่ดี,Internet ช้า,ลูกค้าต้องการเปลี่ยน TrueID TV Box,1
52,กล่อง Set top boxขัดข้อง | TVS-ปัญหาอุปกรณ์ | CONFIG CHANGE,กล่อง Set top boxขัดข้อง,TVS-ปัญหาอุปกรณ์,ขัดข้อง/เสีย,1150
52,กล่อง Set top boxขัดข้อง | TVS-ปัญหาอุปกรณ์ | CONFIG CHANGE,กล่อง Set top boxขัดข้อง,TVS-ปัญหาอุปกรณ์,ไฟไม่เข้า,894
52,กล่อง Set top boxขัดข้อง | TVS-ปัญหาอุปกรณ์ | CONFIG CHANGE,กล่อง Set top boxขัดข้อง,TVS-ปัญหาอุปกรณ์,การใช้งานของลูกค้า,893
52,กล่อง Set top boxขัดข้อง | TVS-ปัญหาอุปกรณ์ | CONFIG CHANGE,กล่อง Set top boxขัดข้อง,TVS-ปัญหาอุปกรณ์,CONFIG CHANGE,366
52,กล่อง Set top boxขัดข้อง | TVS-ปัญหาอุปกรณ์ | CONFIG CHANGE,กล่อง Set top boxขัดข้อง,TVS-ปัญหาอุปกรณ์,อุปกรณ์ Hang,301
52,กล่อง Set top boxขัดข้อง | TVS-ปัญหาอุปกรณ์ | CONFIG CHANGE,กล่อง Set top boxขัดข้อง,TVS-ปัญหาอุปกรณ์,เหตุเสียใช้ได้ ก่อนช่างถึงบ้าน,283
52,กล่อง Set top boxขัดข้อง | TVS-ปัญหาอุปกรณ์ | CONFIG CHANGE,กล่อง Set top boxขัดข้อง,TVS-ปัญหาอุปกรณ์,ลูกค้าต้องการเปลี่ยน Set Top Box,239
52,กล่อง Set top boxขัดข้อง | TVS-ปัญหาอุปกรณ์ | CONFIG CHANGE,กล่อง Set top boxขัดข้อง,TVS-ปัญหาอุปกรณ์,ลูกค้าเปลี่ยนใจ/ลูกค้าขอยกเลิกบริการเอง,182
52,กล่อง Set top boxขัดข้อง | TVS-ปัญหาอุปกรณ์ | CONFIG CHANGE,กล่อง Set top boxขัดข้อง,TVS-ปัญหาอุปกรณ์,กล่องไม่อ่านการ์ด,153
52,กล่อง Set top boxขัดข้อง | TVS-ปัญหาอุปกรณ์ | CONFIG CHANGE,กล่อง Set top boxขัดข้อง,TVS-ปัญหาอุปกรณ์,ลูกค้าต้องการเปลี่ยน Hybrid Box,151
52,กล่อง Set top boxขัดข้อง | TVS-ปัญหาอุปกรณ์ | CONFIG CHANGE,กล่อง Set top boxขัดข้อง,TVS-ปัญหาอุปกรณ์,อุปกรณ์คืนค่าโรงงาน,149
52,กล่อง Set top boxขัดข้อง | TVS-ปัญหาอุปกรณ์ | CONFIG CHANGE,กล่อง Set top boxขัดข้อง,TVS-ปัญหาอุปกรณ์,ช่องรายการถูกล็อค(CA14),129
52,กล่อง Set top boxขัดข้อง | TVS-ปัญหาอุปกรณ์ | CONFIG CHANGE,กล่อง Set top boxขัดข้อง,TVS-ปัญหาอุปกรณ์,ค่าสัญญาณดี แต่พบภาพขาดหาย/ ภาพแตก/ เสียงขาดหาย,129
52,กล่อง Set top boxขัดข้อง | TVS-ปัญหาอุปกรณ์ | CONFIG CHANGE,กล่อง Set top boxขัดข้อง,TVS-ปัญหาอุปกรณ์,กล่องรับสัญญาณขัดข้อง (CA9/CA11),110
52,กล่อง Set top boxขัดข้อง | TVS-ปัญหาอุปกรณ์ | CONFIG CHANGE,กล่อง Set top boxขัดข้อง,TVS-ปัญหาอุปกรณ์,Monitor เหตุเสียครบตามเงื่อนไข,97
52,กล่อง Set top boxขัดข้อง | TVS-ปัญหาอุปกรณ์ | CONFIG CHANGE,กล่อง Set top boxขัดข้อง,TVS-ปัญหาอุปกรณ์,ไม่ทราบสาเหตุ,74
52,กล่อง Set top boxขัดข้อง | TVS-ปัญหาอุปกรณ์ | CONFIG CHANGE,กล่อง Set top boxขัดข้อง,TVS-ปัญหาอุปกรณ์,กล่องรับสัญญาณขัดข้อง (ER16/E048),54
52,กล่อง Set top boxขัดข้อง | TVS-ปัญหาอุปกรณ์ | CONFIG CHANGE,กล่อง Set top boxขัดข้อง,TVS-ปัญหาอุปกรณ์,Remote ไม่ทำงาน,53
52,กล่อง Set top boxขัดข้อง | TVS-ปัญหาอุปกรณ์ | CONFIG CHANGE,กล่อง Set top boxขัดข้อง,TVS-ปัญหาอุปกรณ์,ส่งงานไม่ถูกต้อง,50
52,กล่อง Set top boxขัดข้อง | TVS-ปัญหาอุปกรณ์ | CONFIG CHANGE,กล่อง Set top boxขัดข้อง,TVS-ปัญหาอุปกรณ์,ค่าสัญญาณดี ภาพค้าง/ ขาดหาย,39
52,กล่อง Set top boxขัดข้อง | TVS-ปัญหาอุปกรณ์ | CONFIG CHANGE,กล่อง Set top boxขัดข้อง,TVS-ปัญหาอุปกรณ์,ไม่พบปัญหาการใช้งานแล้ว,38
52,กล่อง Set top boxขัดข้อง | TVS-ปัญหาอุปกรณ์ | CONFIG CHANGE,ภาพกระตุก ทุกช่อง/บางช่อง,TVS-ปัญหาสัญญาณ,ลูกค้าต้องการเปลี่ยน Set Top Box,33
52,กล่อง Set top boxขัดข้อง | TVS-ปัญหาอุปกรณ์ | CONFIG CHANGE,กล่อง Set top boxขัดข้อง,TVS-ปัญหาอุปกรณ์,ค่าสัญญาณดี ไม่มีภาพ/ ไม่มีเสียง,30
52,กล่อง Set top boxขัดข้อง | TVS-ปัญหาอุปกรณ์ | CONFIG CHANGE,กล่อง Set top boxขัดข้อง,TVS-ปัญหาอุปกรณ์,ไม่มีสัญญาณ CATV หรือ ค่า RF ไม่ได้ตามค่ามาตรฐาน,29
52,กล่อง Set top boxขัดข้อง | TVS-ปัญหาอุปกรณ์ | CONFIG CHANGE,กล่อง Set top boxขัดข้อง,TVS-ปัญหาอุปกรณ์,ลูกค้าต้องการเปลี่ยน TrueID TV Box,26
52,กล่อง Set top boxขัดข้อง | TVS-ปัญหาอุปกรณ์ | CONFIG CHANGE,กล่อง Set top boxขัดข้อง,TVS-ปัญหาอุปกรณ์,ทดสอบและอธิบายลูกค้า,23
52,กล่อง Set top boxขัดข้อง | TVS-ปัญหาอุปกรณ์ | CONFIG CHANGE,กล่อง Set top boxขัดข้อง,TVS-ปัญหาอุปกรณ์,BUG FIRMWARE,19
52,กล่อง Set top boxขัดข้อง | TVS-ปัญหาอุปกรณ์ | CONFIG CHANGE,กล่อง Set top boxขัดข้อง,TVS-ปัญหาอุปกรณ์,Switch on/off เสีย/ชำรุดแตกหัก,19
52,กล่อง Set top boxขัดข้อง | TVS-ปัญหาอุปกรณ์ | CONFIG CHANGE,กล่อง Set top boxขัดข้อง,TVS-ปัญหาอุปกรณ์,ข้อต่อหลวม ไม่ดี/ไม่สนิท,18
52,กล่อง Set top boxขัดข้อง | TVS-ปัญหาอุปกรณ์ | CONFIG CHANGE,กล่อง Set top boxขัดข้อง,TVS-ปัญหาอุปกรณ์,กล่องรับสัญญาณขัดข้อง (E161),17
52,กล่อง Set top boxขัดข้อง | TVS-ปัญหาอุปกรณ์ | CONFIG CHANGE,กล่อง Set top boxขัดข้อง,TVS-ปัญหาอุปกรณ์,Modemไม่ lock/ไม่ Synch/High Loss,16
52,กล่อง Set top boxขัดข้อง | TVS-ปัญหาอุปกรณ์ | CONFIG CHANGE,กล่อง Set top boxขัดข้อง,TVS-ปัญหาอุปกรณ์,Port HDMI/AV เสีย,15
52,กล่อง Set top boxขัดข้อง | TVS-ปัญหาอุปกรณ์ | CONFIG CHANGE,กล่อง Set top boxขัดข้อง,TVS-ปัญหาอุปกรณ์,ช่องรายการถูกล็อค(E016/E017),15
52,กล่อง Set top boxขัดข้อง | TVS-ปัญหาอุปกรณ์ | CONFIG CHANGE,กล่อง Set top boxขัดข้อง,TVS-ปัญหาอุปกรณ์,ลูกค้าต้องการเปลี่ยน Modem,15
52,กล่อง Set top boxขัดข้อง | TVS-ปัญหาอุปกรณ์ | CONFIG CHANGE,กล่อง Set top boxขัดข้อง,TVS-ปัญหาอุปกรณ์,เปลี่ยน process การทำงาน,13
52,กล่อง Set top boxขัดข้อง | TVS-ปัญหาอุปกรณ์ | CONFIG CHANGE,กล่อง Set top boxขัดข้อง,TVS-ปัญหาอุปกรณ์,Reboot,11
52,กล่อง Set top boxขัดข้อง | TVS-ปัญหาอุปกรณ์ | CONFIG CHANGE,ภาพหายบางช่อง,TVS-ปัญหาสัญญาณ,ลูกค้าต้องการเปลี่ยน Set Top Box,10
52,กล่อง Set top boxขัดข้อง | TVS-ปัญหาอุปกรณ์ | CONFIG CHANGE,กล่อง Set top boxขัดข้อง,TVS-ปัญหาอุปกรณ์,Battery หมด/เสื่อม,9
52,กล่อง Set top boxขัดข้อง | TVS-ปัญหาอุปกรณ์ | CONFIG CHANGE,กล่อง Set top boxขัดข้อง,TVS-ปัญหาอุปกรณ์,สายหัก/สายงอ/สายถูกดึงรั้ง,9
52,กล่อง Set top boxขัดข้อง | TVS-ปัญหาอุปกรณ์ | CONFIG CHANGE,กล่อง Set top boxขัดข้อง,TVS-ปัญหาอุปกรณ์,หัวสายสำเร็จSC-APC หลวม /ไม่สนิท,8
52,กล่อง Set top boxขัดข้อง | TVS-ปัญหาอุปกรณ์ | CONFIG CHANGE,กล่อง Set top boxขัดข้อง,TVS-ปัญหาอุปกรณ์,สกปรก,8
52,กล่อง Set top boxขัดข้อง | TVS-ปัญหาอุปกรณ์ | CONFIG CHANGE,กล่อง Set top boxขัดข้อง,TVS-ปัญหาอุปกรณ์,ขั้วต่อ F Connector RG6 ที่กล่องชำรุด,7
52,กล่อง Set top boxขัดข้อง | TVS-ปัญหาอุปกรณ์ | CONFIG CHANGE,กล่อง Set top boxขัดข้อง,TVS-ปัญหาอุปกรณ์,เสื่อมสภาพการใช้งาน,7
52,กล่อง Set top boxขัดข้อง | TVS-ปัญหาอุปกรณ์ | CONFIG CHANGE,กล่อง Set top boxขัดข้อง,TVS-ปัญหาอุปกรณ์,หลอดไฟ LED Status เสีย,6
52,กล่อง Set top boxขัดข้อง | TVS-ปัญหาอุปกรณ์ | CONFIG CHANGE,กล่อง Set top boxขัดข้อง,TVS-ปัญหาอุปกรณ์,Port HDMI/AV/optical/usb เสีย,6
52,กล่อง Set top boxขัดข้อง | TVS-ปัญหาอุปกรณ์ | CONFIG CHANGE,กล่อง Set top boxขัดข้อง,TVS-ปัญหาอุปกรณ์,wifi ของกล่องเสีย,5
52,กล่อง Set top boxขัดข้อง | TVS-ปัญหาอุปกรณ์ | CONFIG CHANGE,กล่อง Set top boxขัดข้อง,TVS-ปัญหาอุปกรณ์,อุปกรณ์ลูกค้า TV/เครื่องเสียง/อุปกรณ์ Bluetooth,5
52,กล่อง Set top boxขัดข้อง | TVS-ปัญหาอุปกรณ์ | CONFIG CHANGE,กล่อง Set top boxขัดข้อง,TVS-ปัญหาอุปกรณ์,Connect WiFi ไม่ได้/ไม่พบ SSID,5
52,กล่อง Set top boxขัดข้อง | TVS-ปัญหาอุปกรณ์ | CONFIG CHANGE,Set-top box หาย/ชำรุด,บริการหลังการขาย,ลูกค้าต้องการเปลี่ยน TrueID TV Box,5
52,กล่อง Set top boxขัดข้อง | TVS-ปัญหาอุปกรณ์ | CONFIG CHANGE,ขึ้นข้อความ กรุณารอสักครู่,TVS-ปัญหาสัญญาณ,ลูกค้าต้องการเปลี่ยน Set Top Box,4
52,กล่อง Set top boxขัดข้อง | TVS-ปัญหาอุปกรณ์ | CONFIG CHANGE,กล่อง Set top boxขัดข้อง,TVS-ปัญหาอุปกรณ์,Port Lan เสีย,4
52,กล่อง Set top boxขัดข้อง | TVS-ปัญหาอุปกรณ์ | CONFIG CHANGE,กล่อง Set top boxขัดข้อง,TVS-ปัญหาอุปกรณ์,คำสั่งเสียงไม่ทำงาน,4
52,กล่อง Set top boxขัดข้อง | TVS-ปัญหาอุปกรณ์ | CONFIG CHANGE,กล่อง Set top boxขัดข้อง,TVS-ปัญหาอุปกรณ์,การไฟฟ้าย้ายแนว/จัดระเบียบสาย,4
52,กล่อง Set top boxขัดข้อง | TVS-ปัญหาอุปกรณ์ | CONFIG CHANGE,กล่อง Set top boxขัดข้อง,TVS-ปัญหาอุปกรณ์,อัพเกรดอุปกรณ์,4
52,กล่อง Set top boxขัดข้อง | TVS-ปัญหาอุปกรณ์ | CONFIG CHANGE,กล่อง Set top boxขัดข้อง,TVS-ปัญหาอุปกรณ์,สายเสื่อมสภาพ,4
52,กล่อง Set top boxขัดข้อง | TVS-ปัญหาอุปกรณ์ | CONFIG CHANGE,กล่อง Set top boxขัดข้อง,TVS-ปัญหาอุปกรณ์,เชื่อมต่อ Remote ไม่ได้ (กล่องเสีย),4
52,กล่อง Set top boxขัดข้อง | TVS-ปัญหาอุปกรณ์ | CONFIG CHANGE,กล่อง Set top boxขัดข้อง,TVS-ปัญหาอุปกรณ์,ระยะสาย Drop Wire ไกล,3
52,กล่อง Set top boxขัดข้อง | TVS-ปัญหาอุปกรณ์ | CONFIG CHANGE,กล่อง Set top boxขัดข้อง,TVS-ปัญหาอุปกรณ์,รถเกี่ยว,3
52,กล่อง Set top boxขัดข้อง | TVS-ปัญหาอุปกรณ์ | CONFIG CHANGE,กล่อง Set top boxขัดข้อง,TVS-ปัญหาอุปกรณ์,มีค่า Loss สูง,3
52,กล่อง Set top boxขัดข้อง | TVS-ปัญหาอุปกรณ์ | CONFIG CHANGE,ปัญหาสัญญาณเสียง,TVS-ปัญหาสัญญาณ,ลูกค้าต้องการเปลี่ยน Set Top Box,3
52,กล่อง Set top boxขัดข้อง | TVS-ปัญหาอุปกรณ์ | CONFIG CHANGE,กล่อง Set top boxขัดข้อง,TVS-ปัญหาอุปกรณ์,แตกหัก,3
52,กล่อง Set top boxขัดข้อง | TVS-ปัญหาอุปกรณ์ | CONFIG CHANGE,กล่อง Set top boxขัดข้อง,TVS-ปัญหาอุปกรณ์,Modem ไม่รองรับ Package ลูกค้า,3
52,กล่อง Set top boxขัดข้อง | TVS-ปัญหาอุปกรณ์ | CONFIG CHANGE,กล่อง Set top boxขัดข้อง,TVS-ปัญหาอุปกรณ์,ผรม ติดตั้งกล่องไม่สมบูรณ์,2
52,กล่อง Set top boxขัดข้อง | TVS-ปัญหาอุปกรณ์ | CONFIG CHANGE,ไม่พบช่องรายการตาม Package,TVS-ปัญหาสัญญาณ,ลูกค้าต้องการเปลี่ยน Set Top Box,2
52,กล่อง Set top boxขัดข้อง | TVS-ปัญหาอุปกรณ์ | CONFIG CHANGE,กล่อง Set top boxขัดข้อง,TVS-ปัญหาอุปกรณ์,พายุ,2
52,กล่อง Set top boxขัดข้อง | TVS-ปัญหาอุปกรณ์ | CONFIG CHANGE,ER09/CA38/ปัญหาการเชื่อมต่อสาย,TVS-ปัญหาสัญญาณ,ลูกค้าต้องการเปลี่ยน Set Top Box,2
52,กล่อง Set top boxขัดข้อง | TVS-ปัญหาอุปกรณ์ | CONFIG CHANGE,กล่อง Set top boxขัดข้อง,TVS-ปัญหาอุปกรณ์,สั่งด้วยเสียไม่ได้ (กล่องเสีย),2
52,กล่อง Set top boxขัดข้อง | TVS-ปัญหาอุปกรณ์ | CONFIG CHANGE,กล่อง Set top boxขัดข้อง,TVS-ปัญหาอุปกรณ์,Wi-fi 2.4G ไม่รองรับ Speed,2
52,กล่อง Set top boxขัดข้อง | TVS-ปัญหาอุปกรณ์ | CONFIG CHANGE,กล่อง Set top boxขัดข้อง,TVS-ปัญหาอุปกรณ์,Tuner เสีย (กล่อง2 Tuner),2
52,กล่อง Set top boxขัดข้อง | TVS-ปัญหาอุปกรณ์ | CONFIG CHANGE,กล่อง Set top boxขัดข้อง,TVS-ปัญหาอุปกรณ์,หัวสายสำเร็จSC-APC เสีย,2
52,กล่อง Set top boxขัดข้อง | TVS-ปัญหาอุปกรณ์ | CONFIG CHANGE,กล่อง Set top boxขัดข้อง,TVS-ปัญหาอุปกรณ์,ลูกค้าแจ้งขอยกเลิกบริการ,1
52,กล่อง Set top boxขัดข้อง | TVS-ปัญหาอุปกรณ์ | CONFIG CHANGE,กล่อง Set top boxขัดข้อง,TVS-ปัญหาอุปกรณ์,ไม่ตรงรุ่น,1
52,กล่อง Set top boxขัดข้อง | TVS-ปัญหาอุปกรณ์ | CONFIG CHANGE,กล่อง Set top boxขัดข้อง,TVS-ปัญหาอุปกรณ์,สูญหาย,1
52,กล่อง Set top boxขัดข้อง | TVS-ปัญหาอุปกรณ์ | CONFIG CHANGE,กล่อง Set top boxขัดข้อง,TVS-ปัญหาอุปกรณ์,LAN เสีย,1
52,กล่อง Set top boxขัดข้อง | TVS-ปัญหาอุปกรณ์ | CONFIG CHANGE,กล่อง Set top boxขัดข้อง,TVS-ปัญหาอุปกรณ์,Fault After Event,1
52,กล่อง Set top boxขัดข้อง | TVS-ปัญหาอุปกรณ์ | CONFIG CHANGE,ปัญหาการใช้งานHDD-PVR,TVS-ปัญหาอุปกรณ์,ลูกค้าต้องการเปลี่ยน Hybrid Box,1
52,กล่อง Set top boxขัดข้อง | TVS-ปัญหาอุปกรณ์ | CONFIG CHANGE,รีโมตเสียใช้งานไม่ได้,TVS-ปัญหาอุปกรณ์,กล่องไม่อ่านการ์ด,1
52,กล่อง Set top boxขัดข้อง | TVS-ปัญหาอุปกรณ์ | CONFIG CHANGE,กล่อง Set top boxขัดข้อง,TVS-ปัญหาอุปกรณ์,เสาอากาศชำรุด,1
52,กล่อง Set top boxขัดข้อง | TVS-ปัญหาอุปกรณ์ | CONFIG CHANGE,E016-0: ช่องนี้ไม่รวมอยู่ในแพ็กเกจ,TVS-ปัญหาสัญญาณ,ลูกค้าต้องการเปลี่ยน Set Top Box,1
52,กล่อง Set top boxขัดข้อง | TVS-ปัญหาอุปกรณ์ | CONFIG CHANGE,กล่อง Set top boxขัดข้อง,TVS-ปัญหาอุปกรณ์,ลูกค้าใช้งาน Wi Fi ห่างจาก Modem,1
52,กล่อง Set top boxขัดข้อง | TVS-ปัญหาอุปกรณ์ | CONFIG CHANGE,ไม่มีภาพและเสียงบางช่อง,TVS-ปัญหาสัญญาณ,ลูกค้าต้องการเปลี่ยน Set Top Box,1
52,กล่อง Set top boxขัดข้อง | TVS-ปัญหาอุปกรณ์ | CONFIG CHANGE,รีโมตคำสั่งเสียงไม่ทำงาน,TVS-ปัญหาอุปกรณ์,ลูกค้าต้องการเปลี่ยน Hybrid Box,1
52,กล่อง Set top boxขัดข้อง | TVS-ปัญหาอุปกรณ์ | CONFIG CHANGE,กล่อง Set top boxขัดข้อง,TVS-ปัญหาอุปกรณ์,สายขาด,1
52,กล่อง Set top boxขัดข้อง | TVS-ปัญหาอุปกรณ์ | CONFIG CHANGE,ปัญหาการใช้งานHDD-PVR,TVS-ปัญหาอุปกรณ์,กล่องไม่อ่านการ์ด,1
52,กล่อง Set top boxขัดข้อง | TVS-ปัญหาอุปกรณ์ | CONFIG CHANGE,กล่อง Set top boxขัดข้อง,TVS-ปัญหาอุปกรณ์,ลูกค้าทำอุปกรณ์เสียหาย,1
53,ปัญหา WiFi | Internet หลุดบ่อย | Connect WiFi ไม่ได้/ไม่พบ S,ปัญหา WiFi,Internet หลุดบ่อย,Connect WiFi ไม่ได้/ไม่พบ SSID,3216
53,ปัญหา WiFi | Internet หลุดบ่อย | Connect WiFi ไม่ได้/ไม่พบ S,ค่าสัญญาณไม่ดี,Internet เชื่อมต่อไม่ได้,Connect WiFi ไม่ได้/ไม่พบ SSID,1035
53,ปัญหา WiFi | Internet หลุดบ่อย | Connect WiFi ไม่ได้/ไม่พบ S,ปัญหา Router,เปิด Web ไม่ได้,Connect WiFi ไม่ได้/ไม่พบ SSID,803
53,ปัญหา WiFi | Internet หลุดบ่อย | Connect WiFi ไม่ได้/ไม่พบ S,ปัญหา WiFi,Internet ช้า,Connect WiFi ไม่ได้/ไม่พบ SSID,702
53,ปัญหา WiFi | Internet หลุดบ่อย | Connect WiFi ไม่ได้/ไม่พบ S,ค่าสัญญาณไม่ดี,Internet หลุดบ่อย,Connect WiFi ไม่ได้/ไม่พบ SSID,627
53,ปัญหา WiFi | Internet หลุดบ่อย | Connect WiFi ไม่ได้/ไม่พบ S,Retention Fault,คุณภาพสัญญาน,Connect WiFi ไม่ได้/ไม่พบ SSID,528
53,ปัญหา WiFi | Internet หลุดบ่อย | Connect WiFi ไม่ได้/ไม่พบ S,ปัญหา WiFi,เปิด Web ไม่ได้,Connect WiFi ไม่ได้/ไม่พบ SSID,232
53,ปัญหา WiFi | Internet หลุดบ่อย | Connect WiFi ไม่ได้/ไม่พบ S,ค่าสัญญาณไม่ดี,Internet ช้า,Connect WiFi ไม่ได้/ไม่พบ SSID,214
53,ปัญหา WiFi | Internet หลุดบ่อย | Connect WiFi ไม่ได้/ไม่พบ S,ปัญหาการใช้งานของลูกค้า,Internet ช้า,Connect WiFi ไม่ได้/ไม่พบ SSID,190
53,ปัญหา WiFi | Internet หลุดบ่อย | Connect WiFi ไม่ได้/ไม่พบ S,ไฟ Power ไม่ติด,Internet เชื่อมต่อไม่ได้,Connect WiFi ไม่ได้/ไม่พบ SSID,189
53,ปัญหา WiFi | Internet หลุดบ่อย | Connect WiFi ไม่ได้/ไม่พบ S,ปัญหา Router,Internet หลุดบ่อย,Connect WiFi ไม่ได้/ไม่พบ SSID,181
53,ปัญหา WiFi | Internet หลุดบ่อย | Connect WiFi ไม่ได้/ไม่พบ S,Proactive-Fiber broken,Proactive,Connect WiFi ไม่ได้/ไม่พบ SSID,155
53,ปัญหา WiFi | Internet หลุดบ่อย | Connect WiFi ไม่ได้/ไม่พบ S,ค่าสัญญาณไม่ดี,เปิด Web ไม่ได้,Connect WiFi ไม่ได้/ไม่พบ SSID,142
53,ปัญหา WiFi | Internet หลุดบ่อย | Connect WiFi ไม่ได้/ไม่พบ S,ปัญหา Router,Internet ช้า,Connect WiFi ไม่ได้/ไม่พบ SSID,64
53,ปัญหา WiFi | Internet หลุดบ่อย | Connect WiFi ไม่ได้/ไม่พบ S,ปัญหาการใช้งานของลูกค้า,เปิด Web ไม่ได้,Connect WiFi ไม่ได้/ไม่พบ SSID,56
53,ปัญหา WiFi | Internet หลุดบ่อย | Connect WiFi ไม่ได้/ไม่พบ S,ปัญหาการใช้งานของลูกค้า,Internet หลุดบ่อย,Connect WiFi ไม่ได้/ไม่พบ SSID,45
53,ปัญหา WiFi | Internet หลุดบ่อย | Connect WiFi ไม่ได้/ไม่พบ S,ปัญหาระบบ,ใช้งานบาง Program/App ไม่ได้,Connect WiFi ไม่ได้/ไม่พบ SSID,39
53,ปัญหา WiFi | Internet หลุดบ่อย | Connect WiFi ไม่ได้/ไม่พบ S,ปัญหาระบบ,ใช้กล้องวงจรปิดไม่ได้,Connect WiFi ไม่ได้/ไม่พบ SSID,19
53,ปัญหา WiFi | Internet หลุดบ่อย | Connect WiFi ไม่ได้/ไม่พบ S,ปัญหาการใช้งานของลูกค้า,ใช้งานบาง Program/App ไม่ได้,Connect WiFi ไม่ได้/ไม่พบ SSID,17
53,ปัญหา WiFi | Internet หลุดบ่อย | Connect WiFi ไม่ได้/ไม่พบ S,Access Point ปกติแต่ไม่พบ SSID,แจ้งเสีย-WiFi,,13
53,ปัญหา WiFi | Internet หลุดบ่อย | Connect WiFi ไม่ได้/ไม่พบ S,Login fail/Sign in ไม่ผ่าน,แจ้งเสีย-WiFi,,12
53,ปัญหา WiFi | Internet หลุดบ่อย | Connect WiFi ไม่ได้/ไม่พบ S,อุปกรณ์ลูกค้า (device),เปิด Web ไม่ได้,Connect WiFi ไม่ได้/ไม่พบ SSID,10
53,ปัญหา WiFi | Internet หลุดบ่อย | Connect WiFi ไม่ได้/ไม่พบ S,โทรเข้าออกเงียบไม่มีสัญญาณ,โทรเข้า-ออก,Connect WiFi ไม่ได้/ไม่พบ SSID,8
53,ปัญหา WiFi | Internet หลุดบ่อย | Connect WiFi ไม่ได้/ไม่พบ S,ปัญหาระบบ,เล่น Game Online ไม่ได้,Connect WiFi ไม่ได้/ไม่พบ SSID,8
53,ปัญหา WiFi | Internet หลุดบ่อย | Connect WiFi ไม่ได้/ไม่พบ S,ปัญหาระบบ,เปิด Website ไม่ได้บาง Web,Connect WiFi ไม่ได้/ไม่พบ SSID,7
53,ปัญหา WiFi | Internet หลุดบ่อย | Connect WiFi ไม่ได้/ไม่พบ S,ปัญหาการใช้งานของลูกค้า,ใช้กล้องวงจรปิดไม่ได้,Connect WiFi ไม่ได้/ไม่พบ SSID,6
53,ปัญหา WiFi | Internet หลุดบ่อย | Connect WiFi ไม่ได้/ไม่พบ S,ปัญหาการใช้งานของลูกค้า,เปิด Web ไม่ได้,Modemไม่ lock/ไม่ Synch/High Loss,6
53,ปัญหา WiFi | Internet หลุดบ่อย | Connect WiFi ไม่ได้/ไม่พบ S,ปัญหาระบบ,ใช้กล้องวงจรปิดไม่ได้,Modemไม่ lock/ไม่ Synch/High Loss,6
53,ปัญหา WiFi | Internet หลุดบ่อย | Connect WiFi ไม่ได้/ไม่พบ S,อุปกรณ์ลูกค้า (device),ใช้กล้องวงจรปิดไม่ได้,Connect WiFi ไม่ได้/ไม่พบ SSID,5
53,ปัญหา WiFi | Internet หลุดบ่อย | Connect WiFi ไม่ได้/ไม่พบ S,อุปกรณ์ลูกค้า (device),เปิด Website ไม่ได้บาง Web,Connect WiFi ไม่ได้/ไม่พบ SSID,5
53,ปัญหา WiFi | Internet หลุดบ่อย | Connect WiFi ไม่ได้/ไม่พบ S,Proactive Inspection  Dropwire,Proactive,Connect WiFi ไม่ได้/ไม่พบ SSID,5
53,ปัญหา WiFi | Internet หลุดบ่อย | Connect WiFi ไม่ได้/ไม่พบ S,ขอช่างเข้าซ่อม (กลุ่มลูกค้าร้องเรียน),IOT-ขอบริการงานช่าง,Connect WiFi ไม่ได้/ไม่พบ SSID,4
53,ปัญหา WiFi | Internet หลุดบ่อย | Connect WiFi ไม่ได้/ไม่พบ S,อุปกรณ์ลูกค้า (device),ใช้งานบาง Program/App ไม่ได้,Connect WiFi ไม่ได้/ไม่พบ SSID,4
53,ปัญหา WiFi | Internet หลุดบ่อย | Connect WiFi ไม่ได้/ไม่พบ S,ปัญหาระบบ,ใช้งาน VPN ไม่ได้,Connect WiFi ไม่ได้/ไม่พบ SSID,4
53,ปัญหา WiFi | Internet หลุดบ่อย | Connect WiFi ไม่ได้/ไม่พบ S,Proactive poor experience link loss,Proactive,Connect WiFi ไม่ได้/ไม่พบ SSID,3
53,ปัญหา WiFi | Internet หลุดบ่อย | Connect WiFi ไม่ได้/ไม่พบ S,ลูกค้าแจ้งเคยใช้งานได้ ไม่พบข้อมูลใน E2E,แจ้งเสีย-WiFi,,3
53,ปัญหา WiFi | Internet หลุดบ่อย | Connect WiFi ไม่ได้/ไม่พบ S,ปัญหาระบบ,ใช้งานบาง Program/App ไม่ได้,ลูกค้าใช้งาน Wi Fi ห่างจาก Modem,2
53,ปัญหา WiFi | Internet หลุดบ่อย | Connect WiFi ไม่ได้/ไม่พบ S,แจ้งปัญหาอินเทอร์เน็ต ช่องทาง App Line,Internet เชื่อมต่อไม่ได้,Connect WiFi ไม่ได้/ไม่พบ SSID,2
53,ปัญหา WiFi | Internet หลุดบ่อย | Connect WiFi ไม่ได้/ไม่พบ S,Proactive Rehome,Proactive,Connect WiFi ไม่ได้/ไม่พบ SSID,2
53,ปัญหา WiFi | Internet หลุดบ่อย | Connect WiFi ไม่ได้/ไม่พบ S,AP ปกติ แต่ไม่ได้รับ IP10.X.X.X,แจ้งเสีย-WiFi,,2
53,ปัญหา WiFi | Internet หลุดบ่อย | Connect WiFi ไม่ได้/ไม่พบ S,อุปกรณ์ลูกค้า (device),Internet ช้า,Connect WiFi ไม่ได้/ไม่พบ SSID,1
53,ปัญหา WiFi | Internet หลุดบ่อย | Connect WiFi ไม่ได้/ไม่พบ S,ปัญหาการใช้งานของลูกค้า,ใช้งาน VPN ไม่ได้,Connect WiFi ไม่ได้/ไม่พบ SSID,1
53,ปัญหา WiFi | Internet หลุดบ่อย | Connect WiFi ไม่ได้/ไม่พบ S,อุปกรณ์ลูกค้า (device),เปิด Web ไม่ได้,Modemไม่ lock/ไม่ Synch/High Loss,1
53,ปัญหา WiFi | Internet หลุดบ่อย | Connect WiFi ไม่ได้/ไม่พบ S,อุปกรณ์ลูกค้า (device),ใช้งาน Netflix ไม่ได้,Connect WiFi ไม่ได้/ไม่พบ SSID,1
53,ปัญหา WiFi | Internet หลุดบ่อย | Connect WiFi ไม่ได้/ไม่พบ S,Proactive WiFi หลุดบ่อย,Proactive,Connect WiFi ไม่ได้/ไม่พบ SSID,1
53,ปัญหา WiFi | Internet หลุดบ่อย | Connect WiFi ไม่ได้/ไม่พบ S,ปัญหาการใช้งานของลูกค้า,เล่น Game Online ไม่ได้,Connect WiFi ไม่ได้/ไม่พบ SSID,1
53,ปัญหา WiFi | Internet หลุดบ่อย | Connect WiFi ไม่ได้/ไม่พบ S,ปัญหาอุปกรณ์ Router,ใช้กล้องวงจรปิดไม่ได้,Connect WiFi ไม่ได้/ไม่พบ SSID,1
53,ปัญหา WiFi | Internet หลุดบ่อย | Connect WiFi ไม่ได้/ไม่พบ S,อุปกรณ์ลูกค้า (device),Internet หลุดบ่อย,Connect WiFi ไม่ได้/ไม่พบ SSID,1
53,ปัญหา WiFi | Internet หลุดบ่อย | Connect WiFi ไม่ได้/ไม่พบ S,ปัญหาอุปกรณ์ Router,เปิด Website ไม่ได้บาง Web,Connect WiFi ไม่ได้/ไม่พบ SSID,1
53,ปัญหา WiFi | Internet หลุดบ่อย | Connect WiFi ไม่ได้/ไม่พบ S,อุปกรณ์ลูกค้า (device),เล่น Game Online ไม่ได้,Connect WiFi ไม่ได้/ไม่พบ SSID,1
53,ปัญหา WiFi | Internet หลุดบ่อย | Connect WiFi ไม่ได้/ไม่พบ S,Repeatมากกว่า2ครั้ง-ปัญหาWirelessค่าสัญญาณดี,Connectได้แต่มีปัญหา,Connect WiFi ไม่ได้/ไม่พบ SSID,1
54,ER16: ไม่พบสัญญาณ | TVS-ปัญหาสัญญาณ | ข้อต่อหลวม ไม่ดี/ไม่สน,ER16: ไม่พบสัญญาณ,TVS-ปัญหาสัญญาณ,ขัดข้อง/เสีย,4999
54,ER16: ไม่พบสัญญาณ | TVS-ปัญหาสัญญาณ | ข้อต่อหลวม ไม่ดี/ไม่สน,ER16: ไม่พบสัญญาณ,TVS-ปัญหาสัญญาณ,ไม่พบปัญหาการใช้งานแล้ว,1664
54,ER16: ไม่พบสัญญาณ | TVS-ปัญหาสัญญาณ | ข้อต่อหลวม ไม่ดี/ไม่สน,ER16: ไม่พบสัญญาณ,TVS-ปัญหาสัญญาณ,การใช้งานของลูกค้า,1417
54,ER16: ไม่พบสัญญาณ | TVS-ปัญหาสัญญาณ | ข้อต่อหลวม ไม่ดี/ไม่สน,ER16: ไม่พบสัญญาณ,TVS-ปัญหาสัญญาณ,CONFIG CHANGE,888
54,ER16: ไม่พบสัญญาณ | TVS-ปัญหาสัญญาณ | ข้อต่อหลวม ไม่ดี/ไม่สน,ER16: ไม่พบสัญญาณ,TVS-ปัญหาสัญญาณ,เหตุเสียใช้ได้ ก่อนช่างถึงบ้าน,521
54,ER16: ไม่พบสัญญาณ | TVS-ปัญหาสัญญาณ | ข้อต่อหลวม ไม่ดี/ไม่สน,ER16: ไม่พบสัญญาณ,TVS-ปัญหาสัญญาณ,อุปกรณ์คืนค่าโรงงาน,514
54,ER16: ไม่พบสัญญาณ | TVS-ปัญหาสัญญาณ | ข้อต่อหลวม ไม่ดี/ไม่สน,ER16: ไม่พบสัญญาณ,TVS-ปัญหาสัญญาณ,ลูกค้าเปลี่ยนใจ/ลูกค้าขอยกเลิกบริการเอง,298
54,ER16: ไม่พบสัญญาณ | TVS-ปัญหาสัญญาณ | ข้อต่อหลวม ไม่ดี/ไม่สน,ER16: ไม่พบสัญญาณ,TVS-ปัญหาสัญญาณ,ช่องรายการถูกล็อค(CA14),263
54,ER16: ไม่พบสัญญาณ | TVS-ปัญหาสัญญาณ | ข้อต่อหลวม ไม่ดี/ไม่สน,ER16: ไม่พบสัญญาณ,TVS-ปัญหาสัญญาณ,ไฟไม่เข้า,198
54,ER16: ไม่พบสัญญาณ | TVS-ปัญหาสัญญาณ | ข้อต่อหลวม ไม่ดี/ไม่สน,ER16: ไม่พบสัญญาณ,TVS-ปัญหาสัญญาณ,ไม่ทราบสาเหตุ,140
54,ER16: ไม่พบสัญญาณ | TVS-ปัญหาสัญญาณ | ข้อต่อหลวม ไม่ดี/ไม่สน,ER16: ไม่พบสัญญาณ,TVS-ปัญหาสัญญาณ,กล่องรับสัญญาณขัดข้อง (ER16/E048),126
54,ER16: ไม่พบสัญญาณ | TVS-ปัญหาสัญญาณ | ข้อต่อหลวม ไม่ดี/ไม่สน,ER16: ไม่พบสัญญาณ,TVS-ปัญหาสัญญาณ,Monitor เหตุเสียครบตามเงื่อนไข,123
54,ER16: ไม่พบสัญญาณ | TVS-ปัญหาสัญญาณ | ข้อต่อหลวม ไม่ดี/ไม่สน,ER16: ไม่พบสัญญาณ,TVS-ปัญหาสัญญาณ,กล่องรับสัญญาณขัดข้อง (CA9/CA11),89
54,ER16: ไม่พบสัญญาณ | TVS-ปัญหาสัญญาณ | ข้อต่อหลวม ไม่ดี/ไม่สน,ER16: ไม่พบสัญญาณ,TVS-ปัญหาสัญญาณ,ข้อต่อหลวม ไม่ดี/ไม่สนิท,80
54,ER16: ไม่พบสัญญาณ | TVS-ปัญหาสัญญาณ | ข้อต่อหลวม ไม่ดี/ไม่สน,ER16: ไม่พบสัญญาณ,TVS-ปัญหาสัญญาณ,ลูกค้าต้องการเปลี่ยน Set Top Box,79
54,ER16: ไม่พบสัญญาณ | TVS-ปัญหาสัญญาณ | ข้อต่อหลวม ไม่ดี/ไม่สน,ER16: ไม่พบสัญญาณ,TVS-ปัญหาสัญญาณ,กล่องไม่อ่านการ์ด,77
54,ER16: ไม่พบสัญญาณ | TVS-ปัญหาสัญญาณ | ข้อต่อหลวม ไม่ดี/ไม่สน,ER16: ไม่พบสัญญาณ,TVS-ปัญหาสัญญาณ,ไม่มีสัญญาณ CATV หรือ ค่า RF ไม่ได้ตามค่ามาตรฐาน,66
54,ER16: ไม่พบสัญญาณ | TVS-ปัญหาสัญญาณ | ข้อต่อหลวม ไม่ดี/ไม่สน,ER16: ไม่พบสัญญาณ,TVS-ปัญหาสัญญาณ,ส่งงานไม่ถูกต้อง,61
54,ER16: ไม่พบสัญญาณ | TVS-ปัญหาสัญญาณ | ข้อต่อหลวม ไม่ดี/ไม่สน,ER16: ไม่พบสัญญาณ,TVS-ปัญหาสัญญาณ,สายหัก/สายงอ/สายถูกดึงรั้ง,54
54,ER16: ไม่พบสัญญาณ | TVS-ปัญหาสัญญาณ | ข้อต่อหลวม ไม่ดี/ไม่สน,ER16: ไม่พบสัญญาณ,TVS-ปัญหาสัญญาณ,อุปกรณ์ Hang,54
54,ER16: ไม่พบสัญญาณ | TVS-ปัญหาสัญญาณ | ข้อต่อหลวม ไม่ดี/ไม่สน,ER16: ไม่พบสัญญาณ,TVS-ปัญหาสัญญาณ,ค่าสัญญาณดี แต่พบภาพขาดหาย/ ภาพแตก/ เสียงขาดหาย,51
54,ER16: ไม่พบสัญญาณ | TVS-ปัญหาสัญญาณ | ข้อต่อหลวม ไม่ดี/ไม่สน,ER16: ไม่พบสัญญาณ,TVS-ปัญหาสัญญาณ,ทดสอบและอธิบายลูกค้า,49
54,ER16: ไม่พบสัญญาณ | TVS-ปัญหาสัญญาณ | ข้อต่อหลวม ไม่ดี/ไม่สน,ER16: ไม่พบสัญญาณ,TVS-ปัญหาสัญญาณ,รถเกี่ยว,43
54,ER16: ไม่พบสัญญาณ | TVS-ปัญหาสัญญาณ | ข้อต่อหลวม ไม่ดี/ไม่สน,ER16: ไม่พบสัญญาณ,TVS-ปัญหาสัญญาณ,หัวสายสำเร็จSC-APC หลวม /ไม่สนิท,35
54,ER16: ไม่พบสัญญาณ | TVS-ปัญหาสัญญาณ | ข้อต่อหลวม ไม่ดี/ไม่สน,ER16: ไม่พบสัญญาณ,TVS-ปัญหาสัญญาณ,ลูกค้าต้องการเปลี่ยน Hybrid Box,34
54,ER16: ไม่พบสัญญาณ | TVS-ปัญหาสัญญาณ | ข้อต่อหลวม ไม่ดี/ไม่สน,ER16: ไม่พบสัญญาณ,TVS-ปัญหาสัญญาณ,Modemไม่ lock/ไม่ Synch/High Loss,31
54,ER16: ไม่พบสัญญาณ | TVS-ปัญหาสัญญาณ | ข้อต่อหลวม ไม่ดี/ไม่สน,E48/E52-ปัญหาระดับสัญญาณ,TVS-ปัญหาสัญญาณ,การใช้งานของลูกค้า,28
54,ER16: ไม่พบสัญญาณ | TVS-ปัญหาสัญญาณ | ข้อต่อหลวม ไม่ดี/ไม่สน,ER16: ไม่พบสัญญาณ,TVS-ปัญหาสัญญาณ,การไฟฟ้าย้ายแนว/จัดระเบียบสาย,27
54,ER16: ไม่พบสัญญาณ | TVS-ปัญหาสัญญาณ | ข้อต่อหลวม ไม่ดี/ไม่สน,ER16: ไม่พบสัญญาณ,TVS-ปัญหาสัญญาณ,เปลี่ยน process การทำงาน,26
54,ER16: ไม่พบสัญญาณ | TVS-ปัญหาสัญญาณ | ข้อต่อหลวม ไม่ดี/ไม่สน,ER16: ไม่พบสัญญาณ,TVS-ปัญหาสัญญาณ,หัวสายสำเร็จSC-APC เสีย,26
54,ER16: ไม่พบสัญญาณ | TVS-ปัญหาสัญญาณ | ข้อต่อหลวม ไม่ดี/ไม่สน,ER16: ไม่พบสัญญาณ,TVS-ปัญหาสัญญาณ,BUG FIRMWARE,25
54,ER16: ไม่พบสัญญาณ | TVS-ปัญหาสัญญาณ | ข้อต่อหลวม ไม่ดี/ไม่สน,ER16: ไม่พบสัญญาณ,TVS-ปัญหาสัญญาณ,สัตว์ (เช่น ลิง กระรอก ช้าง ),23
54,ER16: ไม่พบสัญญาณ | TVS-ปัญหาสัญญาณ | ข้อต่อหลวม ไม่ดี/ไม่สน,E48/E52-ปัญหาระดับสัญญาณ,TVS-ปัญหาสัญญาณ,ขัดข้อง/เสีย,21
54,ER16: ไม่พบสัญญาณ | TVS-ปัญหาสัญญาณ | ข้อต่อหลวม ไม่ดี/ไม่สน,ER16: ไม่พบสัญญาณ,TVS-ปัญหาสัญญาณ,บุคคลเจตนาร้าย-ตัดทำลายข่ายสาย,21
54,ER16: ไม่พบสัญญาณ | TVS-ปัญหาสัญญาณ | ข้อต่อหลวม ไม่ดี/ไม่สน,ER16: ไม่พบสัญญาณ,TVS-ปัญหาสัญญาณ,เทศบาลตัดแต่งต้นไม้,19
54,ER16: ไม่พบสัญญาณ | TVS-ปัญหาสัญญาณ | ข้อต่อหลวม ไม่ดี/ไม่สน,ER09/CA38/ปัญหาการเชื่อมต่อสาย,TVS-ปัญหาสัญญาณ,การใช้งานของลูกค้า,17
54,ER16: ไม่พบสัญญาณ | TVS-ปัญหาสัญญาณ | ข้อต่อหลวม ไม่ดี/ไม่สน,ER16: ไม่พบสัญญาณ,TVS-ปัญหาสัญญาณ,สายขาด,16
54,ER16: ไม่พบสัญญาณ | TVS-ปัญหาสัญญาณ | ข้อต่อหลวม ไม่ดี/ไม่สน,ER16: ไม่พบสัญญาณ,TVS-ปัญหาสัญญาณ,Port HDMI/AV เสีย,15
54,ER16: ไม่พบสัญญาณ | TVS-ปัญหาสัญญาณ | ข้อต่อหลวม ไม่ดี/ไม่สน,ER16: ไม่พบสัญญาณ,TVS-ปัญหาสัญญาณ,อื่น ๆ,15
54,ER16: ไม่พบสัญญาณ | TVS-ปัญหาสัญญาณ | ข้อต่อหลวม ไม่ดี/ไม่สน,ER16: ไม่พบสัญญาณ,TVS-ปัญหาสัญญาณ,Reboot,15
54,ER16: ไม่พบสัญญาณ | TVS-ปัญหาสัญญาณ | ข้อต่อหลวม ไม่ดี/ไม่สน,ER16: ไม่พบสัญญาณ,TVS-ปัญหาสัญญาณ,ช่องรายการถูกล็อค(E016/E017),14
54,ER16: ไม่พบสัญญาณ | TVS-ปัญหาสัญญาณ | ข้อต่อหลวม ไม่ดี/ไม่สน,ER16: ไม่พบสัญญาณ,TVS-ปัญหาสัญญาณ,สกปรก,13
54,ER16: ไม่พบสัญญาณ | TVS-ปัญหาสัญญาณ | ข้อต่อหลวม ไม่ดี/ไม่สน,E48/E52-ปัญหาระดับสัญญาณ,TVS-ปัญหาสัญญาณ,CONFIG CHANGE,12
54,ER16: ไม่พบสัญญาณ | TVS-ปัญหาสัญญาณ | ข้อต่อหลวม ไม่ดี/ไม่สน,ER16: ไม่พบสัญญาณ,TVS-ปัญหาสัญญาณ,กล่องรับสัญญาณขัดข้อง (E161),12
54,ER16: ไม่พบสัญญาณ | TVS-ปัญหาสัญญาณ | ข้อต่อหลวม ไม่ดี/ไม่สน,ER16: ไม่พบสัญญาณ,TVS-ปัญหาสัญญาณ,มีค่า Loss สูง,12
54,ER16: ไม่พบสัญญาณ | TVS-ปัญหาสัญญาณ | ข้อต่อหลวม ไม่ดี/ไม่สน,ER16: ไม่พบสัญญาณ,TVS-ปัญหาสัญญาณ,สายเสื่อมสภาพ,11
54,ER16: ไม่พบสัญญาณ | TVS-ปัญหาสัญญาณ | ข้อต่อหลวม ไม่ดี/ไม่สน,ER16: ไม่พบสัญญาณ,TVS-ปัญหาสัญญาณ,Remote ไม่ทำงาน,11
54,ER16: ไม่พบสัญญาณ | TVS-ปัญหาสัญญาณ | ข้อต่อหลวม ไม่ดี/ไม่สน,E48/E52-ปัญหาระดับสัญญาณ,TVS-ปัญหาสัญญาณ,เหตุเสียใช้ได้ ก่อนช่างถึงบ้าน,11
54,ER16: ไม่พบสัญญาณ | TVS-ปัญหาสัญญาณ | ข้อต่อหลวม ไม่ดี/ไม่สน,ER16: ไม่พบสัญญาณ,TVS-ปัญหาสัญญาณ,ลูกค้าต้องการเปลี่ยน Modem,10
54,ER16: ไม่พบสัญญาณ | TVS-ปัญหาสัญญาณ | ข้อต่อหลวม ไม่ดี/ไม่สน,ER16: ไม่พบสัญญาณ,TVS-ปัญหาสัญญาณ,ขั้วต่อ F Connector RG6 ที่กล่องชำรุด,10
54,ER16: ไม่พบสัญญาณ | TVS-ปัญหาสัญญาณ | ข้อต่อหลวม ไม่ดี/ไม่สน,E017-0 SMC Error,TVS-ปัญหาสัญญาณ,การใช้งานของลูกค้า,8
54,ER16: ไม่พบสัญญาณ | TVS-ปัญหาสัญญาณ | ข้อต่อหลวม ไม่ดี/ไม่สน,E016-0: ช่องนี้ไม่รวมอยู่ในแพ็กเกจ,TVS-ปัญหาสัญญาณ,การใช้งานของลูกค้า,8
54,ER16: ไม่พบสัญญาณ | TVS-ปัญหาสัญญาณ | ข้อต่อหลวม ไม่ดี/ไม่สน,ER16: ไม่พบสัญญาณ,TVS-ปัญหาสัญญาณ,"สายขาด,หัก (Crack)",8
54,ER16: ไม่พบสัญญาณ | TVS-ปัญหาสัญญาณ | ข้อต่อหลวม ไม่ดี/ไม่สน,ER09/CA38/ปัญหาการเชื่อมต่อสาย,TVS-ปัญหาสัญญาณ,กล่องรับสัญญาณขัดข้อง (CA9/CA11),7
54,ER16: ไม่พบสัญญาณ | TVS-ปัญหาสัญญาณ | ข้อต่อหลวม ไม่ดี/ไม่สน,ER09/CA38/ปัญหาการเชื่อมต่อสาย,TVS-ปัญหาสัญญาณ,CONFIG CHANGE,7
54,ER16: ไม่พบสัญญาณ | TVS-ปัญหาสัญญาณ | ข้อต่อหลวม ไม่ดี/ไม่สน,ER09/CA38/ปัญหาการเชื่อมต่อสาย,TVS-ปัญหาสัญญาณ,อุปกรณ์คืนค่าโรงงาน,7
54,ER16: ไม่พบสัญญาณ | TVS-ปัญหาสัญญาณ | ข้อต่อหลวม ไม่ดี/ไม่สน,E48/E52-ปัญหาระดับสัญญาณ,TVS-ปัญหาสัญญาณ,อุปกรณ์คืนค่าโรงงาน,7
54,ER16: ไม่พบสัญญาณ | TVS-ปัญหาสัญญาณ | ข้อต่อหลวม ไม่ดี/ไม่สน,ER16: ไม่พบสัญญาณ,TVS-ปัญหาสัญญาณ,ค่าสัญญาณดี ไม่มีภาพ/ ไม่มีเสียง,7
54,ER16: ไม่พบสัญญาณ | TVS-ปัญหาสัญญาณ | ข้อต่อหลวม ไม่ดี/ไม่สน,ER16: ไม่พบสัญญาณ,TVS-ปัญหาสัญญาณ,Battery หมด/เสื่อม,6
54,ER16: ไม่พบสัญญาณ | TVS-ปัญหาสัญญาณ | ข้อต่อหลวม ไม่ดี/ไม่สน,ER09/CA38/ปัญหาการเชื่อมต่อสาย,TVS-ปัญหาสัญญาณ,ขัดข้อง/เสีย,6
54,ER16: ไม่พบสัญญาณ | TVS-ปัญหาสัญญาณ | ข้อต่อหลวม ไม่ดี/ไม่สน,ER09/CA38/ปัญหาการเชื่อมต่อสาย,TVS-ปัญหาสัญญาณ,เหตุเสียใช้ได้ ก่อนช่างถึงบ้าน,6
54,ER16: ไม่พบสัญญาณ | TVS-ปัญหาสัญญาณ | ข้อต่อหลวม ไม่ดี/ไม่สน,ER16: ไม่พบสัญญาณ,TVS-ปัญหาสัญญาณ,ระยะสาย Drop Wire ไกล,6
54,ER16: ไม่พบสัญญาณ | TVS-ปัญหาสัญญาณ | ข้อต่อหลวม ไม่ดี/ไม่สน,ER16: ไม่พบสัญญาณ,CMDU-ปัญหาสัญญาณ,การใช้งานของลูกค้า,5
54,ER16: ไม่พบสัญญาณ | TVS-ปัญหาสัญญาณ | ข้อต่อหลวม ไม่ดี/ไม่สน,ER16: ไม่พบสัญญาณ,TVS-ปัญหาสัญญาณ,ค่าสัญญาณดี ภาพค้าง/ ขาดหาย,5
54,ER16: ไม่พบสัญญาณ | TVS-ปัญหาสัญญาณ | ข้อต่อหลวม ไม่ดี/ไม่สน,ER16: ไม่พบสัญญาณ,TVS-ปัญหาสัญญาณ,Sync Speed ได้ แต่ Test Speed WIFI 5 GHz ไม่ได้ตาม Package,5
54,ER16: ไม่พบสัญญาณ | TVS-ปัญหาสัญญาณ | ข้อต่อหลวม ไม่ดี/ไม่สน,ER16: ไม่พบสัญญาณ,TVS-ปัญหาสัญญาณ,Connect WiFi ไม่ได้/ไม่พบ SSID,4
54,ER16: ไม่พบสัญญาณ | TVS-ปัญหาสัญญาณ | ข้อต่อหลวม ไม่ดี/ไม่สน,ER16: ไม่พบสัญญาณ,TVS-ปัญหาสัญญาณ,เสื่อมสภาพการใช้งาน,4
54,ER16: ไม่พบสัญญาณ | TVS-ปัญหาสัญญาณ | ข้อต่อหลวม ไม่ดี/ไม่สน,E48/E52-ปัญหาระดับสัญญาณ,TVS-ปัญหาสัญญาณ,กล่องไม่อ่านการ์ด,4
54,ER16: ไม่พบสัญญาณ | TVS-ปัญหาสัญญาณ | ข้อต่อหลวม ไม่ดี/ไม่สน,ER09/CA38/ปัญหาการเชื่อมต่อสาย,TVS-ปัญหาสัญญาณ,ลูกค้าเปลี่ยนใจ/ลูกค้าขอยกเลิกบริการเอง,4
54,ER16: ไม่พบสัญญาณ | TVS-ปัญหาสัญญาณ | ข้อต่อหลวม ไม่ดี/ไม่สน,ER09/CA38/ปัญหาการเชื่อมต่อสาย,TVS-ปัญหาสัญญาณ,กล่องไม่อ่านการ์ด,4
54,ER16: ไม่พบสัญญาณ | TVS-ปัญหาสัญญาณ | ข้อต่อหลวม ไม่ดี/ไม่สน,ER16: ไม่พบสัญญาณ,TVS-ปัญหาสัญญาณ,ไฟไหม้,4
54,ER16: ไม่พบสัญญาณ | TVS-ปัญหาสัญญาณ | ข้อต่อหลวม ไม่ดี/ไม่สน,E48/E52-ปัญหาระดับสัญญาณ,TVS-ปัญหาสัญญาณ,ไม่พบปัญหาการใช้งานแล้ว,3
54,ER16: ไม่พบสัญญาณ | TVS-ปัญหาสัญญาณ | ข้อต่อหลวม ไม่ดี/ไม่สน,ER09/CA38/ปัญหาการเชื่อมต่อสาย,TVS-ปัญหาสัญญาณ,ไฟไม่เข้า,3
54,ER16: ไม่พบสัญญาณ | TVS-ปัญหาสัญญาณ | ข้อต่อหลวม ไม่ดี/ไม่สน,ER16: ไม่พบสัญญาณ,CMDU-ปัญหาสัญญาณ,เหตุเสียใช้ได้ ก่อนช่างถึงบ้าน,3
54,ER16: ไม่พบสัญญาณ | TVS-ปัญหาสัญญาณ | ข้อต่อหลวม ไม่ดี/ไม่สน,ER16: ไม่พบสัญญาณ,TVS-ปัญหาสัญญาณ,Modem ไม่รองรับ Package ลูกค้า,3
54,ER16: ไม่พบสัญญาณ | TVS-ปัญหาสัญญาณ | ข้อต่อหลวม ไม่ดี/ไม่สน,E48/E52-ปัญหาระดับสัญญาณ,TVS-ปัญหาสัญญาณ,Monitor เหตุเสียครบตามเงื่อนไข,3
54,ER16: ไม่พบสัญญาณ | TVS-ปัญหาสัญญาณ | ข้อต่อหลวม ไม่ดี/ไม่สน,E017-0 SMC Error,TVS-ปัญหาสัญญาณ,เหตุเสียใช้ได้ ก่อนช่างถึงบ้าน,3
54,ER16: ไม่พบสัญญาณ | TVS-ปัญหาสัญญาณ | ข้อต่อหลวม ไม่ดี/ไม่สน,ER16: ไม่พบสัญญาณ,TVS-ปัญหาสัญญาณ,พายุ,3
54,ER16: ไม่พบสัญญาณ | TVS-ปัญหาสัญญาณ | ข้อต่อหลวม ไม่ดี/ไม่สน,E017-0 SMC Error,TVS-ปัญหาสัญญาณ,ลูกค้าเปลี่ยนใจ/ลูกค้าขอยกเลิกบริการเอง,3
54,ER16: ไม่พบสัญญาณ | TVS-ปัญหาสัญญาณ | ข้อต่อหลวม ไม่ดี/ไม่สน,E48/E52-ปัญหาระดับสัญญาณ,TVS-ปัญหาสัญญาณ,ไฟไม่เข้า,3
54,ER16: ไม่พบสัญญาณ | TVS-ปัญหาสัญญาณ | ข้อต่อหลวม ไม่ดี/ไม่สน,E017-0 SMC Error,TVS-ปัญหาสัญญาณ,ขัดข้อง/เสีย,3
54,ER16: ไม่พบสัญญาณ | TVS-ปัญหาสัญญาณ | ข้อต่อหลวม ไม่ดี/ไม่สน,E016-0: ช่องนี้ไม่รวมอยู่ในแพ็กเกจ,TVS-ปัญหาสัญญาณ,เหตุเสียใช้ได้ ก่อนช่างถึงบ้าน,3
54,ER16: ไม่พบสัญญาณ | TVS-ปัญหาสัญญาณ | ข้อต่อหลวม ไม่ดี/ไม่สน,ER16: ไม่พบสัญญาณ,TVS-ปัญหาสัญญาณ,ลูกค้าไม่อยู่บ้าน,3
54,ER16: ไม่พบสัญญาณ | TVS-ปัญหาสัญญาณ | ข้อต่อหลวม ไม่ดี/ไม่สน,ER16: ไม่พบสัญญาณ,TVS-ปัญหาสัญญาณ,Fault After Event,3
54,ER16: ไม่พบสัญญาณ | TVS-ปัญหาสัญญาณ | ข้อต่อหลวม ไม่ดี/ไม่สน,ER16: ไม่พบสัญญาณ,TVS-ปัญหาสัญญาณ,Area Manager เห็นชอบให้มีการเปลี่ยน CPE,3
54,ER16: ไม่พบสัญญาณ | TVS-ปัญหาสัญญาณ | ข้อต่อหลวม ไม่ดี/ไม่สน,ER16: ไม่พบสัญญาณ,TVS-ปัญหาสัญญาณ,มีเสียงผิดปกติในตัวโมเด็ม,2
54,ER16: ไม่พบสัญญาณ | TVS-ปัญหาสัญญาณ | ข้อต่อหลวม ไม่ดี/ไม่สน,ER09/CA38/ปัญหาการเชื่อมต่อสาย,TVS-ปัญหาสัญญาณ,Port HDMI/AV เสีย,2
54,ER16: ไม่พบสัญญาณ | TVS-ปัญหาสัญญาณ | ข้อต่อหลวม ไม่ดี/ไม่สน,ER16: ไม่พบสัญญาณ,TVS-ปัญหาสัญญาณ,Auto close by BOT,2
54,ER16: ไม่พบสัญญาณ | TVS-ปัญหาสัญญาณ | ข้อต่อหลวม ไม่ดี/ไม่สน,ER16: ไม่พบสัญญาณ,TVS-ปัญหาสัญญาณ,ผรม ติดตั้งกล่องไม่สมบูรณ์,2
54,ER16: ไม่พบสัญญาณ | TVS-ปัญหาสัญญาณ | ข้อต่อหลวม ไม่ดี/ไม่สน,E48/E52-ปัญหาระดับสัญญาณ,TVS-ปัญหาสัญญาณ,อุปกรณ์ Hang,2
54,ER16: ไม่พบสัญญาณ | TVS-ปัญหาสัญญาณ | ข้อต่อหลวม ไม่ดี/ไม่สน,E48/E52-ปัญหาระดับสัญญาณ,TVS-ปัญหาสัญญาณ,กล่องรับสัญญาณขัดข้อง (ER16/E048),2
54,ER16: ไม่พบสัญญาณ | TVS-ปัญหาสัญญาณ | ข้อต่อหลวม ไม่ดี/ไม่สน,ER16: ไม่พบสัญญาณ,TVS-ปัญหาสัญญาณ,Port เสีย,2
54,ER16: ไม่พบสัญญาณ | TVS-ปัญหาสัญญาณ | ข้อต่อหลวม ไม่ดี/ไม่สน,ER16: ไม่พบสัญญาณ,TVS-ปัญหาสัญญาณ,Sync Speed ได้ แต่ Test Speed LAN ไม่ได้ตาม Package,2
54,ER16: ไม่พบสัญญาณ | TVS-ปัญหาสัญญาณ | ข้อต่อหลวม ไม่ดี/ไม่สน,ER16: ไม่พบสัญญาณ,TVS-ปัญหาสัญญาณ,อุปกรณ์ลูกค้า TV/เครื่องเสียง/อุปกรณ์ Bluetooth,2
54,ER16: ไม่พบสัญญาณ | TVS-ปัญหาสัญญาณ | ข้อต่อหลวม ไม่ดี/ไม่สน,E48/E52-ปัญหาระดับสัญญาณ,TVS-ปัญหาสัญญาณ,ลูกค้าเปลี่ยนใจ/ลูกค้าขอยกเลิกบริการเอง,2
54,ER16: ไม่พบสัญญาณ | TVS-ปัญหาสัญญาณ | ข้อต่อหลวม ไม่ดี/ไม่สน,E017-0 SMC Error,TVS-ปัญหาสัญญาณ,CONFIG CHANGE,2
54,ER16: ไม่พบสัญญาณ | TVS-ปัญหาสัญญาณ | ข้อต่อหลวม ไม่ดี/ไม่สน,ER09/CA38/ปัญหาการเชื่อมต่อสาย,TVS-ปัญหาสัญญาณ,ส่งงานไม่ถูกต้อง,2
54,ER16: ไม่พบสัญญาณ | TVS-ปัญหาสัญญาณ | ข้อต่อหลวม ไม่ดี/ไม่สน,ER16/E048-32/E052-32 กรุณาตรวจสอบจุดเชื่อมต่อสัญญาณ,คุณภาพสัญญาน,ไฟไม่เข้า,2
54,ER16: ไม่พบสัญญาณ | TVS-ปัญหาสัญญาณ | ข้อต่อหลวม ไม่ดี/ไม่สน,ER16: ไม่พบสัญญาณ,TVS-ปัญหาสัญญาณ,แมลง/สัตว์,2
54,ER16: ไม่พบสัญญาณ | TVS-ปัญหาสัญญาณ | ข้อต่อหลวม ไม่ดี/ไม่สน,ER16: ไม่พบสัญญาณ,TVS-ปัญหาสัญญาณ,ลูกค้าทำอุปกรณ์เสียหาย,2
54,ER16: ไม่พบสัญญาณ | TVS-ปัญหาสัญญาณ | ข้อต่อหลวม ไม่ดี/ไม่สน,E016-0: ช่องนี้ไม่รวมอยู่ในแพ็กเกจ,TVS-ปัญหาสัญญาณ,อุปกรณ์คืนค่าโรงงาน,2
54,ER16: ไม่พบสัญญาณ | TVS-ปัญหาสัญญาณ | ข้อต่อหลวม ไม่ดี/ไม่สน,E48/E52-ปัญหาระดับสัญญาณ,TVS-ปัญหาสัญญาณ,Reboot,2
54,ER16: ไม่พบสัญญาณ | TVS-ปัญหาสัญญาณ | ข้อต่อหลวม ไม่ดี/ไม่สน,ER09/CA38/ปัญหาการเชื่อมต่อสาย,TVS-ปัญหาสัญญาณ,อุปกรณ์ Hang,2
54,ER16: ไม่พบสัญญาณ | TVS-ปัญหาสัญญาณ | ข้อต่อหลวม ไม่ดี/ไม่สน,E48/E52-ปัญหาระดับสัญญาณ,TVS-ปัญหาสัญญาณ,ไม่มีสัญญาณ CATV หรือ ค่า RF ไม่ได้ตามค่ามาตรฐาน,2
54,ER16: ไม่พบสัญญาณ | TVS-ปัญหาสัญญาณ | ข้อต่อหลวม ไม่ดี/ไม่สน,ไม่มีภาพและเสียงบางช่อง,TVS-ปัญหาสัญญาณ,กล่องรับสัญญาณขัดข้อง (ER16/E048),1
54,ER16: ไม่พบสัญญาณ | TVS-ปัญหาสัญญาณ | ข้อต่อหลวม ไม่ดี/ไม่สน,E48/E52-ปัญหาระดับสัญญาณ,TVS-ปัญหาสัญญาณ,ส่งงานไม่ถูกต้อง,1
54,ER16: ไม่พบสัญญาณ | TVS-ปัญหาสัญญาณ | ข้อต่อหลวม ไม่ดี/ไม่สน,E48/E52-ปัญหาระดับสัญญาณ,TVS-ปัญหาสัญญาณ,ข้อต่อหลวม ไม่ดี/ไม่สนิท,1
54,ER16: ไม่พบสัญญาณ | TVS-ปัญหาสัญญาณ | ข้อต่อหลวม ไม่ดี/ไม่สน,E48/E52-ปัญหาระดับสัญญาณ,TVS-ปัญหาสัญญาณ,สัตว์ (เช่น ลิง กระรอก ช้าง ),1
54,ER16: ไม่พบสัญญาณ | TVS-ปัญหาสัญญาณ | ข้อต่อหลวม ไม่ดี/ไม่สน,E48/E52-ปัญหาระดับสัญญาณ,TVS-ปัญหาสัญญาณ,ช่องรายการถูกล็อค(E016/E017),1
54,ER16: ไม่พบสัญญาณ | TVS-ปัญหาสัญญาณ | ข้อต่อหลวม ไม่ดี/ไม่สน,E017-0 SMC Error,TVS-ปัญหาสัญญาณ,ทดสอบและอธิบายลูกค้า,1
54,ER16: ไม่พบสัญญาณ | TVS-ปัญหาสัญญาณ | ข้อต่อหลวม ไม่ดี/ไม่สน,E016-0: ช่องนี้ไม่รวมอยู่ในแพ็กเกจ,TVS-ปัญหาสัญญาณ,อุปกรณ์ Hang,1
54,ER16: ไม่พบสัญญาณ | TVS-ปัญหาสัญญาณ | ข้อต่อหลวม ไม่ดี/ไม่สน,E04/E05/E06/E07/E33/E33-04 ปัญหาChip ID,TVS-ปัญหาสัญญาณ,ไม่พบปัญหาการใช้งานแล้ว,1
54,ER16: ไม่พบสัญญาณ | TVS-ปัญหาสัญญาณ | ข้อต่อหลวม ไม่ดี/ไม่สน,ER09/CA38/ปัญหาการเชื่อมต่อสาย,TVS-ปัญหาสัญญาณ,ไม่พบปัญหาการใช้งานแล้ว,1
54,ER16: ไม่พบสัญญาณ | TVS-ปัญหาสัญญาณ | ข้อต่อหลวม ไม่ดี/ไม่สน,ER16: ไม่พบสัญญาณ,CMDU-ปัญหาสัญญาณ,ส่งงานไม่ถูกต้อง,1
54,ER16: ไม่พบสัญญาณ | TVS-ปัญหาสัญญาณ | ข้อต่อหลวม ไม่ดี/ไม่สน,ER16: ไม่พบสัญญาณ,TVS-ปัญหาสัญญาณ,หัวสายสำเร็จSC-APC สกปรก,1
54,ER16: ไม่พบสัญญาณ | TVS-ปัญหาสัญญาณ | ข้อต่อหลวม ไม่ดี/ไม่สน,E48/E52-ปัญหาระดับสัญญาณ,TVS-ปัญหาสัญญาณ,สายหัก/สายงอ/สายถูกดึงรั้ง,1
54,ER16: ไม่พบสัญญาณ | TVS-ปัญหาสัญญาณ | ข้อต่อหลวม ไม่ดี/ไม่สน,ER09/CA38/ปัญหาการเชื่อมต่อสาย,TVS-ปัญหาสัญญาณ,สายเสื่อมสภาพ,1
54,ER16: ไม่พบสัญญาณ | TVS-ปัญหาสัญญาณ | ข้อต่อหลวม ไม่ดี/ไม่สน,E04/E05/E06/E07/E33/E33-04 ปัญหาChip ID,TVS-ปัญหาสัญญาณ,อุปกรณ์ Hang,1
54,ER16: ไม่พบสัญญาณ | TVS-ปัญหาสัญญาณ | ข้อต่อหลวม ไม่ดี/ไม่สน,ER09/CA38/ปัญหาการเชื่อมต่อสาย,TVS-ปัญหาสัญญาณ,BUG FIRMWARE,1
54,ER16: ไม่พบสัญญาณ | TVS-ปัญหาสัญญาณ | ข้อต่อหลวม ไม่ดี/ไม่สน,E48/E52-ปัญหาระดับสัญญาณ,TVS-ปัญหาสัญญาณ,กล่องรับสัญญาณขัดข้อง (CA9/CA11),1
54,ER16: ไม่พบสัญญาณ | TVS-ปัญหาสัญญาณ | ข้อต่อหลวม ไม่ดี/ไม่สน,E017-0 SMC Error,TVS-ปัญหาสัญญาณ,Monitor เหตุเสียครบตามเงื่อนไข,1
54,ER16: ไม่พบสัญญาณ | TVS-ปัญหาสัญญาณ | ข้อต่อหลวม ไม่ดี/ไม่สน,ER16: ไม่พบสัญญาณ,TVS-ปัญหาสัญญาณ,คำสั่งเสียงไม่ทำงาน,1
54,ER16: ไม่พบสัญญาณ | TVS-ปัญหาสัญญาณ | ข้อต่อหลวม ไม่ดี/ไม่สน,ER16: ไม่พบสัญญาณ,TVS-ปัญหาสัญญาณ,เสาอากาศชำรุด,1
54,ER16: ไม่พบสัญญาณ | TVS-ปัญหาสัญญาณ | ข้อต่อหลวม ไม่ดี/ไม่สน,ER09/CA38/ปัญหาการเชื่อมต่อสาย,TVS-ปัญหาสัญญาณ,แมลง(เช่น จักจั่น มด ปลวก),1
54,ER16: ไม่พบสัญญาณ | TVS-ปัญหาสัญญาณ | ข้อต่อหลวม ไม่ดี/ไม่สน,รีโมตคำสั่งเสียงไม่ทำงาน,TVS-ปัญหาอุปกรณ์,ช่องรายการถูกล็อค(E016/E017),1
54,ER16: ไม่พบสัญญาณ | TVS-ปัญหาสัญญาณ | ข้อต่อหลวม ไม่ดี/ไม่สน,E016-0: ช่องนี้ไม่รวมอยู่ในแพ็กเกจ,TVS-ปัญหาสัญญาณ,เปลี่ยน process การทำงาน,1
54,ER16: ไม่พบสัญญาณ | TVS-ปัญหาสัญญาณ | ข้อต่อหลวม ไม่ดี/ไม่สน,ER16: ไม่พบสัญญาณ,CMDU-ปัญหาสัญญาณ,ไฟไม่เข้า,1
54,ER16: ไม่พบสัญญาณ | TVS-ปัญหาสัญญาณ | ข้อต่อหลวม ไม่ดี/ไม่สน,ER16: ไม่พบสัญญาณ,TVS-ปัญหาสัญญาณ,ลูกค้าต้องการเปลี่ยน TrueID TV Box,1
54,ER16: ไม่พบสัญญาณ | TVS-ปัญหาสัญญาณ | ข้อต่อหลวม ไม่ดี/ไม่สน,ER16/E048-32/E052-32 กรุณาตรวจสอบจุดเชื่อมต่อสัญญาณ,คุณภาพสัญญาน,CONFIG CHANGE,1
54,ER16: ไม่พบสัญญาณ | TVS-ปัญหาสัญญาณ | ข้อต่อหลวม ไม่ดี/ไม่สน,ER16: ไม่พบสัญญาณ,TVS-ปัญหาสัญญาณ,ลูกค้าแจ้งเสีย (เปิด Reactive Ticket),1
54,ER16: ไม่พบสัญญาณ | TVS-ปัญหาสัญญาณ | ข้อต่อหลวม ไม่ดี/ไม่สน,ER16: ไม่พบสัญญาณ,TVS-ปัญหาสัญญาณ,เก็บค่าบริการ,1
54,ER16: ไม่พบสัญญาณ | TVS-ปัญหาสัญญาณ | ข้อต่อหลวม ไม่ดี/ไม่สน,ER16: ไม่พบสัญญาณ,TVS-ปัญหาสัญญาณ,พบปัญหาใหม่,1
54,ER16: ไม่พบสัญญาณ | TVS-ปัญหาสัญญาณ | ข้อต่อหลวม ไม่ดี/ไม่สน,E016-0: ช่องนี้ไม่รวมอยู่ในแพ็กเกจ,TVS-ปัญหาสัญญาณ,ส่งงานไม่ถูกต้อง,1
54,ER16: ไม่พบสัญญาณ | TVS-ปัญหาสัญญาณ | ข้อต่อหลวม ไม่ดี/ไม่สน,E017-0 SMC Error,TVS-ปัญหาสัญญาณ,ช่องรายการถูกล็อค(E016/E017),1
54,ER16: ไม่พบสัญญาณ | TVS-ปัญหาสัญญาณ | ข้อต่อหลวม ไม่ดี/ไม่สน,ER09/CA38/ปัญหาการเชื่อมต่อสาย,TVS-ปัญหาสัญญาณ,ช่องรายการถูกล็อค(E016/E017),1
54,ER16: ไม่พบสัญญาณ | TVS-ปัญหาสัญญาณ | ข้อต่อหลวม ไม่ดี/ไม่สน,E48/E52-ปัญหาระดับสัญญาณ,TVS-ปัญหาสัญญาณ,ลูกค้าต้องการเปลี่ยน Modem,1
54,ER16: ไม่พบสัญญาณ | TVS-ปัญหาสัญญาณ | ข้อต่อหลวม ไม่ดี/ไม่สน,E48/E52-ปัญหาระดับสัญญาณ,TVS-ปัญหาสัญญาณ,Port HDMI/AV เสีย,1
54,ER16: ไม่พบสัญญาณ | TVS-ปัญหาสัญญาณ | ข้อต่อหลวม ไม่ดี/ไม่สน,ER16: ไม่พบสัญญาณ,TVS-ปัญหาสัญญาณ,ลูกค้าต้องการเปลี่ยน Mesh Wifi,1
54,ER16: ไม่พบสัญญาณ | TVS-ปัญหาสัญญาณ | ข้อต่อหลวม ไม่ดี/ไม่สน,ER09/CA38/ปัญหาการเชื่อมต่อสาย,TVS-ปัญหาสัญญาณ,หัวสายสำเร็จSC-APC หลวม /ไม่สนิท,1
54,ER16: ไม่พบสัญญาณ | TVS-ปัญหาสัญญาณ | ข้อต่อหลวม ไม่ดี/ไม่สน,E016-0: ช่องนี้ไม่รวมอยู่ในแพ็กเกจ,TVS-ปัญหาสัญญาณ,กล่องรับสัญญาณขัดข้อง (E161),1
54,ER16: ไม่พบสัญญาณ | TVS-ปัญหาสัญญาณ | ข้อต่อหลวม ไม่ดี/ไม่สน,ER16: ไม่พบสัญญาณ,CMDU-ปัญหาสัญญาณ,ขัดข้อง/เสีย,1
54,ER16: ไม่พบสัญญาณ | TVS-ปัญหาสัญญาณ | ข้อต่อหลวม ไม่ดี/ไม่สน,E016-0: ช่องนี้ไม่รวมอยู่ในแพ็กเกจ,TVS-ปัญหาสัญญาณ,สายขาด,1
54,ER16: ไม่พบสัญญาณ | TVS-ปัญหาสัญญาณ | ข้อต่อหลวม ไม่ดี/ไม่สน,ER16: ไม่พบสัญญาณ,TVS-ปัญหาสัญญาณ,Modem แตกหัก/สีผิดสภาพเดิม,1
54,ER16: ไม่พบสัญญาณ | TVS-ปัญหาสัญญาณ | ข้อต่อหลวม ไม่ดี/ไม่สน,E48/E52-ปัญหาระดับสัญญาณ,TVS-ปัญหาสัญญาณ,Modemไม่ lock/ไม่ Synch/High Loss,1
54,ER16: ไม่พบสัญญาณ | TVS-ปัญหาสัญญาณ | ข้อต่อหลวม ไม่ดี/ไม่สน,E016-0: ช่องนี้ไม่รวมอยู่ในแพ็กเกจ,TVS-ปัญหาสัญญาณ,ช่องรายการถูกล็อค(E016/E017),1
54,ER16: ไม่พบสัญญาณ | TVS-ปัญหาสัญญาณ | ข้อต่อหลวม ไม่ดี/ไม่สน,ER16: ไม่พบสัญญาณ,TVS-ปัญหาสัญญาณ,CONFIG CHANGE/BUG FIRMWARE,1
54,ER16: ไม่พบสัญญาณ | TVS-ปัญหาสัญญาณ | ข้อต่อหลวม ไม่ดี/ไม่สน,ปัญหาการใช้งานHDD-PVR,TVS-ปัญหาอุปกรณ์,กล่องรับสัญญาณขัดข้อง (ER16/E048),1
54,ER16: ไม่พบสัญญาณ | TVS-ปัญหาสัญญาณ | ข้อต่อหลวม ไม่ดี/ไม่สน,ER16: ไม่พบสัญญาณ,TVS-ปัญหาสัญญาณ,Port Lan เสีย,1
54,ER16: ไม่พบสัญญาณ | TVS-ปัญหาสัญญาณ | ข้อต่อหลวม ไม่ดี/ไม่สน,E04/E05/E06/E07/E33/E33-04 ปัญหาChip ID,TVS-ปัญหาสัญญาณ,ขัดข้อง/เสีย,1
54,ER16: ไม่พบสัญญาณ | TVS-ปัญหาสัญญาณ | ข้อต่อหลวม ไม่ดี/ไม่สน,ER16: ไม่พบสัญญาณ,CMDU-ปัญหาสัญญาณ,กล่องไม่อ่านการ์ด,1
54,ER16: ไม่พบสัญญาณ | TVS-ปัญหาสัญญาณ | ข้อต่อหลวม ไม่ดี/ไม่สน,ER16: ไม่พบสัญญาณ,TVS-ปัญหาสัญญาณ,LAN เสีย,1
54,ER16: ไม่พบสัญญาณ | TVS-ปัญหาสัญญาณ | ข้อต่อหลวม ไม่ดี/ไม่สน,E04/E05/E06/E07/E33/E33-04 ปัญหาChip ID,TVS-ปัญหาสัญญาณ,ช่องรายการถูกล็อค(E016/E017),1
54,ER16: ไม่พบสัญญาณ | TVS-ปัญหาสัญญาณ | ข้อต่อหลวม ไม่ดี/ไม่สน,ER16: ไม่พบสัญญาณ,CMDU-ปัญหาสัญญาณ,ช่องรายการถูกล็อค(CA14),1
54,ER16: ไม่พบสัญญาณ | TVS-ปัญหาสัญญาณ | ข้อต่อหลวม ไม่ดี/ไม่สน,ER16/E048-32/E052-32 กรุณาตรวจสอบจุดเชื่อมต่อสัญญาณ,คุณภาพสัญญาน,สายหัก/สายงอ/สายถูกดึงรั้ง,1
54,ER16: ไม่พบสัญญาณ | TVS-ปัญหาสัญญาณ | ข้อต่อหลวม ไม่ดี/ไม่สน,ER16: ไม่พบสัญญาณ,TVS-ปัญหาสัญญาณ,หลวม/แตกหัก,1
54,ER16: ไม่พบสัญญาณ | TVS-ปัญหาสัญญาณ | ข้อต่อหลวม ไม่ดี/ไม่สน,ไม่พบช่องรายการตาม Package,TVS-ปัญหาสัญญาณ,กล่องรับสัญญาณขัดข้อง (ER16/E048),1
54,ER16: ไม่พบสัญญาณ | TVS-ปัญหาสัญญาณ | ข้อต่อหลวม ไม่ดี/ไม่สน,ER16: ไม่พบสัญญาณ,CMDU-ปัญหาสัญญาณ,ไม่พบปัญหาการใช้งานแล้ว,1
54,ER16: ไม่พบสัญญาณ | TVS-ปัญหาสัญญาณ | ข้อต่อหลวม ไม่ดี/ไม่สน,ER09/CA38/ปัญหาการเชื่อมต่อสาย,TVS-ปัญหาสัญญาณ,Modemไม่ lock/ไม่ Synch/High Loss,1
54,ER16: ไม่พบสัญญาณ | TVS-ปัญหาสัญญาณ | ข้อต่อหลวม ไม่ดี/ไม่สน,ER16: ไม่พบสัญญาณ,TVS-ปัญหาสัญญาณ,Port HDMI/AV/optical/usb เสีย,1
54,ER16: ไม่พบสัญญาณ | TVS-ปัญหาสัญญาณ | ข้อต่อหลวม ไม่ดี/ไม่สน,ER09/CA38/ปัญหาการเชื่อมต่อสาย,TVS-ปัญหาสัญญาณ,ค่าสัญญาณดี ภาพค้าง/ ขาดหาย,1
55,หน้าจอฟ้า/หน้าจอดำ | TVS-ปัญหาสัญญาณ | เหตุเสียใช้ได้ ก่อนช่,หน้าจอฟ้า/หน้าจอดำ,TVS-ปัญหาสัญญาณ,การใช้งานของลูกค้า,1011
55,หน้าจอฟ้า/หน้าจอดำ | TVS-ปัญหาสัญญาณ | เหตุเสียใช้ได้ ก่อนช่,หน้าจอฟ้า/หน้าจอดำ,TVS-ปัญหาสัญญาณ,CONFIG CHANGE,378
55,หน้าจอฟ้า/หน้าจอดำ | TVS-ปัญหาสัญญาณ | เหตุเสียใช้ได้ ก่อนช่,หน้าจอฟ้า/หน้าจอดำ,TVS-ปัญหาสัญญาณ,ขัดข้อง/เสีย,374
55,หน้าจอฟ้า/หน้าจอดำ | TVS-ปัญหาสัญญาณ | เหตุเสียใช้ได้ ก่อนช่,หน้าจอฟ้า/หน้าจอดำ,TVS-ปัญหาสัญญาณ,เหตุเสียใช้ได้ ก่อนช่างถึงบ้าน,247
55,หน้าจอฟ้า/หน้าจอดำ | TVS-ปัญหาสัญญาณ | เหตุเสียใช้ได้ ก่อนช่,หน้าจอฟ้า/หน้าจอดำ,TVS-ปัญหาสัญญาณ,ไฟไม่เข้า,184
55,หน้าจอฟ้า/หน้าจอดำ | TVS-ปัญหาสัญญาณ | เหตุเสียใช้ได้ ก่อนช่,หน้าจอฟ้า/หน้าจอดำ,TVS-ปัญหาสัญญาณ,อุปกรณ์คืนค่าโรงงาน,169
55,หน้าจอฟ้า/หน้าจอดำ | TVS-ปัญหาสัญญาณ | เหตุเสียใช้ได้ ก่อนช่,หน้าจอฟ้า/หน้าจอดำ,TVS-ปัญหาสัญญาณ,ลูกค้าเปลี่ยนใจ/ลูกค้าขอยกเลิกบริการเอง,163
55,หน้าจอฟ้า/หน้าจอดำ | TVS-ปัญหาสัญญาณ | เหตุเสียใช้ได้ ก่อนช่,หน้าจอฟ้า/หน้าจอดำ,TVS-ปัญหาสัญญาณ,อุปกรณ์ Hang,125
55,หน้าจอฟ้า/หน้าจอดำ | TVS-ปัญหาสัญญาณ | เหตุเสียใช้ได้ ก่อนช่,หน้าจอฟ้า/หน้าจอดำ,TVS-ปัญหาสัญญาณ,ช่องรายการถูกล็อค(CA14),104
55,หน้าจอฟ้า/หน้าจอดำ | TVS-ปัญหาสัญญาณ | เหตุเสียใช้ได้ ก่อนช่,หน้าจอฟ้า/หน้าจอดำ,TVS-ปัญหาสัญญาณ,กล่องรับสัญญาณขัดข้อง (CA9/CA11),76
55,หน้าจอฟ้า/หน้าจอดำ | TVS-ปัญหาสัญญาณ | เหตุเสียใช้ได้ ก่อนช่,หน้าจอฟ้า/หน้าจอดำ,TVS-ปัญหาสัญญาณ,กล่องไม่อ่านการ์ด,68
55,หน้าจอฟ้า/หน้าจอดำ | TVS-ปัญหาสัญญาณ | เหตุเสียใช้ได้ ก่อนช่,หน้าจอฟ้า/หน้าจอดำ,TVS-ปัญหาสัญญาณ,ไม่ทราบสาเหตุ,65
55,หน้าจอฟ้า/หน้าจอดำ | TVS-ปัญหาสัญญาณ | เหตุเสียใช้ได้ ก่อนช่,หน้าจอฟ้า/หน้าจอดำ,TVS-ปัญหาสัญญาณ,Monitor เหตุเสียครบตามเงื่อนไข,55
55,หน้าจอฟ้า/หน้าจอดำ | TVS-ปัญหาสัญญาณ | เหตุเสียใช้ได้ ก่อนช่,หน้าจอฟ้า/หน้าจอดำ,TVS-ปัญหาสัญญาณ,ไม่พบปัญหาการใช้งานแล้ว,51
55,หน้าจอฟ้า/หน้าจอดำ | TVS-ปัญหาสัญญาณ | เหตุเสียใช้ได้ ก่อนช่,หน้าจอฟ้า/หน้าจอดำ,TVS-ปัญหาสัญญาณ,ลูกค้าต้องการเปลี่ยน Set Top Box,50
55,หน้าจอฟ้า/หน้าจอดำ | TVS-ปัญหาสัญญาณ | เหตุเสียใช้ได้ ก่อนช่,หน้าจอฟ้า/หน้าจอดำ,TVS-ปัญหาสัญญาณ,ค่าสัญญาณดี แต่พบภาพขาดหาย/ ภาพแตก/ เสียงขาดหาย,44
55,หน้าจอฟ้า/หน้าจอดำ | TVS-ปัญหาสัญญาณ | เหตุเสียใช้ได้ ก่อนช่,หน้าจอฟ้า/หน้าจอดำ,TVS-ปัญหาสัญญาณ,Port HDMI/AV เสีย,29
55,หน้าจอฟ้า/หน้าจอดำ | TVS-ปัญหาสัญญาณ | เหตุเสียใช้ได้ ก่อนช่,หน้าจอฟ้า/หน้าจอดำ,TVS-ปัญหาสัญญาณ,ลูกค้าต้องการเปลี่ยน Hybrid Box,24
55,หน้าจอฟ้า/หน้าจอดำ | TVS-ปัญหาสัญญาณ | เหตุเสียใช้ได้ ก่อนช่,หน้าจอฟ้า/หน้าจอดำ,TVS-ปัญหาสัญญาณ,ช่องรายการถูกล็อค(E016/E017),23
55,หน้าจอฟ้า/หน้าจอดำ | TVS-ปัญหาสัญญาณ | เหตุเสียใช้ได้ ก่อนช่,หน้าจอฟ้า/หน้าจอดำ,TVS-ปัญหาสัญญาณ,Remote ไม่ทำงาน,21
55,หน้าจอฟ้า/หน้าจอดำ | TVS-ปัญหาสัญญาณ | เหตุเสียใช้ได้ ก่อนช่,หน้าจอฟ้า/หน้าจอดำ,TVS-ปัญหาสัญญาณ,กล่องรับสัญญาณขัดข้อง (ER16/E048),21
55,หน้าจอฟ้า/หน้าจอดำ | TVS-ปัญหาสัญญาณ | เหตุเสียใช้ได้ ก่อนช่,หน้าจอฟ้า/หน้าจอดำ,TVS-ปัญหาสัญญาณ,ส่งงานไม่ถูกต้อง,20
55,หน้าจอฟ้า/หน้าจอดำ | TVS-ปัญหาสัญญาณ | เหตุเสียใช้ได้ ก่อนช่,หน้าจอฟ้า/หน้าจอดำ,TVS-ปัญหาสัญญาณ,ทดสอบและอธิบายลูกค้า,18
55,หน้าจอฟ้า/หน้าจอดำ | TVS-ปัญหาสัญญาณ | เหตุเสียใช้ได้ ก่อนช่,หน้าจอฟ้า/หน้าจอดำ,TVS-ปัญหาสัญญาณ,ข้อต่อหลวม ไม่ดี/ไม่สนิท,18
55,หน้าจอฟ้า/หน้าจอดำ | TVS-ปัญหาสัญญาณ | เหตุเสียใช้ได้ ก่อนช่,หน้าจอฟ้า/หน้าจอดำ,TVS-ปัญหาสัญญาณ,ค่าสัญญาณดี ไม่มีภาพ/ ไม่มีเสียง,16
55,หน้าจอฟ้า/หน้าจอดำ | TVS-ปัญหาสัญญาณ | เหตุเสียใช้ได้ ก่อนช่,หน้าจอฟ้า/หน้าจอดำ,TVS-ปัญหาสัญญาณ,ค่าสัญญาณดี ภาพค้าง/ ขาดหาย,16
55,หน้าจอฟ้า/หน้าจอดำ | TVS-ปัญหาสัญญาณ | เหตุเสียใช้ได้ ก่อนช่,ปัญหาสัญญาณเสียง,TVS-ปัญหาสัญญาณ,การใช้งานของลูกค้า,15
55,หน้าจอฟ้า/หน้าจอดำ | TVS-ปัญหาสัญญาณ | เหตุเสียใช้ได้ ก่อนช่,รีโมตคำสั่งเสียงไม่ทำงาน,TVS-ปัญหาอุปกรณ์,การใช้งานของลูกค้า,15
55,หน้าจอฟ้า/หน้าจอดำ | TVS-ปัญหาสัญญาณ | เหตุเสียใช้ได้ ก่อนช่,หน้าจอฟ้า/หน้าจอดำ,TVS-ปัญหาสัญญาณ,BUG FIRMWARE,13
55,หน้าจอฟ้า/หน้าจอดำ | TVS-ปัญหาสัญญาณ | เหตุเสียใช้ได้ ก่อนช่,หน้าจอฟ้า/หน้าจอดำ,TVS-ปัญหาสัญญาณ,สายหัก/สายงอ/สายถูกดึงรั้ง,12
55,หน้าจอฟ้า/หน้าจอดำ | TVS-ปัญหาสัญญาณ | เหตุเสียใช้ได้ ก่อนช่,หน้าจอฟ้า/หน้าจอดำ,TVS-ปัญหาสัญญาณ,ไม่มีสัญญาณ CATV หรือ ค่า RF ไม่ได้ตามค่ามาตรฐาน,11
55,หน้าจอฟ้า/หน้าจอดำ | TVS-ปัญหาสัญญาณ | เหตุเสียใช้ได้ ก่อนช่,หน้าจอฟ้า/หน้าจอดำ,TVS-ปัญหาสัญญาณ,Modemไม่ lock/ไม่ Synch/High Loss,11
55,หน้าจอฟ้า/หน้าจอดำ | TVS-ปัญหาสัญญาณ | เหตุเสียใช้ได้ ก่อนช่,หน้าจอฟ้า/หน้าจอดำ,TVS-ปัญหาสัญญาณ,กล่องรับสัญญาณขัดข้อง (E161),10
55,หน้าจอฟ้า/หน้าจอดำ | TVS-ปัญหาสัญญาณ | เหตุเสียใช้ได้ ก่อนช่,หน้าจอฟ้า/หน้าจอดำ,TVS-ปัญหาสัญญาณ,สกปรก,9
55,หน้าจอฟ้า/หน้าจอดำ | TVS-ปัญหาสัญญาณ | เหตุเสียใช้ได้ ก่อนช่,หน้าจอฟ้า/หน้าจอดำ,TVS-ปัญหาสัญญาณ,Reboot,9
55,หน้าจอฟ้า/หน้าจอดำ | TVS-ปัญหาสัญญาณ | เหตุเสียใช้ได้ ก่อนช่,ปัญหาการใช้งานHDD-PVR,TVS-ปัญหาอุปกรณ์,การใช้งานของลูกค้า,9
55,หน้าจอฟ้า/หน้าจอดำ | TVS-ปัญหาสัญญาณ | เหตุเสียใช้ได้ ก่อนช่,หน้าจอฟ้า/หน้าจอดำ,TVS-ปัญหาสัญญาณ,รถเกี่ยว,6
55,หน้าจอฟ้า/หน้าจอดำ | TVS-ปัญหาสัญญาณ | เหตุเสียใช้ได้ ก่อนช่,หน้าจอฟ้า/หน้าจอดำ,TVS-ปัญหาสัญญาณ,เสื่อมสภาพการใช้งาน,6
55,หน้าจอฟ้า/หน้าจอดำ | TVS-ปัญหาสัญญาณ | เหตุเสียใช้ได้ ก่อนช่,หน้าจอฟ้า/หน้าจอดำ,TVS-ปัญหาสัญญาณ,เปลี่ยน process การทำงาน,5
55,หน้าจอฟ้า/หน้าจอดำ | TVS-ปัญหาสัญญาณ | เหตุเสียใช้ได้ ก่อนช่,ปัญหาการใช้งานHDD-PVR,TVS-ปัญหาอุปกรณ์,ขัดข้อง/เสีย,5
55,หน้าจอฟ้า/หน้าจอดำ | TVS-ปัญหาสัญญาณ | เหตุเสียใช้ได้ ก่อนช่,หน้าจอฟ้า/หน้าจอดำ,TVS-ปัญหาสัญญาณ,Battery หมด/เสื่อม,5
55,หน้าจอฟ้า/หน้าจอดำ | TVS-ปัญหาสัญญาณ | เหตุเสียใช้ได้ ก่อนช่,หน้าจอฟ้า/หน้าจอดำ,TVS-ปัญหาสัญญาณ,ลูกค้าต้องการเปลี่ยน Modem,5
55,หน้าจอฟ้า/หน้าจอดำ | TVS-ปัญหาสัญญาณ | เหตุเสียใช้ได้ ก่อนช่,ปัญหาการใช้งานHDD-PVR,TVS-ปัญหาอุปกรณ์,CONFIG CHANGE,5
55,หน้าจอฟ้า/หน้าจอดำ | TVS-ปัญหาสัญญาณ | เหตุเสียใช้ได้ ก่อนช่,หน้าจอฟ้า/หน้าจอดำ,TVS-ปัญหาสัญญาณ,Connect WiFi ไม่ได้/ไม่พบ SSID,4
55,หน้าจอฟ้า/หน้าจอดำ | TVS-ปัญหาสัญญาณ | เหตุเสียใช้ได้ ก่อนช่,ปัญหาการใช้งานHDD-PVR,TVS-ปัญหาอุปกรณ์,ไฟไม่เข้า,4
55,หน้าจอฟ้า/หน้าจอดำ | TVS-ปัญหาสัญญาณ | เหตุเสียใช้ได้ ก่อนช่,หน้าจอฟ้า/หน้าจอดำ,TVS-ปัญหาสัญญาณ,หลอดไฟ LED Status เสีย,4
55,หน้าจอฟ้า/หน้าจอดำ | TVS-ปัญหาสัญญาณ | เหตุเสียใช้ได้ ก่อนช่,หน้าจอฟ้า/หน้าจอดำ,TVS-ปัญหาสัญญาณ,หัวสายสำเร็จSC-APC เสีย,4
55,หน้าจอฟ้า/หน้าจอดำ | TVS-ปัญหาสัญญาณ | เหตุเสียใช้ได้ ก่อนช่,หน้าจอฟ้า/หน้าจอดำ,TVS-ปัญหาสัญญาณ,Switch on/off เสีย/ชำรุดแตกหัก,4
55,หน้าจอฟ้า/หน้าจอดำ | TVS-ปัญหาสัญญาณ | เหตุเสียใช้ได้ ก่อนช่,หน้าจอฟ้า/หน้าจอดำ,TVS-ปัญหาสัญญาณ,การไฟฟ้าย้ายแนว/จัดระเบียบสาย,3
55,หน้าจอฟ้า/หน้าจอดำ | TVS-ปัญหาสัญญาณ | เหตุเสียใช้ได้ ก่อนช่,หน้าจอฟ้า/หน้าจอดำ,TVS-ปัญหาสัญญาณ,ลูกค้าต้องการเปลี่ยน TrueID TV Box,3
55,หน้าจอฟ้า/หน้าจอดำ | TVS-ปัญหาสัญญาณ | เหตุเสียใช้ได้ ก่อนช่,ปัญหาการใช้งานHDD-PVR,TVS-ปัญหาอุปกรณ์,เหตุเสียใช้ได้ ก่อนช่างถึงบ้าน,3
55,หน้าจอฟ้า/หน้าจอดำ | TVS-ปัญหาสัญญาณ | เหตุเสียใช้ได้ ก่อนช่,หน้าจอฟ้า/หน้าจอดำ,TVS-ปัญหาสัญญาณ,ระยะสาย Drop Wire ไกล,3
55,หน้าจอฟ้า/หน้าจอดำ | TVS-ปัญหาสัญญาณ | เหตุเสียใช้ได้ ก่อนช่,ขึ้นข้อความ กรุณารอสักครู่,TVS-ปัญหาสัญญาณ,ทดสอบและอธิบายลูกค้า,2
55,หน้าจอฟ้า/หน้าจอดำ | TVS-ปัญหาสัญญาณ | เหตุเสียใช้ได้ ก่อนช่,หน้าจอฟ้า/หน้าจอดำ,TVS-ปัญหาสัญญาณ,มีเสียงผิดปกติในตัวโมเด็ม,2
55,หน้าจอฟ้า/หน้าจอดำ | TVS-ปัญหาสัญญาณ | เหตุเสียใช้ได้ ก่อนช่,หน้าจอฟ้า/หน้าจอดำ,TVS-ปัญหาสัญญาณ,Port HDMI/AV/optical/usb เสีย,2
55,หน้าจอฟ้า/หน้าจอดำ | TVS-ปัญหาสัญญาณ | เหตุเสียใช้ได้ ก่อนช่,หน้าจอฟ้า/หน้าจอดำ,TVS-ปัญหาสัญญาณ,มีค่า Loss สูง,2
55,หน้าจอฟ้า/หน้าจอดำ | TVS-ปัญหาสัญญาณ | เหตุเสียใช้ได้ ก่อนช่,หน้าจอฟ้า/หน้าจอดำ,TVS-ปัญหาสัญญาณ,สัตว์ (เช่น ลิง กระรอก ช้าง ),2
55,หน้าจอฟ้า/หน้าจอดำ | TVS-ปัญหาสัญญาณ | เหตุเสียใช้ได้ ก่อนช่,หน้าจอฟ้า/หน้าจอดำ,TVS-ปัญหาสัญญาณ,อุปกรณ์ลูกค้า TV/เครื่องเสียง/อุปกรณ์ Bluetooth,2
55,หน้าจอฟ้า/หน้าจอดำ | TVS-ปัญหาสัญญาณ | เหตุเสียใช้ได้ ก่อนช่,ปัญหาสัญญาณเสียง,TVS-ปัญหาสัญญาณ,Monitor เหตุเสียครบตามเงื่อนไข,2
55,หน้าจอฟ้า/หน้าจอดำ | TVS-ปัญหาสัญญาณ | เหตุเสียใช้ได้ ก่อนช่,หน้าจอฟ้า/หน้าจอดำ,TVS-ปัญหาสัญญาณ,สายเสื่อมสภาพ,2
55,หน้าจอฟ้า/หน้าจอดำ | TVS-ปัญหาสัญญาณ | เหตุเสียใช้ได้ ก่อนช่,หน้าจอฟ้า/หน้าจอดำ,TVS-ปัญหาสัญญาณ,หัวสายสำเร็จSC-APC หลวม /ไม่สนิท,2
55,หน้าจอฟ้า/หน้าจอดำ | TVS-ปัญหาสัญญาณ | เหตุเสียใช้ได้ ก่อนช่,หน้าจอฟ้า/หน้าจอดำ,TVS-ปัญหาสัญญาณ,ไม่ตรงรุ่น,2
55,หน้าจอฟ้า/หน้าจอดำ | TVS-ปัญหาสัญญาณ | เหตุเสียใช้ได้ ก่อนช่,หน้าจอฟ้า/หน้าจอดำ,TVS-ปัญหาสัญญาณ,เทศบาลตัดแต่งต้นไม้,2
55,หน้าจอฟ้า/หน้าจอดำ | TVS-ปัญหาสัญญาณ | เหตุเสียใช้ได้ ก่อนช่,รีโมตคำสั่งเสียงไม่ทำงาน,TVS-ปัญหาอุปกรณ์,Monitor เหตุเสียครบตามเงื่อนไข,2
55,หน้าจอฟ้า/หน้าจอดำ | TVS-ปัญหาสัญญาณ | เหตุเสียใช้ได้ ก่อนช่,หน้าจอฟ้า/หน้าจอดำ,TVS-ปัญหาสัญญาณ,wifi ของกล่องเสีย,2
55,หน้าจอฟ้า/หน้าจอดำ | TVS-ปัญหาสัญญาณ | เหตุเสียใช้ได้ ก่อนช่,หน้าจอฟ้า/หน้าจอดำ,TVS-ปัญหาสัญญาณ,ลูกค้าแจ้งขอยกเลิกบริการ,2
55,หน้าจอฟ้า/หน้าจอดำ | TVS-ปัญหาสัญญาณ | เหตุเสียใช้ได้ ก่อนช่,หน้าจอฟ้า/หน้าจอดำ,TVS-ปัญหาสัญญาณ,Area Manager เห็นชอบให้มีการเปลี่ยน CPE,2
55,หน้าจอฟ้า/หน้าจอดำ | TVS-ปัญหาสัญญาณ | เหตุเสียใช้ได้ ก่อนช่,หน้าจอฟ้า/หน้าจอดำ,TVS-ปัญหาสัญญาณ,ลูกค้าทำอุปกรณ์เสียหาย,1
55,หน้าจอฟ้า/หน้าจอดำ | TVS-ปัญหาสัญญาณ | เหตุเสียใช้ได้ ก่อนช่,หน้าจอฟ้า/หน้าจอดำ,TVS-ปัญหาสัญญาณ,Auto close by BOT,1
55,หน้าจอฟ้า/หน้าจอดำ | TVS-ปัญหาสัญญาณ | เหตุเสียใช้ได้ ก่อนช่,ขึ้นข้อความ กรุณารอสักครู่,TVS-ปัญหาสัญญาณ,Monitor เหตุเสียครบตามเงื่อนไข,1
55,หน้าจอฟ้า/หน้าจอดำ | TVS-ปัญหาสัญญาณ | เหตุเสียใช้ได้ ก่อนช่,หน้าจอฟ้า/หน้าจอดำ,TVS-ปัญหาสัญญาณ,"สายขาด,หัก (Crack)",1
55,หน้าจอฟ้า/หน้าจอดำ | TVS-ปัญหาสัญญาณ | เหตุเสียใช้ได้ ก่อนช่,หน้าจอฟ้า/หน้าจอดำ,TVS-ปัญหาสัญญาณ,หน้าจอแสดง Error C0002,1
55,หน้าจอฟ้า/หน้าจอดำ | TVS-ปัญหาสัญญาณ | เหตุเสียใช้ได้ ก่อนช่,หน้าจอฟ้า/หน้าจอดำ,TVS-ปัญหาสัญญาณ,อัพเกรดอุปกรณ์,1
55,หน้าจอฟ้า/หน้าจอดำ | TVS-ปัญหาสัญญาณ | เหตุเสียใช้ได้ ก่อนช่,หน้าจอฟ้า/หน้าจอดำ,TVS-ปัญหาสัญญาณ,Tuner เสีย (กล่อง2 Tuner),1
55,หน้าจอฟ้า/หน้าจอดำ | TVS-ปัญหาสัญญาณ | เหตุเสียใช้ได้ ก่อนช่,หน้าจอฟ้า/หน้าจอดำ,TVS-ปัญหาสัญญาณ,อื่น ๆ,1
55,หน้าจอฟ้า/หน้าจอดำ | TVS-ปัญหาสัญญาณ | เหตุเสียใช้ได้ ก่อนช่,หน้าจอฟ้า/หน้าจอดำ,TVS-ปัญหาสัญญาณ,แตกหัก,1
55,หน้าจอฟ้า/หน้าจอดำ | TVS-ปัญหาสัญญาณ | เหตุเสียใช้ได้ ก่อนช่,หน้าจอฟ้า/หน้าจอดำ,TVS-ปัญหาสัญญาณ,Ticket มีการระบุให้เปลี่ยนอุปกรณ์,1
55,หน้าจอฟ้า/หน้าจอดำ | TVS-ปัญหาสัญญาณ | เหตุเสียใช้ได้ ก่อนช่,หน้าจอฟ้า/หน้าจอดำ,TVS-ปัญหาสัญญาณ,ผรม ติดตั้งกล่องไม่สมบูรณ์,1
55,หน้าจอฟ้า/หน้าจอดำ | TVS-ปัญหาสัญญาณ | เหตุเสียใช้ได้ ก่อนช่,หน้าจอฟ้า/หน้าจอดำ,CMDU-ปัญหาสัญญาณ,เหตุเสียใช้ได้ ก่อนช่างถึงบ้าน,1
55,หน้าจอฟ้า/หน้าจอดำ | TVS-ปัญหาสัญญาณ | เหตุเสียใช้ได้ ก่อนช่,หน้าจอฟ้า/หน้าจอดำ,TVS-ปัญหาสัญญาณ,เชื่อมต่อ Remote ไม่ได้ (กล่องเสีย),1
55,หน้าจอฟ้า/หน้าจอดำ | TVS-ปัญหาสัญญาณ | เหตุเสียใช้ได้ ก่อนช่,หน้าจอฟ้า/หน้าจอดำ,TVS-ปัญหาสัญญาณ,พบปัญหาใหม่,1
55,หน้าจอฟ้า/หน้าจอดำ | TVS-ปัญหาสัญญาณ | เหตุเสียใช้ได้ ก่อนช่,รีโมตคำสั่งเสียงไม่ทำงาน,TVS-ปัญหาอุปกรณ์,CONFIG CHANGE,1
55,หน้าจอฟ้า/หน้าจอดำ | TVS-ปัญหาสัญญาณ | เหตุเสียใช้ได้ ก่อนช่,หน้าจอฟ้า/หน้าจอดำ,TVS-ปัญหาสัญญาณ,ไม่เก็บค่าบริการ,1
55,หน้าจอฟ้า/หน้าจอดำ | TVS-ปัญหาสัญญาณ | เหตุเสียใช้ได้ ก่อนช่,หน้าจอฟ้า/หน้าจอดำ,TVS-ปัญหาสัญญาณ,พายุ,1
55,หน้าจอฟ้า/หน้าจอดำ | TVS-ปัญหาสัญญาณ | เหตุเสียใช้ได้ ก่อนช่,หน้าจอฟ้า/หน้าจอดำ,TVS-ปัญหาสัญญาณ,คำสั่งเสียงไม่ทำงาน,1
55,หน้าจอฟ้า/หน้าจอดำ | TVS-ปัญหาสัญญาณ | เหตุเสียใช้ได้ ก่อนช่,ปัญหาการใช้งานHDD-PVR,TVS-ปัญหาอุปกรณ์,อุปกรณ์คืนค่าโรงงาน,1
55,หน้าจอฟ้า/หน้าจอดำ | TVS-ปัญหาสัญญาณ | เหตุเสียใช้ได้ ก่อนช่,ปัญหาการใช้งานHDD-PVR,TVS-ปัญหาอุปกรณ์,อุปกรณ์ Hang,1
55,หน้าจอฟ้า/หน้าจอดำ | TVS-ปัญหาสัญญาณ | เหตุเสียใช้ได้ ก่อนช่,หน้าจอฟ้า/หน้าจอดำ,TVS-ปัญหาสัญญาณ,สายขาด,1
56,ปัญหาระบบ | ใช้กล้องวงจรปิดไม่ได้,ปัญหาระบบ,ใช้กล้องวงจรปิดไม่ได้,,671
56,ปัญหาระบบ | ใช้กล้องวงจรปิดไม่ได้,ปัญหาการใช้งานของลูกค้า,ใช้กล้องวงจรปิดไม่ได้,,614
56,ปัญหาระบบ | ใช้กล้องวงจรปิดไม่ได้,อุปกรณ์ลูกค้า (device),ใช้กล้องวงจรปิดไม่ได้,,202
56,ปัญหาระบบ | ใช้กล้องวงจรปิดไม่ได้,ปัญหาระบบ,ใช้กล้องวงจรปิดไม่ได้,การใช้งานของลูกค้า,99
56,ปัญหาระบบ | ใช้กล้องวงจรปิดไม่ได้,ปัญหาการใช้งานของลูกค้า,ใช้กล้องวงจรปิดไม่ได้,การใช้งานของลูกค้า,48
56,ปัญหาระบบ | ใช้กล้องวงจรปิดไม่ได้,ปัญหาระบบ,ใช้กล้องวงจรปิดไม่ได้,เหตุเสียใช้ได้ ก่อนช่างถึงบ้าน,39
56,ปัญหาระบบ | ใช้กล้องวงจรปิดไม่ได้,ปัญหาระบบ,ใช้กล้องวงจรปิดไม่ได้,ลูกค้าต้องการเปลี่ยน Modem,22
56,ปัญหาระบบ | ใช้กล้องวงจรปิดไม่ได้,อุปกรณ์ลูกค้า (device),ใช้งาน Netflix ไม่ได้,,19
56,ปัญหาระบบ | ใช้กล้องวงจรปิดไม่ได้,ปัญหาระบบ,ใช้กล้องวงจรปิดไม่ได้,CONFIG CHANGE,18
56,ปัญหาระบบ | ใช้กล้องวงจรปิดไม่ได้,ปัญหาการใช้งานของลูกค้า,ใช้กล้องวงจรปิดไม่ได้,ลูกค้าเปลี่ยนใจ/ลูกค้าขอยกเลิกบริการเอง,16
56,ปัญหาระบบ | ใช้กล้องวงจรปิดไม่ได้,ปัญหาระบบ,ใช้กล้องวงจรปิดไม่ได้,ลูกค้าเปลี่ยนใจ/ลูกค้าขอยกเลิกบริการเอง,14
56,ปัญหาระบบ | ใช้กล้องวงจรปิดไม่ได้,ปัญหาอุปกรณ์ Router,ใช้กล้องวงจรปิดไม่ได้,การใช้งานของลูกค้า,14
56,ปัญหาระบบ | ใช้กล้องวงจรปิดไม่ได้,ปัญหาระบบ,ใช้กล้องวงจรปิดไม่ได้,ขัดข้อง/เสีย,14
56,ปัญหาระบบ | ใช้กล้องวงจรปิดไม่ได้,ปัญหาการใช้งานของลูกค้า,ใช้กล้องวงจรปิดไม่ได้,เหตุเสียใช้ได้ ก่อนช่างถึงบ้าน,13
56,ปัญหาระบบ | ใช้กล้องวงจรปิดไม่ได้,ปัญหาระบบ,ใช้กล้องวงจรปิดไม่ได้,CONFIG.PARAMETER ไม่ถูกต้อง,13
56,ปัญหาระบบ | ใช้กล้องวงจรปิดไม่ได้,อุปกรณ์ลูกค้า (device),ใช้กล้องวงจรปิดไม่ได้,การใช้งานของลูกค้า,13
56,ปัญหาระบบ | ใช้กล้องวงจรปิดไม่ได้,ปัญหาการใช้งานของลูกค้า,ใช้กล้องวงจรปิดไม่ได้,ลูกค้าต้องการเปลี่ยน Modem,11
56,ปัญหาระบบ | ใช้กล้องวงจรปิดไม่ได้,ปัญหาการใช้งานของลูกค้า,ใช้กล้องวงจรปิดไม่ได้,CONFIG CHANGE,11
56,ปัญหาระบบ | ใช้กล้องวงจรปิดไม่ได้,ปัญหาระบบ,ใช้กล้องวงจรปิดไม่ได้,Reboot,11
56,ปัญหาระบบ | ใช้กล้องวงจรปิดไม่ได้,อุปกรณ์ลูกค้า (device),เปิด Web ไม่ได้,เหตุเสียใช้ได้ ก่อนช่างถึงบ้าน,9
56,ปัญหาระบบ | ใช้กล้องวงจรปิดไม่ได้,อุปกรณ์ลูกค้า (device),ใช้งาน VPN ไม่ได้,,9
56,ปัญหาระบบ | ใช้กล้องวงจรปิดไม่ได้,อุปกรณ์ลูกค้า (device),เปิด Web ไม่ได้,Monitor เหตุเสียครบตามเงื่อนไข,8
56,ปัญหาระบบ | ใช้กล้องวงจรปิดไม่ได้,ปัญหาการใช้งานของลูกค้า,ใช้กล้องวงจรปิดไม่ได้,ขัดข้อง/เสีย,8
56,ปัญหาระบบ | ใช้กล้องวงจรปิดไม่ได้,อุปกรณ์ลูกค้า (device),ใช้กล้องวงจรปิดไม่ได้,ลูกค้าเปลี่ยนใจ/ลูกค้าขอยกเลิกบริการเอง,7
56,ปัญหาระบบ | ใช้กล้องวงจรปิดไม่ได้,อุปกรณ์ลูกค้า (device),ใช้กล้องวงจรปิดไม่ได้,เหตุเสียใช้ได้ ก่อนช่างถึงบ้าน,6
56,ปัญหาระบบ | ใช้กล้องวงจรปิดไม่ได้,อุปกรณ์ลูกค้า (device),เปิด Website ไม่ได้บาง Web,เหตุเสียใช้ได้ ก่อนช่างถึงบ้าน,5
56,ปัญหาระบบ | ใช้กล้องวงจรปิดไม่ได้,ปัญหาระบบ,ใช้กล้องวงจรปิดไม่ได้,ส่งงานไม่ถูกต้อง,5
56,ปัญหาระบบ | ใช้กล้องวงจรปิดไม่ได้,ปัญหาการใช้งานของลูกค้า,ใช้กล้องวงจรปิดไม่ได้,CONFIG.PARAMETER ไม่ถูกต้อง,5
56,ปัญหาระบบ | ใช้กล้องวงจรปิดไม่ได้,ปัญหาการใช้งานของลูกค้า,ใช้กล้องวงจรปิดไม่ได้,Reboot,4
56,ปัญหาระบบ | ใช้กล้องวงจรปิดไม่ได้,ปัญหาการใช้งานของลูกค้า,ใช้กล้องวงจรปิดไม่ได้,ทดสอบและอธิบายลูกค้า,4
56,ปัญหาระบบ | ใช้กล้องวงจรปิดไม่ได้,ปัญหาระบบ,ใช้กล้องวงจรปิดไม่ได้,Monitor เหตุเสียครบตามเงื่อนไข,4
56,ปัญหาระบบ | ใช้กล้องวงจรปิดไม่ได้,ปัญหาระบบ,ใช้กล้องวงจรปิดไม่ได้,ทดสอบและอธิบายลูกค้า,4
56,ปัญหาระบบ | ใช้กล้องวงจรปิดไม่ได้,ปัญหาระบบ,ใช้กล้องวงจรปิดไม่ได้,ไม่ทราบสาเหตุ,4
56,ปัญหาระบบ | ใช้กล้องวงจรปิดไม่ได้,ปัญหาการใช้งานของลูกค้า,ใช้กล้องวงจรปิดไม่ได้,Modemไม่ lock/ไม่ Synch/High Loss,4
56,ปัญหาระบบ | ใช้กล้องวงจรปิดไม่ได้,อุปกรณ์ลูกค้า (device),ใช้กล้องวงจรปิดไม่ได้,CONFIG.PARAMETER ไม่ถูกต้อง,3
56,ปัญหาระบบ | ใช้กล้องวงจรปิดไม่ได้,อุปกรณ์ลูกค้า (device),ใช้งาน Netflix ไม่ได้,การใช้งานของลูกค้า,3
56,ปัญหาระบบ | ใช้กล้องวงจรปิดไม่ได้,ปัญหาการใช้งานของลูกค้า,ใช้กล้องวงจรปิดไม่ได้,ส่งงานไม่ถูกต้อง,3
56,ปัญหาระบบ | ใช้กล้องวงจรปิดไม่ได้,ปัญหาการใช้งานของลูกค้า,ใช้กล้องวงจรปิดไม่ได้,ไม่ทราบสาเหตุ,3
56,ปัญหาระบบ | ใช้กล้องวงจรปิดไม่ได้,ไม่มีภาพ ไม่มีเสียง,คุณภาพสัญญาน,การใช้งานของลูกค้า,2
56,ปัญหาระบบ | ใช้กล้องวงจรปิดไม่ได้,อุปกรณ์ลูกค้า (device),ใช้กล้องวงจรปิดไม่ได้,ขัดข้อง/เสีย,2
56,ปัญหาระบบ | ใช้กล้องวงจรปิดไม่ได้,ขอช่างนำกล้อง CCTV ไปติดตั้ง และเปิด Order MOCC ตัด stock - ลูกค้าร้องเรียนไม่ได้รับกล้อง,IOT-ขอบริการงานช่าง,ขัดข้อง/เสีย,2
56,ปัญหาระบบ | ใช้กล้องวงจรปิดไม่ได้,ปัญหาการใช้งานของลูกค้า,ใช้กล้องวงจรปิดไม่ได้,ไฟไม่เข้า,2
56,ปัญหาระบบ | ใช้กล้องวงจรปิดไม่ได้,ปัญหาระบบ,ใช้กล้องวงจรปิดไม่ได้,BUG FIRMWARE,2
56,ปัญหาระบบ | ใช้กล้องวงจรปิดไม่ได้,ปัญหาระบบ,ใช้กล้องวงจรปิดไม่ได้,Ticket มีการระบุให้เปลี่ยนอุปกรณ์,2
56,ปัญหาระบบ | ใช้กล้องวงจรปิดไม่ได้,ปัญหาอุปกรณ์ Router,ใช้กล้องวงจรปิดไม่ได้,ลูกค้าเปลี่ยนใจ/ลูกค้าขอยกเลิกบริการเอง,2
56,ปัญหาระบบ | ใช้กล้องวงจรปิดไม่ได้,ปัญหาการใช้งานHDD-PVR,TVS-ปัญหาอุปกรณ์,ลูกค้าเปลี่ยนใจ/ลูกค้าขอยกเลิกบริการเอง,2
56,ปัญหาระบบ | ใช้กล้องวงจรปิดไม่ได้,ปัญหาระบบ,ใช้กล้องวงจรปิดไม่ได้,ไฟไม่เข้า,2
56,ปัญหาระบบ | ใช้กล้องวงจรปิดไม่ได้,ปัญหาระบบ,ใช้กล้องวงจรปิดไม่ได้,ไม่พบปัญหาการใช้งานแล้ว,2
56,ปัญหาระบบ | ใช้กล้องวงจรปิดไม่ได้,ใช้งาน smart tv ไม่ได้,คุณภาพสัญญาน,การใช้งานของลูกค้า,2
56,ปัญหาระบบ | ใช้กล้องวงจรปิดไม่ได้,รีโมตคำสั่งเสียงไม่ทำงาน,TVS-ปัญหาอุปกรณ์,ลูกค้าเปลี่ยนใจ/ลูกค้าขอยกเลิกบริการเอง,2
56,ปัญหาระบบ | ใช้กล้องวงจรปิดไม่ได้,ปัญหาระบบ,ใช้กล้องวงจรปิดไม่ได้,ช่างไม่ได้ติดตั้งกล้อง CCTV ให้ลูกค้า,1
56,ปัญหาระบบ | ใช้กล้องวงจรปิดไม่ได้,อุปกรณ์ลูกค้า (device),ใช้กล้องวงจรปิดไม่ได้,ทดสอบและอธิบายลูกค้า,1
56,ปัญหาระบบ | ใช้กล้องวงจรปิดไม่ได้,ปัญหาระบบ,ใช้กล้องวงจรปิดไม่ได้,Switch on/off เสีย/ชำรุดแตกหัก,1
56,ปัญหาระบบ | ใช้กล้องวงจรปิดไม่ได้,ปัญหาระบบ,ใช้กล้องวงจรปิดไม่ได้,สัตว์ (เช่น ลิง กระรอก ช้าง ),1
56,ปัญหาระบบ | ใช้กล้องวงจรปิดไม่ได้,อุปกรณ์ลูกค้า (device),ใช้งาน VPN ไม่ได้,เหตุเสียใช้ได้ ก่อนช่างถึงบ้าน,1
56,ปัญหาระบบ | ใช้กล้องวงจรปิดไม่ได้,อุปกรณ์ลูกค้า (device),ใช้กล้องวงจรปิดไม่ได้,Modemไม่ lock/ไม่ Synch/High Loss,1
56,ปัญหาระบบ | ใช้กล้องวงจรปิดไม่ได้,อุปกรณ์ลูกค้า (device),ใช้กล้องวงจรปิดไม่ได้,ส่งงานไม่ถูกต้อง,1
56,ปัญหาระบบ | ใช้กล้องวงจรปิดไม่ได้,Non TrueDDNS - ใช้งานกล้องวงจรปิดไม่ได้,Connectได้แต่มีปัญหา,,1
56,ปัญหาระบบ | ใช้กล้องวงจรปิดไม่ได้,รีโมตเสียใช้งานไม่ได้,CMDU-ปัญหาอุปกรณ์,เหตุเสียใช้ได้ ก่อนช่างถึงบ้าน,1
56,ปัญหาระบบ | ใช้กล้องวงจรปิดไม่ได้,ปัญหาการใช้งานของลูกค้า,ใช้กล้องวงจรปิดไม่ได้,ลูกค้าแจ้งขอยกเลิกบริการ,1
56,ปัญหาระบบ | ใช้กล้องวงจรปิดไม่ได้,ปัญหาอุปกรณ์ Router,ใช้กล้องวงจรปิดไม่ได้,เหตุเสียใช้ได้ ก่อนช่างถึงบ้าน,1
56,ปัญหาระบบ | ใช้กล้องวงจรปิดไม่ได้,อุปกรณ์ลูกค้า (device),ใช้กล้องวงจรปิดไม่ได้,ไม่ทราบสาเหตุ,1
56,ปัญหาระบบ | ใช้กล้องวงจรปิดไม่ได้,ปัญหาระบบ,ใช้กล้องวงจรปิดไม่ได้,เปลี่ยน process การทำงาน,1
56,ปัญหาระบบ | ใช้กล้องวงจรปิดไม่ได้,ปัญหาการใช้งานของลูกค้า,ใช้กล้องวงจรปิดไม่ได้,Modem ไม่รองรับ Package ลูกค้า,1
56,ปัญหาระบบ | ใช้กล้องวงจรปิดไม่ได้,รับ-ส่ง Fax ไม่ได้,คุณภาพสัญญาน,Costomer Knowledge,1
56,ปัญหาระบบ | ใช้กล้องวงจรปิดไม่ได้,ปัญหาการใช้งานของลูกค้า,ใช้กล้องวงจรปิดไม่ได้,พบปัญหาใหม่,1
56,ปัญหาระบบ | ใช้กล้องวงจรปิดไม่ได้,ปัญหาการใช้งานของลูกค้า,ใช้กล้องวงจรปิดไม่ได้,ไม่พบปัญหาการใช้งานแล้ว,1
56,ปัญหาระบบ | ใช้กล้องวงจรปิดไม่ได้,ปัญหาการใช้งานของลูกค้า,ใช้กล้องวงจรปิดไม่ได้,อุปกรณ์คืนค่าโรงงาน,1
56,ปัญหาระบบ | ใช้กล้องวงจรปิดไม่ได้,ปัญหาระบบ,ใช้งาน Netflix ไม่ได้,เหตุเสียใช้ได้ ก่อนช่างถึงบ้าน,1
56,ปัญหาระบบ | ใช้กล้องวงจรปิดไม่ได้,ปัญหาอุปกรณ์ Router,ใช้กล้องวงจรปิดไม่ได้,Ticket มีการระบุให้เปลี่ยนอุปกรณ์,1
56,ปัญหาระบบ | ใช้กล้องวงจรปิดไม่ได้,ปัญหาการใช้งานของลูกค้า,ใช้กล้องวงจรปิดไม่ได้,หัวสายสำเร็จSC-APC เสีย,1
56,ปัญหาระบบ | ใช้กล้องวงจรปิดไม่ได้,อุปกรณ์ลูกค้า (device),ใช้กล้องวงจรปิดไม่ได้,Auto close by BOT,1
56,ปัญหาระบบ | ใช้กล้องวงจรปิดไม่ได้,ปัญหาการใช้งานของลูกค้า,ใช้กล้องวงจรปิดไม่ได้,หัวสายสำเร็จSC-APC หลวม /ไม่สนิท,1
56,ปัญหาระบบ | ใช้กล้องวงจรปิดไม่ได้,อุปกรณ์ลูกค้า (device),ใช้กล้องวงจรปิดไม่ได้,เปลี่ยน process การทำงาน,1
56,ปัญหาระบบ | ใช้กล้องวงจรปิดไม่ได้,ปัญหาระบบ,ใช้กล้องวงจรปิดไม่ได้,Port เสีย,1
56,ปัญหาระบบ | ใช้กล้องวงจรปิดไม่ได้,อุปกรณ์ลูกค้า (device),ใช้กล้องวงจรปิดไม่ได้,การไฟฟ้าย้ายแนว/จัดระเบียบสาย,1
56,ปัญหาระบบ | ใช้กล้องวงจรปิดไม่ได้,อุปกรณ์ลูกค้า (device),ใช้กล้องวงจรปิดไม่ได้,ลูกค้าต้องการเปลี่ยน Modem,1
56,ปัญหาระบบ | ใช้กล้องวงจรปิดไม่ได้,ขอช่างนำกล้อง CCTV ไปติดตั้ง และเปิด Order MOCC ตัด stock - ลูกค้าร้องเรียนไม่ได้รับกล้อง,IOT-ขอบริการงานช่าง,ลูกค้าเปลี่ยนใจ/ลูกค้าขอยกเลิกบริการเอง,1
56,ปัญหาระบบ | ใช้กล้องวงจรปิดไม่ได้,Non TrueDDNS - ใช้งานกล้องวงจรปิดไม่ได้,แจ้งเสีย-Internet&Data,,1
56,ปัญหาระบบ | ใช้กล้องวงจรปิดไม่ได้,ปัญหาการใช้งานของลูกค้า,ใช้กล้องวงจรปิดไม่ได้,Monitor เหตุเสียครบตามเงื่อนไข,1
56,ปัญหาระบบ | ใช้กล้องวงจรปิดไม่ได้,อุปกรณ์ลูกค้า (device),ใช้กล้องวงจรปิดไม่ได้,Monitor เหตุเสียครบตามเงื่อนไข,1
56,ปัญหาระบบ | ใช้กล้องวงจรปิดไม่ได้,ปัญหาระบบ,ใช้งาน Netflix ไม่ได้,ส่งงานไม่ถูกต้อง,1
56,ปัญหาระบบ | ใช้กล้องวงจรปิดไม่ได้,ขอช่างติดตั้ง 1.CCTV 2.SOS 3. Siren 4.Door ฟรี - ช่างนำอุปกรณ์ไปติดตั้ง,บริการหลังการขาย,ส่งงานไม่ถูกต้อง,1
56,ปัญหาระบบ | ใช้กล้องวงจรปิดไม่ได้,ใช้งานกล้องวงจรปิดไม่ได้,Connectได้แต่มีปัญหา,,1
56,ปัญหาระบบ | ใช้กล้องวงจรปิดไม่ได้,ปัญหาการใช้งานของลูกค้า,ใช้กล้องวงจรปิดไม่ได้,LAN เสีย,1
56,ปัญหาระบบ | ใช้กล้องวงจรปิดไม่ได้,ปัญหาระบบ,ใช้กล้องวงจรปิดไม่ได้,อุปกรณ์คืนค่าโรงงาน,1
56,ปัญหาระบบ | ใช้กล้องวงจรปิดไม่ได้,อุปกรณ์ลูกค้า (device),ใช้กล้องวงจรปิดไม่ได้,CONFIG CHANGE,1
56,ปัญหาระบบ | ใช้กล้องวงจรปิดไม่ได้,รับ-ส่ง Fax ไม่ได้,คุณภาพสัญญาน,CONFIG CHANGE,1
56,ปัญหาระบบ | ใช้กล้องวงจรปิดไม่ได้,ปัญหาระบบ,ใช้กล้องวงจรปิดไม่ได้,Area Manager เห็นชอบให้มีการเปลี่ยน CPE,1
57,ไฟ PON ติดปกติ แต่ Userไม่ONLINE | Internet เชื่อมต่อไม่ได้ ,ไฟ PON ติดปกติ แต่ Userไม่ONLINE,Internet เชื่อมต่อไม่ได้,,1419
57,ไฟ PON ติดปกติ แต่ Userไม่ONLINE | Internet เชื่อมต่อไม่ได้ ,ไฟ PON ติดปกติ แต่ Userไม่ONLINE,Internet เชื่อมต่อไม่ได้,ขัดข้อง/เสีย,322
57,ไฟ PON ติดปกติ แต่ Userไม่ONLINE | Internet เชื่อมต่อไม่ได้ ,ไฟ PON ติดปกติ แต่ Userไม่ONLINE,Internet เชื่อมต่อไม่ได้,เหตุเสียใช้ได้ ก่อนช่างถึงบ้าน,58
57,ไฟ PON ติดปกติ แต่ Userไม่ONLINE | Internet เชื่อมต่อไม่ได้ ,ไฟ PON ติดปกติ แต่ Userไม่ONLINE,Internet เชื่อมต่อไม่ได้,การใช้งานของลูกค้า,54
57,ไฟ PON ติดปกติ แต่ Userไม่ONLINE | Internet เชื่อมต่อไม่ได้ ,ไฟ PON  และ Phone/TEL ติดปกติ แต่ใช้งาน Voice ไม่ได้,โทรเข้า-ออก,CONFIG CHANGE/BUG FIRMWARE,52
57,ไฟ PON ติดปกติ แต่ Userไม่ONLINE | Internet เชื่อมต่อไม่ได้ ,ไฟ PON ติดปกติ แต่ Userไม่ONLINE,Internet เชื่อมต่อไม่ได้,Modemไม่ lock/ไม่ Synch/High Loss,39
57,ไฟ PON ติดปกติ แต่ Userไม่ONLINE | Internet เชื่อมต่อไม่ได้ ,ไฟ PON ติดปกติ แต่ Userไม่ONLINE,Internet เชื่อมต่อไม่ได้,CONFIG CHANGE,37
57,ไฟ PON ติดปกติ แต่ Userไม่ONLINE | Internet เชื่อมต่อไม่ได้ ,ไฟ PON ติดปกติ แต่ Userไม่ONLINE,Internet เชื่อมต่อไม่ได้,Connect WiFi ไม่ได้/ไม่พบ SSID,36
57,ไฟ PON ติดปกติ แต่ Userไม่ONLINE | Internet เชื่อมต่อไม่ได้ ,ไฟ PON ติดปกติ แต่ Userไม่ONLINE,Internet เชื่อมต่อไม่ได้,ไฟไม่เข้า,24
57,ไฟ PON ติดปกติ แต่ Userไม่ONLINE | Internet เชื่อมต่อไม่ได้ ,ไฟ PON ติดปกติ แต่ Userไม่ONLINE,Internet เชื่อมต่อไม่ได้,Reboot,23
57,ไฟ PON ติดปกติ แต่ Userไม่ONLINE | Internet เชื่อมต่อไม่ได้ ,ไฟ PON ติดปกติ แต่ Userไม่ONLINE,Internet เชื่อมต่อไม่ได้,ลูกค้าต้องการเปลี่ยน Modem,19
57,ไฟ PON ติดปกติ แต่ Userไม่ONLINE | Internet เชื่อมต่อไม่ได้ ,ไฟ PON ติดปกติ แต่ Userไม่ONLINE,Internet เชื่อมต่อไม่ได้,อุปกรณ์คืนค่าโรงงาน,17
57,ไฟ PON ติดปกติ แต่ Userไม่ONLINE | Internet เชื่อมต่อไม่ได้ ,ไฟ PON ติดปกติ แต่ Userไม่ONLINE,Internet เชื่อมต่อไม่ได้,ลูกค้าเปลี่ยนใจ/ลูกค้าขอยกเลิกบริการเอง,16
57,ไฟ PON ติดปกติ แต่ Userไม่ONLINE | Internet เชื่อมต่อไม่ได้ ,ไฟ PON ติดปกติ แต่ Userไม่ONLINE,Internet เชื่อมต่อไม่ได้,สายหัก/สายงอ/สายถูกดึงรั้ง,12
57,ไฟ PON ติดปกติ แต่ Userไม่ONLINE | Internet เชื่อมต่อไม่ได้ ,ไฟ PON ติดปกติ แต่ Userไม่ONLINE,Internet เชื่อมต่อไม่ได้,ไม่ทราบสาเหตุ,11
57,ไฟ PON ติดปกติ แต่ Userไม่ONLINE | Internet เชื่อมต่อไม่ได้ ,ไฟ PON ติดปกติ แต่ Userไม่ONLINE,Internet เชื่อมต่อไม่ได้,หัวสายสำเร็จSC-APC เสีย,11
57,ไฟ PON ติดปกติ แต่ Userไม่ONLINE | Internet เชื่อมต่อไม่ได้ ,โทรเข้าออกเงียบไม่มีสัญญาณ,โทรเข้า-ออก,Modemไม่ lock/ไม่ Synch/High Loss,9
57,ไฟ PON ติดปกติ แต่ Userไม่ONLINE | Internet เชื่อมต่อไม่ได้ ,ไฟ PON ติดปกติ แต่ Userไม่ONLINE,Internet เชื่อมต่อไม่ได้,หัวสายสำเร็จSC-APC หลวม /ไม่สนิท,9
57,ไฟ PON ติดปกติ แต่ Userไม่ONLINE | Internet เชื่อมต่อไม่ได้ ,โทรเข้าออกเงียบไม่มีสัญญาณ,โทรเข้า-ออก,Modem ไม่รองรับ Package ลูกค้า,6
57,ไฟ PON ติดปกติ แต่ Userไม่ONLINE | Internet เชื่อมต่อไม่ได้ ,ไฟ PON ติดปกติ แต่ Userไม่ONLINE,Internet เชื่อมต่อไม่ได้,CONFIG CHANGE/BUG FIRMWARE,6
57,ไฟ PON ติดปกติ แต่ Userไม่ONLINE | Internet เชื่อมต่อไม่ได้ ,ไฟ PON ติดปกติ แต่ไฟ Phone/TEL ไม่ติด/กระพริบ,โทรเข้า-ออก,CONFIG CHANGE/BUG FIRMWARE,5
57,ไฟ PON ติดปกติ แต่ Userไม่ONLINE | Internet เชื่อมต่อไม่ได้ ,ไฟ PON ติดปกติ แต่ Userไม่ONLINE,Internet เชื่อมต่อไม่ได้,Monitor เหตุเสียครบตามเงื่อนไข,5
57,ไฟ PON ติดปกติ แต่ Userไม่ONLINE | Internet เชื่อมต่อไม่ได้ ,ไฟ PON  และ Phone/TEL ติดปกติ แต่ใช้งาน Voice ไม่ได้,แจ้งเสีย-Voice Call,,5
57,ไฟ PON ติดปกติ แต่ Userไม่ONLINE | Internet เชื่อมต่อไม่ได้ ,ไฟ PON ติดปกติ แต่ Userไม่ONLINE,Internet เชื่อมต่อไม่ได้,รถเกี่ยว,4
57,ไฟ PON ติดปกติ แต่ Userไม่ONLINE | Internet เชื่อมต่อไม่ได้ ,ไฟ PON ติดปกติ แต่ไฟ Phone/TEL ไม่ติด/กระพริบ,แจ้งเสีย-Voice Call,,4
57,ไฟ PON ติดปกติ แต่ Userไม่ONLINE | Internet เชื่อมต่อไม่ได้ ,ไฟ PON  และ Phone/TEL ติดปกติ แต่ใช้งาน Voice ไม่ได้,โทรเข้า-ออก,การใช้งานของลูกค้า,4
57,ไฟ PON ติดปกติ แต่ Userไม่ONLINE | Internet เชื่อมต่อไม่ได้ ,ไฟ PON ติดปกติ แต่ Userไม่ONLINE,Internet เชื่อมต่อไม่ได้,ไม่พบปัญหาการใช้งานแล้ว,4
57,ไฟ PON ติดปกติ แต่ Userไม่ONLINE | Internet เชื่อมต่อไม่ได้ ,ไฟ PON ติดปกติ แต่ Userไม่ONLINE,Internet เชื่อมต่อไม่ได้,ส่งงานไม่ถูกต้อง,3
57,ไฟ PON ติดปกติ แต่ Userไม่ONLINE | Internet เชื่อมต่อไม่ได้ ,ไฟ PON  และ Phone/TEL ติดปกติ แต่ใช้งาน Voice ไม่ได้,โทรเข้า-ออก,,3
57,ไฟ PON ติดปกติ แต่ Userไม่ONLINE | Internet เชื่อมต่อไม่ได้ ,ไฟ PON  และ Phone/TEL ติดปกติ แต่ใช้งาน Voice ไม่ได้,โทรเข้า-ออก,Voice ไม่ติด (ไฟ Phone ไม่ติด),3
57,ไฟ PON ติดปกติ แต่ Userไม่ONLINE | Internet เชื่อมต่อไม่ได้ ,ไฟ PON ติดปกติ แต่ Userไม่ONLINE,Internet เชื่อมต่อไม่ได้,ทดสอบและอธิบายลูกค้า,3
57,ไฟ PON ติดปกติ แต่ Userไม่ONLINE | Internet เชื่อมต่อไม่ได้ ,ไฟ PON  และ Phone/TEL ติดปกติ แต่ใช้งาน Voice ไม่ได้,โทรเข้า-ออก,ไม่ทราบสาเหตุ,3
57,ไฟ PON ติดปกติ แต่ Userไม่ONLINE | Internet เชื่อมต่อไม่ได้ ,ไฟ PON ติดปกติ แต่ Userไม่ONLINE,Internet เชื่อมต่อไม่ได้,Modem ไม่รองรับ Package ลูกค้า,3
57,ไฟ PON ติดปกติ แต่ Userไม่ONLINE | Internet เชื่อมต่อไม่ได้ ,โทรเข้าออกเงียบไม่มีสัญญาณ,โทรเข้า-ออก,Modem แตกหัก/สีผิดสภาพเดิม,3
57,ไฟ PON ติดปกติ แต่ Userไม่ONLINE | Internet เชื่อมต่อไม่ได้ ,ไฟ PON ติดปกติ แต่ Userไม่ONLINE,Internet เชื่อมต่อไม่ได้,การไฟฟ้าย้ายแนว/จัดระเบียบสาย,2
57,ไฟ PON ติดปกติ แต่ Userไม่ONLINE | Internet เชื่อมต่อไม่ได้ ,ไฟ PON ติดปกติ แต่ Userไม่ONLINE,Internet เชื่อมต่อไม่ได้,มีค่า Loss สูง,2
57,ไฟ PON ติดปกติ แต่ Userไม่ONLINE | Internet เชื่อมต่อไม่ได้ ,ไฟ PON  และ Phone/TEL ติดปกติ แต่ใช้งาน Voice ไม่ได้,โทรเข้า-ออก,ข้อต่อหลวม ไม่ดี/ไม่สนิท,2
57,ไฟ PON ติดปกติ แต่ Userไม่ONLINE | Internet เชื่อมต่อไม่ได้ ,ไฟ PON ติดปกติ แต่ Userไม่ONLINE,Internet เชื่อมต่อไม่ได้,ข้อต่อหลวม ไม่ดี/ไม่สนิท,2
57,ไฟ PON ติดปกติ แต่ Userไม่ONLINE | Internet เชื่อมต่อไม่ได้ ,ไฟ PON ติดปกติ แต่ไฟ Phone/TEL ไม่ติด/กระพริบ,Connectไม่ได้,,2
57,ไฟ PON ติดปกติ แต่ Userไม่ONLINE | Internet เชื่อมต่อไม่ได้ ,ไฟ PON  และ Phone/TEL ติดปกติ แต่ใช้งาน Voice ไม่ได้,โทรเข้า-ออก,CONFIG CHANGE,2
57,ไฟ PON ติดปกติ แต่ Userไม่ONLINE | Internet เชื่อมต่อไม่ได้ ,ไฟ PON ติดปกติ แต่ Userไม่ONLINE,Internet เชื่อมต่อไม่ได้,LAN เสีย,2
57,ไฟ PON ติดปกติ แต่ Userไม่ONLINE | Internet เชื่อมต่อไม่ได้ ,ไฟ PON ติดปกติ แต่ Userไม่ONLINE,Internet เชื่อมต่อไม่ได้,Area Manager เห็นชอบให้มีการเปลี่ยน CPE,2
57,ไฟ PON ติดปกติ แต่ Userไม่ONLINE | Internet เชื่อมต่อไม่ได้ ,ไฟ PON ติดปกติ แต่ Userไม่ONLINE,Connectไม่ได้,,1
57,ไฟ PON ติดปกติ แต่ Userไม่ONLINE | Internet เชื่อมต่อไม่ได้ ,ไฟ PON ติดปกติ แต่ Userไม่ONLINE,Internet เชื่อมต่อไม่ได้,BUG FIRMWARE,1
57,ไฟ PON ติดปกติ แต่ Userไม่ONLINE | Internet เชื่อมต่อไม่ได้ ,ไฟ PON ติดปกติ แต่ไฟ Phone/TEL ไม่ติด/กระพริบ,โทรเข้า-ออก,Voice ไม่ติด (ไฟ Phone ไม่ติด),1
57,ไฟ PON ติดปกติ แต่ Userไม่ONLINE | Internet เชื่อมต่อไม่ได้ ,ไฟ PON ติดปกติ แต่ไฟ Phone/TEL ไม่ติด/กระพริบ,โทรเข้า-ออก,การใช้งานของลูกค้า,1
57,ไฟ PON ติดปกติ แต่ Userไม่ONLINE | Internet เชื่อมต่อไม่ได้ ,ไฟ PON ติดปกติ แต่ Userไม่ONLINE,Internet เชื่อมต่อไม่ได้,หัวสายสำเร็จSC-APC สกปรก,1
57,ไฟ PON ติดปกติ แต่ Userไม่ONLINE | Internet เชื่อมต่อไม่ได้ ,ไฟ PON  และ Phone/TEL ติดปกติ แต่ใช้งาน Voice ไม่ได้,โทรเข้า-ออก,เหตุเสียใช้ได้ ก่อนช่างถึงบ้าน,1
57,ไฟ PON ติดปกติ แต่ Userไม่ONLINE | Internet เชื่อมต่อไม่ได้ ,ไฟ PON ติดปกติ แต่ Userไม่ONLINE,Internet เชื่อมต่อไม่ได้,มีเสียงผิดปกติในตัวโมเด็ม,1
57,ไฟ PON ติดปกติ แต่ Userไม่ONLINE | Internet เชื่อมต่อไม่ได้ ,ไฟ PON ติดปกติ แต่ Userไม่ONLINE,Internet เชื่อมต่อไม่ได้,สายขาด,1
57,ไฟ PON ติดปกติ แต่ Userไม่ONLINE | Internet เชื่อมต่อไม่ได้ ,ไฟ PON ติดปกติ แต่ไฟ Phone/TEL ไม่ติด/กระพริบ,Connectไม่ได้,ขัดข้อง/เสีย,1
57,ไฟ PON ติดปกติ แต่ Userไม่ONLINE | Internet เชื่อมต่อไม่ได้ ,ไฟ PON  และ Phone/TEL ติดปกติ แต่ใช้งาน Voice ไม่ได้,โทรเข้า-ออก,ลูกค้าต้องการเปลี่ยน Modem,1
57,ไฟ PON ติดปกติ แต่ Userไม่ONLINE | Internet เชื่อมต่อไม่ได้ ,ไฟ PON  และ Phone/TEL ติดปกติ แต่ใช้งาน Voice ไม่ได้,โทรเข้า-ออก,ขัดข้อง/เสีย,1
57,ไฟ PON ติดปกติ แต่ Userไม่ONLINE | Internet เชื่อมต่อไม่ได้ ,ไฟ PON ติดปกติ แต่ Userไม่ONLINE,Internet เชื่อมต่อไม่ได้,Costomer Knowledge,1
57,ไฟ PON ติดปกติ แต่ Userไม่ONLINE | Internet เชื่อมต่อไม่ได้ ,ไฟ PON ติดปกติ แต่ Userไม่ONLINE,Internet เชื่อมต่อไม่ได้,สายเสื่อมสภาพ,1
57,ไฟ PON ติดปกติ แต่ Userไม่ONLINE | Internet เชื่อมต่อไม่ได้ ,ไฟ PON ติดปกติ แต่ Userไม่ONLINE,Internet เชื่อมต่อไม่ได้,Switch on/off เสีย/ชำรุดแตกหัก,1
57,ไฟ PON ติดปกติ แต่ Userไม่ONLINE | Internet เชื่อมต่อไม่ได้ ,ไฟ PON ติดปกติ แต่ Userไม่ONLINE,Internet เชื่อมต่อไม่ได้,Wi-fi 2.4G ไม่รองรับ Speed,1
57,ไฟ PON ติดปกติ แต่ Userไม่ONLINE | Internet เชื่อมต่อไม่ได้ ,ไฟ PON ติดปกติ แต่ Userไม่ONLINE,Internet เชื่อมต่อไม่ได้,Voice ไม่ติด (ไฟ Phone ไม่ติด),1
57,ไฟ PON ติดปกติ แต่ Userไม่ONLINE | Internet เชื่อมต่อไม่ได้ ,ไฟ PON ติดปกติ แต่ Userไม่ONLINE,Internet เชื่อมต่อไม่ได้,เหตุเสียภายใน 90 วัน,1
57,ไฟ PON ติดปกติ แต่ Userไม่ONLINE | Internet เชื่อมต่อไม่ได้ ,ไฟ PON ติดปกติ แต่ Userไม่ONLINE,แจ้งเสีย-Internet&Data,,1
57,ไฟ PON ติดปกติ แต่ Userไม่ONLINE | Internet เชื่อมต่อไม่ได้ ,ไฟ PON ติดปกติ แต่ Userไม่ONLINE,Internet เชื่อมต่อไม่ได้,หลอดไฟ LED Status เสีย,1
58,มีภาพแต่ไม่มีเสียง/มีเสียงแต่ไม่มีภาพ | TVS-ปัญหาสัญญาณ | ช่,มีภาพแต่ไม่มีเสียง/มีเสียงแต่ไม่มีภาพ,TVS-ปัญหาสัญญาณ,การใช้งานของลูกค้า,114
58,มีภาพแต่ไม่มีเสียง/มีเสียงแต่ไม่มีภาพ | TVS-ปัญหาสัญญาณ | ช่,มีภาพแต่ไม่มีเสียง/มีเสียงแต่ไม่มีภาพ,TVS-ปัญหาสัญญาณ,ขัดข้อง/เสีย,43
58,มีภาพแต่ไม่มีเสียง/มีเสียงแต่ไม่มีภาพ | TVS-ปัญหาสัญญาณ | ช่,มีภาพแต่ไม่มีเสียง/มีเสียงแต่ไม่มีภาพ,TVS-ปัญหาสัญญาณ,CONFIG CHANGE,37
58,มีภาพแต่ไม่มีเสียง/มีเสียงแต่ไม่มีภาพ | TVS-ปัญหาสัญญาณ | ช่,มีภาพแต่ไม่มีเสียง/มีเสียงแต่ไม่มีภาพ,TVS-ปัญหาสัญญาณ,เหตุเสียใช้ได้ ก่อนช่างถึงบ้าน,35
58,มีภาพแต่ไม่มีเสียง/มีเสียงแต่ไม่มีภาพ | TVS-ปัญหาสัญญาณ | ช่,มีภาพแต่ไม่มีเสียง/มีเสียงแต่ไม่มีภาพ,TVS-ปัญหาสัญญาณ,ลูกค้าเปลี่ยนใจ/ลูกค้าขอยกเลิกบริการเอง,27
58,มีภาพแต่ไม่มีเสียง/มีเสียงแต่ไม่มีภาพ | TVS-ปัญหาสัญญาณ | ช่,มีภาพแต่ไม่มีเสียง/มีเสียงแต่ไม่มีภาพ,TVS-ปัญหาสัญญาณ,ไฟไม่เข้า,22
58,มีภาพแต่ไม่มีเสียง/มีเสียงแต่ไม่มีภาพ | TVS-ปัญหาสัญญาณ | ช่,มีภาพแต่ไม่มีเสียง/มีเสียงแต่ไม่มีภาพ,TVS-ปัญหาสัญญาณ,อุปกรณ์คืนค่าโรงงาน,18
58,มีภาพแต่ไม่มีเสียง/มีเสียงแต่ไม่มีภาพ | TVS-ปัญหาสัญญาณ | ช่,มีภาพแต่ไม่มีเสียง/มีเสียงแต่ไม่มีภาพ,TVS-ปัญหาสัญญาณ,ลูกค้าต้องการเปลี่ยน Set Top Box,15
58,มีภาพแต่ไม่มีเสียง/มีเสียงแต่ไม่มีภาพ | TVS-ปัญหาสัญญาณ | ช่,มีภาพแต่ไม่มีเสียง/มีเสียงแต่ไม่มีภาพ,TVS-ปัญหาสัญญาณ,ไม่ทราบสาเหตุ,14
58,มีภาพแต่ไม่มีเสียง/มีเสียงแต่ไม่มีภาพ | TVS-ปัญหาสัญญาณ | ช่,มีภาพแต่ไม่มีเสียง/มีเสียงแต่ไม่มีภาพ,TVS-ปัญหาสัญญาณ,ช่องรายการถูกล็อค(CA14),13
58,มีภาพแต่ไม่มีเสียง/มีเสียงแต่ไม่มีภาพ | TVS-ปัญหาสัญญาณ | ช่,มีภาพแต่ไม่มีเสียง/มีเสียงแต่ไม่มีภาพ,TVS-ปัญหาสัญญาณ,กล่องไม่อ่านการ์ด,10
58,มีภาพแต่ไม่มีเสียง/มีเสียงแต่ไม่มีภาพ | TVS-ปัญหาสัญญาณ | ช่,มีภาพแต่ไม่มีเสียง/มีเสียงแต่ไม่มีภาพ,TVS-ปัญหาสัญญาณ,ค่าสัญญาณดี แต่พบภาพขาดหาย/ ภาพแตก/ เสียงขาดหาย,10
58,มีภาพแต่ไม่มีเสียง/มีเสียงแต่ไม่มีภาพ | TVS-ปัญหาสัญญาณ | ช่,มีภาพแต่ไม่มีเสียง/มีเสียงแต่ไม่มีภาพ,TVS-ปัญหาสัญญาณ,Monitor เหตุเสียครบตามเงื่อนไข,8
58,มีภาพแต่ไม่มีเสียง/มีเสียงแต่ไม่มีภาพ | TVS-ปัญหาสัญญาณ | ช่,มีภาพแต่ไม่มีเสียง/มีเสียงแต่ไม่มีภาพ,TVS-ปัญหาสัญญาณ,กล่องรับสัญญาณขัดข้อง (CA9/CA11),8
58,มีภาพแต่ไม่มีเสียง/มีเสียงแต่ไม่มีภาพ | TVS-ปัญหาสัญญาณ | ช่,มีภาพแต่ไม่มีเสียง/มีเสียงแต่ไม่มีภาพ,TVS-ปัญหาสัญญาณ,อุปกรณ์ Hang,5
58,มีภาพแต่ไม่มีเสียง/มีเสียงแต่ไม่มีภาพ | TVS-ปัญหาสัญญาณ | ช่,ปัญหาสัญญาณเสียง,TVS-ปัญหาสัญญาณ,เหตุเสียใช้ได้ ก่อนช่างถึงบ้าน,5
58,มีภาพแต่ไม่มีเสียง/มีเสียงแต่ไม่มีภาพ | TVS-ปัญหาสัญญาณ | ช่,มีภาพแต่ไม่มีเสียง/มีเสียงแต่ไม่มีภาพ,TVS-ปัญหาสัญญาณ,BUG FIRMWARE,4
58,มีภาพแต่ไม่มีเสียง/มีเสียงแต่ไม่มีภาพ | TVS-ปัญหาสัญญาณ | ช่,มีภาพแต่ไม่มีเสียง/มีเสียงแต่ไม่มีภาพ,TVS-ปัญหาสัญญาณ,Port HDMI/AV เสีย,4
58,มีภาพแต่ไม่มีเสียง/มีเสียงแต่ไม่มีภาพ | TVS-ปัญหาสัญญาณ | ช่,มีภาพแต่ไม่มีเสียง/มีเสียงแต่ไม่มีภาพ,TVS-ปัญหาสัญญาณ,เสื่อมสภาพการใช้งาน,4
58,มีภาพแต่ไม่มีเสียง/มีเสียงแต่ไม่มีภาพ | TVS-ปัญหาสัญญาณ | ช่,มีภาพแต่ไม่มีเสียง/มีเสียงแต่ไม่มีภาพ,TVS-ปัญหาสัญญาณ,ส่งงานไม่ถูกต้อง,4
58,มีภาพแต่ไม่มีเสียง/มีเสียงแต่ไม่มีภาพ | TVS-ปัญหาสัญญาณ | ช่,มีภาพแต่ไม่มีเสียง/มีเสียงแต่ไม่มีภาพ,TVS-ปัญหาสัญญาณ,ทดสอบและอธิบายลูกค้า,3
58,มีภาพแต่ไม่มีเสียง/มีเสียงแต่ไม่มีภาพ | TVS-ปัญหาสัญญาณ | ช่,มีภาพแต่ไม่มีเสียง/มีเสียงแต่ไม่มีภาพ,TVS-ปัญหาสัญญาณ,สายหัก/สายงอ/สายถูกดึงรั้ง,3
58,มีภาพแต่ไม่มีเสียง/มีเสียงแต่ไม่มีภาพ | TVS-ปัญหาสัญญาณ | ช่,มีภาพแต่ไม่มีเสียง/มีเสียงแต่ไม่มีภาพ,TVS-ปัญหาสัญญาณ,ลูกค้าต้องการเปลี่ยน Modem,3
58,มีภาพแต่ไม่มีเสียง/มีเสียงแต่ไม่มีภาพ | TVS-ปัญหาสัญญาณ | ช่,มีภาพแต่ไม่มีเสียง/มีเสียงแต่ไม่มีภาพ,TVS-ปัญหาสัญญาณ,ค่าสัญญาณดี ไม่มีภาพ/ ไม่มีเสียง,3
58,มีภาพแต่ไม่มีเสียง/มีเสียงแต่ไม่มีภาพ | TVS-ปัญหาสัญญาณ | ช่,มีภาพแต่ไม่มีเสียง/มีเสียงแต่ไม่มีภาพ,TVS-ปัญหาสัญญาณ,ค่าสัญญาณดี ภาพค้าง/ ขาดหาย,3
58,มีภาพแต่ไม่มีเสียง/มีเสียงแต่ไม่มีภาพ | TVS-ปัญหาสัญญาณ | ช่,มีภาพแต่ไม่มีเสียง/มีเสียงแต่ไม่มีภาพ,TVS-ปัญหาสัญญาณ,Reboot,3
58,มีภาพแต่ไม่มีเสียง/มีเสียงแต่ไม่มีภาพ | TVS-ปัญหาสัญญาณ | ช่,มีภาพแต่ไม่มีเสียง/มีเสียงแต่ไม่มีภาพ,TVS-ปัญหาสัญญาณ,ไม่พบปัญหาการใช้งานแล้ว,3
58,มีภาพแต่ไม่มีเสียง/มีเสียงแต่ไม่มีภาพ | TVS-ปัญหาสัญญาณ | ช่,มีภาพแต่ไม่มีเสียง/มีเสียงแต่ไม่มีภาพ,TVS-ปัญหาสัญญาณ,ลูกค้าต้องการเปลี่ยน Hybrid Box,3
58,มีภาพแต่ไม่มีเสียง/มีเสียงแต่ไม่มีภาพ | TVS-ปัญหาสัญญาณ | ช่,มีภาพแต่ไม่มีเสียง/มีเสียงแต่ไม่มีภาพ,TVS-ปัญหาสัญญาณ,เปลี่ยน process การทำงาน,2
58,มีภาพแต่ไม่มีเสียง/มีเสียงแต่ไม่มีภาพ | TVS-ปัญหาสัญญาณ | ช่,มีภาพแต่ไม่มีเสียง/มีเสียงแต่ไม่มีภาพ,TVS-ปัญหาสัญญาณ,ข้อต่อหลวม ไม่ดี/ไม่สนิท,2
58,มีภาพแต่ไม่มีเสียง/มีเสียงแต่ไม่มีภาพ | TVS-ปัญหาสัญญาณ | ช่,มีภาพแต่ไม่มีเสียง/มีเสียงแต่ไม่มีภาพ,TVS-ปัญหาสัญญาณ,Battery หมด/เสื่อม,2
58,มีภาพแต่ไม่มีเสียง/มีเสียงแต่ไม่มีภาพ | TVS-ปัญหาสัญญาณ | ช่,มีภาพแต่ไม่มีเสียง/มีเสียงแต่ไม่มีภาพ,TVS-ปัญหาสัญญาณ,หัวสายสำเร็จSC-APC หลวม /ไม่สนิท,2
58,มีภาพแต่ไม่มีเสียง/มีเสียงแต่ไม่มีภาพ | TVS-ปัญหาสัญญาณ | ช่,มีภาพแต่ไม่มีเสียง/มีเสียงแต่ไม่มีภาพ,TVS-ปัญหาสัญญาณ,กล่องรับสัญญาณขัดข้อง (ER16/E048),2
58,มีภาพแต่ไม่มีเสียง/มีเสียงแต่ไม่มีภาพ | TVS-ปัญหาสัญญาณ | ช่,มีภาพแต่ไม่มีเสียง/มีเสียงแต่ไม่มีภาพ,TVS-ปัญหาสัญญาณ,ไม่มีสัญญาณ CATV หรือ ค่า RF ไม่ได้ตามค่ามาตรฐาน,2
58,มีภาพแต่ไม่มีเสียง/มีเสียงแต่ไม่มีภาพ | TVS-ปัญหาสัญญาณ | ช่,มีภาพแต่ไม่มีเสียง/มีเสียงแต่ไม่มีภาพ,TVS-ปัญหาสัญญาณ,Remote ไม่ทำงาน,2
58,มีภาพแต่ไม่มีเสียง/มีเสียงแต่ไม่มีภาพ | TVS-ปัญหาสัญญาณ | ช่,มีภาพแต่ไม่มีเสียง/มีเสียงแต่ไม่มีภาพ,TVS-ปัญหาสัญญาณ,กล่องรับสัญญาณขัดข้อง (E161),2
58,มีภาพแต่ไม่มีเสียง/มีเสียงแต่ไม่มีภาพ | TVS-ปัญหาสัญญาณ | ช่,มีภาพแต่ไม่มีเสียง/มีเสียงแต่ไม่มีภาพ,TVS-ปัญหาสัญญาณ,ลูกค้าต้องการเปลี่ยน TrueID TV Box,1
58,มีภาพแต่ไม่มีเสียง/มีเสียงแต่ไม่มีภาพ | TVS-ปัญหาสัญญาณ | ช่,มีภาพแต่ไม่มีเสียง/มีเสียงแต่ไม่มีภาพ,TVS-ปัญหาสัญญาณ,ผรม ติดตั้งกล่องไม่สมบูรณ์,1
58,มีภาพแต่ไม่มีเสียง/มีเสียงแต่ไม่มีภาพ | TVS-ปัญหาสัญญาณ | ช่,มีภาพแต่ไม่มีเสียง/มีเสียงแต่ไม่มีภาพ,TVS-ปัญหาสัญญาณ,"สายขาด,หัก (Crack)",1
58,มีภาพแต่ไม่มีเสียง/มีเสียงแต่ไม่มีภาพ | TVS-ปัญหาสัญญาณ | ช่,มีภาพแต่ไม่มีเสียง/มีเสียงแต่ไม่มีภาพ,TVS-ปัญหาสัญญาณ,อุปกรณ์ลูกค้า TV/เครื่องเสียง/อุปกรณ์ Bluetooth,1
58,มีภาพแต่ไม่มีเสียง/มีเสียงแต่ไม่มีภาพ | TVS-ปัญหาสัญญาณ | ช่,มีภาพแต่ไม่มีเสียง/มีเสียงแต่ไม่มีภาพ,TVS-ปัญหาสัญญาณ,สายเสื่อมสภาพ,1
58,มีภาพแต่ไม่มีเสียง/มีเสียงแต่ไม่มีภาพ | TVS-ปัญหาสัญญาณ | ช่,ไม่มีภาพ ไม่มีเสียง,คุณภาพสัญญาน,ขัดข้อง/เสีย,1
58,มีภาพแต่ไม่มีเสียง/มีเสียงแต่ไม่มีภาพ | TVS-ปัญหาสัญญาณ | ช่,ไม่มีภาพ และเสียง,คุณภาพสัญญาน,ไม่พบปัญหาการใช้งานแล้ว,1
58,มีภาพแต่ไม่มีเสียง/มีเสียงแต่ไม่มีภาพ | TVS-ปัญหาสัญญาณ | ช่,มีภาพแต่ไม่มีเสียง/มีเสียงแต่ไม่มีภาพ,CMDU-ปัญหาสัญญาณ,ไม่ทราบสาเหตุ,1
58,มีภาพแต่ไม่มีเสียง/มีเสียงแต่ไม่มีภาพ | TVS-ปัญหาสัญญาณ | ช่,มีภาพแต่ไม่มีเสียง/มีเสียงแต่ไม่มีภาพ,CMDU-ปัญหาสัญญาณ,กล่องรับสัญญาณขัดข้อง (CA9/CA11),1
58,มีภาพแต่ไม่มีเสียง/มีเสียงแต่ไม่มีภาพ | TVS-ปัญหาสัญญาณ | ช่,มีภาพแต่ไม่มีเสียง/มีเสียงแต่ไม่มีภาพ,TVS-ปัญหาสัญญาณ,สกปรก,1
58,มีภาพแต่ไม่มีเสียง/มีเสียงแต่ไม่มีภาพ | TVS-ปัญหาสัญญาณ | ช่,มีภาพแต่ไม่มีเสียง/มีเสียงแต่ไม่มีภาพ,TVS-ปัญหาสัญญาณ,เทศบาลตัดแต่งต้นไม้,1
58,มีภาพแต่ไม่มีเสียง/มีเสียงแต่ไม่มีภาพ | TVS-ปัญหาสัญญาณ | ช่,มีภาพแต่ไม่มีเสียง/มีเสียงแต่ไม่มีภาพ,TVS-ปัญหาสัญญาณ,Switch on/off เสีย/ชำรุดแตกหัก,1
58,มีภาพแต่ไม่มีเสียง/มีเสียงแต่ไม่มีภาพ | TVS-ปัญหาสัญญาณ | ช่,ไม่มีภาพ ไม่มีเสียง,คุณภาพสัญญาน,CONFIG CHANGE,1
58,มีภาพแต่ไม่มีเสียง/มีเสียงแต่ไม่มีภาพ | TVS-ปัญหาสัญญาณ | ช่,ไม่มีภาพและเสียงบางช่อง,TVS-ปัญหาสัญญาณ,ทดสอบและอธิบายลูกค้า,1
58,มีภาพแต่ไม่มีเสียง/มีเสียงแต่ไม่มีภาพ | TVS-ปัญหาสัญญาณ | ช่,ไม่มีภาพ ไม่มีเสียง,คุณภาพสัญญาน,สายเสื่อมสภาพ,1
58,มีภาพแต่ไม่มีเสียง/มีเสียงแต่ไม่มีภาพ | TVS-ปัญหาสัญญาณ | ช่,มีภาพแต่ไม่มีเสียง/มีเสียงแต่ไม่มีภาพ,TVS-ปัญหาสัญญาณ,Area Manager เห็นชอบให้มีการเปลี่ยน CPE,1
58,มีภาพแต่ไม่มีเสียง/มีเสียงแต่ไม่มีภาพ | TVS-ปัญหาสัญญาณ | ช่,มีภาพแต่ไม่มีเสียง/มีเสียงแต่ไม่มีภาพ,TVS-ปัญหาสัญญาณ,Modemไม่ lock/ไม่ Synch/High Loss,1
58,มีภาพแต่ไม่มีเสียง/มีเสียงแต่ไม่มีภาพ | TVS-ปัญหาสัญญาณ | ช่,มีภาพแต่ไม่มีเสียง/มีเสียงแต่ไม่มีภาพ,CMDU-ปัญหาสัญญาณ,CONFIG CHANGE,1
58,มีภาพแต่ไม่มีเสียง/มีเสียงแต่ไม่มีภาพ | TVS-ปัญหาสัญญาณ | ช่,ปัญหาสัญญาณเสียง,TVS-ปัญหาสัญญาณ,ไม่ทราบสาเหตุ,1
59,ภาพแตก /ภาพเป็นเส้น/ ภาพค้าง/ภาพมาๆ หายๆ | TVS-ปัญหาสัญญาณ |,ภาพแตก /ภาพเป็นเส้น/ ภาพค้าง/ภาพมาๆ หายๆ,TVS-ปัญหาสัญญาณ,การใช้งานของลูกค้า,709
59,ภาพแตก /ภาพเป็นเส้น/ ภาพค้าง/ภาพมาๆ หายๆ | TVS-ปัญหาสัญญาณ |,ภาพแตก /ภาพเป็นเส้น/ ภาพค้าง/ภาพมาๆ หายๆ,TVS-ปัญหาสัญญาณ,ขัดข้อง/เสีย,413
59,ภาพแตก /ภาพเป็นเส้น/ ภาพค้าง/ภาพมาๆ หายๆ | TVS-ปัญหาสัญญาณ |,ภาพแตก /ภาพเป็นเส้น/ ภาพค้าง/ภาพมาๆ หายๆ,TVS-ปัญหาสัญญาณ,ค่าสัญญาณดี แต่พบภาพขาดหาย/ ภาพแตก/ เสียงขาดหาย,392
59,ภาพแตก /ภาพเป็นเส้น/ ภาพค้าง/ภาพมาๆ หายๆ | TVS-ปัญหาสัญญาณ |,ภาพแตก /ภาพเป็นเส้น/ ภาพค้าง/ภาพมาๆ หายๆ,TVS-ปัญหาสัญญาณ,CONFIG CHANGE,306
59,ภาพแตก /ภาพเป็นเส้น/ ภาพค้าง/ภาพมาๆ หายๆ | TVS-ปัญหาสัญญาณ |,ภาพแตก /ภาพเป็นเส้น/ ภาพค้าง/ภาพมาๆ หายๆ,TVS-ปัญหาสัญญาณ,เหตุเสียใช้ได้ ก่อนช่างถึงบ้าน,191
59,ภาพแตก /ภาพเป็นเส้น/ ภาพค้าง/ภาพมาๆ หายๆ | TVS-ปัญหาสัญญาณ |,ภาพแตก /ภาพเป็นเส้น/ ภาพค้าง/ภาพมาๆ หายๆ,TVS-ปัญหาสัญญาณ,ไฟไม่เข้า,167
59,ภาพแตก /ภาพเป็นเส้น/ ภาพค้าง/ภาพมาๆ หายๆ | TVS-ปัญหาสัญญาณ |,ภาพแตก /ภาพเป็นเส้น/ ภาพค้าง/ภาพมาๆ หายๆ,TVS-ปัญหาสัญญาณ,ลูกค้าต้องการเปลี่ยน Set Top Box,153
59,ภาพแตก /ภาพเป็นเส้น/ ภาพค้าง/ภาพมาๆ หายๆ | TVS-ปัญหาสัญญาณ |,ภาพแตก /ภาพเป็นเส้น/ ภาพค้าง/ภาพมาๆ หายๆ,TVS-ปัญหาสัญญาณ,ลูกค้าเปลี่ยนใจ/ลูกค้าขอยกเลิกบริการเอง,117
59,ภาพแตก /ภาพเป็นเส้น/ ภาพค้าง/ภาพมาๆ หายๆ | TVS-ปัญหาสัญญาณ |,ภาพแตก /ภาพเป็นเส้น/ ภาพค้าง/ภาพมาๆ หายๆ,TVS-ปัญหาสัญญาณ,อุปกรณ์ Hang,105
59,ภาพแตก /ภาพเป็นเส้น/ ภาพค้าง/ภาพมาๆ หายๆ | TVS-ปัญหาสัญญาณ |,ภาพแตก /ภาพเป็นเส้น/ ภาพค้าง/ภาพมาๆ หายๆ,TVS-ปัญหาสัญญาณ,กล่องรับสัญญาณขัดข้อง (CA9/CA11),102
59,ภาพแตก /ภาพเป็นเส้น/ ภาพค้าง/ภาพมาๆ หายๆ | TVS-ปัญหาสัญญาณ |,ภาพแตก /ภาพเป็นเส้น/ ภาพค้าง/ภาพมาๆ หายๆ,TVS-ปัญหาสัญญาณ,อุปกรณ์คืนค่าโรงงาน,100
59,ภาพแตก /ภาพเป็นเส้น/ ภาพค้าง/ภาพมาๆ หายๆ | TVS-ปัญหาสัญญาณ |,ภาพแตก /ภาพเป็นเส้น/ ภาพค้าง/ภาพมาๆ หายๆ,TVS-ปัญหาสัญญาณ,กล่องไม่อ่านการ์ด,92
59,ภาพแตก /ภาพเป็นเส้น/ ภาพค้าง/ภาพมาๆ หายๆ | TVS-ปัญหาสัญญาณ |,ภาพแตก /ภาพเป็นเส้น/ ภาพค้าง/ภาพมาๆ หายๆ,TVS-ปัญหาสัญญาณ,ไม่มีสัญญาณ CATV หรือ ค่า RF ไม่ได้ตามค่ามาตรฐาน,87
59,ภาพแตก /ภาพเป็นเส้น/ ภาพค้าง/ภาพมาๆ หายๆ | TVS-ปัญหาสัญญาณ |,ภาพแตก /ภาพเป็นเส้น/ ภาพค้าง/ภาพมาๆ หายๆ,TVS-ปัญหาสัญญาณ,ลูกค้าต้องการเปลี่ยน Hybrid Box,70
59,ภาพแตก /ภาพเป็นเส้น/ ภาพค้าง/ภาพมาๆ หายๆ | TVS-ปัญหาสัญญาณ |,ภาพแตก /ภาพเป็นเส้น/ ภาพค้าง/ภาพมาๆ หายๆ,TVS-ปัญหาสัญญาณ,Monitor เหตุเสียครบตามเงื่อนไข,55
59,ภาพแตก /ภาพเป็นเส้น/ ภาพค้าง/ภาพมาๆ หายๆ | TVS-ปัญหาสัญญาณ |,ภาพแตก /ภาพเป็นเส้น/ ภาพค้าง/ภาพมาๆ หายๆ,TVS-ปัญหาสัญญาณ,ข้อต่อหลวม ไม่ดี/ไม่สนิท,52
59,ภาพแตก /ภาพเป็นเส้น/ ภาพค้าง/ภาพมาๆ หายๆ | TVS-ปัญหาสัญญาณ |,ภาพแตก /ภาพเป็นเส้น/ ภาพค้าง/ภาพมาๆ หายๆ,TVS-ปัญหาสัญญาณ,ไม่ทราบสาเหตุ,50
59,ภาพแตก /ภาพเป็นเส้น/ ภาพค้าง/ภาพมาๆ หายๆ | TVS-ปัญหาสัญญาณ |,ภาพแตก /ภาพเป็นเส้น/ ภาพค้าง/ภาพมาๆ หายๆ,TVS-ปัญหาสัญญาณ,กล่องรับสัญญาณขัดข้อง (ER16/E048),48
59,ภาพแตก /ภาพเป็นเส้น/ ภาพค้าง/ภาพมาๆ หายๆ | TVS-ปัญหาสัญญาณ |,ภาพแตก /ภาพเป็นเส้น/ ภาพค้าง/ภาพมาๆ หายๆ,TVS-ปัญหาสัญญาณ,ช่องรายการถูกล็อค(CA14),48
59,ภาพแตก /ภาพเป็นเส้น/ ภาพค้าง/ภาพมาๆ หายๆ | TVS-ปัญหาสัญญาณ |,ภาพแตก /ภาพเป็นเส้น/ ภาพค้าง/ภาพมาๆ หายๆ,TVS-ปัญหาสัญญาณ,ไม่พบปัญหาการใช้งานแล้ว,35
59,ภาพแตก /ภาพเป็นเส้น/ ภาพค้าง/ภาพมาๆ หายๆ | TVS-ปัญหาสัญญาณ |,ภาพแตก /ภาพเป็นเส้น/ ภาพค้าง/ภาพมาๆ หายๆ,TVS-ปัญหาสัญญาณ,ค่าสัญญาณดี ภาพค้าง/ ขาดหาย,25
59,ภาพแตก /ภาพเป็นเส้น/ ภาพค้าง/ภาพมาๆ หายๆ | TVS-ปัญหาสัญญาณ |,ภาพแตก /ภาพเป็นเส้น/ ภาพค้าง/ภาพมาๆ หายๆ,TVS-ปัญหาสัญญาณ,ทดสอบและอธิบายลูกค้า,22
59,ภาพแตก /ภาพเป็นเส้น/ ภาพค้าง/ภาพมาๆ หายๆ | TVS-ปัญหาสัญญาณ |,ภาพแตก /ภาพเป็นเส้น/ ภาพค้าง/ภาพมาๆ หายๆ,TVS-ปัญหาสัญญาณ,ค่าสัญญาณดี ไม่มีภาพ/ ไม่มีเสียง,22
59,ภาพแตก /ภาพเป็นเส้น/ ภาพค้าง/ภาพมาๆ หายๆ | TVS-ปัญหาสัญญาณ |,ภาพแตก /ภาพเป็นเส้น/ ภาพค้าง/ภาพมาๆ หายๆ,TVS-ปัญหาสัญญาณ,สายหัก/สายงอ/สายถูกดึงรั้ง,22
59,ภาพแตก /ภาพเป็นเส้น/ ภาพค้าง/ภาพมาๆ หายๆ | TVS-ปัญหาสัญญาณ |,ภาพแตก /ภาพเป็นเส้น/ ภาพค้าง/ภาพมาๆ หายๆ,TVS-ปัญหาสัญญาณ,Modemไม่ lock/ไม่ Synch/High Loss,20
59,ภาพแตก /ภาพเป็นเส้น/ ภาพค้าง/ภาพมาๆ หายๆ | TVS-ปัญหาสัญญาณ |,ภาพแตก /ภาพเป็นเส้น/ ภาพค้าง/ภาพมาๆ หายๆ,TVS-ปัญหาสัญญาณ,ขั้วต่อ F Connector RG6 ที่กล่องชำรุด,18
59,ภาพแตก /ภาพเป็นเส้น/ ภาพค้าง/ภาพมาๆ หายๆ | TVS-ปัญหาสัญญาณ |,ภาพแตก /ภาพเป็นเส้น/ ภาพค้าง/ภาพมาๆ หายๆ,TVS-ปัญหาสัญญาณ,ลูกค้าต้องการเปลี่ยน Modem,17
59,ภาพแตก /ภาพเป็นเส้น/ ภาพค้าง/ภาพมาๆ หายๆ | TVS-ปัญหาสัญญาณ |,ภาพแตก /ภาพเป็นเส้น/ ภาพค้าง/ภาพมาๆ หายๆ,TVS-ปัญหาสัญญาณ,Remote ไม่ทำงาน,17
59,ภาพแตก /ภาพเป็นเส้น/ ภาพค้าง/ภาพมาๆ หายๆ | TVS-ปัญหาสัญญาณ |,ภาพแตก /ภาพเป็นเส้น/ ภาพค้าง/ภาพมาๆ หายๆ,TVS-ปัญหาสัญญาณ,Reboot,17
59,ภาพแตก /ภาพเป็นเส้น/ ภาพค้าง/ภาพมาๆ หายๆ | TVS-ปัญหาสัญญาณ |,ภาพแตก /ภาพเป็นเส้น/ ภาพค้าง/ภาพมาๆ หายๆ,TVS-ปัญหาสัญญาณ,ส่งงานไม่ถูกต้อง,17
59,ภาพแตก /ภาพเป็นเส้น/ ภาพค้าง/ภาพมาๆ หายๆ | TVS-ปัญหาสัญญาณ |,ภาพแตก /ภาพเป็นเส้น/ ภาพค้าง/ภาพมาๆ หายๆ,TVS-ปัญหาสัญญาณ,BUG FIRMWARE,16
59,ภาพแตก /ภาพเป็นเส้น/ ภาพค้าง/ภาพมาๆ หายๆ | TVS-ปัญหาสัญญาณ |,ภาพแตก /ภาพเป็นเส้น/ ภาพค้าง/ภาพมาๆ หายๆ,TVS-ปัญหาสัญญาณ,Port HDMI/AV เสีย,14
59,ภาพแตก /ภาพเป็นเส้น/ ภาพค้าง/ภาพมาๆ หายๆ | TVS-ปัญหาสัญญาณ |,ภาพแตก /ภาพเป็นเส้น/ ภาพค้าง/ภาพมาๆ หายๆ,TVS-ปัญหาสัญญาณ,เปลี่ยน process การทำงาน,11
59,ภาพแตก /ภาพเป็นเส้น/ ภาพค้าง/ภาพมาๆ หายๆ | TVS-ปัญหาสัญญาณ |,ภาพแตก /ภาพเป็นเส้น/ ภาพค้าง/ภาพมาๆ หายๆ,TVS-ปัญหาสัญญาณ,ช่องรายการถูกล็อค(E016/E017),11
59,ภาพแตก /ภาพเป็นเส้น/ ภาพค้าง/ภาพมาๆ หายๆ | TVS-ปัญหาสัญญาณ |,ภาพแตก /ภาพเป็นเส้น/ ภาพค้าง/ภาพมาๆ หายๆ,TVS-ปัญหาสัญญาณ,หัวสายสำเร็จSC-APC เสีย,11
59,ภาพแตก /ภาพเป็นเส้น/ ภาพค้าง/ภาพมาๆ หายๆ | TVS-ปัญหาสัญญาณ |,ภาพแตก /ภาพเป็นเส้น/ ภาพค้าง/ภาพมาๆ หายๆ,TVS-ปัญหาสัญญาณ,หัวสายสำเร็จSC-APC หลวม /ไม่สนิท,7
59,ภาพแตก /ภาพเป็นเส้น/ ภาพค้าง/ภาพมาๆ หายๆ | TVS-ปัญหาสัญญาณ |,ภาพแตก /ภาพเป็นเส้น/ ภาพค้าง/ภาพมาๆ หายๆ,TVS-ปัญหาสัญญาณ,กล่องรับสัญญาณขัดข้อง (E161),7
59,ภาพแตก /ภาพเป็นเส้น/ ภาพค้าง/ภาพมาๆ หายๆ | TVS-ปัญหาสัญญาณ |,ภาพแตก /ภาพเป็นเส้น/ ภาพค้าง/ภาพมาๆ หายๆ,TVS-ปัญหาสัญญาณ,Switch on/off เสีย/ชำรุดแตกหัก,6
59,ภาพแตก /ภาพเป็นเส้น/ ภาพค้าง/ภาพมาๆ หายๆ | TVS-ปัญหาสัญญาณ |,ภาพแตก /ภาพเป็นเส้น/ ภาพค้าง/ภาพมาๆ หายๆ,TVS-ปัญหาสัญญาณ,สกปรก,6
59,ภาพแตก /ภาพเป็นเส้น/ ภาพค้าง/ภาพมาๆ หายๆ | TVS-ปัญหาสัญญาณ |,ภาพแตก /ภาพเป็นเส้น/ ภาพค้าง/ภาพมาๆ หายๆ,TVS-ปัญหาสัญญาณ,Area Manager เห็นชอบให้มีการเปลี่ยน CPE,6
59,ภาพแตก /ภาพเป็นเส้น/ ภาพค้าง/ภาพมาๆ หายๆ | TVS-ปัญหาสัญญาณ |,ภาพแตก /ภาพเป็นเส้น/ ภาพค้าง/ภาพมาๆ หายๆ,TVS-ปัญหาสัญญาณ,Port HDMI/AV/optical/usb เสีย,5
59,ภาพแตก /ภาพเป็นเส้น/ ภาพค้าง/ภาพมาๆ หายๆ | TVS-ปัญหาสัญญาณ |,ภาพแตก /ภาพเป็นเส้น/ ภาพค้าง/ภาพมาๆ หายๆ,TVS-ปัญหาสัญญาณ,มีค่า Loss สูง,5
59,ภาพแตก /ภาพเป็นเส้น/ ภาพค้าง/ภาพมาๆ หายๆ | TVS-ปัญหาสัญญาณ |,ภาพแตก /ภาพเป็นเส้น/ ภาพค้าง/ภาพมาๆ หายๆ,TVS-ปัญหาสัญญาณ,Battery หมด/เสื่อม,5
59,ภาพแตก /ภาพเป็นเส้น/ ภาพค้าง/ภาพมาๆ หายๆ | TVS-ปัญหาสัญญาณ |,ภาพแตก /ภาพเป็นเส้น/ ภาพค้าง/ภาพมาๆ หายๆ,TVS-ปัญหาสัญญาณ,ลูกค้าต้องการเปลี่ยน TrueID TV Box,4
59,ภาพแตก /ภาพเป็นเส้น/ ภาพค้าง/ภาพมาๆ หายๆ | TVS-ปัญหาสัญญาณ |,ภาพแตก /ภาพเป็นเส้น/ ภาพค้าง/ภาพมาๆ หายๆ,TVS-ปัญหาสัญญาณ,เสื่อมสภาพการใช้งาน,4
59,ภาพแตก /ภาพเป็นเส้น/ ภาพค้าง/ภาพมาๆ หายๆ | TVS-ปัญหาสัญญาณ |,ภาพแตก /ภาพเป็นเส้น/ ภาพค้าง/ภาพมาๆ หายๆ,TVS-ปัญหาสัญญาณ,รถเกี่ยว,3
59,ภาพแตก /ภาพเป็นเส้น/ ภาพค้าง/ภาพมาๆ หายๆ | TVS-ปัญหาสัญญาณ |,ภาพแตก /ภาพเป็นเส้น/ ภาพค้าง/ภาพมาๆ หายๆ,TVS-ปัญหาสัญญาณ,สายเสื่อมสภาพ,3
59,ภาพแตก /ภาพเป็นเส้น/ ภาพค้าง/ภาพมาๆ หายๆ | TVS-ปัญหาสัญญาณ |,ภาพแตก /ภาพเป็นเส้น/ ภาพค้าง/ภาพมาๆ หายๆ,TVS-ปัญหาสัญญาณ,การไฟฟ้าย้ายแนว/จัดระเบียบสาย,3
59,ภาพแตก /ภาพเป็นเส้น/ ภาพค้าง/ภาพมาๆ หายๆ | TVS-ปัญหาสัญญาณ |,ภาพแตก /ภาพเป็นเส้น/ ภาพค้าง/ภาพมาๆ หายๆ,TVS-ปัญหาสัญญาณ,หน้าจอแสดง Error C0002,3
59,ภาพแตก /ภาพเป็นเส้น/ ภาพค้าง/ภาพมาๆ หายๆ | TVS-ปัญหาสัญญาณ |,ภาพแตก /ภาพเป็นเส้น/ ภาพค้าง/ภาพมาๆ หายๆ,TVS-ปัญหาสัญญาณ,Connect WiFi ไม่ได้/ไม่พบ SSID,3
59,ภาพแตก /ภาพเป็นเส้น/ ภาพค้าง/ภาพมาๆ หายๆ | TVS-ปัญหาสัญญาณ |,ภาพแตก /ภาพเป็นเส้น/ ภาพค้าง/ภาพมาๆ หายๆ,TVS-ปัญหาสัญญาณ,LAN เสีย,2
59,ภาพแตก /ภาพเป็นเส้น/ ภาพค้าง/ภาพมาๆ หายๆ | TVS-ปัญหาสัญญาณ |,ภาพแตก /ภาพเป็นเส้น/ ภาพค้าง/ภาพมาๆ หายๆ,TVS-ปัญหาสัญญาณ,สัตว์ (เช่น ลิง กระรอก ช้าง ),2
59,ภาพแตก /ภาพเป็นเส้น/ ภาพค้าง/ภาพมาๆ หายๆ | TVS-ปัญหาสัญญาณ |,ภาพแตก /ภาพเป็นเส้น/ ภาพค้าง/ภาพมาๆ หายๆ,TVS-ปัญหาสัญญาณ,สายขาด,2
59,ภาพแตก /ภาพเป็นเส้น/ ภาพค้าง/ภาพมาๆ หายๆ | TVS-ปัญหาสัญญาณ |,ภาพแตก /ภาพเป็นเส้น/ ภาพค้าง/ภาพมาๆ หายๆ,TVS-ปัญหาสัญญาณ,wifi ของกล่องเสีย,2
59,ภาพแตก /ภาพเป็นเส้น/ ภาพค้าง/ภาพมาๆ หายๆ | TVS-ปัญหาสัญญาณ |,ภาพแตก /ภาพเป็นเส้น/ ภาพค้าง/ภาพมาๆ หายๆ,TVS-ปัญหาสัญญาณ,อุปกรณ์ลูกค้า TV/เครื่องเสียง/อุปกรณ์ Bluetooth,2
59,ภาพแตก /ภาพเป็นเส้น/ ภาพค้าง/ภาพมาๆ หายๆ | TVS-ปัญหาสัญญาณ |,ภาพแตก /ภาพเป็นเส้น/ ภาพค้าง/ภาพมาๆ หายๆ,CMDU-ปัญหาสัญญาณ,ค่าสัญญาณดี แต่พบภาพขาดหาย/ ภาพแตก/ เสียงขาดหาย,2
59,ภาพแตก /ภาพเป็นเส้น/ ภาพค้าง/ภาพมาๆ หายๆ | TVS-ปัญหาสัญญาณ |,ภาพแตก /ภาพเป็นเส้น/ ภาพค้าง/ภาพมาๆ หายๆ,TVS-ปัญหาสัญญาณ,Port Lan เสีย,2
59,ภาพแตก /ภาพเป็นเส้น/ ภาพค้าง/ภาพมาๆ หายๆ | TVS-ปัญหาสัญญาณ |,ภาพแตก/ภาพเป็นเส้น/ภาพ Snow/ภาพค้าง/หน้าจอฟ้า/หน้าจอดำ,คุณภาพสัญญาน,อุปกรณ์ Hang,2
59,ภาพแตก /ภาพเป็นเส้น/ ภาพค้าง/ภาพมาๆ หายๆ | TVS-ปัญหาสัญญาณ |,ภาพแตก /ภาพเป็นเส้น/ ภาพค้าง/ภาพมาๆ หายๆ,TVS-ปัญหาสัญญาณ,อัพเกรดอุปกรณ์,2
59,ภาพแตก /ภาพเป็นเส้น/ ภาพค้าง/ภาพมาๆ หายๆ | TVS-ปัญหาสัญญาณ |,ภาพแตก /ภาพเป็นเส้น/ ภาพค้าง/ภาพมาๆ หายๆ,TVS-ปัญหาสัญญาณ,เทศบาลตัดแต่งต้นไม้,2
59,ภาพแตก /ภาพเป็นเส้น/ ภาพค้าง/ภาพมาๆ หายๆ | TVS-ปัญหาสัญญาณ |,ภาพแตก /ภาพเป็นเส้น/ ภาพค้าง/ภาพมาๆ หายๆ,TVS-ปัญหาสัญญาณ,หัวสายสำเร็จSC-APC สกปรก,1
59,ภาพแตก /ภาพเป็นเส้น/ ภาพค้าง/ภาพมาๆ หายๆ | TVS-ปัญหาสัญญาณ |,ภาพแตก /ภาพเป็นเส้น/ ภาพค้าง/ภาพมาๆ หายๆ,CMDU-ปัญหาสัญญาณ,การใช้งานของลูกค้า,1
59,ภาพแตก /ภาพเป็นเส้น/ ภาพค้าง/ภาพมาๆ หายๆ | TVS-ปัญหาสัญญาณ |,ภาพแตก /ภาพเป็นเส้น/ ภาพค้าง/ภาพมาๆ หายๆ,TVS-ปัญหาสัญญาณ,อื่น ๆ,1
59,ภาพแตก /ภาพเป็นเส้น/ ภาพค้าง/ภาพมาๆ หายๆ | TVS-ปัญหาสัญญาณ |,ภาพแตก /ภาพเป็นเส้น/ ภาพค้าง/ภาพมาๆ หายๆ,CMDU-ปัญหาสัญญาณ,ขัดข้อง/เสีย,1
59,ภาพแตก /ภาพเป็นเส้น/ ภาพค้าง/ภาพมาๆ หายๆ | TVS-ปัญหาสัญญาณ |,ภาพแตก/ภาพเป็นเส้น/ภาพ Snow/ภาพค้าง/หน้าจอฟ้า/หน้าจอดำ,คุณภาพสัญญาน,CONFIG CHANGE,1
59,ภาพแตก /ภาพเป็นเส้น/ ภาพค้าง/ภาพมาๆ หายๆ | TVS-ปัญหาสัญญาณ |,ภาพแตก /ภาพเป็นเส้น/ ภาพค้าง/ภาพมาๆ หายๆ,TVS-ปัญหาสัญญาณ,มีเสียงผิดปกติในตัวโมเด็ม,1
59,ภาพแตก /ภาพเป็นเส้น/ ภาพค้าง/ภาพมาๆ หายๆ | TVS-ปัญหาสัญญาณ |,ภาพแตก /ภาพเป็นเส้น/ ภาพค้าง/ภาพมาๆ หายๆ,TVS-ปัญหาสัญญาณ,แตกหัก,1
59,ภาพแตก /ภาพเป็นเส้น/ ภาพค้าง/ภาพมาๆ หายๆ | TVS-ปัญหาสัญญาณ |,ภาพแตก /ภาพเป็นเส้น/ ภาพค้าง/ภาพมาๆ หายๆ,TVS-ปัญหาสัญญาณ,ผรม ติดตั้งกล่องไม่สมบูรณ์,1
59,ภาพแตก /ภาพเป็นเส้น/ ภาพค้าง/ภาพมาๆ หายๆ | TVS-ปัญหาสัญญาณ |,ภาพแตก /ภาพเป็นเส้น/ ภาพค้าง/ภาพมาๆ หายๆ,TVS-ปัญหาสัญญาณ,หลวม/แตกหัก,1
59,ภาพแตก /ภาพเป็นเส้น/ ภาพค้าง/ภาพมาๆ หายๆ | TVS-ปัญหาสัญญาณ |,ภาพแตก /ภาพเป็นเส้น/ ภาพค้าง/ภาพมาๆ หายๆ,CMDU-ปัญหาสัญญาณ,กล่องรับสัญญาณขัดข้อง (CA9/CA11),1
59,ภาพแตก /ภาพเป็นเส้น/ ภาพค้าง/ภาพมาๆ หายๆ | TVS-ปัญหาสัญญาณ |,ภาพแตก /ภาพเป็นเส้น/ ภาพค้าง/ภาพมาๆ หายๆ,TVS-ปัญหาสัญญาณ,Modem ไม่รองรับ Package ลูกค้า,1
59,ภาพแตก /ภาพเป็นเส้น/ ภาพค้าง/ภาพมาๆ หายๆ | TVS-ปัญหาสัญญาณ |,ภาพแตก /ภาพเป็นเส้น/ ภาพค้าง/ภาพมาๆ หายๆ,TVS-ปัญหาสัญญาณ,Modem แตกหัก/สีผิดสภาพเดิม,1
59,ภาพแตก /ภาพเป็นเส้น/ ภาพค้าง/ภาพมาๆ หายๆ | TVS-ปัญหาสัญญาณ |,ภาพแตก /ภาพเป็นเส้น/ ภาพค้าง/ภาพมาๆ หายๆ,TVS-ปัญหาสัญญาณ,Tuner เสีย (กล่อง2 Tuner),1
59,ภาพแตก /ภาพเป็นเส้น/ ภาพค้าง/ภาพมาๆ หายๆ | TVS-ปัญหาสัญญาณ |,ภาพแตก /ภาพเป็นเส้น/ ภาพค้าง/ภาพมาๆ หายๆ,TVS-ปัญหาสัญญาณ,คำสั่งเสียงไม่ทำงาน,1
59,ภาพแตก /ภาพเป็นเส้น/ ภาพค้าง/ภาพมาๆ หายๆ | TVS-ปัญหาสัญญาณ |,ภาพแตก /ภาพเป็นเส้น/ ภาพค้าง/ภาพมาๆ หายๆ,TVS-ปัญหาสัญญาณ,Wi-fi 2.4G ไม่รองรับ Speed,1
59,ภาพแตก /ภาพเป็นเส้น/ ภาพค้าง/ภาพมาๆ หายๆ | TVS-ปัญหาสัญญาณ |,ภาพแตก /ภาพเป็นเส้น/ ภาพค้าง/ภาพมาๆ หายๆ,TVS-ปัญหาสัญญาณ,"สายขาด,หัก (Crack)",1
59,ภาพแตก /ภาพเป็นเส้น/ ภาพค้าง/ภาพมาๆ หายๆ | TVS-ปัญหาสัญญาณ |,ภาพแตก/ภาพเป็นเส้น/ภาพ Snow/ภาพค้าง/หน้าจอฟ้า/หน้าจอดำ,คุณภาพสัญญาน,ไฟไม่เข้า,1
60,ภาพกระตุก ทุกช่อง/บางช่อง | TVS-ปัญหาสัญญาณ | ลูกค้าเปลี่ยนใ,ใช้งาน smart tv ไม่ได้,แจ้งเสีย-คุณภาพสัญญาณ,,138
60,ภาพกระตุก ทุกช่อง/บางช่อง | TVS-ปัญหาสัญญาณ | ลูกค้าเปลี่ยนใ,ภาพหายบางช่อง,TVS-ปัญหาสัญญาณ,การใช้งานของลูกค้า,137
60,ภาพกระตุก ทุกช่อง/บางช่อง | TVS-ปัญหาสัญญาณ | ลูกค้าเปลี่ยนใ,ภาพกระตุก ทุกช่อง/บางช่อง,TVS-ปัญหาสัญญาณ,การใช้งานของลูกค้า,103
60,ภาพกระตุก ทุกช่อง/บางช่อง | TVS-ปัญหาสัญญาณ | ลูกค้าเปลี่ยนใ,ภาพหายบางช่อง,TVS-ปัญหาสัญญาณ,CONFIG CHANGE,102
60,ภาพกระตุก ทุกช่อง/บางช่อง | TVS-ปัญหาสัญญาณ | ลูกค้าเปลี่ยนใ,ภาพกระตุก ทุกช่อง/บางช่อง,TVS-ปัญหาสัญญาณ,ค่าสัญญาณดี แต่พบภาพขาดหาย/ ภาพแตก/ เสียงขาดหาย,95
60,ภาพกระตุก ทุกช่อง/บางช่อง | TVS-ปัญหาสัญญาณ | ลูกค้าเปลี่ยนใ,ภาพกระตุก ทุกช่อง/บางช่อง,TVS-ปัญหาสัญญาณ,ขัดข้อง/เสีย,80
60,ภาพกระตุก ทุกช่อง/บางช่อง | TVS-ปัญหาสัญญาณ | ลูกค้าเปลี่ยนใ,รีโมตคำสั่งเสียงไม่ทำงาน,TVS-ปัญหาอุปกรณ์,ขัดข้อง/เสีย,64
60,ภาพกระตุก ทุกช่อง/บางช่อง | TVS-ปัญหาสัญญาณ | ลูกค้าเปลี่ยนใ,ภาพกระตุก ทุกช่อง/บางช่อง,TVS-ปัญหาสัญญาณ,CONFIG CHANGE,46
60,ภาพกระตุก ทุกช่อง/บางช่อง | TVS-ปัญหาสัญญาณ | ลูกค้าเปลี่ยนใ,ภาพกระตุก ทุกช่อง/บางช่อง,TVS-ปัญหาสัญญาณ,เหตุเสียใช้ได้ ก่อนช่างถึงบ้าน,41
60,ภาพกระตุก ทุกช่อง/บางช่อง | TVS-ปัญหาสัญญาณ | ลูกค้าเปลี่ยนใ,ภาพหายบางช่อง,TVS-ปัญหาสัญญาณ,ขัดข้อง/เสีย,38
60,ภาพกระตุก ทุกช่อง/บางช่อง | TVS-ปัญหาสัญญาณ | ลูกค้าเปลี่ยนใ,ภาพหายบางช่อง,TVS-ปัญหาสัญญาณ,อุปกรณ์คืนค่าโรงงาน,36
60,ภาพกระตุก ทุกช่อง/บางช่อง | TVS-ปัญหาสัญญาณ | ลูกค้าเปลี่ยนใ,ไม่มีภาพและเสียงบางช่อง,TVS-ปัญหาสัญญาณ,การใช้งานของลูกค้า,32
60,ภาพกระตุก ทุกช่อง/บางช่อง | TVS-ปัญหาสัญญาณ | ลูกค้าเปลี่ยนใ,ภาพหายบางช่อง,TVS-ปัญหาสัญญาณ,เหตุเสียใช้ได้ ก่อนช่างถึงบ้าน,31
60,ภาพกระตุก ทุกช่อง/บางช่อง | TVS-ปัญหาสัญญาณ | ลูกค้าเปลี่ยนใ,ไม่มีภาพและเสียงบางช่อง,TVS-ปัญหาสัญญาณ,CONFIG CHANGE,31
60,ภาพกระตุก ทุกช่อง/บางช่อง | TVS-ปัญหาสัญญาณ | ลูกค้าเปลี่ยนใ,ภาพกระตุก ทุกช่อง/บางช่อง,TVS-ปัญหาสัญญาณ,ไฟไม่เข้า,29
60,ภาพกระตุก ทุกช่อง/บางช่อง | TVS-ปัญหาสัญญาณ | ลูกค้าเปลี่ยนใ,ภาพกระตุก ทุกช่อง/บางช่อง,TVS-ปัญหาสัญญาณ,ลูกค้าเปลี่ยนใจ/ลูกค้าขอยกเลิกบริการเอง,28
60,ภาพกระตุก ทุกช่อง/บางช่อง | TVS-ปัญหาสัญญาณ | ลูกค้าเปลี่ยนใ,ไม่พบช่องรายการตาม Package,TVS-ปัญหาสัญญาณ,การใช้งานของลูกค้า,28
60,ภาพกระตุก ทุกช่อง/บางช่อง | TVS-ปัญหาสัญญาณ | ลูกค้าเปลี่ยนใ,ภาพหายบางช่อง,TVS-ปัญหาสัญญาณ,ลูกค้าเปลี่ยนใจ/ลูกค้าขอยกเลิกบริการเอง,26
60,ภาพกระตุก ทุกช่อง/บางช่อง | TVS-ปัญหาสัญญาณ | ลูกค้าเปลี่ยนใ,ภาพกระตุก ทุกช่อง/บางช่อง,TVS-ปัญหาสัญญาณ,ไม่มีสัญญาณ CATV หรือ ค่า RF ไม่ได้ตามค่ามาตรฐาน,26
60,ภาพกระตุก ทุกช่อง/บางช่อง | TVS-ปัญหาสัญญาณ | ลูกค้าเปลี่ยนใ,ภาพกระตุก ทุกช่อง/บางช่อง,TVS-ปัญหาสัญญาณ,กล่องไม่อ่านการ์ด,24
60,ภาพกระตุก ทุกช่อง/บางช่อง | TVS-ปัญหาสัญญาณ | ลูกค้าเปลี่ยนใ,ภาพหายบางช่อง,TVS-ปัญหาสัญญาณ,ช่องรายการถูกล็อค(CA14),22
60,ภาพกระตุก ทุกช่อง/บางช่อง | TVS-ปัญหาสัญญาณ | ลูกค้าเปลี่ยนใ,ภาพหายบางช่อง,TVS-ปัญหาสัญญาณ,ไฟไม่เข้า,21
60,ภาพกระตุก ทุกช่อง/บางช่อง | TVS-ปัญหาสัญญาณ | ลูกค้าเปลี่ยนใ,ภาพหายบางช่อง,TVS-ปัญหาสัญญาณ,กล่องรับสัญญาณขัดข้อง (CA9/CA11),21
60,ภาพกระตุก ทุกช่อง/บางช่อง | TVS-ปัญหาสัญญาณ | ลูกค้าเปลี่ยนใ,ภาพกระตุก ทุกช่อง/บางช่อง,TVS-ปัญหาสัญญาณ,กล่องรับสัญญาณขัดข้อง (CA9/CA11),21
60,ภาพกระตุก ทุกช่อง/บางช่อง | TVS-ปัญหาสัญญาณ | ลูกค้าเปลี่ยนใ,รีโมตคำสั่งเสียงไม่ทำงาน,TVS-ปัญหาอุปกรณ์,Remote ไม่ทำงาน,20
60,ภาพกระตุก ทุกช่อง/บางช่อง | TVS-ปัญหาสัญญาณ | ลูกค้าเปลี่ยนใ,ไม่มีภาพและเสียงบางช่อง,TVS-ปัญหาสัญญาณ,ขัดข้อง/เสีย,20
60,ภาพกระตุก ทุกช่อง/บางช่อง | TVS-ปัญหาสัญญาณ | ลูกค้าเปลี่ยนใ,ขึ้นข้อความ กรุณารอสักครู่,TVS-ปัญหาสัญญาณ,CONFIG CHANGE,19
60,ภาพกระตุก ทุกช่อง/บางช่อง | TVS-ปัญหาสัญญาณ | ลูกค้าเปลี่ยนใ,ภาพหายบางช่อง,TVS-ปัญหาสัญญาณ,ค่าสัญญาณดี แต่พบภาพขาดหาย/ ภาพแตก/ เสียงขาดหาย,18
60,ภาพกระตุก ทุกช่อง/บางช่อง | TVS-ปัญหาสัญญาณ | ลูกค้าเปลี่ยนใ,ภาพหายบางช่อง,TVS-ปัญหาสัญญาณ,Monitor เหตุเสียครบตามเงื่อนไข,15
60,ภาพกระตุก ทุกช่อง/บางช่อง | TVS-ปัญหาสัญญาณ | ลูกค้าเปลี่ยนใ,ขึ้นข้อความ กรุณารอสักครู่,TVS-ปัญหาสัญญาณ,การใช้งานของลูกค้า,15
60,ภาพกระตุก ทุกช่อง/บางช่อง | TVS-ปัญหาสัญญาณ | ลูกค้าเปลี่ยนใ,ไม่พบช่องรายการตาม Package,TVS-ปัญหาสัญญาณ,CONFIG CHANGE,14
60,ภาพกระตุก ทุกช่อง/บางช่อง | TVS-ปัญหาสัญญาณ | ลูกค้าเปลี่ยนใ,ภาพกระตุก ทุกช่อง/บางช่อง,TVS-ปัญหาสัญญาณ,กล่องรับสัญญาณขัดข้อง (ER16/E048),13
60,ภาพกระตุก ทุกช่อง/บางช่อง | TVS-ปัญหาสัญญาณ | ลูกค้าเปลี่ยนใ,ภาพกระตุก ทุกช่อง/บางช่อง,TVS-ปัญหาสัญญาณ,ช่องรายการถูกล็อค(CA14),12
60,ภาพกระตุก ทุกช่อง/บางช่อง | TVS-ปัญหาสัญญาณ | ลูกค้าเปลี่ยนใ,ภาพกระตุก ทุกช่อง/บางช่อง,TVS-ปัญหาสัญญาณ,ลูกค้าต้องการเปลี่ยน Hybrid Box,12
60,ภาพกระตุก ทุกช่อง/บางช่อง | TVS-ปัญหาสัญญาณ | ลูกค้าเปลี่ยนใ,ใช้งาน smart tv ไม่ได้,คุณภาพสัญญาน,,11
60,ภาพกระตุก ทุกช่อง/บางช่อง | TVS-ปัญหาสัญญาณ | ลูกค้าเปลี่ยนใ,ขึ้นข้อความ กรุณารอสักครู่,TVS-ปัญหาสัญญาณ,ไฟไม่เข้า,11
60,ภาพกระตุก ทุกช่อง/บางช่อง | TVS-ปัญหาสัญญาณ | ลูกค้าเปลี่ยนใ,ภาพหายบางช่อง,TVS-ปัญหาสัญญาณ,กล่องรับสัญญาณขัดข้อง (ER16/E048),11
60,ภาพกระตุก ทุกช่อง/บางช่อง | TVS-ปัญหาสัญญาณ | ลูกค้าเปลี่ยนใ,ภาพกระตุก ทุกช่อง/บางช่อง,TVS-ปัญหาสัญญาณ,อุปกรณ์คืนค่าโรงงาน,11
60,ภาพกระตุก ทุกช่อง/บางช่อง | TVS-ปัญหาสัญญาณ | ลูกค้าเปลี่ยนใ,ภาพกระตุก ทุกช่อง/บางช่อง,TVS-ปัญหาสัญญาณ,อุปกรณ์ Hang,10
60,ภาพกระตุก ทุกช่อง/บางช่อง | TVS-ปัญหาสัญญาณ | ลูกค้าเปลี่ยนใ,ไม่มีภาพและเสียงบางช่อง,TVS-ปัญหาสัญญาณ,อุปกรณ์คืนค่าโรงงาน,10
60,ภาพกระตุก ทุกช่อง/บางช่อง | TVS-ปัญหาสัญญาณ | ลูกค้าเปลี่ยนใ,ภาพหายบางช่อง,TVS-ปัญหาสัญญาณ,ไม่ทราบสาเหตุ,10
60,ภาพกระตุก ทุกช่อง/บางช่อง | TVS-ปัญหาสัญญาณ | ลูกค้าเปลี่ยนใ,ขึ้นข้อความ กรุณารอสักครู่,TVS-ปัญหาสัญญาณ,อุปกรณ์ Hang,10
60,ภาพกระตุก ทุกช่อง/บางช่อง | TVS-ปัญหาสัญญาณ | ลูกค้าเปลี่ยนใ,ไม่พบช่องรายการตาม Package,TVS-ปัญหาสัญญาณ,เหตุเสียใช้ได้ ก่อนช่างถึงบ้าน,9
60,ภาพกระตุก ทุกช่อง/บางช่อง | TVS-ปัญหาสัญญาณ | ลูกค้าเปลี่ยนใ,ภาพกระตุก ทุกช่อง/บางช่อง,TVS-ปัญหาสัญญาณ,ข้อต่อหลวม ไม่ดี/ไม่สนิท,9
60,ภาพกระตุก ทุกช่อง/บางช่อง | TVS-ปัญหาสัญญาณ | ลูกค้าเปลี่ยนใ,ภาพหายบางช่อง,TVS-ปัญหาสัญญาณ,ส่งงานไม่ถูกต้อง,8
60,ภาพกระตุก ทุกช่อง/บางช่อง | TVS-ปัญหาสัญญาณ | ลูกค้าเปลี่ยนใ,ไม่มีภาพและเสียงบางช่อง,TVS-ปัญหาสัญญาณ,ลูกค้าเปลี่ยนใจ/ลูกค้าขอยกเลิกบริการเอง,8
60,ภาพกระตุก ทุกช่อง/บางช่อง | TVS-ปัญหาสัญญาณ | ลูกค้าเปลี่ยนใ,ภาพหายบางช่อง,TVS-ปัญหาสัญญาณ,กล่องไม่อ่านการ์ด,8
60,ภาพกระตุก ทุกช่อง/บางช่อง | TVS-ปัญหาสัญญาณ | ลูกค้าเปลี่ยนใ,ภาพกระตุก ทุกช่อง/บางช่อง,TVS-ปัญหาสัญญาณ,ไม่ทราบสาเหตุ,8
60,ภาพกระตุก ทุกช่อง/บางช่อง | TVS-ปัญหาสัญญาณ | ลูกค้าเปลี่ยนใ,ภาพกระตุก ทุกช่อง/บางช่อง,TVS-ปัญหาสัญญาณ,ไม่พบปัญหาการใช้งานแล้ว,8
60,ภาพกระตุก ทุกช่อง/บางช่อง | TVS-ปัญหาสัญญาณ | ลูกค้าเปลี่ยนใ,ปัญหาสัญญาณเสียง,TVS-ปัญหาสัญญาณ,CONFIG CHANGE,8
60,ภาพกระตุก ทุกช่อง/บางช่อง | TVS-ปัญหาสัญญาณ | ลูกค้าเปลี่ยนใ,ไม่มีภาพและเสียงบางช่อง,TVS-ปัญหาสัญญาณ,เหตุเสียใช้ได้ ก่อนช่างถึงบ้าน,7
60,ภาพกระตุก ทุกช่อง/บางช่อง | TVS-ปัญหาสัญญาณ | ลูกค้าเปลี่ยนใ,ภาพหายบางช่อง,TVS-ปัญหาสัญญาณ,ช่องรายการถูกล็อค(E016/E017),7
60,ภาพกระตุก ทุกช่อง/บางช่อง | TVS-ปัญหาสัญญาณ | ลูกค้าเปลี่ยนใ,ไม่พบช่องรายการตาม Package,TVS-ปัญหาสัญญาณ,ขัดข้อง/เสีย,7
60,ภาพกระตุก ทุกช่อง/บางช่อง | TVS-ปัญหาสัญญาณ | ลูกค้าเปลี่ยนใ,ไม่มีภาพและเสียงบางช่อง,TVS-ปัญหาสัญญาณ,ไฟไม่เข้า,7
60,ภาพกระตุก ทุกช่อง/บางช่อง | TVS-ปัญหาสัญญาณ | ลูกค้าเปลี่ยนใ,รีโมตคำสั่งเสียงไม่ทำงาน,TVS-ปัญหาอุปกรณ์,เหตุเสียใช้ได้ ก่อนช่างถึงบ้าน,7
60,ภาพกระตุก ทุกช่อง/บางช่อง | TVS-ปัญหาสัญญาณ | ลูกค้าเปลี่ยนใ,ขึ้นข้อความ กรุณารอสักครู่,TVS-ปัญหาสัญญาณ,ขัดข้อง/เสีย,7
60,ภาพกระตุก ทุกช่อง/บางช่อง | TVS-ปัญหาสัญญาณ | ลูกค้าเปลี่ยนใ,ไม่มีภาพและเสียงบางช่อง,TVS-ปัญหาสัญญาณ,กล่องรับสัญญาณขัดข้อง (CA9/CA11),6
60,ภาพกระตุก ทุกช่อง/บางช่อง | TVS-ปัญหาสัญญาณ | ลูกค้าเปลี่ยนใ,ภาพกระตุก ทุกช่อง/บางช่อง,TVS-ปัญหาสัญญาณ,ช่องรายการถูกล็อค(E016/E017),6
60,ภาพกระตุก ทุกช่อง/บางช่อง | TVS-ปัญหาสัญญาณ | ลูกค้าเปลี่ยนใ,ปัญหาสัญญาณเสียง,TVS-ปัญหาสัญญาณ,ค่าสัญญาณดี แต่พบภาพขาดหาย/ ภาพแตก/ เสียงขาดหาย,6
60,ภาพกระตุก ทุกช่อง/บางช่อง | TVS-ปัญหาสัญญาณ | ลูกค้าเปลี่ยนใ,รีโมตคำสั่งเสียงไม่ทำงาน,TVS-ปัญหาอุปกรณ์,คำสั่งเสียงไม่ทำงาน,6
60,ภาพกระตุก ทุกช่อง/บางช่อง | TVS-ปัญหาสัญญาณ | ลูกค้าเปลี่ยนใ,ภาพกระตุก ทุกช่อง/บางช่อง,TVS-ปัญหาสัญญาณ,Monitor เหตุเสียครบตามเงื่อนไข,6
60,ภาพกระตุก ทุกช่อง/บางช่อง | TVS-ปัญหาสัญญาณ | ลูกค้าเปลี่ยนใ,ภาพกระตุก ทุกช่อง/บางช่อง,TVS-ปัญหาสัญญาณ,Remote ไม่ทำงาน,6
60,ภาพกระตุก ทุกช่อง/บางช่อง | TVS-ปัญหาสัญญาณ | ลูกค้าเปลี่ยนใ,ไม่มีภาพและเสียงบางช่อง,TVS-ปัญหาสัญญาณ,ค่าสัญญาณดี แต่พบภาพขาดหาย/ ภาพแตก/ เสียงขาดหาย,5
60,ภาพกระตุก ทุกช่อง/บางช่อง | TVS-ปัญหาสัญญาณ | ลูกค้าเปลี่ยนใ,ภาพกระตุก ทุกช่อง/บางช่อง,TVS-ปัญหาสัญญาณ,Port HDMI/AV เสีย,5
60,ภาพกระตุก ทุกช่อง/บางช่อง | TVS-ปัญหาสัญญาณ | ลูกค้าเปลี่ยนใ,ไม่พบช่องรายการตาม Package,TVS-ปัญหาสัญญาณ,อุปกรณ์คืนค่าโรงงาน,5
60,ภาพกระตุก ทุกช่อง/บางช่อง | TVS-ปัญหาสัญญาณ | ลูกค้าเปลี่ยนใ,ภาพหายบางช่อง,TVS-ปัญหาสัญญาณ,กล่องรับสัญญาณขัดข้อง (E161),5
60,ภาพกระตุก ทุกช่อง/บางช่อง | TVS-ปัญหาสัญญาณ | ลูกค้าเปลี่ยนใ,ภาพกระตุก ทุกช่อง/บางช่อง,TVS-ปัญหาสัญญาณ,Modemไม่ lock/ไม่ Synch/High Loss,5
60,ภาพกระตุก ทุกช่อง/บางช่อง | TVS-ปัญหาสัญญาณ | ลูกค้าเปลี่ยนใ,ภาพกระตุก ทุกช่อง/บางช่อง,TVS-ปัญหาสัญญาณ,ค่าสัญญาณดี ภาพค้าง/ ขาดหาย,5
60,ภาพกระตุก ทุกช่อง/บางช่อง | TVS-ปัญหาสัญญาณ | ลูกค้าเปลี่ยนใ,ภาพหายบางช่อง,TVS-ปัญหาสัญญาณ,ไม่มีสัญญาณ CATV หรือ ค่า RF ไม่ได้ตามค่ามาตรฐาน,5
60,ภาพกระตุก ทุกช่อง/บางช่อง | TVS-ปัญหาสัญญาณ | ลูกค้าเปลี่ยนใ,ภาพหายบางช่อง,TVS-ปัญหาสัญญาณ,ลูกค้าต้องการเปลี่ยน Hybrid Box,5
60,ภาพกระตุก ทุกช่อง/บางช่อง | TVS-ปัญหาสัญญาณ | ลูกค้าเปลี่ยนใ,รีโมตเสียใช้งานไม่ได้,TVS-ปัญหาอุปกรณ์,ขัดข้อง/เสีย,4
60,ภาพกระตุก ทุกช่อง/บางช่อง | TVS-ปัญหาสัญญาณ | ลูกค้าเปลี่ยนใ,ภาพกระตุก ทุกช่อง/บางช่อง,TVS-ปัญหาสัญญาณ,สายหัก/สายงอ/สายถูกดึงรั้ง,4
60,ภาพกระตุก ทุกช่อง/บางช่อง | TVS-ปัญหาสัญญาณ | ลูกค้าเปลี่ยนใ,ไม่มีภาพและเสียงบางช่อง,TVS-ปัญหาสัญญาณ,ช่องรายการถูกล็อค(CA14),4
60,ภาพกระตุก ทุกช่อง/บางช่อง | TVS-ปัญหาสัญญาณ | ลูกค้าเปลี่ยนใ,ไม่พบช่องรายการตาม Package,TVS-ปัญหาสัญญาณ,อุปกรณ์ Hang,4
60,ภาพกระตุก ทุกช่อง/บางช่อง | TVS-ปัญหาสัญญาณ | ลูกค้าเปลี่ยนใ,ภาพหายบางช่อง,TVS-ปัญหาสัญญาณ,อุปกรณ์ Hang,4
60,ภาพกระตุก ทุกช่อง/บางช่อง | TVS-ปัญหาสัญญาณ | ลูกค้าเปลี่ยนใ,ภาพหายบางช่อง,TVS-ปัญหาสัญญาณ,ไม่พบปัญหาการใช้งานแล้ว,4
60,ภาพกระตุก ทุกช่อง/บางช่อง | TVS-ปัญหาสัญญาณ | ลูกค้าเปลี่ยนใ,ภาพกระตุก ทุกช่อง/บางช่อง,TVS-ปัญหาสัญญาณ,ส่งงานไม่ถูกต้อง,4
60,ภาพกระตุก ทุกช่อง/บางช่อง | TVS-ปัญหาสัญญาณ | ลูกค้าเปลี่ยนใ,ไม่มีภาพและเสียงบางช่อง,TVS-ปัญหาสัญญาณ,ไม่ทราบสาเหตุ,4
60,ภาพกระตุก ทุกช่อง/บางช่อง | TVS-ปัญหาสัญญาณ | ลูกค้าเปลี่ยนใ,ไม่มีภาพและเสียงบางช่อง,TVS-ปัญหาสัญญาณ,ส่งงานไม่ถูกต้อง,3
60,ภาพกระตุก ทุกช่อง/บางช่อง | TVS-ปัญหาสัญญาณ | ลูกค้าเปลี่ยนใ,ไม่มีภาพและเสียงบางช่อง,TVS-ปัญหาสัญญาณ,Monitor เหตุเสียครบตามเงื่อนไข,3
60,ภาพกระตุก ทุกช่อง/บางช่อง | TVS-ปัญหาสัญญาณ | ลูกค้าเปลี่ยนใ,ภาพกระตุก ทุกช่อง/บางช่อง,TVS-ปัญหาสัญญาณ,ลูกค้าต้องการเปลี่ยน Modem,3
60,ภาพกระตุก ทุกช่อง/บางช่อง | TVS-ปัญหาสัญญาณ | ลูกค้าเปลี่ยนใ,ภาพกระตุก ทุกช่อง/บางช่อง,TVS-ปัญหาสัญญาณ,ทดสอบและอธิบายลูกค้า,3
60,ภาพกระตุก ทุกช่อง/บางช่อง | TVS-ปัญหาสัญญาณ | ลูกค้าเปลี่ยนใ,ปัญหาสัญญาณเสียง,TVS-ปัญหาสัญญาณ,ขัดข้อง/เสีย,3
60,ภาพกระตุก ทุกช่อง/บางช่อง | TVS-ปัญหาสัญญาณ | ลูกค้าเปลี่ยนใ,ภาพกระตุก ทุกช่อง/บางช่อง,TVS-ปัญหาสัญญาณ,ขั้วต่อ F Connector RG6 ที่กล่องชำรุด,3
60,ภาพกระตุก ทุกช่อง/บางช่อง | TVS-ปัญหาสัญญาณ | ลูกค้าเปลี่ยนใ,รีโมตคำสั่งเสียงไม่ทำงาน,TVS-ปัญหาอุปกรณ์,ส่งงานไม่ถูกต้อง,3
60,ภาพกระตุก ทุกช่อง/บางช่อง | TVS-ปัญหาสัญญาณ | ลูกค้าเปลี่ยนใ,ไม่มีภาพและเสียงบางช่อง,TVS-ปัญหาสัญญาณ,ช่องรายการถูกล็อค(E016/E017),3
60,ภาพกระตุก ทุกช่อง/บางช่อง | TVS-ปัญหาสัญญาณ | ลูกค้าเปลี่ยนใ,ภาพหายบางช่อง,TVS-ปัญหาสัญญาณ,ทดสอบและอธิบายลูกค้า,3
60,ภาพกระตุก ทุกช่อง/บางช่อง | TVS-ปัญหาสัญญาณ | ลูกค้าเปลี่ยนใ,ไม่พบช่องรายการตาม Package,TVS-ปัญหาสัญญาณ,ลูกค้าเปลี่ยนใจ/ลูกค้าขอยกเลิกบริการเอง,3
60,ภาพกระตุก ทุกช่อง/บางช่อง | TVS-ปัญหาสัญญาณ | ลูกค้าเปลี่ยนใ,ไม่พบช่องรายการตาม Package,TVS-ปัญหาสัญญาณ,ช่องรายการถูกล็อค(E016/E017),3
60,ภาพกระตุก ทุกช่อง/บางช่อง | TVS-ปัญหาสัญญาณ | ลูกค้าเปลี่ยนใ,ภาพหายบางช่อง,TVS-ปัญหาสัญญาณ,BUG FIRMWARE,3
60,ภาพกระตุก ทุกช่อง/บางช่อง | TVS-ปัญหาสัญญาณ | ลูกค้าเปลี่ยนใ,ภาพหายบางช่อง,TVS-ปัญหาสัญญาณ,ค่าสัญญาณดี ภาพค้าง/ ขาดหาย,3
60,ภาพกระตุก ทุกช่อง/บางช่อง | TVS-ปัญหาสัญญาณ | ลูกค้าเปลี่ยนใ,ไม่พบช่องรายการตาม Package,TVS-ปัญหาสัญญาณ,กล่องไม่อ่านการ์ด,3
60,ภาพกระตุก ทุกช่อง/บางช่อง | TVS-ปัญหาสัญญาณ | ลูกค้าเปลี่ยนใ,ไม่พบช่องรายการตาม Package,TVS-ปัญหาสัญญาณ,Monitor เหตุเสียครบตามเงื่อนไข,3
60,ภาพกระตุก ทุกช่อง/บางช่อง | TVS-ปัญหาสัญญาณ | ลูกค้าเปลี่ยนใ,รีโมตคำสั่งเสียงไม่ทำงาน,TVS-ปัญหาอุปกรณ์,ไฟไม่เข้า,3
60,ภาพกระตุก ทุกช่อง/บางช่อง | TVS-ปัญหาสัญญาณ | ลูกค้าเปลี่ยนใ,ไม่มีภาพและเสียงบางช่อง,TVS-ปัญหาสัญญาณ,อุปกรณ์ Hang,3
60,ภาพกระตุก ทุกช่อง/บางช่อง | TVS-ปัญหาสัญญาณ | ลูกค้าเปลี่ยนใ,ภาพกระตุก ทุกช่อง/บางช่อง,TVS-ปัญหาสัญญาณ,BUG FIRMWARE,2
60,ภาพกระตุก ทุกช่อง/บางช่อง | TVS-ปัญหาสัญญาณ | ลูกค้าเปลี่ยนใ,ไม่พบช่องรายการตาม Package,TVS-ปัญหาสัญญาณ,ส่งงานไม่ถูกต้อง,2
60,ภาพกระตุก ทุกช่อง/บางช่อง | TVS-ปัญหาสัญญาณ | ลูกค้าเปลี่ยนใ,ภาพกระตุก ทุกช่อง/บางช่อง,TVS-ปัญหาสัญญาณ,หัวสายสำเร็จSC-APC เสีย,2
60,ภาพกระตุก ทุกช่อง/บางช่อง | TVS-ปัญหาสัญญาณ | ลูกค้าเปลี่ยนใ,E017-0 SMC Error,TVS-ปัญหาสัญญาณ,ค่าสัญญาณดี ไม่มีภาพ/ ไม่มีเสียง,2
60,ภาพกระตุก ทุกช่อง/บางช่อง | TVS-ปัญหาสัญญาณ | ลูกค้าเปลี่ยนใ,ปัญหาสัญญาณเสียง,TVS-ปัญหาสัญญาณ,ไฟไม่เข้า,2
60,ภาพกระตุก ทุกช่อง/บางช่อง | TVS-ปัญหาสัญญาณ | ลูกค้าเปลี่ยนใ,ไม่มีภาพและเสียงบางช่อง,TVS-ปัญหาสัญญาณ,BUG FIRMWARE,2
60,ภาพกระตุก ทุกช่อง/บางช่อง | TVS-ปัญหาสัญญาณ | ลูกค้าเปลี่ยนใ,ภาพหายบางช่อง,TVS-ปัญหาสัญญาณ,ค่าสัญญาณดี ไม่มีภาพ/ ไม่มีเสียง,2
60,ภาพกระตุก ทุกช่อง/บางช่อง | TVS-ปัญหาสัญญาณ | ลูกค้าเปลี่ยนใ,รีโมตคำสั่งเสียงไม่ทำงาน,TVS-ปัญหาอุปกรณ์,ลูกค้าทำอุปกรณ์เสียหาย,2
60,ภาพกระตุก ทุกช่อง/บางช่อง | TVS-ปัญหาสัญญาณ | ลูกค้าเปลี่ยนใ,ขึ้นข้อความ กรุณารอสักครู่,TVS-ปัญหาสัญญาณ,เหตุเสียใช้ได้ ก่อนช่างถึงบ้าน,2
60,ภาพกระตุก ทุกช่อง/บางช่อง | TVS-ปัญหาสัญญาณ | ลูกค้าเปลี่ยนใ,ภาพกระตุก ทุกช่อง/บางช่อง,TVS-ปัญหาสัญญาณ,เปลี่ยน process การทำงาน,2
60,ภาพกระตุก ทุกช่อง/บางช่อง | TVS-ปัญหาสัญญาณ | ลูกค้าเปลี่ยนใ,ไม่มีภาพและเสียงบางช่อง,TVS-ปัญหาสัญญาณ,ไม่พบปัญหาการใช้งานแล้ว,2
60,ภาพกระตุก ทุกช่อง/บางช่อง | TVS-ปัญหาสัญญาณ | ลูกค้าเปลี่ยนใ,ขึ้นข้อความ กรุณารอสักครู่,TVS-ปัญหาสัญญาณ,ค่าสัญญาณดี ภาพค้าง/ ขาดหาย,2
60,ภาพกระตุก ทุกช่อง/บางช่อง | TVS-ปัญหาสัญญาณ | ลูกค้าเปลี่ยนใ,ภาพกระตุก ทุกช่อง/บางช่อง,TVS-ปัญหาสัญญาณ,มีค่า Loss สูง,2
60,ภาพกระตุก ทุกช่อง/บางช่อง | TVS-ปัญหาสัญญาณ | ลูกค้าเปลี่ยนใ,ไม่มีภาพและเสียงบางช่อง,TVS-ปัญหาสัญญาณ,Remote ไม่ทำงาน,2
60,ภาพกระตุก ทุกช่อง/บางช่อง | TVS-ปัญหาสัญญาณ | ลูกค้าเปลี่ยนใ,ขึ้นข้อความ กรุณารอสักครู่,TVS-ปัญหาสัญญาณ,อุปกรณ์คืนค่าโรงงาน,2
60,ภาพกระตุก ทุกช่อง/บางช่อง | TVS-ปัญหาสัญญาณ | ลูกค้าเปลี่ยนใ,ไม่พบช่องรายการตาม Package,TVS-ปัญหาสัญญาณ,ไฟไม่เข้า,2
60,ภาพกระตุก ทุกช่อง/บางช่อง | TVS-ปัญหาสัญญาณ | ลูกค้าเปลี่ยนใ,ไม่พบช่องรายการตาม Package,TVS-ปัญหาสัญญาณ,เปลี่ยน process การทำงาน,2
60,ภาพกระตุก ทุกช่อง/บางช่อง | TVS-ปัญหาสัญญาณ | ลูกค้าเปลี่ยนใ,ภาพกระตุก ทุกช่อง/บางช่อง,TVS-ปัญหาสัญญาณ,หัวสายสำเร็จSC-APC หลวม /ไม่สนิท,2
60,ภาพกระตุก ทุกช่อง/บางช่อง | TVS-ปัญหาสัญญาณ | ลูกค้าเปลี่ยนใ,ภาพหายบางช่อง,TVS-ปัญหาสัญญาณ,Remote ไม่ทำงาน,2
60,ภาพกระตุก ทุกช่อง/บางช่อง | TVS-ปัญหาสัญญาณ | ลูกค้าเปลี่ยนใ,ไม่พบช่องรายการตาม Package,TVS-ปัญหาสัญญาณ,ข้อต่อหลวม ไม่ดี/ไม่สนิท,2
60,ภาพกระตุก ทุกช่อง/บางช่อง | TVS-ปัญหาสัญญาณ | ลูกค้าเปลี่ยนใ,ภาพหายบางช่อง,TVS-ปัญหาสัญญาณ,ขั้วต่อ F Connector RG6 ที่กล่องชำรุด,2
60,ภาพกระตุก ทุกช่อง/บางช่อง | TVS-ปัญหาสัญญาณ | ลูกค้าเปลี่ยนใ,ไม่มีภาพและเสียงบางช่อง,TVS-ปัญหาสัญญาณ,ค่าสัญญาณดี ไม่มีภาพ/ ไม่มีเสียง,2
60,ภาพกระตุก ทุกช่อง/บางช่อง | TVS-ปัญหาสัญญาณ | ลูกค้าเปลี่ยนใ,ภาพกระตุก ทุกช่อง/บางช่อง,TVS-ปัญหาสัญญาณ,Reboot,2
60,ภาพกระตุก ทุกช่อง/บางช่อง | TVS-ปัญหาสัญญาณ | ลูกค้าเปลี่ยนใ,ภาพกระตุก ทุกช่อง/บางช่อง,TVS-ปัญหาสัญญาณ,สกปรก,2
60,ภาพกระตุก ทุกช่อง/บางช่อง | TVS-ปัญหาสัญญาณ | ลูกค้าเปลี่ยนใ,ไม่มีภาพและเสียงบางช่อง,TVS-ปัญหาสัญญาณ,ข้อต่อหลวม ไม่ดี/ไม่สนิท,2
60,ภาพกระตุก ทุกช่อง/บางช่อง | TVS-ปัญหาสัญญาณ | ลูกค้าเปลี่ยนใ,ภาพหายบางช่อง,TVS-ปัญหาสัญญาณ,Port HDMI/AV เสีย,2
60,ภาพกระตุก ทุกช่อง/บางช่อง | TVS-ปัญหาสัญญาณ | ลูกค้าเปลี่ยนใ,ปัญหาสัญญาณเสียง,TVS-ปัญหาสัญญาณ,ค่าสัญญาณดี ไม่มีภาพ/ ไม่มีเสียง,2
60,ภาพกระตุก ทุกช่อง/บางช่อง | TVS-ปัญหาสัญญาณ | ลูกค้าเปลี่ยนใ,ภาพกระตุก ทุกช่อง/บางช่อง,TVS-ปัญหาสัญญาณ,มีเสียงผิดปกติในตัวโมเด็ม,1
60,ภาพกระตุก ทุกช่อง/บางช่อง | TVS-ปัญหาสัญญาณ | ลูกค้าเปลี่ยนใ,ไม่พบช่องรายการตาม Package,TVS-ปัญหาสัญญาณ,Port HDMI/AV/optical/usb เสีย,1
60,ภาพกระตุก ทุกช่อง/บางช่อง | TVS-ปัญหาสัญญาณ | ลูกค้าเปลี่ยนใ,ไม่มีภาพและเสียงบางช่อง,TVS-ปัญหาสัญญาณ,ลูกค้าต้องการเปลี่ยน TrueID TV Box,1
60,ภาพกระตุก ทุกช่อง/บางช่อง | TVS-ปัญหาสัญญาณ | ลูกค้าเปลี่ยนใ,ภาพหายบางช่อง,TVS-ปัญหาสัญญาณ,สายหัก/สายงอ/สายถูกดึงรั้ง,1
60,ภาพกระตุก ทุกช่อง/บางช่อง | TVS-ปัญหาสัญญาณ | ลูกค้าเปลี่ยนใ,รีโมตคำสั่งเสียงไม่ทำงาน,TVS-ปัญหาอุปกรณ์,สายหัก/สายงอ/สายถูกดึงรั้ง,1
60,ภาพกระตุก ทุกช่อง/บางช่อง | TVS-ปัญหาสัญญาณ | ลูกค้าเปลี่ยนใ,ภาพหายบางช่อง,TVS-ปัญหาสัญญาณ,Battery หมด/เสื่อม,1
60,ภาพกระตุก ทุกช่อง/บางช่อง | TVS-ปัญหาสัญญาณ | ลูกค้าเปลี่ยนใ,ไม่มีภาพและเสียงบางช่อง,TVS-ปัญหาสัญญาณ,มีค่า Loss สูง,1
60,ภาพกระตุก ทุกช่อง/บางช่อง | TVS-ปัญหาสัญญาณ | ลูกค้าเปลี่ยนใ,รีโมตคำสั่งเสียงไม่ทำงาน,TVS-ปัญหาอุปกรณ์,ไม่ทราบสาเหตุ,1
60,ภาพกระตุก ทุกช่อง/บางช่อง | TVS-ปัญหาสัญญาณ | ลูกค้าเปลี่ยนใ,ขึ้นข้อความ กรุณารอสักครู่,TVS-ปัญหาสัญญาณ,ไม่ทราบสาเหตุ,1
60,ภาพกระตุก ทุกช่อง/บางช่อง | TVS-ปัญหาสัญญาณ | ลูกค้าเปลี่ยนใ,ไม่พบช่องรายการตาม Package,TVS-ปัญหาสัญญาณ,Modemไม่ lock/ไม่ Synch/High Loss,1
60,ภาพกระตุก ทุกช่อง/บางช่อง | TVS-ปัญหาสัญญาณ | ลูกค้าเปลี่ยนใ,ภาพหายบางช่อง,TVS-ปัญหาสัญญาณ,Tuner เสีย (กล่อง2 Tuner),1
60,ภาพกระตุก ทุกช่อง/บางช่อง | TVS-ปัญหาสัญญาณ | ลูกค้าเปลี่ยนใ,ภาพกระตุก ทุกช่อง/บางช่อง,TVS-ปัญหาสัญญาณ,พบปัญหาใหม่,1
60,ภาพกระตุก ทุกช่อง/บางช่อง | TVS-ปัญหาสัญญาณ | ลูกค้าเปลี่ยนใ,ปัญหาสัญญาณเสียง,TVS-ปัญหาสัญญาณ,Modemไม่ lock/ไม่ Synch/High Loss,1
60,ภาพกระตุก ทุกช่อง/บางช่อง | TVS-ปัญหาสัญญาณ | ลูกค้าเปลี่ยนใ,ขึ้นข้อความ กรุณารอสักครู่,TVS-ปัญหาสัญญาณ,ไม่พบปัญหาการใช้งานแล้ว,1
60,ภาพกระตุก ทุกช่อง/บางช่อง | TVS-ปัญหาสัญญาณ | ลูกค้าเปลี่ยนใ,ภาพกระตุก ทุกช่อง/บางช่อง,TVS-ปัญหาสัญญาณ,สายขาด,1
60,ภาพกระตุก ทุกช่อง/บางช่อง | TVS-ปัญหาสัญญาณ | ลูกค้าเปลี่ยนใ,ภาพหายบางช่อง,TVS-ปัญหาสัญญาณ,ข้อต่อหลวม ไม่ดี/ไม่สนิท,1
60,ภาพกระตุก ทุกช่อง/บางช่อง | TVS-ปัญหาสัญญาณ | ลูกค้าเปลี่ยนใ,ภาพกระตุก ทุกช่อง/บางช่อง,TVS-ปัญหาสัญญาณ,พายุ,1
60,ภาพกระตุก ทุกช่อง/บางช่อง | TVS-ปัญหาสัญญาณ | ลูกค้าเปลี่ยนใ,ไม่พบช่องรายการตาม Package,CMDU-ปัญหาสัญญาณ,เหตุเสียใช้ได้ ก่อนช่างถึงบ้าน,1
60,ภาพกระตุก ทุกช่อง/บางช่อง | TVS-ปัญหาสัญญาณ | ลูกค้าเปลี่ยนใ,ไม่มีภาพและเสียงบางช่อง,TVS-ปัญหาสัญญาณ,กล่องไม่อ่านการ์ด,1
60,ภาพกระตุก ทุกช่อง/บางช่อง | TVS-ปัญหาสัญญาณ | ลูกค้าเปลี่ยนใ,ปัญหาการใช้งานHDD-PVR,TVS-ปัญหาอุปกรณ์,ส่งงานไม่ถูกต้อง,1
60,ภาพกระตุก ทุกช่อง/บางช่อง | TVS-ปัญหาสัญญาณ | ลูกค้าเปลี่ยนใ,ไม่มีภาพและเสียงบางช่อง,TVS-ปัญหาสัญญาณ,ลูกค้าต้องการเปลี่ยน Hybrid Box,1
60,ภาพกระตุก ทุกช่อง/บางช่อง | TVS-ปัญหาสัญญาณ | ลูกค้าเปลี่ยนใ,รีโมตคำสั่งเสียงไม่ทำงาน,TVS-ปัญหาอุปกรณ์,อุปกรณ์ Hang,1
60,ภาพกระตุก ทุกช่อง/บางช่อง | TVS-ปัญหาสัญญาณ | ลูกค้าเปลี่ยนใ,ภาพกระตุก ทุกช่อง/บางช่อง,TVS-ปัญหาสัญญาณ,สัตว์ (เช่น ลิง กระรอก ช้าง ),1
60,ภาพกระตุก ทุกช่อง/บางช่อง | TVS-ปัญหาสัญญาณ | ลูกค้าเปลี่ยนใ,ไม่มีภาพและเสียงบางช่อง,TVS-ปัญหาสัญญาณ,ค่าสัญญาณดี ภาพค้าง/ ขาดหาย,1
60,ภาพกระตุก ทุกช่อง/บางช่อง | TVS-ปัญหาสัญญาณ | ลูกค้าเปลี่ยนใ,ขึ้นข้อความ กรุณารอสักครู่,TVS-ปัญหาสัญญาณ,เสื่อมสภาพการใช้งาน,1
60,ภาพกระตุก ทุกช่อง/บางช่อง | TVS-ปัญหาสัญญาณ | ลูกค้าเปลี่ยนใ,ภาพกระตุก ทุกช่อง/บางช่อง,TVS-ปัญหาสัญญาณ,Port เสีย,1
60,ภาพกระตุก ทุกช่อง/บางช่อง | TVS-ปัญหาสัญญาณ | ลูกค้าเปลี่ยนใ,ภาพกระตุก ทุกช่อง/บางช่อง,TVS-ปัญหาสัญญาณ,ระยะสาย Drop Wire ไกล,1
60,ภาพกระตุก ทุกช่อง/บางช่อง | TVS-ปัญหาสัญญาณ | ลูกค้าเปลี่ยนใ,ไม่มีภาพและเสียงบางช่อง,CMDU-ปัญหาสัญญาณ,CONFIG CHANGE,1
60,ภาพกระตุก ทุกช่อง/บางช่อง | TVS-ปัญหาสัญญาณ | ลูกค้าเปลี่ยนใ,ภาพหายบางช่อง,CMDU-ปัญหาสัญญาณ,ช่องรายการถูกล็อค(CA14),1
60,ภาพกระตุก ทุกช่อง/บางช่อง | TVS-ปัญหาสัญญาณ | ลูกค้าเปลี่ยนใ,ไม่พบช่องรายการตาม Package,TVS-ปัญหาสัญญาณ,ไม่พบปัญหาการใช้งานแล้ว,1
60,ภาพกระตุก ทุกช่อง/บางช่อง | TVS-ปัญหาสัญญาณ | ลูกค้าเปลี่ยนใ,ภาพหายบางช่อง,TVS-ปัญหาสัญญาณ,อุปกรณ์ลูกค้า TV/เครื่องเสียง/อุปกรณ์ Bluetooth,1
60,ภาพกระตุก ทุกช่อง/บางช่อง | TVS-ปัญหาสัญญาณ | ลูกค้าเปลี่ยนใ,ภาพกระตุก ทุกช่อง/บางช่อง,TVS-ปัญหาสัญญาณ,Switch on/off เสีย/ชำรุดแตกหัก,1
60,ภาพกระตุก ทุกช่อง/บางช่อง | TVS-ปัญหาสัญญาณ | ลูกค้าเปลี่ยนใ,ภาพกระตุก ทุกช่อง/บางช่อง,TVS-ปัญหาสัญญาณ,รถเกี่ยว,1
60,ภาพกระตุก ทุกช่อง/บางช่อง | TVS-ปัญหาสัญญาณ | ลูกค้าเปลี่ยนใ,ภาพกระตุก ทุกช่อง/บางช่อง,TVS-ปัญหาสัญญาณ,Tuner เสีย (กล่อง2 Tuner),1
60,ภาพกระตุก ทุกช่อง/บางช่อง | TVS-ปัญหาสัญญาณ | ลูกค้าเปลี่ยนใ,ไม่มีภาพและเสียงบางช่อง,TVS-ปัญหาสัญญาณ,สายหัก/สายงอ/สายถูกดึงรั้ง,1
60,ภาพกระตุก ทุกช่อง/บางช่อง | TVS-ปัญหาสัญญาณ | ลูกค้าเปลี่ยนใ,ภาพกระตุก ทุกช่อง/บางช่อง,TVS-ปัญหาสัญญาณ,ไม่ตรงรุ่น,1
60,ภาพกระตุก ทุกช่อง/บางช่อง | TVS-ปัญหาสัญญาณ | ลูกค้าเปลี่ยนใ,ไม่พบช่องรายการตาม Package,TVS-ปัญหาสัญญาณ,ไม่ทราบสาเหตุ,1
60,ภาพกระตุก ทุกช่อง/บางช่อง | TVS-ปัญหาสัญญาณ | ลูกค้าเปลี่ยนใ,ไม่พบช่องรายการตาม Package,TVS-ปัญหาสัญญาณ,ค่าสัญญาณดี แต่พบภาพขาดหาย/ ภาพแตก/ เสียงขาดหาย,1
60,ภาพกระตุก ทุกช่อง/บางช่อง | TVS-ปัญหาสัญญาณ | ลูกค้าเปลี่ยนใ,ไม่มีภาพและเสียงบางช่อง,TVS-ปัญหาสัญญาณ,สกปรก,1
60,ภาพกระตุก ทุกช่อง/บางช่อง | TVS-ปัญหาสัญญาณ | ลูกค้าเปลี่ยนใ,ปัญหาการใช้งานHDD-PVR,TVS-ปัญหาอุปกรณ์,หัวสายสำเร็จSC-APC หลวม /ไม่สนิท,1
60,ภาพกระตุก ทุกช่อง/บางช่อง | TVS-ปัญหาสัญญาณ | ลูกค้าเปลี่ยนใ,มีภาพแต่ไม่มีเสียง/มีเสียงแต่ไม่มีภาพ,TVS-ปัญหาสัญญาณ,ช่องรายการถูกล็อค(E016/E017),1
60,ภาพกระตุก ทุกช่อง/บางช่อง | TVS-ปัญหาสัญญาณ | ลูกค้าเปลี่ยนใ,ปัญหาสัญญาณเสียง,TVS-ปัญหาสัญญาณ,ไม่มีสัญญาณ CATV หรือ ค่า RF ไม่ได้ตามค่ามาตรฐาน,1
60,ภาพกระตุก ทุกช่อง/บางช่อง | TVS-ปัญหาสัญญาณ | ลูกค้าเปลี่ยนใ,ภาพกระตุก ทุกช่อง/บางช่อง,TVS-ปัญหาสัญญาณ,Area Manager เห็นชอบให้มีการเปลี่ยน CPE,1
60,ภาพกระตุก ทุกช่อง/บางช่อง | TVS-ปัญหาสัญญาณ | ลูกค้าเปลี่ยนใ,ไม่พบช่องรายการตาม Package,TVS-ปัญหาสัญญาณ,BUG FIRMWARE,1
60,ภาพกระตุก ทุกช่อง/บางช่อง | TVS-ปัญหาสัญญาณ | ลูกค้าเปลี่ยนใ,ปัญหาสัญญาณเสียง,TVS-ปัญหาสัญญาณ,เปลี่ยน process การทำงาน,1
60,ภาพกระตุก ทุกช่อง/บางช่อง | TVS-ปัญหาสัญญาณ | ลูกค้าเปลี่ยนใ,รีโมตเสียใช้งานไม่ได้,TVS-ปัญหาอุปกรณ์,ไฟไม่เข้า,1
60,ภาพกระตุก ทุกช่อง/บางช่อง | TVS-ปัญหาสัญญาณ | ลูกค้าเปลี่ยนใ,ปัญหาสัญญาณเสียง,TVS-ปัญหาสัญญาณ,สายขาด,1
60,ภาพกระตุก ทุกช่อง/บางช่อง | TVS-ปัญหาสัญญาณ | ลูกค้าเปลี่ยนใ,ขึ้นข้อความ กรุณารอสักครู่,TVS-ปัญหาสัญญาณ,หัวสายสำเร็จSC-APC เสีย,1
60,ภาพกระตุก ทุกช่อง/บางช่อง | TVS-ปัญหาสัญญาณ | ลูกค้าเปลี่ยนใ,รีโมตคำสั่งเสียงไม่ทำงาน,TVS-ปัญหาอุปกรณ์,ค่าสัญญาณดี แต่พบภาพขาดหาย/ ภาพแตก/ เสียงขาดหาย,1
60,ภาพกระตุก ทุกช่อง/บางช่อง | TVS-ปัญหาสัญญาณ | ลูกค้าเปลี่ยนใ,รีโมตเสียใช้งานไม่ได้,TVS-ปัญหาอุปกรณ์,ไม่พบปัญหาการใช้งานแล้ว,1
60,ภาพกระตุก ทุกช่อง/บางช่อง | TVS-ปัญหาสัญญาณ | ลูกค้าเปลี่ยนใ,ภาพกระตุก ทุกช่อง/บางช่อง,คุณภาพสัญญาน,Monitor เหตุเสียครบตามเงื่อนไข,1
60,ภาพกระตุก ทุกช่อง/บางช่อง | TVS-ปัญหาสัญญาณ | ลูกค้าเปลี่ยนใ,ภาพหายบางช่อง,TVS-ปัญหาสัญญาณ,ระยะสาย Drop Wire ไกล,1
60,ภาพกระตุก ทุกช่อง/บางช่อง | TVS-ปัญหาสัญญาณ | ลูกค้าเปลี่ยนใ,ภาพหายบางช่อง,TVS-ปัญหาสัญญาณ,เปลี่ยน process การทำงาน,1
60,ภาพกระตุก ทุกช่อง/บางช่อง | TVS-ปัญหาสัญญาณ | ลูกค้าเปลี่ยนใ,ขึ้นข้อความ กรุณารอสักครู่,TVS-ปัญหาสัญญาณ,ค่าสัญญาณดี ไม่มีภาพ/ ไม่มีเสียง,1
60,ภาพกระตุก ทุกช่อง/บางช่อง | TVS-ปัญหาสัญญาณ | ลูกค้าเปลี่ยนใ,ไม่พบช่องรายการตาม Package,TVS-ปัญหาสัญญาณ,ค่าสัญญาณดี ภาพค้าง/ ขาดหาย,1
60,ภาพกระตุก ทุกช่อง/บางช่อง | TVS-ปัญหาสัญญาณ | ลูกค้าเปลี่ยนใ,ภาพกระตุก ทุกช่อง/บางช่อง,TVS-ปัญหาสัญญาณ,Port Lan เสีย,1
60,ภาพกระตุก ทุกช่อง/บางช่อง | TVS-ปัญหาสัญญาณ | ลูกค้าเปลี่ยนใ,ไม่มีภาพและเสียงบางช่อง,TVS-ปัญหาสัญญาณ,ไม่มีสัญญาณ CATV หรือ ค่า RF ไม่ได้ตามค่ามาตรฐาน,1
60,ภาพกระตุก ทุกช่อง/บางช่อง | TVS-ปัญหาสัญญาณ | ลูกค้าเปลี่ยนใ,ขึ้นข้อความ กรุณารอสักครู่,TVS-ปัญหาสัญญาณ,ช่องรายการถูกล็อค(E016/E017),1
60,ภาพกระตุก ทุกช่อง/บางช่อง | TVS-ปัญหาสัญญาณ | ลูกค้าเปลี่ยนใ,ภาพไม่เต็มจอ ช่อง Standard Def,TVS-ปัญหาสัญญาณ,เหตุเสียใช้ได้ ก่อนช่างถึงบ้าน,1
60,ภาพกระตุก ทุกช่อง/บางช่อง | TVS-ปัญหาสัญญาณ | ลูกค้าเปลี่ยนใ,ภาพหายบางช่อง,TVS-ปัญหาสัญญาณ,เชื่อมต่อ Remote ไม่ได้ (กล่องเสีย),1
60,ภาพกระตุก ทุกช่อง/บางช่อง | TVS-ปัญหาสัญญาณ | ลูกค้าเปลี่ยนใ,ไม่มีภาพและเสียงบางช่อง,CMDU-ปัญหาสัญญาณ,ส่งงานไม่ถูกต้อง,1
60,ภาพกระตุก ทุกช่อง/บางช่อง | TVS-ปัญหาสัญญาณ | ลูกค้าเปลี่ยนใ,ปัญหาสัญญาณเสียง,TVS-ปัญหาสัญญาณ,อุปกรณ์คืนค่าโรงงาน,1
60,ภาพกระตุก ทุกช่อง/บางช่อง | TVS-ปัญหาสัญญาณ | ลูกค้าเปลี่ยนใ,ภาพหายบางช่อง,TVS-ปัญหาสัญญาณ,ลูกค้าต้องการเปลี่ยน Modem,1
60,ภาพกระตุก ทุกช่อง/บางช่อง | TVS-ปัญหาสัญญาณ | ลูกค้าเปลี่ยนใ,มีภาพแต่ไม่มีเสียง/มีเสียงแต่ไม่มีภาพ,TVS-ปัญหาสัญญาณ,Connect WiFi ไม่ได้/ไม่พบ SSID,1
60,ภาพกระตุก ทุกช่อง/บางช่อง | TVS-ปัญหาสัญญาณ | ลูกค้าเปลี่ยนใ,ภาพหายบางช่อง,TVS-ปัญหาสัญญาณ,หัวสายสำเร็จSC-APC หลวม /ไม่สนิท,1
60,ภาพกระตุก ทุกช่อง/บางช่อง | TVS-ปัญหาสัญญาณ | ลูกค้าเปลี่ยนใ,ไม่มีภาพและเสียงบางช่อง,TVS-ปัญหาสัญญาณ,Battery หมด/เสื่อม,1
60,ภาพกระตุก ทุกช่อง/บางช่อง | TVS-ปัญหาสัญญาณ | ลูกค้าเปลี่ยนใ,ภาพหายบางช่อง,TVS-ปัญหาสัญญาณ,การไฟฟ้าย้ายแนว/จัดระเบียบสาย,1
60,ภาพกระตุก ทุกช่อง/บางช่อง | TVS-ปัญหาสัญญาณ | ลูกค้าเปลี่ยนใ,ไม่มีภาพและเสียงบางช่อง,TVS-ปัญหาสัญญาณ,ลูกค้าต้องการเปลี่ยน AP,1
61,ปัญหาระบบ | เปิด Website ไม่ได้บาง Web | เหตุเสียใช้ได้ ก่อน,ปัญหาการใช้งานของลูกค้า,เปิด Web ไม่ได้,,8538
61,ปัญหาระบบ | เปิด Website ไม่ได้บาง Web | เหตุเสียใช้ได้ ก่อน,ปัญหาการใช้งานของลูกค้า,Internet ช้า,,4023
61,ปัญหาระบบ | เปิด Website ไม่ได้บาง Web | เหตุเสียใช้ได้ ก่อน,ปัญหาการใช้งานของลูกค้า,Internet หลุดบ่อย,,1322
61,ปัญหาระบบ | เปิด Website ไม่ได้บาง Web | เหตุเสียใช้ได้ ก่อน,ปัญหาระบบ,เปิด Website ไม่ได้บาง Web,,540
61,ปัญหาระบบ | เปิด Website ไม่ได้บาง Web | เหตุเสียใช้ได้ ก่อน,ปัญหาการใช้งานของลูกค้า,Internet ช้า,CONFIG CHANGE,402
61,ปัญหาระบบ | เปิด Website ไม่ได้บาง Web | เหตุเสียใช้ได้ ก่อน,ปัญหาการใช้งานของลูกค้า,Internet ช้า,การใช้งานของลูกค้า,358
61,ปัญหาระบบ | เปิด Website ไม่ได้บาง Web | เหตุเสียใช้ได้ ก่อน,อุปกรณ์ลูกค้า (device),Internet ช้า,,334
61,ปัญหาระบบ | เปิด Website ไม่ได้บาง Web | เหตุเสียใช้ได้ ก่อน,ปัญหาการใช้งานของลูกค้า,Internet ช้า,ส่งงานไม่ถูกต้อง,203
61,ปัญหาระบบ | เปิด Website ไม่ได้บาง Web | เหตุเสียใช้ได้ ก่อน,อุปกรณ์ลูกค้า (device),เปิด Website ไม่ได้บาง Web,,200
61,ปัญหาระบบ | เปิด Website ไม่ได้บาง Web | เหตุเสียใช้ได้ ก่อน,ปัญหาการใช้งานของลูกค้า,Internet ช้า,Monitor เหตุเสียครบตามเงื่อนไข,153
61,ปัญหาระบบ | เปิด Website ไม่ได้บาง Web | เหตุเสียใช้ได้ ก่อน,ปัญหาการใช้งานของลูกค้า,เปิด Web ไม่ได้,การใช้งานของลูกค้า,124
61,ปัญหาระบบ | เปิด Website ไม่ได้บาง Web | เหตุเสียใช้ได้ ก่อน,ปัญหาการใช้งานของลูกค้า,Internet หลุดบ่อย,การใช้งานของลูกค้า,115
61,ปัญหาระบบ | เปิด Website ไม่ได้บาง Web | เหตุเสียใช้ได้ ก่อน,ปัญหาการใช้งานของลูกค้า,Internet หลุดบ่อย,CONFIG CHANGE,108
61,ปัญหาระบบ | เปิด Website ไม่ได้บาง Web | เหตุเสียใช้ได้ ก่อน,อุปกรณ์ลูกค้า (device),Internet หลุดบ่อย,,104
61,ปัญหาระบบ | เปิด Website ไม่ได้บาง Web | เหตุเสียใช้ได้ ก่อน,ปัญหาการใช้งานของลูกค้า,Internet ช้า,ไม่ทราบสาเหตุ,71
61,ปัญหาระบบ | เปิด Website ไม่ได้บาง Web | เหตุเสียใช้ได้ ก่อน,ปัญหาการใช้งานของลูกค้า,Internet ช้า,ลูกค้าเปลี่ยนใจ/ลูกค้าขอยกเลิกบริการเอง,66
61,ปัญหาระบบ | เปิด Website ไม่ได้บาง Web | เหตุเสียใช้ได้ ก่อน,ปัญหาการใช้งานของลูกค้า,ใช้งาน VPN ไม่ได้,,62
61,ปัญหาระบบ | เปิด Website ไม่ได้บาง Web | เหตุเสียใช้ได้ ก่อน,ปัญหาการใช้งานของลูกค้า,Internet ช้า,ลูกค้าต้องการเปลี่ยน Modem,60
61,ปัญหาระบบ | เปิด Website ไม่ได้บาง Web | เหตุเสียใช้ได้ ก่อน,ปัญหาการใช้งานของลูกค้า,Internet หลุดบ่อย,ส่งงานไม่ถูกต้อง,56
61,ปัญหาระบบ | เปิด Website ไม่ได้บาง Web | เหตุเสียใช้ได้ ก่อน,ปัญหาการใช้งานของลูกค้า,เปิด Web ไม่ได้,ส่งงานไม่ถูกต้อง,56
61,ปัญหาระบบ | เปิด Website ไม่ได้บาง Web | เหตุเสียใช้ได้ ก่อน,ปัญหาการใช้งานของลูกค้า,Internet ช้า,ขัดข้อง/เสีย,53
61,ปัญหาระบบ | เปิด Website ไม่ได้บาง Web | เหตุเสียใช้ได้ ก่อน,ปัญหาการใช้งานของลูกค้า,Internet ช้า,ไม่พบปัญหาการใช้งานแล้ว,53
61,ปัญหาระบบ | เปิด Website ไม่ได้บาง Web | เหตุเสียใช้ได้ ก่อน,ปัญหาการใช้งานของลูกค้า,เปิด Web ไม่ได้,CONFIG CHANGE,51
61,ปัญหาระบบ | เปิด Website ไม่ได้บาง Web | เหตุเสียใช้ได้ ก่อน,ปัญหาการใช้งานของลูกค้า,Internet ช้า,เหตุเสียใช้ได้ ก่อนช่างถึงบ้าน,49
61,ปัญหาระบบ | เปิด Website ไม่ได้บาง Web | เหตุเสียใช้ได้ ก่อน,ปัญหาการใช้งานของลูกค้า,Internet หลุดบ่อย,Monitor เหตุเสียครบตามเงื่อนไข,47
61,ปัญหาระบบ | เปิด Website ไม่ได้บาง Web | เหตุเสียใช้ได้ ก่อน,ปัญหาระบบ,เปิด Website ไม่ได้บาง Web,การใช้งานของลูกค้า,36
61,ปัญหาระบบ | เปิด Website ไม่ได้บาง Web | เหตุเสียใช้ได้ ก่อน,ปัญหาการใช้งานของลูกค้า,Internet หลุดบ่อย,ขัดข้อง/เสีย,34
61,ปัญหาระบบ | เปิด Website ไม่ได้บาง Web | เหตุเสียใช้ได้ ก่อน,ปัญหา Page แจ้งเตือน,Internet ช้า,,34
61,ปัญหาระบบ | เปิด Website ไม่ได้บาง Web | เหตุเสียใช้ได้ ก่อน,อุปกรณ์ลูกค้า (device),เปิด Web ไม่ได้,การใช้งานของลูกค้า,30
61,ปัญหาระบบ | เปิด Website ไม่ได้บาง Web | เหตุเสียใช้ได้ ก่อน,ปัญหาการใช้งานของลูกค้า,Internet หลุดบ่อย,ลูกค้าต้องการเปลี่ยน Modem,27
61,ปัญหาระบบ | เปิด Website ไม่ได้บาง Web | เหตุเสียใช้ได้ ก่อน,ปัญหาการใช้งานของลูกค้า,Internet หลุดบ่อย,Reboot,24
61,ปัญหาระบบ | เปิด Website ไม่ได้บาง Web | เหตุเสียใช้ได้ ก่อน,ปัญหาการใช้งานของลูกค้า,Internet ช้า,Reboot,23
61,ปัญหาระบบ | เปิด Website ไม่ได้บาง Web | เหตุเสียใช้ได้ ก่อน,ปัญหาการใช้งานของลูกค้า,เปิด Web ไม่ได้,เหตุเสียใช้ได้ ก่อนช่างถึงบ้าน,21
61,ปัญหาระบบ | เปิด Website ไม่ได้บาง Web | เหตุเสียใช้ได้ ก่อน,ปัญหาการใช้งานของลูกค้า,เปิด Web ไม่ได้,ขัดข้อง/เสีย,21
61,ปัญหาระบบ | เปิด Website ไม่ได้บาง Web | เหตุเสียใช้ได้ ก่อน,ปัญหาการใช้งานของลูกค้า,เปิด Web ไม่ได้,Monitor เหตุเสียครบตามเงื่อนไข,21
61,ปัญหาระบบ | เปิด Website ไม่ได้บาง Web | เหตุเสียใช้ได้ ก่อน,ปัญหาการใช้งานของลูกค้า,Internet หลุดบ่อย,ไม่ทราบสาเหตุ,20
61,ปัญหาระบบ | เปิด Website ไม่ได้บาง Web | เหตุเสียใช้ได้ ก่อน,ปัญหาการใช้งานของลูกค้า,Internet ช้า,อุปกรณ์คืนค่าโรงงาน,19
61,ปัญหาระบบ | เปิด Website ไม่ได้บาง Web | เหตุเสียใช้ได้ ก่อน,ปัญหาการใช้งานของลูกค้า,Internet หลุดบ่อย,เหตุเสียใช้ได้ ก่อนช่างถึงบ้าน,18
61,ปัญหาระบบ | เปิด Website ไม่ได้บาง Web | เหตุเสียใช้ได้ ก่อน,ปัญหาการใช้งานของลูกค้า,เปิด Web ไม่ได้,ลูกค้าเปลี่ยนใจ/ลูกค้าขอยกเลิกบริการเอง,17
61,ปัญหาระบบ | เปิด Website ไม่ได้บาง Web | เหตุเสียใช้ได้ ก่อน,ปัญหาการใช้งานของลูกค้า,เปิด Web ไม่ได้,Reboot,16
61,ปัญหาระบบ | เปิด Website ไม่ได้บาง Web | เหตุเสียใช้ได้ ก่อน,ปัญหาระบบ,เปิด Website ไม่ได้บาง Web,เหตุเสียใช้ได้ ก่อนช่างถึงบ้าน,15
61,ปัญหาระบบ | เปิด Website ไม่ได้บาง Web | เหตุเสียใช้ได้ ก่อน,ปัญหาการใช้งานของลูกค้า,Internet หลุดบ่อย,ไฟไม่เข้า,12
61,ปัญหาระบบ | เปิด Website ไม่ได้บาง Web | เหตุเสียใช้ได้ ก่อน,ปัญหาการใช้งานของลูกค้า,เปิด Web ไม่ได้,ไม่ทราบสาเหตุ,11
61,ปัญหาระบบ | เปิด Website ไม่ได้บาง Web | เหตุเสียใช้ได้ ก่อน,อุปกรณ์ลูกค้า (device),เปิด Website ไม่ได้บาง Web,การใช้งานของลูกค้า,10
61,ปัญหาระบบ | เปิด Website ไม่ได้บาง Web | เหตุเสียใช้ได้ ก่อน,อุปกรณ์ลูกค้า (device),Internet ช้า,การใช้งานของลูกค้า,10
61,ปัญหาระบบ | เปิด Website ไม่ได้บาง Web | เหตุเสียใช้ได้ ก่อน,ปัญหาการใช้งานของลูกค้า,เปิด Web ไม่ได้,อุปกรณ์คืนค่าโรงงาน,10
61,ปัญหาระบบ | เปิด Website ไม่ได้บาง Web | เหตุเสียใช้ได้ ก่อน,ปัญหาการใช้งานของลูกค้า,Internet ช้า,Modem ไม่รองรับ Package ลูกค้า,10
61,ปัญหาระบบ | เปิด Website ไม่ได้บาง Web | เหตุเสียใช้ได้ ก่อน,ปัญหาการใช้งานของลูกค้า,เปิด Web ไม่ได้,ทดสอบและอธิบายลูกค้า,9
61,ปัญหาระบบ | เปิด Website ไม่ได้บาง Web | เหตุเสียใช้ได้ ก่อน,ปัญหาการใช้งานของลูกค้า,Internet ช้า,ไฟไม่เข้า,9
61,ปัญหาระบบ | เปิด Website ไม่ได้บาง Web | เหตุเสียใช้ได้ ก่อน,ปัญหาการใช้งานของลูกค้า,Internet ช้า,ทดสอบและอธิบายลูกค้า,9
61,ปัญหาระบบ | เปิด Website ไม่ได้บาง Web | เหตุเสียใช้ได้ ก่อน,ปัญหาระบบ,เปิด Website ไม่ได้บาง Web,CONFIG CHANGE,8
61,ปัญหาระบบ | เปิด Website ไม่ได้บาง Web | เหตุเสียใช้ได้ ก่อน,อุปกรณ์ลูกค้า (device),เปิด Web ไม่ได้,CONFIG CHANGE,8
61,ปัญหาระบบ | เปิด Website ไม่ได้บาง Web | เหตุเสียใช้ได้ ก่อน,ปัญหาการใช้งานของลูกค้า,Internet หลุดบ่อย,ลูกค้าเปลี่ยนใจ/ลูกค้าขอยกเลิกบริการเอง,8
61,ปัญหาระบบ | เปิด Website ไม่ได้บาง Web | เหตุเสียใช้ได้ ก่อน,ปัญหาการใช้งานของลูกค้า,Internet หลุดบ่อย,ไม่พบปัญหาการใช้งานแล้ว,8
61,ปัญหาระบบ | เปิด Website ไม่ได้บาง Web | เหตุเสียใช้ได้ ก่อน,2Gbps ปัญหา low speed,Internet ช้า,การใช้งานของลูกค้า,7
61,ปัญหาระบบ | เปิด Website ไม่ได้บาง Web | เหตุเสียใช้ได้ ก่อน,อุปกรณ์ลูกค้า (device),เปิด Web ไม่ได้,ขัดข้อง/เสีย,7
61,ปัญหาระบบ | เปิด Website ไม่ได้บาง Web | เหตุเสียใช้ได้ ก่อน,ปัญหาการใช้งานของลูกค้า,Internet ช้า,สายหัก/สายงอ/สายถูกดึงรั้ง,7
61,ปัญหาระบบ | เปิด Website ไม่ได้บาง Web | เหตุเสียใช้ได้ ก่อน,อุปกรณ์ลูกค้า (device),Internet หลุดบ่อย,CONFIG CHANGE,6
61,ปัญหาระบบ | เปิด Website ไม่ได้บาง Web | เหตุเสียใช้ได้ ก่อน,ปัญหาการใช้งานของลูกค้า,Internet ช้า,BUG FIRMWARE,6
61,ปัญหาระบบ | เปิด Website ไม่ได้บาง Web | เหตุเสียใช้ได้ ก่อน,ปัญหาระบบ,เปิด Website ไม่ได้บาง Web,ไม่ทราบสาเหตุ,5
61,ปัญหาระบบ | เปิด Website ไม่ได้บาง Web | เหตุเสียใช้ได้ ก่อน,อุปกรณ์ลูกค้า (device),Internet ช้า,CONFIG CHANGE,5
61,ปัญหาระบบ | เปิด Website ไม่ได้บาง Web | เหตุเสียใช้ได้ ก่อน,อุปกรณ์ลูกค้า (device),เปิด Web ไม่ได้,ส่งงานไม่ถูกต้อง,5
61,ปัญหาระบบ | เปิด Website ไม่ได้บาง Web | เหตุเสียใช้ได้ ก่อน,อุปกรณ์ลูกค้า (device),Internet ช้า,Monitor เหตุเสียครบตามเงื่อนไข,5
61,ปัญหาระบบ | เปิด Website ไม่ได้บาง Web | เหตุเสียใช้ได้ ก่อน,ปัญหาการใช้งานของลูกค้า,เปิด Web ไม่ได้,ไฟไม่เข้า,5
61,ปัญหาระบบ | เปิด Website ไม่ได้บาง Web | เหตุเสียใช้ได้ ก่อน,ระงับการใช้งานWebsite โดยกระทรวง ICT,เปิด Website ไม่ได้บาง Web,,5
61,ปัญหาระบบ | เปิด Website ไม่ได้บาง Web | เหตุเสียใช้ได้ ก่อน,ปัญหาการใช้งานของลูกค้า,เปิด Web ไม่ได้,หัวสายสำเร็จSC-APC หลวม /ไม่สนิท,5
61,ปัญหาระบบ | เปิด Website ไม่ได้บาง Web | เหตุเสียใช้ได้ ก่อน,ปัญหาระบบ,ใช้งาน VPN ไม่ได้,การใช้งานของลูกค้า,5
61,ปัญหาระบบ | เปิด Website ไม่ได้บาง Web | เหตุเสียใช้ได้ ก่อน,ปัญหาการใช้งานของลูกค้า,Internet หลุดบ่อย,อุปกรณ์คืนค่าโรงงาน,4
61,ปัญหาระบบ | เปิด Website ไม่ได้บาง Web | เหตุเสียใช้ได้ ก่อน,อุปกรณ์ลูกค้า (device),Internet หลุดบ่อย,ส่งงานไม่ถูกต้อง,4
61,ปัญหาระบบ | เปิด Website ไม่ได้บาง Web | เหตุเสียใช้ได้ ก่อน,ปัญหาการใช้งานของลูกค้า,Internet หลุดบ่อย,Switch on/off เสีย/ชำรุดแตกหัก,4
61,ปัญหาระบบ | เปิด Website ไม่ได้บาง Web | เหตุเสียใช้ได้ ก่อน,อุปกรณ์ลูกค้า (device),Internet หลุดบ่อย,ไม่ทราบสาเหตุ,4
61,ปัญหาระบบ | เปิด Website ไม่ได้บาง Web | เหตุเสียใช้ได้ ก่อน,ปัญหาการใช้งานของลูกค้า,Internet หลุดบ่อย,สายหัก/สายงอ/สายถูกดึงรั้ง,4
61,ปัญหาระบบ | เปิด Website ไม่ได้บาง Web | เหตุเสียใช้ได้ ก่อน,ปัญหาการใช้งานของลูกค้า,Internet ช้า,หัวสายสำเร็จSC-APC หลวม /ไม่สนิท,4
61,ปัญหาระบบ | เปิด Website ไม่ได้บาง Web | เหตุเสียใช้ได้ ก่อน,ปัญหาการใช้งานของลูกค้า,Internet ช้า,มีเสียงผิดปกติในตัวโมเด็ม,4
61,ปัญหาระบบ | เปิด Website ไม่ได้บาง Web | เหตุเสียใช้ได้ ก่อน,ปัญหาการใช้งานของลูกค้า,เปิด Web ไม่ได้,สายหัก/สายงอ/สายถูกดึงรั้ง,4
61,ปัญหาระบบ | เปิด Website ไม่ได้บาง Web | เหตุเสียใช้ได้ ก่อน,อุปกรณ์ลูกค้า (device),เปิด Web ไม่ได้,ลูกค้าเปลี่ยนใจ/ลูกค้าขอยกเลิกบริการเอง,4
61,ปัญหาระบบ | เปิด Website ไม่ได้บาง Web | เหตุเสียใช้ได้ ก่อน,ปัญหาการใช้งานของลูกค้า,Internet ช้า,ข้อต่อหลวม ไม่ดี/ไม่สนิท,4
61,ปัญหาระบบ | เปิด Website ไม่ได้บาง Web | เหตุเสียใช้ได้ ก่อน,ปัญหาการใช้งานของลูกค้า,เปิด Web ไม่ได้,ไม่พบปัญหาการใช้งานแล้ว,4
61,ปัญหาระบบ | เปิด Website ไม่ได้บาง Web | เหตุเสียใช้ได้ ก่อน,ปัญหาการใช้งานของลูกค้า,Internet หลุดบ่อย,Ticket มีการระบุให้เปลี่ยนอุปกรณ์,3
61,ปัญหาระบบ | เปิด Website ไม่ได้บาง Web | เหตุเสียใช้ได้ ก่อน,อุปกรณ์ลูกค้า (device),เปิด Website ไม่ได้บาง Web,ขัดข้อง/เสีย,3
61,ปัญหาระบบ | เปิด Website ไม่ได้บาง Web | เหตุเสียใช้ได้ ก่อน,อุปกรณ์ลูกค้า (device),เปิด Website ไม่ได้บาง Web,ลูกค้าเปลี่ยนใจ/ลูกค้าขอยกเลิกบริการเอง,3
61,ปัญหาระบบ | เปิด Website ไม่ได้บาง Web | เหตุเสียใช้ได้ ก่อน,ปัญหาการใช้งานของลูกค้า,Internet หลุดบ่อย,หัวสายสำเร็จSC-APC เสีย,3
61,ปัญหาระบบ | เปิด Website ไม่ได้บาง Web | เหตุเสียใช้ได้ ก่อน,ปัญหาการใช้งานของลูกค้า,เปิด Web ไม่ได้,เปลี่ยน process การทำงาน,3
61,ปัญหาระบบ | เปิด Website ไม่ได้บาง Web | เหตุเสียใช้ได้ ก่อน,ปัญหาการใช้งานของลูกค้า,Internet ช้า,LAN เสีย,3
61,ปัญหาระบบ | เปิด Website ไม่ได้บาง Web | เหตุเสียใช้ได้ ก่อน,ปัญหาการใช้งานของลูกค้า,ใช้งาน VPN ไม่ได้,Reboot,3
61,ปัญหาระบบ | เปิด Website ไม่ได้บาง Web | เหตุเสียใช้ได้ ก่อน,ปัญหาการใช้งานของลูกค้า,ใช้งาน VPN ไม่ได้,การใช้งานของลูกค้า,3
61,ปัญหาระบบ | เปิด Website ไม่ได้บาง Web | เหตุเสียใช้ได้ ก่อน,อุปกรณ์ลูกค้า (device),เปิด Website ไม่ได้บาง Web,CONFIG CHANGE,3
61,ปัญหาระบบ | เปิด Website ไม่ได้บาง Web | เหตุเสียใช้ได้ ก่อน,ปัญหาการใช้งานของลูกค้า,Internet ช้า,เปลี่ยน process การทำงาน,3
61,ปัญหาระบบ | เปิด Website ไม่ได้บาง Web | เหตุเสียใช้ได้ ก่อน,ปัญหาการใช้งานของลูกค้า,Internet หลุดบ่อย,ทดสอบและอธิบายลูกค้า,3
61,ปัญหาระบบ | เปิด Website ไม่ได้บาง Web | เหตุเสียใช้ได้ ก่อน,อุปกรณ์ลูกค้า (device),Internet หลุดบ่อย,เหตุเสียใช้ได้ ก่อนช่างถึงบ้าน,3
61,ปัญหาระบบ | เปิด Website ไม่ได้บาง Web | เหตุเสียใช้ได้ ก่อน,ปัญหาระบบ,เปิด Website ไม่ได้บาง Web,ลูกค้าเปลี่ยนใจ/ลูกค้าขอยกเลิกบริการเอง,3
61,ปัญหาระบบ | เปิด Website ไม่ได้บาง Web | เหตุเสียใช้ได้ ก่อน,อุปกรณ์ลูกค้า (device),เปิด Web ไม่ได้,ไม่ทราบสาเหตุ,2
61,ปัญหาระบบ | เปิด Website ไม่ได้บาง Web | เหตุเสียใช้ได้ ก่อน,อุปกรณ์ลูกค้า (device),Internet ช้า,ขัดข้อง/เสีย,2
61,ปัญหาระบบ | เปิด Website ไม่ได้บาง Web | เหตุเสียใช้ได้ ก่อน,ปัญหาการใช้งานของลูกค้า,Internet ช้า,ไม่ตรงรุ่น,2
61,ปัญหาระบบ | เปิด Website ไม่ได้บาง Web | เหตุเสียใช้ได้ ก่อน,ปัญหาการใช้งานของลูกค้า,Internet หลุดบ่อย,Area Manager เห็นชอบให้มีการเปลี่ยน CPE,2
61,ปัญหาระบบ | เปิด Website ไม่ได้บาง Web | เหตุเสียใช้ได้ ก่อน,ปัญหาการใช้งานของลูกค้า,Internet ช้า,การไฟฟ้าย้ายแนว/จัดระเบียบสาย,2
61,ปัญหาระบบ | เปิด Website ไม่ได้บาง Web | เหตุเสียใช้ได้ ก่อน,ปัญหาการใช้งานของลูกค้า,เปิด Web ไม่ได้,ข้อต่อหลวม ไม่ดี/ไม่สนิท,2
61,ปัญหาระบบ | เปิด Website ไม่ได้บาง Web | เหตุเสียใช้ได้ ก่อน,ปัญหาระบบ,ใช้งาน VPN ไม่ได้,เหตุเสียใช้ได้ ก่อนช่างถึงบ้าน,2
61,ปัญหาระบบ | เปิด Website ไม่ได้บาง Web | เหตุเสียใช้ได้ ก่อน,อุปกรณ์ลูกค้า (device),Internet หลุดบ่อย,การใช้งานของลูกค้า,2
61,ปัญหาระบบ | เปิด Website ไม่ได้บาง Web | เหตุเสียใช้ได้ ก่อน,ปัญหาการใช้งานของลูกค้า,Internet ช้า,หัวสายสำเร็จSC-APC สกปรก,2
61,ปัญหาระบบ | เปิด Website ไม่ได้บาง Web | เหตุเสียใช้ได้ ก่อน,ปัญหาการใช้งานของลูกค้า,Internet ช้า,Mesh pair ไม่สำเร็จ,2
61,ปัญหาระบบ | เปิด Website ไม่ได้บาง Web | เหตุเสียใช้ได้ ก่อน,ปัญหาการใช้งานของลูกค้า,Internet ช้า,มีค่า Loss สูง,2
61,ปัญหาระบบ | เปิด Website ไม่ได้บาง Web | เหตุเสียใช้ได้ ก่อน,ปัญหาการใช้งานของลูกค้า,Internet หลุดบ่อย,Mesh pair ไม่สำเร็จ,2
61,ปัญหาระบบ | เปิด Website ไม่ได้บาง Web | เหตุเสียใช้ได้ ก่อน,ปัญหาการใช้งานของลูกค้า,Internet หลุดบ่อย,BUG FIRMWARE,2
61,ปัญหาระบบ | เปิด Website ไม่ได้บาง Web | เหตุเสียใช้ได้ ก่อน,ปัญหาการใช้งานของลูกค้า,Internet ช้า,Switch on/off เสีย/ชำรุดแตกหัก,2
61,ปัญหาระบบ | เปิด Website ไม่ได้บาง Web | เหตุเสียใช้ได้ ก่อน,ปัญหาใช้งาน Page Pre Suspend,แจ้งเสีย-Internet&Data,,2
61,ปัญหาระบบ | เปิด Website ไม่ได้บาง Web | เหตุเสียใช้ได้ ก่อน,ปัญหาการใช้งานของลูกค้า,เปิด Web ไม่ได้,Switch on/off เสีย/ชำรุดแตกหัก,2
61,ปัญหาระบบ | เปิด Website ไม่ได้บาง Web | เหตุเสียใช้ได้ ก่อน,รับ-ส่ง Fax ไม่ได้,คุณภาพสัญญาน,การใช้งานของลูกค้า,1
61,ปัญหาระบบ | เปิด Website ไม่ได้บาง Web | เหตุเสียใช้ได้ ก่อน,ปัญหาการใช้งานของลูกค้า,เปิด Web ไม่ได้,Ticket มีการระบุให้เปลี่ยนอุปกรณ์,1
61,ปัญหาระบบ | เปิด Website ไม่ได้บาง Web | เหตุเสียใช้ได้ ก่อน,ปัญหาการใช้งานของลูกค้า,Internet หลุดบ่อย,สูญหาย,1
61,ปัญหาระบบ | เปิด Website ไม่ได้บาง Web | เหตุเสียใช้ได้ ก่อน,ปัญหาการใช้งานของลูกค้า,ใช้งาน VPN ไม่ได้,Monitor เหตุเสียครบตามเงื่อนไข,1
61,ปัญหาระบบ | เปิด Website ไม่ได้บาง Web | เหตุเสียใช้ได้ ก่อน,ปัญหาระบบ,ใช้งาน Netflix ไม่ได้,การใช้งานของลูกค้า,1
61,ปัญหาระบบ | เปิด Website ไม่ได้บาง Web | เหตุเสียใช้ได้ ก่อน,ปัญหาการใช้งานของลูกค้า,Internet หลุดบ่อย,หัวสายสำเร็จSC-APC หลวม /ไม่สนิท,1
61,ปัญหาระบบ | เปิด Website ไม่ได้บาง Web | เหตุเสียใช้ได้ ก่อน,ปัญหาระบบ,เปิด Website ไม่ได้บาง Web,ทดสอบและอธิบายลูกค้า,1
61,ปัญหาระบบ | เปิด Website ไม่ได้บาง Web | เหตุเสียใช้ได้ ก่อน,ปัญหาการใช้งานของลูกค้า,Internet หลุดบ่อย,ไม่ตรงรุ่น,1
61,ปัญหาระบบ | เปิด Website ไม่ได้บาง Web | เหตุเสียใช้ได้ ก่อน,ปัญหาการใช้งานของลูกค้า,Internet ช้า,สายเสื่อมสภาพ,1
61,ปัญหาระบบ | เปิด Website ไม่ได้บาง Web | เหตุเสียใช้ได้ ก่อน,ปัญหาการใช้งานของลูกค้า,Internet ช้า,สายไม่เป็นระเบียบ,1
61,ปัญหาระบบ | เปิด Website ไม่ได้บาง Web | เหตุเสียใช้ได้ ก่อน,ปัญหาการใช้งานของลูกค้า,Internet ช้า,CONFIG.PARAMETER ไม่ถูกต้อง,1
61,ปัญหาระบบ | เปิด Website ไม่ได้บาง Web | เหตุเสียใช้ได้ ก่อน,ปัญหาระบบ,เปิด Website ไม่ได้บาง Web,รถเกี่ยว,1
61,ปัญหาระบบ | เปิด Website ไม่ได้บาง Web | เหตุเสียใช้ได้ ก่อน,ปัญหาการใช้งานของลูกค้า,Internet หลุดบ่อย,มีเสียงผิดปกติในตัวโมเด็ม,1
61,ปัญหาระบบ | เปิด Website ไม่ได้บาง Web | เหตุเสียใช้ได้ ก่อน,อุปกรณ์ลูกค้า (device),Internet หลุดบ่อย,Reboot,1
61,ปัญหาระบบ | เปิด Website ไม่ได้บาง Web | เหตุเสียใช้ได้ ก่อน,ปัญหาการใช้งานของลูกค้า,เปิด Web ไม่ได้,BUG FIRMWARE,1
61,ปัญหาระบบ | เปิด Website ไม่ได้บาง Web | เหตุเสียใช้ได้ ก่อน,ปัญหาการใช้งานของลูกค้า,Internet ช้า,หลอดไฟ LED Status เสีย,1
61,ปัญหาระบบ | เปิด Website ไม่ได้บาง Web | เหตุเสียใช้ได้ ก่อน,ปัญหาการใช้งานของลูกค้า,เปิด Web ไม่ได้,มีเสียงผิดปกติในตัวโมเด็ม,1
61,ปัญหาระบบ | เปิด Website ไม่ได้บาง Web | เหตุเสียใช้ได้ ก่อน,อุปกรณ์ลูกค้า (device),Internet หลุดบ่อย,ไม่ตรงรุ่น,1
61,ปัญหาระบบ | เปิด Website ไม่ได้บาง Web | เหตุเสียใช้ได้ ก่อน,ปัญหาการใช้งานของลูกค้า,Internet ช้า,เหตุเสียภายใน 90 วัน,1
61,ปัญหาระบบ | เปิด Website ไม่ได้บาง Web | เหตุเสียใช้ได้ ก่อน,ปัญหาระบบ,เปิด Website ไม่ได้บาง Web,เปลี่ยน process การทำงาน,1
61,ปัญหาระบบ | เปิด Website ไม่ได้บาง Web | เหตุเสียใช้ได้ ก่อน,Line Profile ที่ใช้งานไม่ตรงกับ Package,Internet ช้า,เหตุเสียใช้ได้ ก่อนช่างถึงบ้าน,1
61,ปัญหาระบบ | เปิด Website ไม่ได้บาง Web | เหตุเสียใช้ได้ ก่อน,อุปกรณ์ลูกค้า (device),Internet หลุดบ่อย,ลูกค้าเปลี่ยนใจ/ลูกค้าขอยกเลิกบริการเอง,1
61,ปัญหาระบบ | เปิด Website ไม่ได้บาง Web | เหตุเสียใช้ได้ ก่อน,ปัญหาการใช้งานของลูกค้า,Internet ช้า,หัวสายสำเร็จSC-APC เสีย,1
61,ปัญหาระบบ | เปิด Website ไม่ได้บาง Web | เหตุเสียใช้ได้ ก่อน,เปิดWebsite ไม่ได้ทุก Web ค่าสัญญาณดี,Connectได้แต่มีปัญหา,ไม่ทราบสาเหตุ,1
61,ปัญหาระบบ | เปิด Website ไม่ได้บาง Web | เหตุเสียใช้ได้ ก่อน,ปัญหาการใช้งานของลูกค้า,ใช้งาน VPN ไม่ได้,CONFIG CHANGE,1
61,ปัญหาระบบ | เปิด Website ไม่ได้บาง Web | เหตุเสียใช้ได้ ก่อน,รับ-ส่ง Fax ไม่ได้,คุณภาพสัญญาน,ลูกค้าเปลี่ยนใจ/ลูกค้าขอยกเลิกบริการเอง,1
61,ปัญหาระบบ | เปิด Website ไม่ได้บาง Web | เหตุเสียใช้ได้ ก่อน,ปัญหาการใช้งานของลูกค้า,เปิด Web ไม่ได้,ไม่ตรงรุ่น,1
61,ปัญหาระบบ | เปิด Website ไม่ได้บาง Web | เหตุเสียใช้ได้ ก่อน,ปัญหาการใช้งานของลูกค้า,Internet หลุดบ่อย,รถเกี่ยว,1
61,ปัญหาระบบ | เปิด Website ไม่ได้บาง Web | เหตุเสียใช้ได้ ก่อน,ปัญหาการใช้งานของลูกค้า,Internet ช้า,Port เสีย,1
61,ปัญหาระบบ | เปิด Website ไม่ได้บาง Web | เหตุเสียใช้ได้ ก่อน,ปัญหาการใช้งานของลูกค้า,เปิด Web ไม่ได้,ไฟฟ้าดับ,1
61,ปัญหาระบบ | เปิด Website ไม่ได้บาง Web | เหตุเสียใช้ได้ ก่อน,ปัญหาการใช้งานของลูกค้า,เปิด Web ไม่ได้,สายขาด,1
61,ปัญหาระบบ | เปิด Website ไม่ได้บาง Web | เหตุเสียใช้ได้ ก่อน,ปัญหาการใช้งานของลูกค้า,Internet ช้า,Costomer Knowledge,1
61,ปัญหาระบบ | เปิด Website ไม่ได้บาง Web | เหตุเสียใช้ได้ ก่อน,อุปกรณ์ลูกค้า (device),Internet หลุดบ่อย,ขัดข้อง/เสีย,1
61,ปัญหาระบบ | เปิด Website ไม่ได้บาง Web | เหตุเสียใช้ได้ ก่อน,ปัญหาการใช้งานของลูกค้า,Internet หลุดบ่อย,อุปกรณ์ Hang,1
61,ปัญหาระบบ | เปิด Website ไม่ได้บาง Web | เหตุเสียใช้ได้ ก่อน,อุปกรณ์ลูกค้า (device),ใช้งาน VPN ไม่ได้,ลูกค้าเปลี่ยนใจ/ลูกค้าขอยกเลิกบริการเอง,1
61,ปัญหาระบบ | เปิด Website ไม่ได้บาง Web | เหตุเสียใช้ได้ ก่อน,อุปกรณ์ลูกค้า (device),Internet ช้า,อุปกรณ์คืนค่าโรงงาน,1
61,ปัญหาระบบ | เปิด Website ไม่ได้บาง Web | เหตุเสียใช้ได้ ก่อน,ปัญหาการใช้งานของลูกค้า,Internet หลุดบ่อย,ข้อต่อหลวม ไม่ดี/ไม่สนิท,1
61,ปัญหาระบบ | เปิด Website ไม่ได้บาง Web | เหตุเสียใช้ได้ ก่อน,ปัญหาการใช้งานของลูกค้า,ใช้งาน VPN ไม่ได้,เหตุเสียใช้ได้ ก่อนช่างถึงบ้าน,1
61,ปัญหาระบบ | เปิด Website ไม่ได้บาง Web | เหตุเสียใช้ได้ ก่อน,ปัญหาการใช้งานของลูกค้า,เปิด Web ไม่ได้,สายเสื่อมสภาพ,1
61,ปัญหาระบบ | เปิด Website ไม่ได้บาง Web | เหตุเสียใช้ได้ ก่อน,ปัญหาระบบ,เปิด Website ไม่ได้บาง Web,Monitor เหตุเสียครบตามเงื่อนไข,1
61,ปัญหาระบบ | เปิด Website ไม่ได้บาง Web | เหตุเสียใช้ได้ ก่อน,ปัญหาการใช้งานของลูกค้า,Internet หลุดบ่อย,เปลี่ยน process การทำงาน,1
61,ปัญหาระบบ | เปิด Website ไม่ได้บาง Web | เหตุเสียใช้ได้ ก่อน,อุปกรณ์ลูกค้า (device),Internet ช้า,ส่งงานไม่ถูกต้อง,1
61,ปัญหาระบบ | เปิด Website ไม่ได้บาง Web | เหตุเสียใช้ได้ ก่อน,ปัญหาการใช้งานของลูกค้า,Internet ช้า,เสนอบริการพิเศษ,1
61,ปัญหาระบบ | เปิด Website ไม่ได้บาง Web | เหตุเสียใช้ได้ ก่อน,ปัญหาการใช้งานของลูกค้า,Internet หลุดบ่อย,CONFIG.PARAMETER ไม่ถูกต้อง,1
61,ปัญหาระบบ | เปิด Website ไม่ได้บาง Web | เหตุเสียใช้ได้ ก่อน,ปัญหาการใช้งานของลูกค้า,Internet ช้า,รถเกี่ยว,1
61,ปัญหาระบบ | เปิด Website ไม่ได้บาง Web | เหตุเสียใช้ได้ ก่อน,อุปกรณ์ลูกค้า (device),Internet ช้า,เหตุเสียใช้ได้ ก่อนช่างถึงบ้าน,1
61,ปัญหาระบบ | เปิด Website ไม่ได้บาง Web | เหตุเสียใช้ได้ ก่อน,ปัญหาการใช้งานของลูกค้า,Internet หลุดบ่อย,หลอดไฟ LED Status เสีย,1
61,ปัญหาระบบ | เปิด Website ไม่ได้บาง Web | เหตุเสียใช้ได้ ก่อน,2Gbps ปัญหา low speed,Internet ช้า,ลูกค้าเปลี่ยนใจ/ลูกค้าขอยกเลิกบริการเอง,1
61,ปัญหาระบบ | เปิด Website ไม่ได้บาง Web | เหตุเสียใช้ได้ ก่อน,ปัญหาการใช้งานของลูกค้า,เปิด Web ไม่ได้,Mesh pair ไม่สำเร็จ,1
62,โทรออกสัญญาณสายไม่ว่าง | โทรออก | เหตุเสียใช้ได้ ก่อนช่างถึง,Non voice-รอข้อมูลแจ้งเสียจากลูกค้า,แจ้งเสีย - รอรับบริการ,,2636
62,โทรออกสัญญาณสายไม่ว่าง | โทรออก | เหตุเสียใช้ได้ ก่อนช่างถึง,โทรเข้าออกเงียบไม่มีสัญญาณ,โทรเข้า-ออก,การใช้งานของลูกค้า,720
62,โทรออกสัญญาณสายไม่ว่าง | โทรออก | เหตุเสียใช้ได้ ก่อนช่างถึง,โทรออกสัญญาณสายไม่ว่าง,โทรออก,CONFIG CHANGE/BUG FIRMWARE,233
62,โทรออกสัญญาณสายไม่ว่าง | โทรออก | เหตุเสียใช้ได้ ก่อนช่างถึง,โทรออกไม่ได้,โทรออก,CONFIG CHANGE/BUG FIRMWARE,213
62,โทรออกสัญญาณสายไม่ว่าง | โทรออก | เหตุเสียใช้ได้ ก่อนช่างถึง,โทรเข้าออกเงียบไม่มีสัญญาณ,โทรเข้า-ออก,CONFIG CHANGE,149
62,โทรออกสัญญาณสายไม่ว่าง | โทรออก | เหตุเสียใช้ได้ ก่อนช่างถึง,โทรเข้าออกเงียบไม่มีสัญญาณ,โทรเข้า-ออก,ขัดข้อง/เสีย,131
62,โทรออกสัญญาณสายไม่ว่าง | โทรออก | เหตุเสียใช้ได้ ก่อนช่างถึง,โทรเข้าออกเงียบไม่มีสัญญาณ,โทรเข้า-ออก,เหตุเสียใช้ได้ ก่อนช่างถึงบ้าน,123
62,โทรออกสัญญาณสายไม่ว่าง | โทรออก | เหตุเสียใช้ได้ ก่อนช่างถึง,มีสัญญาณแต่โทรเข้าไม่ได้,โทรเข้า,CONFIG CHANGE/BUG FIRMWARE,119
62,โทรออกสัญญาณสายไม่ว่าง | โทรออก | เหตุเสียใช้ได้ ก่อนช่างถึง,โทรเข้าติดเทป,โทรเข้า,CONFIG CHANGE/BUG FIRMWARE,71
62,โทรออกสัญญาณสายไม่ว่าง | โทรออก | เหตุเสียใช้ได้ ก่อนช่างถึง,โทรเข้าออกเงียบไม่มีสัญญาณ,โทรเข้า-ออก,ลูกค้าเปลี่ยนใจ/ลูกค้าขอยกเลิกบริการเอง,66
62,โทรออกสัญญาณสายไม่ว่าง | โทรออก | เหตุเสียใช้ได้ ก่อนช่างถึง,โทรเข้าออกเงียบไม่มีสัญญาณ,โทรเข้า-ออก,Voice ไม่ติด (ไฟ Phone ไม่ติด),51
62,โทรออกสัญญาณสายไม่ว่าง | โทรออก | เหตุเสียใช้ได้ ก่อนช่างถึง,โทรออกติดเทป,โทรออก,CONFIG CHANGE/BUG FIRMWARE,46
62,โทรออกสัญญาณสายไม่ว่าง | โทรออก | เหตุเสียใช้ได้ ก่อนช่างถึง,True iService-ชำระเงินไม่ได้,แจ้งเสีย-Application True,,44
62,โทรออกสัญญาณสายไม่ว่าง | โทรออก | เหตุเสียใช้ได้ ก่อนช่างถึง,โทรศัพท์พื้นฐานไร้สาย(Cordless)ของTrueมีปัญหา,โทรเข้า-ออก,การใช้งานของลูกค้า,33
62,โทรออกสัญญาณสายไม่ว่าง | โทรออก | เหตุเสียใช้ได้ ก่อนช่างถึง,โทรเข้าออกเงียบไม่มีสัญญาณ,โทรเข้า-ออก,CONFIG CHANGE/BUG FIRMWARE,31
62,โทรออกสัญญาณสายไม่ว่าง | โทรออก | เหตุเสียใช้ได้ ก่อนช่างถึง,โทรเข้าออกเงียบไม่มีสัญญาณ,โทรเข้า-ออก,Monitor เหตุเสียครบตามเงื่อนไข,30
62,โทรออกสัญญาณสายไม่ว่าง | โทรออก | เหตุเสียใช้ได้ ก่อนช่างถึง,โทรเข้าออกเงียบไม่มีสัญญาณ,โทรเข้า-ออก,ข้อต่อหลวม ไม่ดี/ไม่สนิท,30
62,โทรออกสัญญาณสายไม่ว่าง | โทรออก | เหตุเสียใช้ได้ ก่อนช่างถึง,โทรออกไม่ได้,โทรออก,การใช้งานของลูกค้า,29
62,โทรออกสัญญาณสายไม่ว่าง | โทรออก | เหตุเสียใช้ได้ ก่อนช่างถึง,กดโทรออกติดเทป,โทรออก,CONFIG CHANGE/BUG FIRMWARE,26
62,โทรออกสัญญาณสายไม่ว่าง | โทรออก | เหตุเสียใช้ได้ ก่อนช่างถึง,โทรเข้า กระดิ่งไม่ดัง,โทรเข้า,CONFIG CHANGE/BUG FIRMWARE,23
62,โทรออกสัญญาณสายไม่ว่าง | โทรออก | เหตุเสียใช้ได้ ก่อนช่างถึง,โทรเข้าออกเงียบไม่มีสัญญาณ,โทรเข้า-ออก,Costomer Knowledge,19
62,โทรออกสัญญาณสายไม่ว่าง | โทรออก | เหตุเสียใช้ได้ ก่อนช่างถึง,โทรเข้าออกเงียบไม่มีสัญญาณ,โทรเข้า-ออก,อุปกรณ์คืนค่าโรงงาน,19
62,โทรออกสัญญาณสายไม่ว่าง | โทรออก | เหตุเสียใช้ได้ ก่อนช่างถึง,โทรออกสัญญาณสายไม่ว่าง,โทรออก,ไม่ทราบสาเหตุ,18
62,โทรออกสัญญาณสายไม่ว่าง | โทรออก | เหตุเสียใช้ได้ ก่อนช่างถึง,โทรออกสัญญาณสายไม่ว่าง,โทรออก,การใช้งานของลูกค้า,17
62,โทรออกสัญญาณสายไม่ว่าง | โทรออก | เหตุเสียใช้ได้ ก่อนช่างถึง,โทรเข้าออกเงียบไม่มีสัญญาณ,โทรเข้า-ออก,ไม่ทราบสาเหตุ,17
62,โทรออกสัญญาณสายไม่ว่าง | โทรออก | เหตุเสียใช้ได้ ก่อนช่างถึง,โทรออกไม่ได้,โทรออก,ไม่ทราบสาเหตุ,16
62,โทรออกสัญญาณสายไม่ว่าง | โทรออก | เหตุเสียใช้ได้ ก่อนช่างถึง,โทรออกไม่ได้,โทรออก,ขัดข้อง/เสีย,15
62,โทรออกสัญญาณสายไม่ว่าง | โทรออก | เหตุเสียใช้ได้ ก่อนช่างถึง,โทรออกไม่ได้,โทรออก,Voice ไม่ติด (ไฟ Phone ไม่ติด),13
62,โทรออกสัญญาณสายไม่ว่าง | โทรออก | เหตุเสียใช้ได้ ก่อนช่างถึง,มีสัญญาณแต่โทรเข้าไม่ได้,โทรเข้า,,13
62,โทรออกสัญญาณสายไม่ว่าง | โทรออก | เหตุเสียใช้ได้ ก่อนช่างถึง,โทรออกมือถือไม่ได้,โทรออก,CONFIG CHANGE/BUG FIRMWARE,13
62,โทรออกสัญญาณสายไม่ว่าง | โทรออก | เหตุเสียใช้ได้ ก่อนช่างถึง,มีสัญญาณแต่โทรเข้าไม่ได้,โทรเข้า,การใช้งานของลูกค้า,12
62,โทรออกสัญญาณสายไม่ว่าง | โทรออก | เหตุเสียใช้ได้ ก่อนช่างถึง,โทรศัพท์พื้นฐานไร้สาย(Cordless)ของTrueมีปัญหา,โทรเข้า-ออก,CONFIG CHANGE,12
62,โทรออกสัญญาณสายไม่ว่าง | โทรออก | เหตุเสียใช้ได้ ก่อนช่างถึง,โทรเข้าออกเงียบไม่มีสัญญาณ,โทรเข้า-ออก,ทดสอบและอธิบายลูกค้า,10
62,โทรออกสัญญาณสายไม่ว่าง | โทรออก | เหตุเสียใช้ได้ ก่อนช่างถึง,โทรออกไม่ได้,โทรออก,,9
62,โทรออกสัญญาณสายไม่ว่าง | โทรออก | เหตุเสียใช้ได้ ก่อนช่างถึง,โทรออกสัญญาณสายไม่ว่าง,โทรออก,,9
62,โทรออกสัญญาณสายไม่ว่าง | โทรออก | เหตุเสียใช้ได้ ก่อนช่างถึง,เงียบ ไม่มีสัญญาณบางช่วงเวลา,คุณภาพสัญญาน,การใช้งานของลูกค้า,9
62,โทรออกสัญญาณสายไม่ว่าง | โทรออก | เหตุเสียใช้ได้ ก่อนช่างถึง,โทรเข้าออกเงียบไม่มีสัญญาณ,โทรเข้า-ออก,สายหัก/สายงอ/สายถูกดึงรั้ง,9
62,โทรออกสัญญาณสายไม่ว่าง | โทรออก | เหตุเสียใช้ได้ ก่อนช่างถึง,โทรออกสัญญาณสายไม่ว่าง,โทรออก,CONFIG CHANGE,8
62,โทรออกสัญญาณสายไม่ว่าง | โทรออก | เหตุเสียใช้ได้ ก่อนช่างถึง,006 โทรออกสัญญาณสายไม่ว่าง,โทรออก,CONFIG CHANGE/BUG FIRMWARE,8
62,โทรออกสัญญาณสายไม่ว่าง | โทรออก | เหตุเสียใช้ได้ ก่อนช่างถึง,โทรออกไม่ได้,โทรออก,CONFIG CHANGE,8
62,โทรออกสัญญาณสายไม่ว่าง | โทรออก | เหตุเสียใช้ได้ ก่อนช่างถึง,โทรเข้าออกเงียบไม่มีสัญญาณ,โทรเข้า-ออก,ส่งงานไม่ถูกต้อง,8
62,โทรออกสัญญาณสายไม่ว่าง | โทรออก | เหตุเสียใช้ได้ ก่อนช่างถึง,โทรเข้าออกเงียบไม่มีสัญญาณ,โทรเข้า-ออก,BUG FIRMWARE,8
62,โทรออกสัญญาณสายไม่ว่าง | โทรออก | เหตุเสียใช้ได้ ก่อนช่างถึง,โทรเข้าออกเงียบไม่มีสัญญาณ,โทรเข้า-ออก,หัวสายสำเร็จSC-APC หลวม /ไม่สนิท,8
62,โทรออกสัญญาณสายไม่ว่าง | โทรออก | เหตุเสียใช้ได้ ก่อนช่างถึง,โทรศัพท์พื้นฐานไร้สาย(Cordless)ของTrueมีปัญหา,โทรเข้า-ออก,เหตุเสียใช้ได้ ก่อนช่างถึงบ้าน,7
62,โทรออกสัญญาณสายไม่ว่าง | โทรออก | เหตุเสียใช้ได้ ก่อนช่างถึง,โทรเข้า กระดิ่งไม่ดัง,โทรเข้า,การใช้งานของลูกค้า,7
62,โทรออกสัญญาณสายไม่ว่าง | โทรออก | เหตุเสียใช้ได้ ก่อนช่างถึง,โทรเข้าออกเงียบไม่มีสัญญาณ,โทรเข้า-ออก,เปลี่ยน process การทำงาน,7
62,โทรออกสัญญาณสายไม่ว่าง | โทรออก | เหตุเสียใช้ได้ ก่อนช่างถึง,มีสัญญาณแต่โทรเข้าไม่ได้,โทรเข้า,ขัดข้อง/เสีย,6
62,โทรออกสัญญาณสายไม่ว่าง | โทรออก | เหตุเสียใช้ได้ ก่อนช่างถึง,โทรเข้า กระดิ่งไม่ดัง,โทรเข้า,ขัดข้อง/เสีย,6
62,โทรออกสัญญาณสายไม่ว่าง | โทรออก | เหตุเสียใช้ได้ ก่อนช่างถึง,โทรเข้าติดเทป,โทรเข้า,การใช้งานของลูกค้า,6
62,โทรออกสัญญาณสายไม่ว่าง | โทรออก | เหตุเสียใช้ได้ ก่อนช่างถึง,โทรออกไม่ได้,โทรออก,เหตุเสียใช้ได้ ก่อนช่างถึงบ้าน,6
62,โทรออกสัญญาณสายไม่ว่าง | โทรออก | เหตุเสียใช้ได้ ก่อนช่างถึง,มีสัญญาณแต่โทรเข้าไม่ได้,โทรเข้า,ไม่ทราบสาเหตุ,6
62,โทรออกสัญญาณสายไม่ว่าง | โทรออก | เหตุเสียใช้ได้ ก่อนช่างถึง,โทรเข้าติดเทป,โทรเข้า,,6
62,โทรออกสัญญาณสายไม่ว่าง | โทรออก | เหตุเสียใช้ได้ ก่อนช่างถึง,โทรเข้ากระดิ่งดังครั้งเดียว,โทรเข้า,CONFIG CHANGE/BUG FIRMWARE,6
62,โทรออกสัญญาณสายไม่ว่าง | โทรออก | เหตุเสียใช้ได้ ก่อนช่างถึง,Soft-X Unregistered,โทรเข้า-ออก,ไม่ทราบสาเหตุ,6
62,โทรออกสัญญาณสายไม่ว่าง | โทรออก | เหตุเสียใช้ได้ ก่อนช่างถึง,โทรออกสัญญาณสายไม่ว่าง,โทรออก,Voice ไม่ติด (ไฟ Phone ไม่ติด),6
62,โทรออกสัญญาณสายไม่ว่าง | โทรออก | เหตุเสียใช้ได้ ก่อนช่างถึง,โทรเข้าติดเทป,โทรเข้า,Voice ไม่ติด (ไฟ Phone ไม่ติด),5
62,โทรออกสัญญาณสายไม่ว่าง | โทรออก | เหตุเสียใช้ได้ ก่อนช่างถึง,มีเสียงอื่นแทรกในสาย,คุณภาพสัญญาน,CONFIG CHANGE/BUG FIRMWARE,5
62,โทรออกสัญญาณสายไม่ว่าง | โทรออก | เหตุเสียใช้ได้ ก่อนช่างถึง,มีสัญญาณแต่โทรเข้าไม่ได้,โทรเข้า,ลูกค้าเปลี่ยนใจ/ลูกค้าขอยกเลิกบริการเอง,5
62,โทรออกสัญญาณสายไม่ว่าง | โทรออก | เหตุเสียใช้ได้ ก่อนช่างถึง,โทรศัพท์พื้นฐานไร้สาย(Cordless)ของTrueมีปัญหา,โทรเข้า-ออก,Voice ไม่ติด (ไฟ Phone ไม่ติด),5
62,โทรออกสัญญาณสายไม่ว่าง | โทรออก | เหตุเสียใช้ได้ ก่อนช่างถึง,เงียบ ไม่มีสัญญาณบางช่วงเวลา,คุณภาพสัญญาน,ไม่ทราบสาเหตุ,5
62,โทรออกสัญญาณสายไม่ว่าง | โทรออก | เหตุเสียใช้ได้ ก่อนช่างถึง,โทรออกสัญญาณสายไม่ว่าง,โทรออก,ขัดข้อง/เสีย,5
62,โทรออกสัญญาณสายไม่ว่าง | โทรออก | เหตุเสียใช้ได้ ก่อนช่างถึง,เงียบ ไม่มีสัญญาณบางช่วงเวลา,คุณภาพสัญญาน,Voice ไม่ติด (ไฟ Phone ไม่ติด),5
62,โทรออกสัญญาณสายไม่ว่าง | โทรออก | เหตุเสียใช้ได้ ก่อนช่างถึง,โทรเข้าออกเงียบไม่มีสัญญาณ,โทรเข้า-ออก,ไม่พบปัญหาการใช้งานแล้ว,5
62,โทรออกสัญญาณสายไม่ว่าง | โทรออก | เหตุเสียใช้ได้ ก่อนช่างถึง,โทรออกไม่ได้บางเลขหมาย,แจ้งเสีย-Voice Call,,5
62,โทรออกสัญญาณสายไม่ว่าง | โทรออก | เหตุเสียใช้ได้ ก่อนช่างถึง,โทรศัพท์พื้นฐานไร้สาย(Cordless)ของTrueมีปัญหา,โทรเข้า-ออก,ขัดข้อง/เสีย,5
62,โทรออกสัญญาณสายไม่ว่าง | โทรออก | เหตุเสียใช้ได้ ก่อนช่างถึง,Soft-X Unregistered,โทรเข้า-ออก,Voice ไม่ติด (ไฟ Phone ไม่ติด),5
62,โทรออกสัญญาณสายไม่ว่าง | โทรออก | เหตุเสียใช้ได้ ก่อนช่างถึง,โทรเข้าออกเงียบไม่มีสัญญาณ,โทรเข้า-ออก,ไฟไม่เข้า,5
62,โทรออกสัญญาณสายไม่ว่าง | โทรออก | เหตุเสียใช้ได้ ก่อนช่างถึง,โทรเข้าออกเงียบไม่มีสัญญาณ,โทรเข้า-ออก,Reboot,5
62,โทรออกสัญญาณสายไม่ว่าง | โทรออก | เหตุเสียใช้ได้ ก่อนช่างถึง,โทรเข้าออกเงียบไม่มีสัญญาณ,โทรเข้า-ออก,ไฟไหม้,4
62,โทรออกสัญญาณสายไม่ว่าง | โทรออก | เหตุเสียใช้ได้ ก่อนช่างถึง,โทรเข้าติดเทป,โทรเข้า,ไม่ทราบสาเหตุ,4
62,โทรออกสัญญาณสายไม่ว่าง | โทรออก | เหตุเสียใช้ได้ ก่อนช่างถึง,โทรออกติดเทป,โทรออก,,4
62,โทรออกสัญญาณสายไม่ว่าง | โทรออก | เหตุเสียใช้ได้ ก่อนช่างถึง,โทรออกสัญญาณสายไม่ว่าง,โทรออก,ลูกค้าเปลี่ยนใจ/ลูกค้าขอยกเลิกบริการเอง,4
62,โทรออกสัญญาณสายไม่ว่าง | โทรออก | เหตุเสียใช้ได้ ก่อนช่างถึง,โทรเข้าออกเงียบไม่มีสัญญาณ,โทรเข้า-ออก,รถเกี่ยว,4
62,โทรออกสัญญาณสายไม่ว่าง | โทรออก | เหตุเสียใช้ได้ ก่อนช่างถึง,โทรออกไม่ได้บางเลขหมาย,โทรออก,CONFIG CHANGE/BUG FIRMWARE,4
62,โทรออกสัญญาณสายไม่ว่าง | โทรออก | เหตุเสียใช้ได้ ก่อนช่างถึง,True iService-กดรับ/แลกสิทธิพิเศษ ไม่ได้,แจ้งเสีย-Application True,,4
62,โทรออกสัญญาณสายไม่ว่าง | โทรออก | เหตุเสียใช้ได้ ก่อนช่างถึง,โทรออกสัญญาณสายไม่ว่าง,โทรออก,เหตุเสียใช้ได้ ก่อนช่างถึงบ้าน,3
62,โทรออกสัญญาณสายไม่ว่าง | โทรออก | เหตุเสียใช้ได้ ก่อนช่างถึง,โทรเข้าติดเทป,โทรเข้า,CONFIG CHANGE,3
62,โทรออกสัญญาณสายไม่ว่าง | โทรออก | เหตุเสียใช้ได้ ก่อนช่างถึง,มีเสียงซ่าในสาย,คุณภาพสัญญาน,,3
62,โทรออกสัญญาณสายไม่ว่าง | โทรออก | เหตุเสียใช้ได้ ก่อนช่างถึง,โทรออกมือถือไม่ได้,โทรออก,,3
62,โทรออกสัญญาณสายไม่ว่าง | โทรออก | เหตุเสียใช้ได้ ก่อนช่างถึง,มีสัญญาณแต่โทรเข้าไม่ได้,โทรเข้า,Voice ไม่ติด (ไฟ Phone ไม่ติด),3
62,โทรออกสัญญาณสายไม่ว่าง | โทรออก | เหตุเสียใช้ได้ ก่อนช่างถึง,โทรออกติดเทป,โทรออก,ไม่ทราบสาเหตุ,3
62,โทรออกสัญญาณสายไม่ว่าง | โทรออก | เหตุเสียใช้ได้ ก่อนช่างถึง,ขึ้นข้อความ กรุณารอสักครู่,TVS-ปัญหาสัญญาณ,ลูกค้าเปลี่ยนใจ/ลูกค้าขอยกเลิกบริการเอง,3
62,โทรออกสัญญาณสายไม่ว่าง | โทรออก | เหตุเสียใช้ได้ ก่อนช่างถึง,โทรออกไม่ได้,โทรออก,ลูกค้าเปลี่ยนใจ/ลูกค้าขอยกเลิกบริการเอง,3
62,โทรออกสัญญาณสายไม่ว่าง | โทรออก | เหตุเสียใช้ได้ ก่อนช่างถึง,โทรเข้า กระดิ่งไม่ดัง,โทรเข้า,Voice ไม่ติด (ไฟ Phone ไม่ติด),3
62,โทรออกสัญญาณสายไม่ว่าง | โทรออก | เหตุเสียใช้ได้ ก่อนช่างถึง,โทรเข้าออกเงียบไม่มีสัญญาณ,โทรเข้า-ออก,สายขาด,3
62,โทรออกสัญญาณสายไม่ว่าง | โทรออก | เหตุเสียใช้ได้ ก่อนช่างถึง,โทรเข้าออกเงียบไม่มีสัญญาณ,โทรเข้า-ออก,หัวสายสำเร็จSC-APC เสีย,3
62,โทรออกสัญญาณสายไม่ว่าง | โทรออก | เหตุเสียใช้ได้ ก่อนช่างถึง,โทรเข้า กระดิ่งไม่ดัง,โทรเข้า,ไม่ทราบสาเหตุ,3
62,โทรออกสัญญาณสายไม่ว่าง | โทรออก | เหตุเสียใช้ได้ ก่อนช่างถึง,รับ-ส่ง Fax ไม่ได้,คุณภาพสัญญาน,,3
62,โทรออกสัญญาณสายไม่ว่าง | โทรออก | เหตุเสียใช้ได้ ก่อนช่างถึง,โทรออกติดเทป,โทรออก,Voice ไม่ติด (ไฟ Phone ไม่ติด),2
62,โทรออกสัญญาณสายไม่ว่าง | โทรออก | เหตุเสียใช้ได้ ก่อนช่างถึง,มีสัญญาณแต่โทรเข้า-ออกยาก,คุณภาพสัญญาน,,2
62,โทรออกสัญญาณสายไม่ว่าง | โทรออก | เหตุเสียใช้ได้ ก่อนช่างถึง,โทรออกไม่ได้,โทรออก,Costomer Knowledge,2
62,โทรออกสัญญาณสายไม่ว่าง | โทรออก | เหตุเสียใช้ได้ ก่อนช่างถึง,โทรเข้ากระดิ่งดังครั้งเดียว,โทรเข้า,ขัดข้อง/เสีย,2
62,โทรออกสัญญาณสายไม่ว่าง | โทรออก | เหตุเสียใช้ได้ ก่อนช่างถึง,โทรออกติดเทป,โทรออก,CONFIG CHANGE,2
62,โทรออกสัญญาณสายไม่ว่าง | โทรออก | เหตุเสียใช้ได้ ก่อนช่างถึง,กดโทรออกติดเทป,โทรออก,ขัดข้อง/เสีย,2
62,โทรออกสัญญาณสายไม่ว่าง | โทรออก | เหตุเสียใช้ได้ ก่อนช่างถึง,มีสัญญาณแต่โทรเข้าไม่ได้,โทรเข้า,CONFIG CHANGE,2
62,โทรออกสัญญาณสายไม่ว่าง | โทรออก | เหตุเสียใช้ได้ ก่อนช่างถึง,เงียบ ไม่มีสัญญาณบางช่วงเวลา,คุณภาพสัญญาน,เหตุเสียใช้ได้ ก่อนช่างถึงบ้าน,2
62,โทรออกสัญญาณสายไม่ว่าง | โทรออก | เหตุเสียใช้ได้ ก่อนช่างถึง,เงียบ ไม่มีสัญญาณบางช่วงเวลา,คุณภาพสัญญาน,CONFIG CHANGE,2
62,โทรออกสัญญาณสายไม่ว่าง | โทรออก | เหตุเสียใช้ได้ ก่อนช่างถึง,เงียบ ไม่มีสัญญาณบางช่วงเวลา,คุณภาพสัญญาน,ขัดข้อง/เสีย,2
62,โทรออกสัญญาณสายไม่ว่าง | โทรออก | เหตุเสียใช้ได้ ก่อนช่างถึง,โทรเข้าติดเทป,โทรเข้า,ขัดข้อง/เสีย,2
62,โทรออกสัญญาณสายไม่ว่าง | โทรออก | เหตุเสียใช้ได้ ก่อนช่างถึง,โทรออกติดเทป,โทรออก,การใช้งานของลูกค้า,2
62,โทรออกสัญญาณสายไม่ว่าง | โทรออก | เหตุเสียใช้ได้ ก่อนช่างถึง,โทรออกไม่ได้,โทรออก,ส่งงานไม่ถูกต้อง,2
62,โทรออกสัญญาณสายไม่ว่าง | โทรออก | เหตุเสียใช้ได้ ก่อนช่างถึง,โทรออกไม่ได้,โทรออก,Monitor เหตุเสียครบตามเงื่อนไข,2
62,โทรออกสัญญาณสายไม่ว่าง | โทรออก | เหตุเสียใช้ได้ ก่อนช่างถึง,โทรศัพท์พื้นฐานไร้สาย(Cordless)ของTrueมีปัญหา,โทรเข้า-ออก,Monitor เหตุเสียครบตามเงื่อนไข,2
62,โทรออกสัญญาณสายไม่ว่าง | โทรออก | เหตุเสียใช้ได้ ก่อนช่างถึง,โทรเข้า กระดิ่งไม่ดัง,โทรเข้า,ทดสอบและอธิบายลูกค้า,2
62,โทรออกสัญญาณสายไม่ว่าง | โทรออก | เหตุเสียใช้ได้ ก่อนช่างถึง,โทรออกไม่ได้,โทรออก,ข้อต่อหลวม ไม่ดี/ไม่สนิท,2
62,โทรออกสัญญาณสายไม่ว่าง | โทรออก | เหตุเสียใช้ได้ ก่อนช่างถึง,โทรศัพท์พื้นฐานไร้สาย(Cordless)ของTrueมีปัญหา,โทรเข้า-ออก,ลูกค้าเปลี่ยนใจ/ลูกค้าขอยกเลิกบริการเอง,2
62,โทรออกสัญญาณสายไม่ว่าง | โทรออก | เหตุเสียใช้ได้ ก่อนช่างถึง,โทรไปเลขหมายพิเศษอื่น ๆ ไม่ได้,โทรออก,CONFIG CHANGE/BUG FIRMWARE,2
62,โทรออกสัญญาณสายไม่ว่าง | โทรออก | เหตุเสียใช้ได้ ก่อนช่างถึง,Soft-X Unregistered,แจ้งเสีย-Voice Call,,2
62,โทรออกสัญญาณสายไม่ว่าง | โทรออก | เหตุเสียใช้ได้ ก่อนช่างถึง,กดโทรออกติดเทป,โทรออก,Monitor เหตุเสียครบตามเงื่อนไข,2
62,โทรออกสัญญาณสายไม่ว่าง | โทรออก | เหตุเสียใช้ได้ ก่อนช่างถึง,โทรเข้าออกเงียบไม่มีสัญญาณ,โทรเข้า-ออก,มีค่า Loss สูง,2
62,โทรออกสัญญาณสายไม่ว่าง | โทรออก | เหตุเสียใช้ได้ ก่อนช่างถึง,มีสัญญาณแต่โทรเข้า-ออกยาก,คุณภาพสัญญาน,Voice ไม่ติด (ไฟ Phone ไม่ติด),2
62,โทรออกสัญญาณสายไม่ว่าง | โทรออก | เหตุเสียใช้ได้ ก่อนช่างถึง,กดโทรออกติดเทป,โทรออก,การใช้งานของลูกค้า,2
62,โทรออกสัญญาณสายไม่ว่าง | โทรออก | เหตุเสียใช้ได้ ก่อนช่างถึง,โทรเข้าออกเงียบไม่มีสัญญาณ,โทรเข้า-ออก,ไม่ตรงรุ่น,2
62,โทรออกสัญญาณสายไม่ว่าง | โทรออก | เหตุเสียใช้ได้ ก่อนช่างถึง,โทรออกมือถือไม่ได้,โทรออก,การใช้งานของลูกค้า,2
62,โทรออกสัญญาณสายไม่ว่าง | โทรออก | เหตุเสียใช้ได้ ก่อนช่างถึง,โทรศัพท์พื้นฐานไร้สาย(Cordless)ของTrueมีปัญหา,โทรเข้า-ออก,Costomer Knowledge,2
62,โทรออกสัญญาณสายไม่ว่าง | โทรออก | เหตุเสียใช้ได้ ก่อนช่างถึง,โทรเข้าออกเงียบไม่มีสัญญาณ,โทรเข้า-ออก,สายเสื่อมสภาพ,2
62,โทรออกสัญญาณสายไม่ว่าง | โทรออก | เหตุเสียใช้ได้ ก่อนช่างถึง,โทรศัพท์พื้นฐานไร้สาย(Cordless)ของTrueมีปัญหา,โทรเข้า-ออก,อุปกรณ์คืนค่าโรงงาน,2
62,โทรออกสัญญาณสายไม่ว่าง | โทรออก | เหตุเสียใช้ได้ ก่อนช่างถึง,โทรเข้ากระดิ่งดังครั้งเดียว,โทรเข้า,การใช้งานของลูกค้า,2
62,โทรออกสัญญาณสายไม่ว่าง | โทรออก | เหตุเสียใช้ได้ ก่อนช่างถึง,โทรเข้าออกเงียบไม่มีสัญญาณ,โทรเข้า-ออก,Ticket มีการระบุให้เปลี่ยนอุปกรณ์,2
62,โทรออกสัญญาณสายไม่ว่าง | โทรออก | เหตุเสียใช้ได้ ก่อนช่างถึง,โทรออกติดเทป,โทรออก,ขัดข้อง/เสีย,2
62,โทรออกสัญญาณสายไม่ว่าง | โทรออก | เหตุเสียใช้ได้ ก่อนช่างถึง,โทรออกสัญญาณสายไม่ว่าง,โทรออก,ไฟไม่เข้า,2
62,โทรออกสัญญาณสายไม่ว่าง | โทรออก | เหตุเสียใช้ได้ ก่อนช่างถึง,ขึ้นข้อความ กรุณารอสักครู่,CMDU-ปัญหาสัญญาณ,หัวสายสำเร็จSC-APC เสีย,1
62,โทรออกสัญญาณสายไม่ว่าง | โทรออก | เหตุเสียใช้ได้ ก่อนช่างถึง,โทรไปเลขหมายพิเศษอื่น ๆ ไม่ได้,โทรออก,,1
62,โทรออกสัญญาณสายไม่ว่าง | โทรออก | เหตุเสียใช้ได้ ก่อนช่างถึง,เงียบ ไม่มีสัญญาณบางช่วงเวลา,คุณภาพสัญญาน,ทดสอบและอธิบายลูกค้า,1
62,โทรออกสัญญาณสายไม่ว่าง | โทรออก | เหตุเสียใช้ได้ ก่อนช่างถึง,มีเสียงอื่นแทรกในสาย,คุณภาพสัญญาน,ขัดข้อง/เสีย,1
62,โทรออกสัญญาณสายไม่ว่าง | โทรออก | เหตุเสียใช้ได้ ก่อนช่างถึง,โทรเข้าออกเงียบไม่มีสัญญาณ,โทรเข้า-ออก,Switch on/off เสีย/ชำรุดแตกหัก,1
62,โทรออกสัญญาณสายไม่ว่าง | โทรออก | เหตุเสียใช้ได้ ก่อนช่างถึง,006 โทรออกสัญญาณสายไม่ว่าง,โทรออก,Costomer Knowledge,1
62,โทรออกสัญญาณสายไม่ว่าง | โทรออก | เหตุเสียใช้ได้ ก่อนช่างถึง,โทรเข้าติดเทป,โทรเข้า,Ticket มีการระบุให้เปลี่ยนอุปกรณ์,1
62,โทรออกสัญญาณสายไม่ว่าง | โทรออก | เหตุเสียใช้ได้ ก่อนช่างถึง,โทรออกสัญญาณสายไม่ว่าง,โทรออก,เปลี่ยน process การทำงาน,1
62,โทรออกสัญญาณสายไม่ว่าง | โทรออก | เหตุเสียใช้ได้ ก่อนช่างถึง,โทรออกสัญญาณสายไม่ว่าง,โทรออก,หัวสายสำเร็จSC-APC เสีย,1
62,โทรออกสัญญาณสายไม่ว่าง | โทรออก | เหตุเสียใช้ได้ ก่อนช่างถึง,Soft-X Unregistered,โทรเข้า-ออก,แมลง(เช่น จักจั่น มด ปลวก),1
62,โทรออกสัญญาณสายไม่ว่าง | โทรออก | เหตุเสียใช้ได้ ก่อนช่างถึง,โทรออกไม่ได้,โทรออก,พายุ,1
62,โทรออกสัญญาณสายไม่ว่าง | โทรออก | เหตุเสียใช้ได้ ก่อนช่างถึง,โทรศัพท์พื้นฐานไร้สาย(Cordless)ของTrueมีปัญหา,โทรเข้า-ออก,CONFIG CHANGE/BUG FIRMWARE,1
62,โทรออกสัญญาณสายไม่ว่าง | โทรออก | เหตุเสียใช้ได้ ก่อนช่างถึง,โทรออกมือถือไม่ได้,โทรออก,ขัดข้อง/เสีย,1
62,โทรออกสัญญาณสายไม่ว่าง | โทรออก | เหตุเสียใช้ได้ ก่อนช่างถึง,โทรเข้ากระดิ่งดังครั้งเดียว,โทรเข้า,Voice ไม่ติด (ไฟ Phone ไม่ติด),1
62,โทรออกสัญญาณสายไม่ว่าง | โทรออก | เหตุเสียใช้ได้ ก่อนช่างถึง,สายหลุดขณะพูด,คุณภาพสัญญาน,Voice ไม่ติด (ไฟ Phone ไม่ติด),1
62,โทรออกสัญญาณสายไม่ว่าง | โทรออก | เหตุเสียใช้ได้ ก่อนช่างถึง,ได้ยินเสียงฝ่ายเดียว,คุณภาพสัญญาน,ไม่ทราบสาเหตุ,1
62,โทรออกสัญญาณสายไม่ว่าง | โทรออก | เหตุเสียใช้ได้ ก่อนช่างถึง,โทรเข้าติดเทป,โทรเข้า,ลูกค้าเปลี่ยนใจ/ลูกค้าขอยกเลิกบริการเอง,1
62,โทรออกสัญญาณสายไม่ว่าง | โทรออก | เหตุเสียใช้ได้ ก่อนช่างถึง,006 โทรออกยากมาก,โทรออก,CONFIG CHANGE/BUG FIRMWARE,1
62,โทรออกสัญญาณสายไม่ว่าง | โทรออก | เหตุเสียใช้ได้ ก่อนช่างถึง,แจ้งเสีย Fixed Line จำนวนหลายเบอร์,โทรเข้า-ออก,ขัดข้อง/เสีย,1
62,โทรออกสัญญาณสายไม่ว่าง | โทรออก | เหตุเสียใช้ได้ ก่อนช่างถึง,กดโทรออกติดเทป,โทรออก,ไม่ทราบสาเหตุ,1
62,โทรออกสัญญาณสายไม่ว่าง | โทรออก | เหตุเสียใช้ได้ ก่อนช่างถึง,โทรออกไม่ได้,โทรออก,สายหัก/สายงอ/สายถูกดึงรั้ง,1
62,โทรออกสัญญาณสายไม่ว่าง | โทรออก | เหตุเสียใช้ได้ ก่อนช่างถึง,โทรศัพท์พื้นฐานไร้สาย(Cordless)ของTrueมีปัญหา,โทรเข้า-ออก,ทดสอบและอธิบายลูกค้า,1
62,โทรออกสัญญาณสายไม่ว่าง | โทรออก | เหตุเสียใช้ได้ ก่อนช่างถึง,006 โทรออกสัญญาณสายไม่ว่าง,โทรออก,การใช้งานของลูกค้า,1
62,โทรออกสัญญาณสายไม่ว่าง | โทรออก | เหตุเสียใช้ได้ ก่อนช่างถึง,โทรศัพท์พื้นฐานไร้สาย(Cordless)ของTrueมีปัญหา,โทรเข้า-ออก,ข้อต่อหลวม ไม่ดี/ไม่สนิท,1
62,โทรออกสัญญาณสายไม่ว่าง | โทรออก | เหตุเสียใช้ได้ ก่อนช่างถึง,โทรเข้ากระดิ่งดังครั้งเดียว,โทรเข้า,ลูกค้าต้องการเปลี่ยน Modem,1
62,โทรออกสัญญาณสายไม่ว่าง | โทรออก | เหตุเสียใช้ได้ ก่อนช่างถึง,โทรออกไม่ได้บางเลขหมาย,โทรออก,การใช้งานของลูกค้า,1
62,โทรออกสัญญาณสายไม่ว่าง | โทรออก | เหตุเสียใช้ได้ ก่อนช่างถึง,ขึ้นข้อความ กรุณารอสักครู่,CMDU-ปัญหาสัญญาณ,CONFIG CHANGE,1
62,โทรออกสัญญาณสายไม่ว่าง | โทรออก | เหตุเสียใช้ได้ ก่อนช่างถึง,โทรออกไม่ได้,โทรออก,อุปกรณ์คืนค่าโรงงาน,1
62,โทรออกสัญญาณสายไม่ว่าง | โทรออก | เหตุเสียใช้ได้ ก่อนช่างถึง,อยู่ดีๆ กระดิ่งดัง,โทรเข้า,CONFIG CHANGE,1
62,โทรออกสัญญาณสายไม่ว่าง | โทรออก | เหตุเสียใช้ได้ ก่อนช่างถึง,True iService-เติมเงินไม่ได้,แจ้งเสีย-Application True,,1
62,โทรออกสัญญาณสายไม่ว่าง | โทรออก | เหตุเสียใช้ได้ ก่อนช่างถึง,มีสัญญาณแต่โทรเข้า-ออกยาก,คุณภาพสัญญาน,เหตุเสียใช้ได้ ก่อนช่างถึงบ้าน,1
62,โทรออกสัญญาณสายไม่ว่าง | โทรออก | เหตุเสียใช้ได้ ก่อนช่างถึง,สายหลุดขณะพูด,คุณภาพสัญญาน,เหตุเสียใช้ได้ ก่อนช่างถึงบ้าน,1
62,โทรออกสัญญาณสายไม่ว่าง | โทรออก | เหตุเสียใช้ได้ ก่อนช่างถึง,006 โทรออกสัญญาณสายไม่ว่าง,โทรออก,,1
62,โทรออกสัญญาณสายไม่ว่าง | โทรออก | เหตุเสียใช้ได้ ก่อนช่างถึง,006 ส่ง Fax ไม่ได้,โทรออก,CONFIG CHANGE/BUG FIRMWARE,1
62,โทรออกสัญญาณสายไม่ว่าง | โทรออก | เหตุเสียใช้ได้ ก่อนช่างถึง,โทรออกติดเทป,โทรออก,ส่งงานไม่ถูกต้อง,1
62,โทรออกสัญญาณสายไม่ว่าง | โทรออก | เหตุเสียใช้ได้ ก่อนช่างถึง,โทรออกมือถือไม่ได้,โทรออก,Monitor เหตุเสียครบตามเงื่อนไข,1
62,โทรออกสัญญาณสายไม่ว่าง | โทรออก | เหตุเสียใช้ได้ ก่อนช่างถึง,โทรเข้ากระดิ่งดังครั้งเดียว,โทรเข้า,CONFIG CHANGE,1
62,โทรออกสัญญาณสายไม่ว่าง | โทรออก | เหตุเสียใช้ได้ ก่อนช่างถึง,โทรเข้าออกเงียบไม่มีสัญญาณ,โทรเข้า-ออก,หัวสายสำเร็จSC-APC สกปรก,1
62,โทรออกสัญญาณสายไม่ว่าง | โทรออก | เหตุเสียใช้ได้ ก่อนช่างถึง,โทรไปเลขหมายพิเศษอื่น ๆ ไม่ได้,โทรออก,Voice ไม่ติด (ไฟ Phone ไม่ติด),1
62,โทรออกสัญญาณสายไม่ว่าง | โทรออก | เหตุเสียใช้ได้ ก่อนช่างถึง,กดโทรออกติดเทป,โทรออก,ลูกค้าเปลี่ยนใจ/ลูกค้าขอยกเลิกบริการเอง,1
62,โทรออกสัญญาณสายไม่ว่าง | โทรออก | เหตุเสียใช้ได้ ก่อนช่างถึง,โทรออกมือถือไม่ได้,โทรออก,ส่งงานไม่ถูกต้อง,1
62,โทรออกสัญญาณสายไม่ว่าง | โทรออก | เหตุเสียใช้ได้ ก่อนช่างถึง,มีเสียงซ่าในสาย,คุณภาพสัญญาน,เหตุเสียใช้ได้ ก่อนช่างถึงบ้าน,1
62,โทรออกสัญญาณสายไม่ว่าง | โทรออก | เหตุเสียใช้ได้ ก่อนช่างถึง,โทรศัพท์พื้นฐานไร้สาย(Cordless)ของTrueมีปัญหา,โทรเข้า-ออก,ไม่ทราบสาเหตุ,1
62,โทรออกสัญญาณสายไม่ว่าง | โทรออก | เหตุเสียใช้ได้ ก่อนช่างถึง,006 คุณภาพสัญญาณไม่ดี,โทรออก,Voice ไม่ติด (ไฟ Phone ไม่ติด),1
62,โทรออกสัญญาณสายไม่ว่าง | โทรออก | เหตุเสียใช้ได้ ก่อนช่างถึง,มีสัญญาณแต่โทรเข้า-ออกยาก,คุณภาพสัญญาน,ไม่ทราบสาเหตุ,1
62,โทรออกสัญญาณสายไม่ว่าง | โทรออก | เหตุเสียใช้ได้ ก่อนช่างถึง,โทรเข้าติดเทป,โทรเข้า,สัตว์ (เช่น ลิง กระรอก ช้าง ),1
62,โทรออกสัญญาณสายไม่ว่าง | โทรออก | เหตุเสียใช้ได้ ก่อนช่างถึง,โทรออกสัญญาณสายไม่ว่าง,โทรออก,ทดสอบและอธิบายลูกค้า,1
62,โทรออกสัญญาณสายไม่ว่าง | โทรออก | เหตุเสียใช้ได้ ก่อนช่างถึง,โทรออกไม่ได้,โทรออก,ไฟไม่เข้า,1
62,โทรออกสัญญาณสายไม่ว่าง | โทรออก | เหตุเสียใช้ได้ ก่อนช่างถึง,มีสัญญาณแต่โทรเข้าไม่ได้,โทรเข้า,เหตุเสียใช้ได้ ก่อนช่างถึงบ้าน,1
62,โทรออกสัญญาณสายไม่ว่าง | โทรออก | เหตุเสียใช้ได้ ก่อนช่างถึง,อยู่ดีๆ กระดิ่งดัง,โทรเข้า,การใช้งานของลูกค้า,1
62,โทรออกสัญญาณสายไม่ว่าง | โทรออก | เหตุเสียใช้ได้ ก่อนช่างถึง,เงียบ ไม่มีสัญญาณบางช่วงเวลา,คุณภาพสัญญาน,,1
62,โทรออกสัญญาณสายไม่ว่าง | โทรออก | เหตุเสียใช้ได้ ก่อนช่างถึง,โทรเข้าออกเงียบไม่มีสัญญาณ,โทรเข้า-ออก,ลูกค้าร้องขอ,1
62,โทรออกสัญญาณสายไม่ว่าง | โทรออก | เหตุเสียใช้ได้ ก่อนช่างถึง,อยู่ดีๆ กระดิ่งดัง,โทรเข้า,ขัดข้อง/เสีย,1
62,โทรออกสัญญาณสายไม่ว่าง | โทรออก | เหตุเสียใช้ได้ ก่อนช่างถึง,โทรศัพท์พื้นฐานไร้สาย(Cordless)ของTrueมีปัญหา,แจ้งเสีย-Voice Call,,1
62,โทรออกสัญญาณสายไม่ว่าง | โทรออก | เหตุเสียใช้ได้ ก่อนช่างถึง,โทรเข้าไม่ได้บางหมายเลข,แจ้งเสีย-Voice Call,,1
62,โทรออกสัญญาณสายไม่ว่าง | โทรออก | เหตุเสียใช้ได้ ก่อนช่างถึง,สายหลุดขณะพูด,คุณภาพสัญญาน,ส่งงานไม่ถูกต้อง,1
62,โทรออกสัญญาณสายไม่ว่าง | โทรออก | เหตุเสียใช้ได้ ก่อนช่างถึง,โทรเข้าออกเงียบไม่มีสัญญาณ,โทรเข้า-ออก,พบปัญหาใหม่,1
62,โทรออกสัญญาณสายไม่ว่าง | โทรออก | เหตุเสียใช้ได้ ก่อนช่างถึง,โทรเข้า กระดิ่งไม่ดัง,โทรเข้า,ข้อต่อหลวม ไม่ดี/ไม่สนิท,1
62,โทรออกสัญญาณสายไม่ว่าง | โทรออก | เหตุเสียใช้ได้ ก่อนช่างถึง,โทรเข้า กระดิ่งไม่ดัง,โทรเข้า,ลูกค้าเปลี่ยนใจ/ลูกค้าขอยกเลิกบริการเอง,1
62,โทรออกสัญญาณสายไม่ว่าง | โทรออก | เหตุเสียใช้ได้ ก่อนช่างถึง,สายหลุดขณะพูด,คุณภาพสัญญาน,CONFIG CHANGE,1
62,โทรออกสัญญาณสายไม่ว่าง | โทรออก | เหตุเสียใช้ได้ ก่อนช่างถึง,โทรเข้า กระดิ่งไม่ดัง,โทรเข้า,เหตุเสียใช้ได้ ก่อนช่างถึงบ้าน,1
62,โทรออกสัญญาณสายไม่ว่าง | โทรออก | เหตุเสียใช้ได้ ก่อนช่างถึง,โทรเข้าออกเงียบไม่มีสัญญาณ,โทรเข้า-ออก,ไม่เก็บค่าบริการ,1
62,โทรออกสัญญาณสายไม่ว่าง | โทรออก | เหตุเสียใช้ได้ ก่อนช่างถึง,โทรออกสัญญาณสายไม่ว่าง,โทรออก,Monitor เหตุเสียครบตามเงื่อนไข,1
62,โทรออกสัญญาณสายไม่ว่าง | โทรออก | เหตุเสียใช้ได้ ก่อนช่างถึง,โทรเข้า กระดิ่งไม่ดัง,โทรเข้า,,1
62,โทรออกสัญญาณสายไม่ว่าง | โทรออก | เหตุเสียใช้ได้ ก่อนช่างถึง,โทรออกไม่ได้,โทรออก,สายเสื่อมสภาพ,1
62,โทรออกสัญญาณสายไม่ว่าง | โทรออก | เหตุเสียใช้ได้ ก่อนช่างถึง,โทรออกสัญญาณสายไม่ว่าง,โทรออก,ข้อต่อหลวม ไม่ดี/ไม่สนิท,1
62,โทรออกสัญญาณสายไม่ว่าง | โทรออก | เหตุเสียใช้ได้ ก่อนช่างถึง,โทรออกติดเทป,โทรออก,ลูกค้าเปลี่ยนใจ/ลูกค้าขอยกเลิกบริการเอง,1
62,โทรออกสัญญาณสายไม่ว่าง | โทรออก | เหตุเสียใช้ได้ ก่อนช่างถึง,โทรเข้าไม่ได้บางหมายเลข,โทรเข้า,ขัดข้อง/เสีย,1
62,โทรออกสัญญาณสายไม่ว่าง | โทรออก | เหตุเสียใช้ได้ ก่อนช่างถึง,โทรออกไม่ได้,โทรออก,ทรูรับผิดชอบ,1
62,โทรออกสัญญาณสายไม่ว่าง | โทรออก | เหตุเสียใช้ได้ ก่อนช่างถึง,มีสัญญาณแต่โทรเข้า-ออกยาก,คุณภาพสัญญาน,ไม่พบปัญหาการใช้งานแล้ว,1
62,โทรออกสัญญาณสายไม่ว่าง | โทรออก | เหตุเสียใช้ได้ ก่อนช่างถึง,มีเสียงซ่าในสาย,คุณภาพสัญญาน,ขัดข้อง/เสีย,1
62,โทรออกสัญญาณสายไม่ว่าง | โทรออก | เหตุเสียใช้ได้ ก่อนช่างถึง,ได้ยินเสียงฝ่ายเดียว,คุณภาพสัญญาน,การใช้งานของลูกค้า,1
62,โทรออกสัญญาณสายไม่ว่าง | โทรออก | เหตุเสียใช้ได้ ก่อนช่างถึง,โทรเข้าออกเงียบไม่มีสัญญาณ,โทรเข้า-ออก,สั่งด้วยเสียไม่ได้ (กล่องเสีย),1
62,โทรออกสัญญาณสายไม่ว่าง | โทรออก | เหตุเสียใช้ได้ ก่อนช่างถึง,กดโทรออกติดเทป,โทรออก,ไม่พบปัญหาการใช้งานแล้ว,1
62,โทรออกสัญญาณสายไม่ว่าง | โทรออก | เหตุเสียใช้ได้ ก่อนช่างถึง,แจ้งเสีย Fixed Line จำนวนหลายเบอร์,โทรเข้า-ออก,Voice ไม่ติด (ไฟ Phone ไม่ติด),1
62,โทรออกสัญญาณสายไม่ว่าง | โทรออก | เหตุเสียใช้ได้ ก่อนช่างถึง,โทรออกติดเทป,โทรออก,Reboot,1
62,โทรออกสัญญาณสายไม่ว่าง | โทรออก | เหตุเสียใช้ได้ ก่อนช่างถึง,สายหลุดขณะพูด,คุณภาพสัญญาน,ขัดข้อง/เสีย,1
62,โทรออกสัญญาณสายไม่ว่าง | โทรออก | เหตุเสียใช้ได้ ก่อนช่างถึง,โทรเข้าออกเงียบไม่มีสัญญาณ,โทรเข้า-ออก,มีสัญญาณรบกวน WiFi สูง,1
62,โทรออกสัญญาณสายไม่ว่าง | โทรออก | เหตุเสียใช้ได้ ก่อนช่างถึง,โทรออกมือถือไม่ได้,โทรออก,ลูกค้าเปลี่ยนใจ/ลูกค้าขอยกเลิกบริการเอง,1
62,โทรออกสัญญาณสายไม่ว่าง | โทรออก | เหตุเสียใช้ได้ ก่อนช่างถึง,Soft-X Unregistered,โทรเข้า-ออก,ส่งงานไม่ถูกต้อง,1
62,โทรออกสัญญาณสายไม่ว่าง | โทรออก | เหตุเสียใช้ได้ ก่อนช่างถึง,โทรเข้าออกเงียบไม่มีสัญญาณ,โทรเข้า-ออก,เทศบาลตัดแต่งต้นไม้,1
62,โทรออกสัญญาณสายไม่ว่าง | โทรออก | เหตุเสียใช้ได้ ก่อนช่างถึง,โทรเข้าออกเงียบไม่มีสัญญาณ,โทรเข้า-ออก,แมลง(เช่น จักจั่น มด ปลวก),1
62,โทรออกสัญญาณสายไม่ว่าง | โทรออก | เหตุเสียใช้ได้ ก่อนช่างถึง,มีสัญญาณแต่โทรเข้าไม่ได้,โทรเข้า,Costomer Knowledge,1
62,โทรออกสัญญาณสายไม่ว่าง | โทรออก | เหตุเสียใช้ได้ ก่อนช่างถึง,โทรออกไม่ได้,โทรออก,หัวสายสำเร็จSC-APC หลวม /ไม่สนิท,1
62,โทรออกสัญญาณสายไม่ว่าง | โทรออก | เหตุเสียใช้ได้ ก่อนช่างถึง,มีเสียงซ่าในสาย,คุณภาพสัญญาน,CONFIG CHANGE,1
62,โทรออกสัญญาณสายไม่ว่าง | โทรออก | เหตุเสียใช้ได้ ก่อนช่างถึง,โทรเข้าออกเงียบไม่มีสัญญาณ,โทรเข้า-ออก,ไม่มีสัญญาณ CATV หรือ ค่า RF ไม่ได้ตามค่ามาตรฐาน,1
62,โทรออกสัญญาณสายไม่ว่าง | โทรออก | เหตุเสียใช้ได้ ก่อนช่างถึง,โทรออกมือถือไม่ได้,โทรออก,Area Manager เห็นชอบให้มีการเปลี่ยน CPE,1
62,โทรออกสัญญาณสายไม่ว่าง | โทรออก | เหตุเสียใช้ได้ ก่อนช่างถึง,ได้ยินเสียงเบามากขณะสนทนา,คุณภาพสัญญาน,ไม่ทราบสาเหตุ,1
62,โทรออกสัญญาณสายไม่ว่าง | โทรออก | เหตุเสียใช้ได้ ก่อนช่างถึง,รีโมตคำสั่งเสียงไม่ทำงาน,CMDU-ปัญหาอุปกรณ์,เหตุเสียใช้ได้ ก่อนช่างถึงบ้าน,1
62,โทรออกสัญญาณสายไม่ว่าง | โทรออก | เหตุเสียใช้ได้ ก่อนช่างถึง,โทรเข้าออกเงียบไม่มีสัญญาณ,โทรเข้า-ออก,มีเสียงผิดปกติในตัวโมเด็ม,1
62,โทรออกสัญญาณสายไม่ว่าง | โทรออก | เหตุเสียใช้ได้ ก่อนช่างถึง,โทรเลขหมายทศท 02 ไม่ได้,โทรออก,CONFIG CHANGE/BUG FIRMWARE,1
62,โทรออกสัญญาณสายไม่ว่าง | โทรออก | เหตุเสียใช้ได้ ก่อนช่างถึง,โทรเข้าออกเงียบไม่มีสัญญาณ,โทรเข้า-ออก,การไฟฟ้าย้ายแนว/จัดระเบียบสาย,1
62,โทรออกสัญญาณสายไม่ว่าง | โทรออก | เหตุเสียใช้ได้ ก่อนช่างถึง,ขึ้นข้อความ กรุณารอสักครู่,CMDU-ปัญหาสัญญาณ,อุปกรณ์ Hang,1
62,โทรออกสัญญาณสายไม่ว่าง | โทรออก | เหตุเสียใช้ได้ ก่อนช่างถึง,ค่าสัญญาณดี แต่ใช้งาน Voice ไม่ได้,แจ้งเสีย-Voice Call,,1
62,โทรออกสัญญาณสายไม่ว่าง | โทรออก | เหตุเสียใช้ได้ ก่อนช่างถึง,006 ส่ง Fax ไม่ได้,โทรออก,Voice ไม่ติด (ไฟ Phone ไม่ติด),1
63,ไฟ Los ติด เป็นสีแดง | Internet เชื่อมต่อไม่ได้ | สายหัก/สาย,ไฟ Los ติด เป็นสีแดง,Internet เชื่อมต่อไม่ได้,ขัดข้อง/เสีย,96409
63,ไฟ Los ติด เป็นสีแดง | Internet เชื่อมต่อไม่ได้ | สายหัก/สาย,ไฟ Los ติด เป็นสีแดง,Internet เชื่อมต่อไม่ได้,เหตุเสียใช้ได้ ก่อนช่างถึงบ้าน,17964
63,ไฟ Los ติด เป็นสีแดง | Internet เชื่อมต่อไม่ได้ | สายหัก/สาย,ไฟ Los ติด เป็นสีแดง,Internet เชื่อมต่อไม่ได้,สายหัก/สายงอ/สายถูกดึงรั้ง,15782
63,ไฟ Los ติด เป็นสีแดง | Internet เชื่อมต่อไม่ได้ | สายหัก/สาย,ไฟ Los ติด เป็นสีแดง,Internet เชื่อมต่อไม่ได้,รถเกี่ยว,15342
63,ไฟ Los ติด เป็นสีแดง | Internet เชื่อมต่อไม่ได้ | สายหัก/สาย,ไฟ Los ติด เป็นสีแดง,Internet เชื่อมต่อไม่ได้,การไฟฟ้าย้ายแนว/จัดระเบียบสาย,11864
63,ไฟ Los ติด เป็นสีแดง | Internet เชื่อมต่อไม่ได้ | สายหัก/สาย,ไฟ Los ติด เป็นสีแดง,Internet เชื่อมต่อไม่ได้,เทศบาลตัดแต่งต้นไม้,10612
63,ไฟ Los ติด เป็นสีแดง | Internet เชื่อมต่อไม่ได้ | สายหัก/สาย,ไฟ Los ติด เป็นสีแดง,Internet เชื่อมต่อไม่ได้,การใช้งานของลูกค้า,9982
63,ไฟ Los ติด เป็นสีแดง | Internet เชื่อมต่อไม่ได้ | สายหัก/สาย,ไฟ Los ติด เป็นสีแดง,Internet เชื่อมต่อไม่ได้,หัวสายสำเร็จSC-APC เสีย,9112
63,ไฟ Los ติด เป็นสีแดง | Internet เชื่อมต่อไม่ได้ | สายหัก/สาย,ไฟ Los ติด เป็นสีแดง,Internet เชื่อมต่อไม่ได้,หัวสายสำเร็จSC-APC หลวม /ไม่สนิท,8365
63,ไฟ Los ติด เป็นสีแดง | Internet เชื่อมต่อไม่ได้ | สายหัก/สาย,ไฟ Los ติด เป็นสีแดง,Internet เชื่อมต่อไม่ได้,ลูกค้าเปลี่ยนใจ/ลูกค้าขอยกเลิกบริการเอง,6673
63,ไฟ Los ติด เป็นสีแดง | Internet เชื่อมต่อไม่ได้ | สายหัก/สาย,ไฟ Los ติด เป็นสีแดง,Internet เชื่อมต่อไม่ได้,Monitor เหตุเสียครบตามเงื่อนไข,6499
63,ไฟ Los ติด เป็นสีแดง | Internet เชื่อมต่อไม่ได้ | สายหัก/สาย,ไฟ Los ติด เป็นสีแดง,Internet เชื่อมต่อไม่ได้,สัตว์ (เช่น ลิง กระรอก ช้าง ),5705
63,ไฟ Los ติด เป็นสีแดง | Internet เชื่อมต่อไม่ได้ | สายหัก/สาย,ไฟ Los ติด เป็นสีแดง,Internet เชื่อมต่อไม่ได้,ไฟไม่เข้า,4930
63,ไฟ Los ติด เป็นสีแดง | Internet เชื่อมต่อไม่ได้ | สายหัก/สาย,ไฟ Los ติด เป็นสีแดง,Internet เชื่อมต่อไม่ได้,Modemไม่ lock/ไม่ Synch/High Loss,4893
63,ไฟ Los ติด เป็นสีแดง | Internet เชื่อมต่อไม่ได้ | สายหัก/สาย,ไฟ Los ติด เป็นสีแดง,Internet เชื่อมต่อไม่ได้,,3350
63,ไฟ Los ติด เป็นสีแดง | Internet เชื่อมต่อไม่ได้ | สายหัก/สาย,ไฟ Los ติด เป็นสีแดง,Internet เชื่อมต่อไม่ได้,บุคคลเจตนาร้าย-ตัดทำลายข่ายสาย,2727
63,ไฟ Los ติด เป็นสีแดง | Internet เชื่อมต่อไม่ได้ | สายหัก/สาย,ไฟ Los ติด เป็นสีแดง,Internet เชื่อมต่อไม่ได้,สายเสื่อมสภาพ,2526
63,ไฟ Los ติด เป็นสีแดง | Internet เชื่อมต่อไม่ได้ | สายหัก/สาย,ไฟ Los ติด เป็นสีแดง,Internet เชื่อมต่อไม่ได้,ไฟไหม้,2379
63,ไฟ Los ติด เป็นสีแดง | Internet เชื่อมต่อไม่ได้ | สายหัก/สาย,ไฟ Los ติด เป็นสีแดง,Internet เชื่อมต่อไม่ได้,ไม่พบปัญหาการใช้งานแล้ว,2357
63,ไฟ Los ติด เป็นสีแดง | Internet เชื่อมต่อไม่ได้ | สายหัก/สาย,ไฟ Los ติด เป็นสีแดง,Internet เชื่อมต่อไม่ได้,ไม่ทราบสาเหตุ,2297
63,ไฟ Los ติด เป็นสีแดง | Internet เชื่อมต่อไม่ได้ | สายหัก/สาย,ไฟ Los ติด เป็นสีแดง,Internet เชื่อมต่อไม่ได้,มีค่า Loss สูง,2068
63,ไฟ Los ติด เป็นสีแดง | Internet เชื่อมต่อไม่ได้ | สายหัก/สาย,ไฟ Los ติด เป็นสีแดง,Internet เชื่อมต่อไม่ได้,ระยะสาย Drop Wire ไกล,2066
63,ไฟ Los ติด เป็นสีแดง | Internet เชื่อมต่อไม่ได้ | สายหัก/สาย,ไฟ Los ติด เป็นสีแดง,Internet เชื่อมต่อไม่ได้,Reboot,1752
63,ไฟ Los ติด เป็นสีแดง | Internet เชื่อมต่อไม่ได้ | สายหัก/สาย,ไฟ Los ติด เป็นสีแดง,Internet เชื่อมต่อไม่ได้,Connect WiFi ไม่ได้/ไม่พบ SSID,1551
63,ไฟ Los ติด เป็นสีแดง | Internet เชื่อมต่อไม่ได้ | สายหัก/สาย,ไฟ Los ติด เป็นสีแดง,Internet เชื่อมต่อไม่ได้,CONFIG CHANGE,1416
63,ไฟ Los ติด เป็นสีแดง | Internet เชื่อมต่อไม่ได้ | สายหัก/สาย,ไฟ Los ติด เป็นสีแดง,Internet เชื่อมต่อไม่ได้,แมลง(เช่น จักจั่น มด ปลวก),1365
63,ไฟ Los ติด เป็นสีแดง | Internet เชื่อมต่อไม่ได้ | สายหัก/สาย,ไฟ Los ติด เป็นสีแดง,Internet เชื่อมต่อไม่ได้,ลูกค้าต้องการเปลี่ยน Modem,1220
63,ไฟ Los ติด เป็นสีแดง | Internet เชื่อมต่อไม่ได้ | สายหัก/สาย,ไฟ Los ติด เป็นสีแดง,Internet เชื่อมต่อไม่ได้,พายุ,1187
63,ไฟ Los ติด เป็นสีแดง | Internet เชื่อมต่อไม่ได้ | สายหัก/สาย,ไฟ Los ติด เป็นสีแดง,Internet เชื่อมต่อไม่ได้,ส่งงานไม่ถูกต้อง,974
63,ไฟ Los ติด เป็นสีแดง | Internet เชื่อมต่อไม่ได้ | สายหัก/สาย,ไฟ Los ติด เป็นสีแดง,Internet เชื่อมต่อไม่ได้,อุปกรณ์คืนค่าโรงงาน,875
63,ไฟ Los ติด เป็นสีแดง | Internet เชื่อมต่อไม่ได้ | สายหัก/สาย,ไฟ Los ติด เป็นสีแดง,Internet เชื่อมต่อไม่ได้,ทดสอบและอธิบายลูกค้า,635
63,ไฟ Los ติด เป็นสีแดง | Internet เชื่อมต่อไม่ได้ | สายหัก/สาย,ไฟ Los ติด เป็นสีแดง,Internet เชื่อมต่อไม่ได้,"สายขาด,หัก (Crack)",522
63,ไฟ Los ติด เป็นสีแดง | Internet เชื่อมต่อไม่ได้ | สายหัก/สาย,ไฟ Los ติด เป็นสีแดง,Internet เชื่อมต่อไม่ได้,อื่น ๆ,511
63,ไฟ Los ติด เป็นสีแดง | Internet เชื่อมต่อไม่ได้ | สายหัก/สาย,ไฟ Los ติด เป็นสีแดง,Internet เชื่อมต่อไม่ได้,เหตุเสียภายใน 90 วัน,509
63,ไฟ Los ติด เป็นสีแดง | Internet เชื่อมต่อไม่ได้ | สายหัก/สาย,ไฟ Los ติด เป็นสีแดง,Internet เชื่อมต่อไม่ได้,ข้อต่อหลวม ไม่ดี/ไม่สนิท,446
63,ไฟ Los ติด เป็นสีแดง | Internet เชื่อมต่อไม่ได้ | สายหัก/สาย,ไฟ Los ติด เป็นสีแดง,Internet เชื่อมต่อไม่ได้,Port เสีย,419
63,ไฟ Los ติด เป็นสีแดง | Internet เชื่อมต่อไม่ได้ | สายหัก/สาย,ไฟ Los ติด เป็นสีแดง,Internet เชื่อมต่อไม่ได้,หลวม/แตกหัก,414
63,ไฟ Los ติด เป็นสีแดง | Internet เชื่อมต่อไม่ได้ | สายหัก/สาย,ไฟ Los ติด เป็นสีแดง,Internet เชื่อมต่อไม่ได้,Switch on/off เสีย/ชำรุดแตกหัก,333
63,ไฟ Los ติด เป็นสีแดง | Internet เชื่อมต่อไม่ได้ | สายหัก/สาย,ไฟ Los ติด เป็นสีแดง,Internet เชื่อมต่อไม่ได้,เปลี่ยน process การทำงาน,303
63,ไฟ Los ติด เป็นสีแดง | Internet เชื่อมต่อไม่ได้ | สายหัก/สาย,ไฟ Los ติด เป็นสีแดง,Internet เชื่อมต่อไม่ได้,Area Manager เห็นชอบให้มีการเปลี่ยน CPE,204
63,ไฟ Los ติด เป็นสีแดง | Internet เชื่อมต่อไม่ได้ | สายหัก/สาย,ไฟ Los ติด เป็นสีแดง,Internet เชื่อมต่อไม่ได้,หัวสายสำเร็จSC-APC สกปรก,174
63,ไฟ Los ติด เป็นสีแดง | Internet เชื่อมต่อไม่ได้ | สายหัก/สาย,ไฟ Los ติด เป็นสีแดง,Internet เชื่อมต่อไม่ได้,สายขาด,156
63,ไฟ Los ติด เป็นสีแดง | Internet เชื่อมต่อไม่ได้ | สายหัก/สาย,ไฟ Los ติด เป็นสีแดง,Internet เชื่อมต่อไม่ได้,Modem ไม่รองรับ Package ลูกค้า,152
63,ไฟ Los ติด เป็นสีแดง | Internet เชื่อมต่อไม่ได้ | สายหัก/สาย,ไฟ Los ติด เป็นสีแดง,Internet เชื่อมต่อไม่ได้,Modem แตกหัก/สีผิดสภาพเดิม,126
63,ไฟ Los ติด เป็นสีแดง | Internet เชื่อมต่อไม่ได้ | สายหัก/สาย,ไฟ Los ติด เป็นสีแดง,Internet เชื่อมต่อไม่ได้,Module เสีย,122
63,ไฟ Los ติด เป็นสีแดง | Internet เชื่อมต่อไม่ได้ | สายหัก/สาย,ไฟ Los ติด เป็นสีแดง,Internet เชื่อมต่อไม่ได้,มีเสียงผิดปกติในตัวโมเด็ม,108
63,ไฟ Los ติด เป็นสีแดง | Internet เชื่อมต่อไม่ได้ | สายหัก/สาย,ไฟ Los ติด เป็นสีแดง,Internet เชื่อมต่อไม่ได้,ไม่ตรงรุ่น,82
63,ไฟ Los ติด เป็นสีแดง | Internet เชื่อมต่อไม่ได้ | สายหัก/สาย,ไฟ Los ติด เป็นสีแดง,Internet เชื่อมต่อไม่ได้,แมลง/สัตว์,64
63,ไฟ Los ติด เป็นสีแดง | Internet เชื่อมต่อไม่ได้ | สายหัก/สาย,ไฟ Los ติด เป็นสีแดง,Internet เชื่อมต่อไม่ได้,LAN เสีย,63
63,ไฟ Los ติด เป็นสีแดง | Internet เชื่อมต่อไม่ได้ | สายหัก/สาย,ไฟ Los ติด เป็นสีแดง,Internet เชื่อมต่อไม่ได้,หลอดไฟ LED Status เสีย,61
63,ไฟ Los ติด เป็นสีแดง | Internet เชื่อมต่อไม่ได้ | สายหัก/สาย,ไฟ Los ติด เป็นสีแดง,Internet เชื่อมต่อไม่ได้,BUG FIRMWARE,58
63,ไฟ Los ติด เป็นสีแดง | Internet เชื่อมต่อไม่ได้ | สายหัก/สาย,ไฟ Los ติด เป็นสีแดง,Internet เชื่อมต่อไม่ได้,ลูกค้าแจ้งขอยกเลิกบริการ,46
63,ไฟ Los ติด เป็นสีแดง | Internet เชื่อมต่อไม่ได้ | สายหัก/สาย,ไฟ Los ติด เป็นสีแดง,Internet เชื่อมต่อไม่ได้,สายไม่เป็นระเบียบ,41
63,ไฟ Los ติด เป็นสีแดง | Internet เชื่อมต่อไม่ได้ | สายหัก/สาย,ไฟ Los ติด เป็นสีแดง,Internet เชื่อมต่อไม่ได้,ไม่มีสัญญาณ CATV หรือ ค่า RF ไม่ได้ตามค่ามาตรฐาน,38
63,ไฟ Los ติด เป็นสีแดง | Internet เชื่อมต่อไม่ได้ | สายหัก/สาย,ไฟ Los ติด เป็นสีแดง,Internet เชื่อมต่อไม่ได้,Auto close by BOT,36
63,ไฟ Los ติด เป็นสีแดง | Internet เชื่อมต่อไม่ได้ | สายหัก/สาย,ไฟ Los ติด เป็นสีแดง,Internet เชื่อมต่อไม่ได้,Voice ไม่ติด (ไฟ Phone ไม่ติด),32
63,ไฟ Los ติด เป็นสีแดง | Internet เชื่อมต่อไม่ได้ | สายหัก/สาย,ไฟ Los ติด เป็นสีแดง,Internet เชื่อมต่อไม่ได้,Ticket มีการระบุให้เปลี่ยนอุปกรณ์,32
63,ไฟ Los ติด เป็นสีแดง | Internet เชื่อมต่อไม่ได้ | สายหัก/สาย,ไฟ Los ติด เป็นสีแดง,Internet เชื่อมต่อไม่ได้,ไฟฟ้าดับ,28
63,ไฟ Los ติด เป็นสีแดง | Internet เชื่อมต่อไม่ได้ | สายหัก/สาย,ไฟ Los ติด เป็นสีแดง,Internet เชื่อมต่อไม่ได้,อุปกรณ์ Hang,25
63,ไฟ Los ติด เป็นสีแดง | Internet เชื่อมต่อไม่ได้ | สายหัก/สาย,ไฟ Los ติด เป็นสีแดง,Internet เชื่อมต่อไม่ได้,Wi-fi 2.4G ไม่รองรับ Speed,24
63,ไฟ Los ติด เป็นสีแดง | Internet เชื่อมต่อไม่ได้ | สายหัก/สาย,ไฟ Los ติด เป็นสีแดง,Internet เชื่อมต่อไม่ได้,ติดตั้งไม่ได้มาตรฐาน,23
63,ไฟ Los ติด เป็นสีแดง | Internet เชื่อมต่อไม่ได้ | สายหัก/สาย,ไฟ Los ติด เป็นสีแดง,Internet เชื่อมต่อไม่ได้,CONFIG.PARAMETER ไม่ถูกต้อง,22
63,ไฟ Los ติด เป็นสีแดง | Internet เชื่อมต่อไม่ได้ | สายหัก/สาย,ไฟ Los ติด เป็นสีแดง,Internet เชื่อมต่อไม่ได้,ลูกค้าใช้งาน Wi Fi ห่างจาก Modem,22
63,ไฟ Los ติด เป็นสีแดง | Internet เชื่อมต่อไม่ได้ | สายหัก/สาย,ไฟ Los ติด เป็นสีแดง,Internet เชื่อมต่อไม่ได้,เสาอากาศชำรุด,22
63,ไฟ Los ติด เป็นสีแดง | Internet เชื่อมต่อไม่ได้ | สายหัก/สาย,ไฟ Los ติด เป็นสีแดง,Internet เชื่อมต่อไม่ได้,มีสัญญาณรบกวน WiFi สูง,16
63,ไฟ Los ติด เป็นสีแดง | Internet เชื่อมต่อไม่ได้ | สายหัก/สาย,ไฟ Los ติด เป็นสีแดง,Connectไม่ได้,ขัดข้อง/เสีย,16
63,ไฟ Los ติด เป็นสีแดง | Internet เชื่อมต่อไม่ได้ | สายหัก/สาย,ไฟ Los ติด เป็นสีแดง,Internet เชื่อมต่อไม่ได้,ลูกค้าทำอุปกรณ์เสียหาย,14
63,ไฟ Los ติด เป็นสีแดง | Internet เชื่อมต่อไม่ได้ | สายหัก/สาย,ไฟ Los ติด เป็นสีแดง,Internet เชื่อมต่อไม่ได้,สูญหาย,13
63,ไฟ Los ติด เป็นสีแดง | Internet เชื่อมต่อไม่ได้ | สายหัก/สาย,ไฟ Los ติด เป็นสีแดง,Internet เชื่อมต่อไม่ได้,กล่องไม่อ่านการ์ด,12
63,ไฟ Los ติด เป็นสีแดง | Internet เชื่อมต่อไม่ได้ | สายหัก/สาย,ไฟ Los ติด เป็นสีแดง,Internet เชื่อมต่อไม่ได้,Remote ไม่ทำงาน,11
63,ไฟ Los ติด เป็นสีแดง | Internet เชื่อมต่อไม่ได้ | สายหัก/สาย,ไฟ Los ติด เป็นสีแดง,Internet เชื่อมต่อไม่ได้,CONFIG CHANGE/BUG FIRMWARE,11
63,ไฟ Los ติด เป็นสีแดง | Internet เชื่อมต่อไม่ได้ | สายหัก/สาย,ไฟ Los ติด เป็นสีแดง,Internet เชื่อมต่อไม่ได้,ลูกค้าปิด Modem,10
63,ไฟ Los ติด เป็นสีแดง | Internet เชื่อมต่อไม่ได้ | สายหัก/สาย,ไฟ Los ติด เป็นสีแดง,Internet เชื่อมต่อไม่ได้,ลูกค้าต้องการเปลี่ยน TrueID TV Box,10
63,ไฟ Los ติด เป็นสีแดง | Internet เชื่อมต่อไม่ได้ | สายหัก/สาย,ไฟ Los ติด เป็นสีแดง,Internet เชื่อมต่อไม่ได้,Costomer Knowledge,10
63,ไฟ Los ติด เป็นสีแดง | Internet เชื่อมต่อไม่ได้ | สายหัก/สาย,ไฟ Los ติด เป็นสีแดง,Internet เชื่อมต่อไม่ได้,กล่องรับสัญญาณขัดข้อง (CA9/CA11),9
63,ไฟ Los ติด เป็นสีแดง | Internet เชื่อมต่อไม่ได้ | สายหัก/สาย,ไฟ Los ติด เป็นสีแดง,Internet เชื่อมต่อไม่ได้,ลูกค้าไม่อยู่บ้าน,9
63,ไฟ Los ติด เป็นสีแดง | Internet เชื่อมต่อไม่ได้ | สายหัก/สาย,ไฟ Los ติด เป็นสีแดง,Internet เชื่อมต่อไม่ได้,ลูกค้าต้องการเปลี่ยน Hybrid Box,9
63,ไฟ Los ติด เป็นสีแดง | Internet เชื่อมต่อไม่ได้ | สายหัก/สาย,ไฟ Los ติด เป็นสีแดง,Internet เชื่อมต่อไม่ได้,สกปรก,8
63,ไฟ Los ติด เป็นสีแดง | Internet เชื่อมต่อไม่ได้ | สายหัก/สาย,ไฟ Los ติด เป็นสีแดง,Internet เชื่อมต่อไม่ได้,กล่องรับสัญญาณขัดข้อง (ER16/E048),8
63,ไฟ Los ติด เป็นสีแดง | Internet เชื่อมต่อไม่ได้ | สายหัก/สาย,ไฟ Los ติด เป็นสีแดง,Internet เชื่อมต่อไม่ได้,ลูกค้าต้องการเปลี่ยน Set Top Box,8
63,ไฟ Los ติด เป็นสีแดง | Internet เชื่อมต่อไม่ได้ | สายหัก/สาย,ไฟ Los ติด เป็นสีแดง,Internet เชื่อมต่อไม่ได้,พบปัญหาใหม่,8
63,ไฟ Los ติด เป็นสีแดง | Internet เชื่อมต่อไม่ได้ | สายหัก/สาย,ไฟ Los ติด เป็นสีแดง,Internet เชื่อมต่อไม่ได้,ค่าสัญญาณดี ภาพค้าง/ ขาดหาย,8
63,ไฟ Los ติด เป็นสีแดง | Internet เชื่อมต่อไม่ได้ | สายหัก/สาย,ไฟ Los ติด เป็นสีแดง,Internet เชื่อมต่อไม่ได้,ระยะสาย D/W,6
63,ไฟ Los ติด เป็นสีแดง | Internet เชื่อมต่อไม่ได้ | สายหัก/สาย,ไฟ Los ติด เป็นสีแดง,Connectไม่ได้,รถเกี่ยว,6
63,ไฟ Los ติด เป็นสีแดง | Internet เชื่อมต่อไม่ได้ | สายหัก/สาย,ไฟ Los ติด เป็นสีแดง,Connectไม่ได้,เหตุเสียใช้ได้ ก่อนช่างถึงบ้าน,6
63,ไฟ Los ติด เป็นสีแดง | Internet เชื่อมต่อไม่ได้ | สายหัก/สาย,ไฟ Los ติด เป็นสีแดง,Internet เชื่อมต่อไม่ได้,ช่องรายการถูกล็อค(CA14),5
63,ไฟ Los ติด เป็นสีแดง | Internet เชื่อมต่อไม่ได้ | สายหัก/สาย,ไฟ Los ติด เป็นสีแดง,Connectไม่ได้,ไฟไม่เข้า,5
63,ไฟ Los ติด เป็นสีแดง | Internet เชื่อมต่อไม่ได้ | สายหัก/สาย,FTTR-ไฟ Los ติด เป็นสีแดง,Internet เชื่อมต่อไม่ได้,ส่งงานไม่ถูกต้อง,5
63,ไฟ Los ติด เป็นสีแดง | Internet เชื่อมต่อไม่ได้ | สายหัก/สาย,ไฟ Los ติด เป็นสีแดง,Internet เชื่อมต่อไม่ได้,ค่าสัญญาณดี แต่พบภาพขาดหาย/ ภาพแตก/ เสียงขาดหาย,4
63,ไฟ Los ติด เป็นสีแดง | Internet เชื่อมต่อไม่ได้ | สายหัก/สาย,ไฟ Los ติด เป็นสีแดง,Internet เชื่อมต่อไม่ได้,Project Inspection Dropwire,4
63,ไฟ Los ติด เป็นสีแดง | Internet เชื่อมต่อไม่ได้ | สายหัก/สาย,ไฟ Los ติด เป็นสีแดง,FTTR-Connectไม่ได้,เหตุเสียใช้ได้ ก่อนช่างถึงบ้าน,4
63,ไฟ Los ติด เป็นสีแดง | Internet เชื่อมต่อไม่ได้ | สายหัก/สาย,ไฟ Los ติด เป็นสีแดง,Internet เชื่อมต่อไม่ได้,เก็บค่าบริการ,4
63,ไฟ Los ติด เป็นสีแดง | Internet เชื่อมต่อไม่ได้ | สายหัก/สาย,ไฟ Los ติด เป็นสีแดง,Connectไม่ได้,ลูกค้าเปลี่ยนใจ/ลูกค้าขอยกเลิกบริการเอง,4
63,ไฟ Los ติด เป็นสีแดง | Internet เชื่อมต่อไม่ได้ | สายหัก/สาย,ไฟ Los ติด เป็นสีแดง,Internet เชื่อมต่อไม่ได้,ลูกค้าแจ้งเสีย (เปิด Reactive Ticket),4
63,ไฟ Los ติด เป็นสีแดง | Internet เชื่อมต่อไม่ได้ | สายหัก/สาย,ไฟ Los ติด เป็นสีแดง,FTTR-Connectไม่ได้,ส่งงานไม่ถูกต้อง,4
63,ไฟ Los ติด เป็นสีแดง | Internet เชื่อมต่อไม่ได้ | สายหัก/สาย,ไฟ Los ติด เป็นสีแดง,Connectไม่ได้,หัวสายสำเร็จSC-APC หลวม /ไม่สนิท,3
63,ไฟ Los ติด เป็นสีแดง | Internet เชื่อมต่อไม่ได้ | สายหัก/สาย,ไฟ Los ติด เป็นสีแดง,Internet เชื่อมต่อไม่ได้,Mesh pair ไม่สำเร็จ,3
63,ไฟ Los ติด เป็นสีแดง | Internet เชื่อมต่อไม่ได้ | สายหัก/สาย,ไฟ Los ติด เป็นสีแดง,Internet เชื่อมต่อไม่ได้,Fault After Event,3
63,ไฟ Los ติด เป็นสีแดง | Internet เชื่อมต่อไม่ได้ | สายหัก/สาย,ไฟ Los ติด เป็นสีแดง,Connectไม่ได้,สายหัก/สายงอ/สายถูกดึงรั้ง,3
63,ไฟ Los ติด เป็นสีแดง | Internet เชื่อมต่อไม่ได้ | สายหัก/สาย,ไฟ Los ติด เป็นสีแดง,Connectไม่ได้,สัตว์ (เช่น ลิง กระรอก ช้าง ),3
63,ไฟ Los ติด เป็นสีแดง | Internet เชื่อมต่อไม่ได้ | สายหัก/สาย,ไฟ Los ติด เป็นสีแดง,Connectไม่ได้,การใช้งานของลูกค้า,3
63,ไฟ Los ติด เป็นสีแดง | Internet เชื่อมต่อไม่ได้ | สายหัก/สาย,ไฟ Los ติด เป็นสีแดง,Internet เชื่อมต่อไม่ได้,ค่าสัญญาณดี ไม่มีภาพ/ ไม่มีเสียง,3
63,ไฟ Los ติด เป็นสีแดง | Internet เชื่อมต่อไม่ได้ | สายหัก/สาย,FTTR-ไฟ Los ติด เป็นสีแดง,Internet เชื่อมต่อไม่ได้,เหตุเสียใช้ได้ ก่อนช่างถึงบ้าน,3
63,ไฟ Los ติด เป็นสีแดง | Internet เชื่อมต่อไม่ได้ | สายหัก/สาย,ไฟ Los ติด เป็นสีแดง,Connectไม่ได้,Monitor เหตุเสียครบตามเงื่อนไข,2
63,ไฟ Los ติด เป็นสีแดง | Internet เชื่อมต่อไม่ได้ | สายหัก/สาย,ไฟ Los ติด เป็นสีแดง,Connectไม่ได้,หัวสายสำเร็จSC-APC เสีย,2
63,ไฟ Los ติด เป็นสีแดง | Internet เชื่อมต่อไม่ได้ | สายหัก/สาย,ไฟ Los ติด เป็นสีแดง,Internet เชื่อมต่อไม่ได้,เสื่อมสภาพการใช้งาน,2
63,ไฟ Los ติด เป็นสีแดง | Internet เชื่อมต่อไม่ได้ | สายหัก/สาย,ไฟ Los ติด เป็นสีแดง,Internet เชื่อมต่อไม่ได้,ขั้วต่อ F Connector RG6 ที่กล่องชำรุด,2
63,ไฟ Los ติด เป็นสีแดง | Internet เชื่อมต่อไม่ได้ | สายหัก/สาย,ไฟ Los ติด เป็นสีแดง,Internet เชื่อมต่อไม่ได้,wifi ของกล่องเสีย,2
63,ไฟ Los ติด เป็นสีแดง | Internet เชื่อมต่อไม่ได้ | สายหัก/สาย,ไฟ Los ติด เป็นสีแดง,Connectไม่ได้,Modemไม่ lock/ไม่ Synch/High Loss,2
63,ไฟ Los ติด เป็นสีแดง | Internet เชื่อมต่อไม่ได้ | สายหัก/สาย,ไฟ Los ติด เป็นสีแดง,Connectไม่ได้,เทศบาลตัดแต่งต้นไม้,2
63,ไฟ Los ติด เป็นสีแดง | Internet เชื่อมต่อไม่ได้ | สายหัก/สาย,ไฟ Los ติด เป็นสีแดง,Internet เชื่อมต่อไม่ได้,ลูกค้าใช้งาน Wi Fi ห่างจาก Mesh,2
63,ไฟ Los ติด เป็นสีแดง | Internet เชื่อมต่อไม่ได้ | สายหัก/สาย,ไฟ Los ติด เป็นสีแดง,Connectไม่ได้,การไฟฟ้าย้ายแนว/จัดระเบียบสาย,2
63,ไฟ Los ติด เป็นสีแดง | Internet เชื่อมต่อไม่ได้ | สายหัก/สาย,ไฟ Los ติด เป็นสีแดง,Internet เชื่อมต่อไม่ได้,Support install Splitter L3,2
63,ไฟ Los ติด เป็นสีแดง | Internet เชื่อมต่อไม่ได้ | สายหัก/สาย,ไฟ Los ติด เป็นสีแดง,Internet เชื่อมต่อไม่ได้,อัพเกรดอุปกรณ์,2
63,ไฟ Los ติด เป็นสีแดง | Internet เชื่อมต่อไม่ได้ | สายหัก/สาย,ไฟ Los ติด เป็นสีแดง,Internet เชื่อมต่อไม่ได้,คำสั่งเสียงไม่ทำงาน,1
63,ไฟ Los ติด เป็นสีแดง | Internet เชื่อมต่อไม่ได้ | สายหัก/สาย,FTTR-ไฟ Los ติด เป็นสีแดง,Internet เชื่อมต่อไม่ได้,พบปัญหาใหม่,1
63,ไฟ Los ติด เป็นสีแดง | Internet เชื่อมต่อไม่ได้ | สายหัก/สาย,ไฟ Los ติด เป็นสีแดง,แจ้งเสีย-Wifi Apartment,การใช้งานของลูกค้า,1
63,ไฟ Los ติด เป็นสีแดง | Internet เชื่อมต่อไม่ได้ | สายหัก/สาย,ไฟ Los ติด เป็นสีแดง,Internet เชื่อมต่อไม่ได้,"ลูกค้าไม่สะดวก (ไม่อยู่บ้าน,ไม่แจ้งเหตุผล)",1
63,ไฟ Los ติด เป็นสีแดง | Internet เชื่อมต่อไม่ได้ | สายหัก/สาย,ไฟ Los ติด เป็นสีแดง,Internet เชื่อมต่อไม่ได้,สั่งด้วยเสียไม่ได้ (กล่องเสีย),1
63,ไฟ Los ติด เป็นสีแดง | Internet เชื่อมต่อไม่ได้ | สายหัก/สาย,ไฟ Los ติด เป็นสีแดง,Internet เชื่อมต่อไม่ได้,Port HDMI/AV เสีย,1
63,ไฟ Los ติด เป็นสีแดง | Internet เชื่อมต่อไม่ได้ | สายหัก/สาย,ไฟ Los ติด เป็นสีแดง,Internet เชื่อมต่อไม่ได้,ลูกค้าร้องขอ,1
63,ไฟ Los ติด เป็นสีแดง | Internet เชื่อมต่อไม่ได้ | สายหัก/สาย,ไฟ Los ติด เป็นสีแดง,Internet เชื่อมต่อไม่ได้,เชื่อมต่อ Remote ไม่ได้ (กล่องเสีย),1
63,ไฟ Los ติด เป็นสีแดง | Internet เชื่อมต่อไม่ได้ | สายหัก/สาย,ไฟ Los ติด เป็นสีแดง,Internet เชื่อมต่อไม่ได้,ลูกค้าใช้งาน Wi Fi ห่างจาก AP,1
63,ไฟ Los ติด เป็นสีแดง | Internet เชื่อมต่อไม่ได้ | สายหัก/สาย,ไฟ Los ติด เป็นสีแดง,แจ้งเสีย-WiFi Smart merchant,ขัดข้อง/เสีย,1
63,ไฟ Los ติด เป็นสีแดง | Internet เชื่อมต่อไม่ได้ | สายหัก/สาย,FTTR-ไฟ Los ติด เป็นสีแดง,Internet เชื่อมต่อไม่ได้,ลูกค้าเปลี่ยนใจ/ลูกค้าขอยกเลิกบริการเอง,1
63,ไฟ Los ติด เป็นสีแดง | Internet เชื่อมต่อไม่ได้ | สายหัก/สาย,ไฟ Los ติด เป็นสีแดง,Connectไม่ได้,ไฟไหม้,1
63,ไฟ Los ติด เป็นสีแดง | Internet เชื่อมต่อไม่ได้ | สายหัก/สาย,ไฟ Los ติด เป็นสีแดง,Internet เชื่อมต่อไม่ได้,Process,1
63,ไฟ Los ติด เป็นสีแดง | Internet เชื่อมต่อไม่ได้ | สายหัก/สาย,ไฟ Los ติด เป็นสีแดง,Internet เชื่อมต่อไม่ได้,เสนอบริการพิเศษ,1
63,ไฟ Los ติด เป็นสีแดง | Internet เชื่อมต่อไม่ได้ | สายหัก/สาย,FTTR-ไฟ Los ติด เป็นสีแดง,Internet เชื่อมต่อไม่ได้,ขัดข้อง/เสีย,1
63,ไฟ Los ติด เป็นสีแดง | Internet เชื่อมต่อไม่ได้ | สายหัก/สาย,ไฟ Los ติด เป็นสีแดง,Internet เชื่อมต่อไม่ได้,ช่องรายการถูกล็อค(E016/E017),1
63,ไฟ Los ติด เป็นสีแดง | Internet เชื่อมต่อไม่ได้ | สายหัก/สาย,ไฟ Los ติด เป็นสีแดง,FTTR-Connectไม่ได้,การใช้งานของลูกค้า,1
63,ไฟ Los ติด เป็นสีแดง | Internet เชื่อมต่อไม่ได้ | สายหัก/สาย,ไฟ Los ติด เป็นสีแดง,Connectไม่ได้,CONFIG CHANGE,1
63,ไฟ Los ติด เป็นสีแดง | Internet เชื่อมต่อไม่ได้ | สายหัก/สาย,ไฟ Los ติด เป็นสีแดง,Internet เชื่อมต่อไม่ได้,ผรม ติดตั้งกล่องไม่สมบูรณ์,1
63,ไฟ Los ติด เป็นสีแดง | Internet เชื่อมต่อไม่ได้ | สายหัก/สาย,ไฟ Los ติด เป็นสีแดง,FTTR-Connectไม่ได้,ขัดข้อง/เสีย,1
63,ไฟ Los ติด เป็นสีแดง | Internet เชื่อมต่อไม่ได้ | สายหัก/สาย,ไฟ Los ติด เป็นสีแดง,Internet เชื่อมต่อไม่ได้,พบปัญหาเดิม,1
63,ไฟ Los ติด เป็นสีแดง | Internet เชื่อมต่อไม่ได้ | สายหัก/สาย,ไฟ Los ติด เป็นสีแดง,Connectไม่ได้,Connect WiFi ไม่ได้/ไม่พบ SSID,1
63,ไฟ Los ติด เป็นสีแดง | Internet เชื่อมต่อไม่ได้ | สายหัก/สาย,ไฟ Los ติด เป็นสีแดง,Internet เชื่อมต่อไม่ได้,ไม่เก็บค่าบริการ,1
63,ไฟ Los ติด เป็นสีแดง | Internet เชื่อมต่อไม่ได้ | สายหัก/สาย,ไฟ Los ติด เป็นสีแดง,Internet เชื่อมต่อไม่ได้,ลูกค้าต้องการเปลี่ยน Mesh Wifi,1
63,ไฟ Los ติด เป็นสีแดง | Internet เชื่อมต่อไม่ได้ | สายหัก/สาย,ไฟ Los ติด เป็นสีแดง,แจ้งเสีย-WiFi Smart merchant,เหตุเสียใช้ได้ ก่อนช่างถึงบ้าน,1
63,ไฟ Los ติด เป็นสีแดง | Internet เชื่อมต่อไม่ได้ | สายหัก/สาย,ไฟ Los ติด เป็นสีแดง,แจ้งเสีย-WiFi Smart merchant,หัวสายสำเร็จSC-APC หลวม /ไม่สนิท,1
63,ไฟ Los ติด เป็นสีแดง | Internet เชื่อมต่อไม่ได้ | สายหัก/สาย,ไฟ Los ติด เป็นสีแดง,Internet เชื่อมต่อไม่ได้,ทรูรับผิดชอบ,1
63,ไฟ Los ติด เป็นสีแดง | Internet เชื่อมต่อไม่ได้ | สายหัก/สาย,ไฟ Los ติด เป็นสีแดง,Internet เชื่อมต่อไม่ได้,Exp ดี - ลูกค้าไม่สะดวกให้ตรวจสอบ,1
64,Mesh Wifi ไฟไม่ติด | Internet เชื่อมต่อไม่ได้ | ลูกค้าต้องกา,Mesh Wifi ไฟไม่ติด,Internet เชื่อมต่อไม่ได้,การใช้งานของลูกค้า,894
64,Mesh Wifi ไฟไม่ติด | Internet เชื่อมต่อไม่ได้ | ลูกค้าต้องกา,Mesh Wifi ไฟไม่ติด,Internet เชื่อมต่อไม่ได้,CONFIG CHANGE,478
64,Mesh Wifi ไฟไม่ติด | Internet เชื่อมต่อไม่ได้ | ลูกค้าต้องกา,Mesh Wifi ไฟไม่ติด,Internet เชื่อมต่อไม่ได้,เหตุเสียใช้ได้ ก่อนช่างถึงบ้าน,329
64,Mesh Wifi ไฟไม่ติด | Internet เชื่อมต่อไม่ได้ | ลูกค้าต้องกา,Mesh Wifi ไฟไม่ติด,Internet เชื่อมต่อไม่ได้,ขัดข้อง/เสีย,260
64,Mesh Wifi ไฟไม่ติด | Internet เชื่อมต่อไม่ได้ | ลูกค้าต้องกา,Mesh Wifi ไฟไม่ติด,Internet เชื่อมต่อไม่ได้,Connect WiFi ไม่ได้/ไม่พบ SSID,250
64,Mesh Wifi ไฟไม่ติด | Internet เชื่อมต่อไม่ได้ | ลูกค้าต้องกา,Mesh Wifi ไฟไม่ติด,Internet เชื่อมต่อไม่ได้,ไฟไม่เข้า,222
64,Mesh Wifi ไฟไม่ติด | Internet เชื่อมต่อไม่ได้ | ลูกค้าต้องกา,Mesh Wifi ไฟไม่ติด,Internet เชื่อมต่อไม่ได้,,152
64,Mesh Wifi ไฟไม่ติด | Internet เชื่อมต่อไม่ได้ | ลูกค้าต้องกา,Mesh Wifi ไฟไม่ติด,Internet เชื่อมต่อไม่ได้,ลูกค้าเปลี่ยนใจ/ลูกค้าขอยกเลิกบริการเอง,141
64,Mesh Wifi ไฟไม่ติด | Internet เชื่อมต่อไม่ได้ | ลูกค้าต้องกา,Mesh Wifi ไฟไม่ติด,Internet เชื่อมต่อไม่ได้,ลูกค้าต้องการเปลี่ยน Modem,135
64,Mesh Wifi ไฟไม่ติด | Internet เชื่อมต่อไม่ได้ | ลูกค้าต้องกา,Mesh Wifi ไฟไม่ติด,Internet เชื่อมต่อไม่ได้,Reboot,104
64,Mesh Wifi ไฟไม่ติด | Internet เชื่อมต่อไม่ได้ | ลูกค้าต้องกา,Mesh Wifi ไฟไม่ติด,Internet เชื่อมต่อไม่ได้,อุปกรณ์คืนค่าโรงงาน,102
64,Mesh Wifi ไฟไม่ติด | Internet เชื่อมต่อไม่ได้ | ลูกค้าต้องกา,Mesh Wifi ไฟไม่ติด,Internet เชื่อมต่อไม่ได้,Monitor เหตุเสียครบตามเงื่อนไข,81
64,Mesh Wifi ไฟไม่ติด | Internet เชื่อมต่อไม่ได้ | ลูกค้าต้องกา,Mesh Wifi ไฟไม่ติด,Internet เชื่อมต่อไม่ได้,Mesh pair ไม่สำเร็จ,79
64,Mesh Wifi ไฟไม่ติด | Internet เชื่อมต่อไม่ได้ | ลูกค้าต้องกา,Mesh Wifi ไฟไม่ติด,Internet เชื่อมต่อไม่ได้,Modemไม่ lock/ไม่ Synch/High Loss,64
64,Mesh Wifi ไฟไม่ติด | Internet เชื่อมต่อไม่ได้ | ลูกค้าต้องกา,Mesh Wifi ไฟไม่ติด,Internet เชื่อมต่อไม่ได้,สูญหาย,61
64,Mesh Wifi ไฟไม่ติด | Internet เชื่อมต่อไม่ได้ | ลูกค้าต้องกา,Mesh Wifi ไฟไม่ติด,Internet เชื่อมต่อไม่ได้,ทดสอบและอธิบายลูกค้า,56
64,Mesh Wifi ไฟไม่ติด | Internet เชื่อมต่อไม่ได้ | ลูกค้าต้องกา,Mesh Wifi ไฟไม่ติด,Internet เชื่อมต่อไม่ได้,ไม่ทราบสาเหตุ,42
64,Mesh Wifi ไฟไม่ติด | Internet เชื่อมต่อไม่ได้ | ลูกค้าต้องกา,Mesh Wifi ไฟไม่ติด,Internet เชื่อมต่อไม่ได้,ลูกค้าต้องการเปลี่ยน Mesh Wifi,32
64,Mesh Wifi ไฟไม่ติด | Internet เชื่อมต่อไม่ได้ | ลูกค้าต้องกา,Mesh Wifi ไฟไม่ติด,Internet เชื่อมต่อไม่ได้,ส่งงานไม่ถูกต้อง,30
64,Mesh Wifi ไฟไม่ติด | Internet เชื่อมต่อไม่ได้ | ลูกค้าต้องกา,Mesh Wifi ไฟไม่ติด,Internet เชื่อมต่อไม่ได้,สายหัก/สายงอ/สายถูกดึงรั้ง,25
64,Mesh Wifi ไฟไม่ติด | Internet เชื่อมต่อไม่ได้ | ลูกค้าต้องกา,Mesh Wifi ไฟไม่ติด,Internet เชื่อมต่อไม่ได้,ลูกค้าใช้งาน Wi Fi ห่างจาก Mesh,21
64,Mesh Wifi ไฟไม่ติด | Internet เชื่อมต่อไม่ได้ | ลูกค้าต้องกา,Mesh Wifi ไฟไม่ติด,Internet เชื่อมต่อไม่ได้,Modem ไม่รองรับ Package ลูกค้า,19
64,Mesh Wifi ไฟไม่ติด | Internet เชื่อมต่อไม่ได้ | ลูกค้าต้องกา,ปัญหา WiFi,Internet หลุดบ่อย,Mesh pair ไม่สำเร็จ,15
64,Mesh Wifi ไฟไม่ติด | Internet เชื่อมต่อไม่ได้ | ลูกค้าต้องกา,Mesh Wifi ไฟไม่ติด,Internet เชื่อมต่อไม่ได้,LAN เสีย,12
64,Mesh Wifi ไฟไม่ติด | Internet เชื่อมต่อไม่ได้ | ลูกค้าต้องกา,Mesh Wifi ไฟไม่ติด,Internet เชื่อมต่อไม่ได้,ข้อต่อหลวม ไม่ดี/ไม่สนิท,12
64,Mesh Wifi ไฟไม่ติด | Internet เชื่อมต่อไม่ได้ | ลูกค้าต้องกา,ค่าสัญญาณไม่ดี,Internet เชื่อมต่อไม่ได้,Mesh pair ไม่สำเร็จ,11
64,Mesh Wifi ไฟไม่ติด | Internet เชื่อมต่อไม่ได้ | ลูกค้าต้องกา,Mesh Wifi ไฟไม่ติด,Internet เชื่อมต่อไม่ได้,BUG FIRMWARE,9
64,Mesh Wifi ไฟไม่ติด | Internet เชื่อมต่อไม่ได้ | ลูกค้าต้องกา,Mesh Wifi ไฟไม่ติด,Internet เชื่อมต่อไม่ได้,เปลี่ยน process การทำงาน,9
64,Mesh Wifi ไฟไม่ติด | Internet เชื่อมต่อไม่ได้ | ลูกค้าต้องกา,Mesh Wifi ไฟไม่ติด,Internet เชื่อมต่อไม่ได้,หัวสายสำเร็จSC-APC หลวม /ไม่สนิท,8
64,Mesh Wifi ไฟไม่ติด | Internet เชื่อมต่อไม่ได้ | ลูกค้าต้องกา,Mesh Wifi ไฟไม่ติด,Internet เชื่อมต่อไม่ได้,CONFIG.PARAMETER ไม่ถูกต้อง,8
64,Mesh Wifi ไฟไม่ติด | Internet เชื่อมต่อไม่ได้ | ลูกค้าต้องกา,Mesh Wifi ไฟไม่ติด,Internet เชื่อมต่อไม่ได้,หัวสายสำเร็จSC-APC เสีย,7
64,Mesh Wifi ไฟไม่ติด | Internet เชื่อมต่อไม่ได้ | ลูกค้าต้องกา,Mesh Wifi ไฟไม่ติด,Internet เชื่อมต่อไม่ได้,Switch on/off เสีย/ชำรุดแตกหัก,7
64,Mesh Wifi ไฟไม่ติด | Internet เชื่อมต่อไม่ได้ | ลูกค้าต้องกา,Mesh Wifi ไฟไม่ติด,Internet เชื่อมต่อไม่ได้,หลอดไฟ LED Status เสีย,7
64,Mesh Wifi ไฟไม่ติด | Internet เชื่อมต่อไม่ได้ | ลูกค้าต้องกา,Mesh Wifi ไฟไม่ติด,Internet เชื่อมต่อไม่ได้,มีค่า Loss สูง,7
64,Mesh Wifi ไฟไม่ติด | Internet เชื่อมต่อไม่ได้ | ลูกค้าต้องกา,Mesh Wifi ไฟไม่ติด,Internet เชื่อมต่อไม่ได้,ลูกค้าใช้งาน Wi Fi ห่างจาก Modem,7
64,Mesh Wifi ไฟไม่ติด | Internet เชื่อมต่อไม่ได้ | ลูกค้าต้องกา,Mesh Wifi ไฟไม่ติด,Internet เชื่อมต่อไม่ได้,Ticket มีการระบุให้เปลี่ยนอุปกรณ์,6
64,Mesh Wifi ไฟไม่ติด | Internet เชื่อมต่อไม่ได้ | ลูกค้าต้องกา,Mesh Wifi ไฟไม่ติด,Internet เชื่อมต่อไม่ได้,มีเสียงผิดปกติในตัวโมเด็ม,6
64,Mesh Wifi ไฟไม่ติด | Internet เชื่อมต่อไม่ได้ | ลูกค้าต้องกา,Mesh Wifi ไฟไม่ติด,Internet เชื่อมต่อไม่ได้,ไม่ตรงรุ่น,5
64,Mesh Wifi ไฟไม่ติด | Internet เชื่อมต่อไม่ได้ | ลูกค้าต้องกา,Mesh Wifi ไฟไม่ติด,Internet เชื่อมต่อไม่ได้,มีสัญญาณรบกวน WiFi สูง,5
64,Mesh Wifi ไฟไม่ติด | Internet เชื่อมต่อไม่ได้ | ลูกค้าต้องกา,Mesh Wifi ไฟไม่ติด,Internet เชื่อมต่อไม่ได้,Wi-fi 2.4G ไม่รองรับ Speed,5
64,Mesh Wifi ไฟไม่ติด | Internet เชื่อมต่อไม่ได้ | ลูกค้าต้องกา,Mesh Wifi ไฟไม่ติด,Internet เชื่อมต่อไม่ได้,Area Manager เห็นชอบให้มีการเปลี่ยน CPE,4
64,Mesh Wifi ไฟไม่ติด | Internet เชื่อมต่อไม่ได้ | ลูกค้าต้องกา,Mesh Wifi ไฟไม่ติด,Internet เชื่อมต่อไม่ได้,ไม่พบปัญหาการใช้งานแล้ว,3
64,Mesh Wifi ไฟไม่ติด | Internet เชื่อมต่อไม่ได้ | ลูกค้าต้องกา,Mesh Wifi ไฟไม่ติด,Internet เชื่อมต่อไม่ได้,มีเสียงผิดปกติในตัว Mesh,3
64,Mesh Wifi ไฟไม่ติด | Internet เชื่อมต่อไม่ได้ | ลูกค้าต้องกา,Mesh Wifi ไฟไม่ติด,Internet เชื่อมต่อไม่ได้,เทศบาลตัดแต่งต้นไม้,3
64,Mesh Wifi ไฟไม่ติด | Internet เชื่อมต่อไม่ได้ | ลูกค้าต้องกา,Mesh Wifi ไฟไม่ติด,Internet เชื่อมต่อไม่ได้,รถเกี่ยว,3
64,Mesh Wifi ไฟไม่ติด | Internet เชื่อมต่อไม่ได้ | ลูกค้าต้องกา,Mesh Wifi ไฟไม่ติด,Internet เชื่อมต่อไม่ได้,Modem แตกหัก/สีผิดสภาพเดิม,3
64,Mesh Wifi ไฟไม่ติด | Internet เชื่อมต่อไม่ได้ | ลูกค้าต้องกา,อุปกรณ์ลูกค้า (device),เปิด Web ไม่ได้,Mesh pair ไม่สำเร็จ,3
64,Mesh Wifi ไฟไม่ติด | Internet เชื่อมต่อไม่ได้ | ลูกค้าต้องกา,Mesh Wifi ไฟไม่ติด,Internet เชื่อมต่อไม่ได้,เหตุเสียภายใน 90 วัน,3
64,Mesh Wifi ไฟไม่ติด | Internet เชื่อมต่อไม่ได้ | ลูกค้าต้องกา,Mesh Wifi ไฟไม่ติด,Internet เชื่อมต่อไม่ได้,พายุ,2
64,Mesh Wifi ไฟไม่ติด | Internet เชื่อมต่อไม่ได้ | ลูกค้าต้องกา,Mesh Wifi ไฟไม่ติด,Internet เชื่อมต่อไม่ได้,ค่าสัญญาณดี ภาพค้าง/ ขาดหาย,2
64,Mesh Wifi ไฟไม่ติด | Internet เชื่อมต่อไม่ได้ | ลูกค้าต้องกา,Mesh Wifi ไฟไม่ติด,Internet เชื่อมต่อไม่ได้,Auto close by BOT,2
64,Mesh Wifi ไฟไม่ติด | Internet เชื่อมต่อไม่ได้ | ลูกค้าต้องกา,ปัญหา WiFi,Internet หลุดบ่อย,มีเสียงผิดปกติในตัว Mesh,2
64,Mesh Wifi ไฟไม่ติด | Internet เชื่อมต่อไม่ได้ | ลูกค้าต้องกา,Mesh Wifi ไฟไม่ติด,Internet เชื่อมต่อไม่ได้,การไฟฟ้าย้ายแนว/จัดระเบียบสาย,2
64,Mesh Wifi ไฟไม่ติด | Internet เชื่อมต่อไม่ได้ | ลูกค้าต้องกา,ปัญหา WiFi,เปิด Web ไม่ได้,Mesh pair ไม่สำเร็จ,2
64,Mesh Wifi ไฟไม่ติด | Internet เชื่อมต่อไม่ได้ | ลูกค้าต้องกา,Mesh Wifi ไฟไม่ติด,Internet เชื่อมต่อไม่ได้,ลูกค้าต้องการเปลี่ยน Set Top Box,2
64,Mesh Wifi ไฟไม่ติด | Internet เชื่อมต่อไม่ได้ | ลูกค้าต้องกา,Mesh Wifi ไฟไม่ติด,Internet เชื่อมต่อไม่ได้,หลวม/แตกหัก,2
64,Mesh Wifi ไฟไม่ติด | Internet เชื่อมต่อไม่ได้ | ลูกค้าต้องกา,ไฟ Power ไม่ติด,Internet เชื่อมต่อไม่ได้,Mesh pair ไม่สำเร็จ,2
64,Mesh Wifi ไฟไม่ติด | Internet เชื่อมต่อไม่ได้ | ลูกค้าต้องกา,Mesh Wifi ไฟไม่ติด,Internet เชื่อมต่อไม่ได้,ลูกค้าต้องการเปลี่ยน AP,1
64,Mesh Wifi ไฟไม่ติด | Internet เชื่อมต่อไม่ได้ | ลูกค้าต้องกา,Mesh Wifi ไฟไม่ติด,Internet เชื่อมต่อไม่ได้,Mesh แตกหัก/สีผิดสภาพเดิม,1
64,Mesh Wifi ไฟไม่ติด | Internet เชื่อมต่อไม่ได้ | ลูกค้าต้องกา,Mesh Wifi ไฟไม่ติด,Internet เชื่อมต่อไม่ได้,อื่น ๆ,1
64,Mesh Wifi ไฟไม่ติด | Internet เชื่อมต่อไม่ได้ | ลูกค้าต้องกา,Mesh Wifi ไฟไม่ติด,Internet เชื่อมต่อไม่ได้,ระยะสาย Drop Wire ไกล,1
64,Mesh Wifi ไฟไม่ติด | Internet เชื่อมต่อไม่ได้ | ลูกค้าต้องกา,Mesh Wifi ไฟไม่ติด,Internet เชื่อมต่อไม่ได้,CONFIG CHANGE/BUG FIRMWARE,1
64,Mesh Wifi ไฟไม่ติด | Internet เชื่อมต่อไม่ได้ | ลูกค้าต้องกา,Mesh Wifi ไฟไม่ติด,Internet เชื่อมต่อไม่ได้,คำสั่งเสียงไม่ทำงาน,1
64,Mesh Wifi ไฟไม่ติด | Internet เชื่อมต่อไม่ได้ | ลูกค้าต้องกา,Mesh Wifi ไฟไม่ติด,Internet เชื่อมต่อไม่ได้,ไม่มีสัญญาณ CATV หรือ ค่า RF ไม่ได้ตามค่ามาตรฐาน,1
64,Mesh Wifi ไฟไม่ติด | Internet เชื่อมต่อไม่ได้ | ลูกค้าต้องกา,Mesh Wifi ไฟไม่ติด,Internet เชื่อมต่อไม่ได้,อุปกรณ์ Hang,1
64,Mesh Wifi ไฟไม่ติด | Internet เชื่อมต่อไม่ได้ | ลูกค้าต้องกา,Mesh Wifi ไฟไม่ติด,Internet เชื่อมต่อไม่ได้,ไม่เก็บค่าบริการ,1
64,Mesh Wifi ไฟไม่ติด | Internet เชื่อมต่อไม่ได้ | ลูกค้าต้องกา,Mesh Wifi ไฟไม่ติด,Internet เชื่อมต่อไม่ได้,ลูกค้าต้องการติดตั้ง Mesh Wifi,1
64,Mesh Wifi ไฟไม่ติด | Internet เชื่อมต่อไม่ได้ | ลูกค้าต้องกา,Mesh Wifi ไฟไม่ติด,Internet เชื่อมต่อไม่ได้,"สายขาด,หัก (Crack)",1
64,Mesh Wifi ไฟไม่ติด | Internet เชื่อมต่อไม่ได้ | ลูกค้าต้องกา,Mesh Wifi ไฟไม่ติด,Internet เชื่อมต่อไม่ได้,ช่องรายการถูกล็อค(CA14),1
64,Mesh Wifi ไฟไม่ติด | Internet เชื่อมต่อไม่ได้ | ลูกค้าต้องกา,Mesh Wifi ไฟไม่ติด,Internet เชื่อมต่อไม่ได้,Costomer Knowledge,1
64,Mesh Wifi ไฟไม่ติด | Internet เชื่อมต่อไม่ได้ | ลูกค้าต้องกา,Mesh Wifi ไฟไม่ติด,Internet เชื่อมต่อไม่ได้,Remote ไม่ทำงาน,1
64,Mesh Wifi ไฟไม่ติด | Internet เชื่อมต่อไม่ได้ | ลูกค้าต้องกา,Mesh Wifi ไฟไม่ติด,Internet เชื่อมต่อไม่ได้,Voice ไม่ติด (ไฟ Phone ไม่ติด),1
64,Mesh Wifi ไฟไม่ติด | Internet เชื่อมต่อไม่ได้ | ลูกค้าต้องกา,Mesh Wifi ไฟไม่ติด,Internet เชื่อมต่อไม่ได้,กล่องรับสัญญาณขัดข้อง (ER16/E048),1
64,Mesh Wifi ไฟไม่ติด | Internet เชื่อมต่อไม่ได้ | ลูกค้าต้องกา,Mesh Wifi ไฟไม่ติด,Internet เชื่อมต่อไม่ได้,สายขาด,1
64,Mesh Wifi ไฟไม่ติด | Internet เชื่อมต่อไม่ได้ | ลูกค้าต้องกา,Mesh Wifi ไฟไม่ติด,Internet เชื่อมต่อไม่ได้,สายเสื่อมสภาพ,1
65,ไฟ Los ดับ/ไฟ PON กระพริบ | Internet เชื่อมต่อไม่ได้ | ลูกค้,ไฟ Los ดับ/ไฟ PON กระพริบ,Internet เชื่อมต่อไม่ได้,ขัดข้อง/เสีย,1718
65,ไฟ Los ดับ/ไฟ PON กระพริบ | Internet เชื่อมต่อไม่ได้ | ลูกค้,ไฟ Los ดับ/ไฟ PON กระพริบ,Internet เชื่อมต่อไม่ได้,เหตุเสียใช้ได้ ก่อนช่างถึงบ้าน,457
65,ไฟ Los ดับ/ไฟ PON กระพริบ | Internet เชื่อมต่อไม่ได้ | ลูกค้,ไฟ Los ดับ/ไฟ PON กระพริบ,Internet เชื่อมต่อไม่ได้,การใช้งานของลูกค้า,362
65,ไฟ Los ดับ/ไฟ PON กระพริบ | Internet เชื่อมต่อไม่ได้ | ลูกค้,ไฟ Los ดับ/ไฟ PON กระพริบ,Internet เชื่อมต่อไม่ได้,สายหัก/สายงอ/สายถูกดึงรั้ง,280
65,ไฟ Los ดับ/ไฟ PON กระพริบ | Internet เชื่อมต่อไม่ได้ | ลูกค้,ไฟ Power ไม่ติด,Internet เชื่อมต่อไม่ได้,หัวสายสำเร็จSC-APC เสีย,188
65,ไฟ Los ดับ/ไฟ PON กระพริบ | Internet เชื่อมต่อไม่ได้ | ลูกค้,ไฟ Power ไม่ติด,Internet เชื่อมต่อไม่ได้,หัวสายสำเร็จSC-APC หลวม /ไม่สนิท,187
65,ไฟ Los ดับ/ไฟ PON กระพริบ | Internet เชื่อมต่อไม่ได้ | ลูกค้,ไฟ Los ดับ/ไฟ PON กระพริบ,Internet เชื่อมต่อไม่ได้,Modemไม่ lock/ไม่ Synch/High Loss,185
65,ไฟ Los ดับ/ไฟ PON กระพริบ | Internet เชื่อมต่อไม่ได้ | ลูกค้,ไฟ Los ดับ/ไฟ PON กระพริบ,Internet เชื่อมต่อไม่ได้,หัวสายสำเร็จSC-APC หลวม /ไม่สนิท,183
65,ไฟ Los ดับ/ไฟ PON กระพริบ | Internet เชื่อมต่อไม่ได้ | ลูกค้,ไฟ Los ดับ/ไฟ PON กระพริบ,Internet เชื่อมต่อไม่ได้,หัวสายสำเร็จSC-APC เสีย,169
65,ไฟ Los ดับ/ไฟ PON กระพริบ | Internet เชื่อมต่อไม่ได้ | ลูกค้,ไฟ Los ดับ/ไฟ PON กระพริบ,Internet เชื่อมต่อไม่ได้,รถเกี่ยว,165
65,ไฟ Los ดับ/ไฟ PON กระพริบ | Internet เชื่อมต่อไม่ได้ | ลูกค้,ไฟ Los ดับ/ไฟ PON กระพริบ,Internet เชื่อมต่อไม่ได้,Monitor เหตุเสียครบตามเงื่อนไข,141
65,ไฟ Los ดับ/ไฟ PON กระพริบ | Internet เชื่อมต่อไม่ได้ | ลูกค้,ไฟ Los ดับ/ไฟ PON กระพริบ,Internet เชื่อมต่อไม่ได้,ไฟไม่เข้า,141
65,ไฟ Los ดับ/ไฟ PON กระพริบ | Internet เชื่อมต่อไม่ได้ | ลูกค้,ไฟ Los ดับ/ไฟ PON กระพริบ,Internet เชื่อมต่อไม่ได้,,134
65,ไฟ Los ดับ/ไฟ PON กระพริบ | Internet เชื่อมต่อไม่ได้ | ลูกค้,ไฟ Los ดับ/ไฟ PON กระพริบ,Internet เชื่อมต่อไม่ได้,ลูกค้าเปลี่ยนใจ/ลูกค้าขอยกเลิกบริการเอง,131
65,ไฟ Los ดับ/ไฟ PON กระพริบ | Internet เชื่อมต่อไม่ได้ | ลูกค้,ไฟ Los ดับ/ไฟ PON กระพริบ,Internet เชื่อมต่อไม่ได้,การไฟฟ้าย้ายแนว/จัดระเบียบสาย,120
65,ไฟ Los ดับ/ไฟ PON กระพริบ | Internet เชื่อมต่อไม่ได้ | ลูกค้,ไฟ Los ดับ/ไฟ PON กระพริบ,Internet เชื่อมต่อไม่ได้,เทศบาลตัดแต่งต้นไม้,118
65,ไฟ Los ดับ/ไฟ PON กระพริบ | Internet เชื่อมต่อไม่ได้ | ลูกค้,ไฟ Los ดับ/ไฟ PON กระพริบ,Internet เชื่อมต่อไม่ได้,Connect WiFi ไม่ได้/ไม่พบ SSID,116
65,ไฟ Los ดับ/ไฟ PON กระพริบ | Internet เชื่อมต่อไม่ได้ | ลูกค้,ไฟ Los ดับ/ไฟ PON กระพริบ,Internet เชื่อมต่อไม่ได้,CONFIG CHANGE,113
65,ไฟ Los ดับ/ไฟ PON กระพริบ | Internet เชื่อมต่อไม่ได้ | ลูกค้,ไฟ Los ดับ/ไฟ PON กระพริบ,Internet เชื่อมต่อไม่ได้,Reboot,73
65,ไฟ Los ดับ/ไฟ PON กระพริบ | Internet เชื่อมต่อไม่ได้ | ลูกค้,ไฟ Los ดับ/ไฟ PON กระพริบ,Internet เชื่อมต่อไม่ได้,ลูกค้าต้องการเปลี่ยน Modem,68
65,ไฟ Los ดับ/ไฟ PON กระพริบ | Internet เชื่อมต่อไม่ได้ | ลูกค้,ไฟ Los ดับ/ไฟ PON กระพริบ,Internet เชื่อมต่อไม่ได้,ไม่ทราบสาเหตุ,64
65,ไฟ Los ดับ/ไฟ PON กระพริบ | Internet เชื่อมต่อไม่ได้ | ลูกค้,ไฟ Los ดับ/ไฟ PON กระพริบ,Internet เชื่อมต่อไม่ได้,สัตว์ (เช่น ลิง กระรอก ช้าง ),61
65,ไฟ Los ดับ/ไฟ PON กระพริบ | Internet เชื่อมต่อไม่ได้ | ลูกค้,ไฟ Los ดับ/ไฟ PON กระพริบ,Internet เชื่อมต่อไม่ได้,อุปกรณ์คืนค่าโรงงาน,54
65,ไฟ Los ดับ/ไฟ PON กระพริบ | Internet เชื่อมต่อไม่ได้ | ลูกค้,ไฟ Los ดับ/ไฟ PON กระพริบ,Internet เชื่อมต่อไม่ได้,มีค่า Loss สูง,42
65,ไฟ Los ดับ/ไฟ PON กระพริบ | Internet เชื่อมต่อไม่ได้ | ลูกค้,ไฟ Los ดับ/ไฟ PON กระพริบ,Internet เชื่อมต่อไม่ได้,สายเสื่อมสภาพ,37
65,ไฟ Los ดับ/ไฟ PON กระพริบ | Internet เชื่อมต่อไม่ได้ | ลูกค้,ไฟ Los ดับ/ไฟ PON กระพริบ,Internet เชื่อมต่อไม่ได้,ระยะสาย Drop Wire ไกล,35
65,ไฟ Los ดับ/ไฟ PON กระพริบ | Internet เชื่อมต่อไม่ได้ | ลูกค้,ไฟ Los ดับ/ไฟ PON กระพริบ,Internet เชื่อมต่อไม่ได้,ไฟไหม้,32
65,ไฟ Los ดับ/ไฟ PON กระพริบ | Internet เชื่อมต่อไม่ได้ | ลูกค้,ไฟ Los ดับ/ไฟ PON กระพริบ,Internet เชื่อมต่อไม่ได้,ไม่พบปัญหาการใช้งานแล้ว,31
65,ไฟ Los ดับ/ไฟ PON กระพริบ | Internet เชื่อมต่อไม่ได้ | ลูกค้,ไฟ Los ดับ/ไฟ PON กระพริบ,Internet เชื่อมต่อไม่ได้,ทดสอบและอธิบายลูกค้า,26
65,ไฟ Los ดับ/ไฟ PON กระพริบ | Internet เชื่อมต่อไม่ได้ | ลูกค้,ไฟ Los ดับ/ไฟ PON กระพริบ,Internet เชื่อมต่อไม่ได้,ส่งงานไม่ถูกต้อง,25
65,ไฟ Los ดับ/ไฟ PON กระพริบ | Internet เชื่อมต่อไม่ได้ | ลูกค้,ไฟ Los ดับ/ไฟ PON กระพริบ,Internet เชื่อมต่อไม่ได้,บุคคลเจตนาร้าย-ตัดทำลายข่ายสาย,25
65,ไฟ Los ดับ/ไฟ PON กระพริบ | Internet เชื่อมต่อไม่ได้ | ลูกค้,ไฟ Power ไม่ติด,Internet เชื่อมต่อไม่ได้,Area Manager เห็นชอบให้มีการเปลี่ยน CPE,21
65,ไฟ Los ดับ/ไฟ PON กระพริบ | Internet เชื่อมต่อไม่ได้ | ลูกค้,ไฟ Los ดับ/ไฟ PON กระพริบ,Internet เชื่อมต่อไม่ได้,พายุ,18
65,ไฟ Los ดับ/ไฟ PON กระพริบ | Internet เชื่อมต่อไม่ได้ | ลูกค้,ค่าสัญญาณไม่ดี,Internet เชื่อมต่อไม่ได้,หลอดไฟ LED Status เสีย,15
65,ไฟ Los ดับ/ไฟ PON กระพริบ | Internet เชื่อมต่อไม่ได้ | ลูกค้,ไฟ Los ดับ/ไฟ PON กระพริบ,Internet เชื่อมต่อไม่ได้,เปลี่ยน process การทำงาน,14
65,ไฟ Los ดับ/ไฟ PON กระพริบ | Internet เชื่อมต่อไม่ได้ | ลูกค้,ไฟ Los ดับ/ไฟ PON กระพริบ,Internet เชื่อมต่อไม่ได้,แมลง(เช่น จักจั่น มด ปลวก),13
65,ไฟ Los ดับ/ไฟ PON กระพริบ | Internet เชื่อมต่อไม่ได้ | ลูกค้,ไฟ Los ดับ/ไฟ PON กระพริบ,Internet เชื่อมต่อไม่ได้,BUG FIRMWARE,10
65,ไฟ Los ดับ/ไฟ PON กระพริบ | Internet เชื่อมต่อไม่ได้ | ลูกค้,ไฟ Los ดับ/ไฟ PON กระพริบ,Internet เชื่อมต่อไม่ได้,เหตุเสียภายใน 90 วัน,9
65,ไฟ Los ดับ/ไฟ PON กระพริบ | Internet เชื่อมต่อไม่ได้ | ลูกค้,ไฟ Los ดับ/ไฟ PON กระพริบ,Internet เชื่อมต่อไม่ได้,ไม่ตรงรุ่น,8
65,ไฟ Los ดับ/ไฟ PON กระพริบ | Internet เชื่อมต่อไม่ได้ | ลูกค้,ไฟ Los ดับ/ไฟ PON กระพริบ,Internet เชื่อมต่อไม่ได้,ข้อต่อหลวม ไม่ดี/ไม่สนิท,8
65,ไฟ Los ดับ/ไฟ PON กระพริบ | Internet เชื่อมต่อไม่ได้ | ลูกค้,ไฟ Los ดับ/ไฟ PON กระพริบ,Internet เชื่อมต่อไม่ได้,หลวม/แตกหัก,8
65,ไฟ Los ดับ/ไฟ PON กระพริบ | Internet เชื่อมต่อไม่ได้ | ลูกค้,ไฟ Los ดับ/ไฟ PON กระพริบ,Internet เชื่อมต่อไม่ได้,หัวสายสำเร็จSC-APC สกปรก,7
65,ไฟ Los ดับ/ไฟ PON กระพริบ | Internet เชื่อมต่อไม่ได้ | ลูกค้,ไฟ Los ดับ/ไฟ PON กระพริบ,Internet เชื่อมต่อไม่ได้,"สายขาด,หัก (Crack)",7
65,ไฟ Los ดับ/ไฟ PON กระพริบ | Internet เชื่อมต่อไม่ได้ | ลูกค้,ไฟ Los ดับ/ไฟ PON กระพริบ,Internet เชื่อมต่อไม่ได้,Switch on/off เสีย/ชำรุดแตกหัก,7
65,ไฟ Los ดับ/ไฟ PON กระพริบ | Internet เชื่อมต่อไม่ได้ | ลูกค้,ไฟ Los ดับ/ไฟ PON กระพริบ,Internet เชื่อมต่อไม่ได้,Port เสีย,7
65,ไฟ Los ดับ/ไฟ PON กระพริบ | Internet เชื่อมต่อไม่ได้ | ลูกค้,ไฟ Los ดับ/ไฟ PON กระพริบ,Internet เชื่อมต่อไม่ได้,LAN เสีย,6
65,ไฟ Los ดับ/ไฟ PON กระพริบ | Internet เชื่อมต่อไม่ได้ | ลูกค้,ไฟ Power ไม่ติด,Internet เชื่อมต่อไม่ได้,Ticket มีการระบุให้เปลี่ยนอุปกรณ์,6
65,ไฟ Los ดับ/ไฟ PON กระพริบ | Internet เชื่อมต่อไม่ได้ | ลูกค้,ไฟ Los ดับ/ไฟ PON กระพริบ,Internet เชื่อมต่อไม่ได้,อื่น ๆ,6
65,ไฟ Los ดับ/ไฟ PON กระพริบ | Internet เชื่อมต่อไม่ได้ | ลูกค้,ไฟ Los ดับ/ไฟ PON กระพริบ,Internet เชื่อมต่อไม่ได้,Modem แตกหัก/สีผิดสภาพเดิม,5
65,ไฟ Los ดับ/ไฟ PON กระพริบ | Internet เชื่อมต่อไม่ได้ | ลูกค้,ไฟ Power ไม่ติด,Internet เชื่อมต่อไม่ได้,ลูกค้าต้องการเปลี่ยน Set Top Box,5
65,ไฟ Los ดับ/ไฟ PON กระพริบ | Internet เชื่อมต่อไม่ได้ | ลูกค้,ไฟ Power ไม่ติด,Internet เชื่อมต่อไม่ได้,หัวสายสำเร็จSC-APC สกปรก,5
65,ไฟ Los ดับ/ไฟ PON กระพริบ | Internet เชื่อมต่อไม่ได้ | ลูกค้,ไฟ Los ดับ/ไฟ PON กระพริบ,Internet เชื่อมต่อไม่ได้,Area Manager เห็นชอบให้มีการเปลี่ยน CPE,5
65,ไฟ Los ดับ/ไฟ PON กระพริบ | Internet เชื่อมต่อไม่ได้ | ลูกค้,ไฟ Los ดับ/ไฟ PON กระพริบ,Internet เชื่อมต่อไม่ได้,มีเสียงผิดปกติในตัวโมเด็ม,5
65,ไฟ Los ดับ/ไฟ PON กระพริบ | Internet เชื่อมต่อไม่ได้ | ลูกค้,ไฟ Los ดับ/ไฟ PON กระพริบ,Internet เชื่อมต่อไม่ได้,แมลง/สัตว์,3
65,ไฟ Los ดับ/ไฟ PON กระพริบ | Internet เชื่อมต่อไม่ได้ | ลูกค้,ไฟ Los ดับ/ไฟ PON กระพริบ,Internet เชื่อมต่อไม่ได้,Voice ไม่ติด (ไฟ Phone ไม่ติด),2
65,ไฟ Los ดับ/ไฟ PON กระพริบ | Internet เชื่อมต่อไม่ได้ | ลูกค้,ค่าสัญญาณไม่ดี,เปิด Web ไม่ได้,หลอดไฟ LED Status เสีย,2
65,ไฟ Los ดับ/ไฟ PON กระพริบ | Internet เชื่อมต่อไม่ได้ | ลูกค้,ไฟ Los ดับ/ไฟ PON กระพริบ,Internet เชื่อมต่อไม่ได้,CONFIG.PARAMETER ไม่ถูกต้อง,2
65,ไฟ Los ดับ/ไฟ PON กระพริบ | Internet เชื่อมต่อไม่ได้ | ลูกค้,ไฟ Los ดับ/ไฟ PON กระพริบ,Internet เชื่อมต่อไม่ได้,อุปกรณ์ Hang,2
65,ไฟ Los ดับ/ไฟ PON กระพริบ | Internet เชื่อมต่อไม่ได้ | ลูกค้,ไฟ Los ดับ/ไฟ PON กระพริบ,Internet เชื่อมต่อไม่ได้,ลูกค้าต้องการเปลี่ยน Set Top Box,2
65,ไฟ Los ดับ/ไฟ PON กระพริบ | Internet เชื่อมต่อไม่ได้ | ลูกค้,ค่าสัญญาณไม่ดี,เปิด Web ไม่ได้,Switch on/off เสีย/ชำรุดแตกหัก,2
65,ไฟ Los ดับ/ไฟ PON กระพริบ | Internet เชื่อมต่อไม่ได้ | ลูกค้,ไฟ Los ดับ/ไฟ PON กระพริบ,Internet เชื่อมต่อไม่ได้,ไฟฟ้าดับ,2
65,ไฟ Los ดับ/ไฟ PON กระพริบ | Internet เชื่อมต่อไม่ได้ | ลูกค้,ไฟ Los ดับ/ไฟ PON กระพริบ,Internet เชื่อมต่อไม่ได้,Modem ไม่รองรับ Package ลูกค้า,2
65,ไฟ Los ดับ/ไฟ PON กระพริบ | Internet เชื่อมต่อไม่ได้ | ลูกค้,ไฟ Los ดับ/ไฟ PON กระพริบ,Internet เชื่อมต่อไม่ได้,Remote ไม่ทำงาน,1
65,ไฟ Los ดับ/ไฟ PON กระพริบ | Internet เชื่อมต่อไม่ได้ | ลูกค้,ไฟ Los ดับ/ไฟ PON กระพริบ,Internet เชื่อมต่อไม่ได้,สายไม่เป็นระเบียบ,1
65,ไฟ Los ดับ/ไฟ PON กระพริบ | Internet เชื่อมต่อไม่ได้ | ลูกค้,ไฟ Los ดับ/ไฟ PON กระพริบ,Internet เชื่อมต่อไม่ได้,สูญหาย,1
65,ไฟ Los ดับ/ไฟ PON กระพริบ | Internet เชื่อมต่อไม่ได้ | ลูกค้,ไฟ Los ดับ/ไฟ PON กระพริบ,Internet เชื่อมต่อไม่ได้,ค่าสัญญาณดี แต่พบภาพขาดหาย/ ภาพแตก/ เสียงขาดหาย,1
65,ไฟ Los ดับ/ไฟ PON กระพริบ | Internet เชื่อมต่อไม่ได้ | ลูกค้,FTTR-ไฟ Los ดับ/ไฟ PON กระพริบ,Internet เชื่อมต่อไม่ได้,ขัดข้อง/เสีย,1
65,ไฟ Los ดับ/ไฟ PON กระพริบ | Internet เชื่อมต่อไม่ได้ | ลูกค้,ไฟ Los ดับ/ไฟ PON กระพริบ,Internet เชื่อมต่อไม่ได้,ลูกค้าทำอุปกรณ์เสียหาย,1
65,ไฟ Los ดับ/ไฟ PON กระพริบ | Internet เชื่อมต่อไม่ได้ | ลูกค้,ไฟ Los ดับ/ไฟ PON กระพริบ,Internet เชื่อมต่อไม่ได้,ลูกค้าใช้งาน Wi Fi ห่างจาก Modem,1
65,ไฟ Los ดับ/ไฟ PON กระพริบ | Internet เชื่อมต่อไม่ได้ | ลูกค้,ไฟ Power ไม่ติด,Internet เชื่อมต่อไม่ได้,Auto close by BOT,1
65,ไฟ Los ดับ/ไฟ PON กระพริบ | Internet เชื่อมต่อไม่ได้ | ลูกค้,ไฟ Los ดับ/ไฟ PON กระพริบ,Internet เชื่อมต่อไม่ได้,เสาอากาศชำรุด,1
65,ไฟ Los ดับ/ไฟ PON กระพริบ | Internet เชื่อมต่อไม่ได้ | ลูกค้,ไฟ Los ดับ/ไฟ PON กระพริบ,Internet เชื่อมต่อไม่ได้,ค่าสัญญาณดี ภาพค้าง/ ขาดหาย,1
65,ไฟ Los ดับ/ไฟ PON กระพริบ | Internet เชื่อมต่อไม่ได้ | ลูกค้,ไฟ Los ดับ/ไฟ PON กระพริบ,Internet เชื่อมต่อไม่ได้,อุปกรณ์ลูกค้า TV/เครื่องเสียง/อุปกรณ์ Bluetooth,1
65,ไฟ Los ดับ/ไฟ PON กระพริบ | Internet เชื่อมต่อไม่ได้ | ลูกค้,ไฟ Los ดับ/ไฟ PON กระพริบ,Internet เชื่อมต่อไม่ได้,Module เสีย,1
65,ไฟ Los ดับ/ไฟ PON กระพริบ | Internet เชื่อมต่อไม่ได้ | ลูกค้,ไฟ Los ดับ/ไฟ PON กระพริบ,Internet เชื่อมต่อไม่ได้,Auto close by BOT,1
65,ไฟ Los ดับ/ไฟ PON กระพริบ | Internet เชื่อมต่อไม่ได้ | ลูกค้,ไฟ Power ไม่ติด,Internet เชื่อมต่อไม่ได้,ช่องรายการถูกล็อค(CA14),1
65,ไฟ Los ดับ/ไฟ PON กระพริบ | Internet เชื่อมต่อไม่ได้ | ลูกค้,ไฟ Power ไม่ติด,Internet เชื่อมต่อไม่ได้,ค่าสัญญาณดี ไม่มีภาพ/ ไม่มีเสียง,1
65,ไฟ Los ดับ/ไฟ PON กระพริบ | Internet เชื่อมต่อไม่ได้ | ลูกค้,ไฟ Los ดับ/ไฟ PON กระพริบ,Internet เชื่อมต่อไม่ได้,สัญญาณ Wifi ไม่ครอบคลุม,1
65,ไฟ Los ดับ/ไฟ PON กระพริบ | Internet เชื่อมต่อไม่ได้ | ลูกค้,ไฟ Los ดับ/ไฟ PON กระพริบ,Internet เชื่อมต่อไม่ได้,Port HDMI/AV/optical/usb เสีย,1
65,ไฟ Los ดับ/ไฟ PON กระพริบ | Internet เชื่อมต่อไม่ได้ | ลูกค้,ไฟ Los ดับ/ไฟ PON กระพริบ,Internet เชื่อมต่อไม่ได้,ลูกค้าแจ้งขอยกเลิกบริการ,1
65,ไฟ Los ดับ/ไฟ PON กระพริบ | Internet เชื่อมต่อไม่ได้ | ลูกค้,ไฟ Los ดับ/ไฟ PON กระพริบ,Internet เชื่อมต่อไม่ได้,Ticket มีการระบุให้เปลี่ยนอุปกรณ์,1
65,ไฟ Los ดับ/ไฟ PON กระพริบ | Internet เชื่อมต่อไม่ได้ | ลูกค้,FTTR-ไฟ Los ดับ/ไฟ PON กระพริบ,Internet เชื่อมต่อไม่ได้,สายหัก/สายงอ/สายถูกดึงรั้ง,1
65,ไฟ Los ดับ/ไฟ PON กระพริบ | Internet เชื่อมต่อไม่ได้ | ลูกค้,ไฟ Los ดับ/ไฟ PON กระพริบ,Internet เชื่อมต่อไม่ได้,หลอดไฟ LED Status เสีย,1
65,ไฟ Los ดับ/ไฟ PON กระพริบ | Internet เชื่อมต่อไม่ได้ | ลูกค้,ไฟ Los ดับ/ไฟ PON กระพริบ,Internet เชื่อมต่อไม่ได้,สายขาด,1
65,ไฟ Los ดับ/ไฟ PON กระพริบ | Internet เชื่อมต่อไม่ได้ | ลูกค้,เงียบ ไม่มีสัญญาณบางช่วงเวลา,คุณภาพสัญญาน,Reboot,1
65,ไฟ Los ดับ/ไฟ PON กระพริบ | Internet เชื่อมต่อไม่ได้ | ลูกค้,ไฟ Power ไม่ติด,Internet เชื่อมต่อไม่ได้,ค่าสัญญาณดี แต่พบภาพขาดหาย/ ภาพแตก/ เสียงขาดหาย,1
65,ไฟ Los ดับ/ไฟ PON กระพริบ | Internet เชื่อมต่อไม่ได้ | ลูกค้,ไฟ Los ดับ/ไฟ PON กระพริบ,แจ้งเสีย-WiFi Smart merchant,หัวสายสำเร็จSC-APC เสีย,1
65,ไฟ Los ดับ/ไฟ PON กระพริบ | Internet เชื่อมต่อไม่ได้ | ลูกค้,ไฟ Los ดับ/ไฟ PON กระพริบ,Internet เชื่อมต่อไม่ได้,CONFIG CHANGE/BUG FIRMWARE,1
66,ไฟ Power ไม่ติด | Internet เชื่อมต่อไม่ได้ | เหตุเสียใช้ได้ ,ไฟ Power ไม่ติด,Internet เชื่อมต่อไม่ได้,ขัดข้อง/เสีย,1411
66,ไฟ Power ไม่ติด | Internet เชื่อมต่อไม่ได้ | เหตุเสียใช้ได้ ,ไฟ Power ไม่ติด,Internet เชื่อมต่อไม่ได้,ไฟไม่เข้า,1346
66,ไฟ Power ไม่ติด | Internet เชื่อมต่อไม่ได้ | เหตุเสียใช้ได้ ,ไฟ Power ไม่ติด,Internet เชื่อมต่อไม่ได้,เหตุเสียใช้ได้ ก่อนช่างถึงบ้าน,979
66,ไฟ Power ไม่ติด | Internet เชื่อมต่อไม่ได้ | เหตุเสียใช้ได้ ,ไฟ Power ไม่ติด,Internet เชื่อมต่อไม่ได้,การใช้งานของลูกค้า,956
66,ไฟ Power ไม่ติด | Internet เชื่อมต่อไม่ได้ | เหตุเสียใช้ได้ ,ไฟ Power ไม่ติด,Internet เชื่อมต่อไม่ได้,สายหัก/สายงอ/สายถูกดึงรั้ง,354
66,ไฟ Power ไม่ติด | Internet เชื่อมต่อไม่ได้ | เหตุเสียใช้ได้ ,ไฟ Power ไม่ติด,Internet เชื่อมต่อไม่ได้,ลูกค้าต้องการเปลี่ยน Modem,324
66,ไฟ Power ไม่ติด | Internet เชื่อมต่อไม่ได้ | เหตุเสียใช้ได้ ,ไฟ Power ไม่ติด,Internet เชื่อมต่อไม่ได้,Modemไม่ lock/ไม่ Synch/High Loss,309
66,ไฟ Power ไม่ติด | Internet เชื่อมต่อไม่ได้ | เหตุเสียใช้ได้ ,ไฟ Power ไม่ติด,Internet เชื่อมต่อไม่ได้,ลูกค้าเปลี่ยนใจ/ลูกค้าขอยกเลิกบริการเอง,308
66,ไฟ Power ไม่ติด | Internet เชื่อมต่อไม่ได้ | เหตุเสียใช้ได้ ,ไฟ Power ไม่ติด,Internet เชื่อมต่อไม่ได้,,265
66,ไฟ Power ไม่ติด | Internet เชื่อมต่อไม่ได้ | เหตุเสียใช้ได้ ,ไฟ Power ไม่ติด,Internet เชื่อมต่อไม่ได้,Reboot,259
66,ไฟ Power ไม่ติด | Internet เชื่อมต่อไม่ได้ | เหตุเสียใช้ได้ ,ไฟ Power ไม่ติด,Internet เชื่อมต่อไม่ได้,Switch on/off เสีย/ชำรุดแตกหัก,239
66,ไฟ Power ไม่ติด | Internet เชื่อมต่อไม่ได้ | เหตุเสียใช้ได้ ,ไฟ Power ไม่ติด,Internet เชื่อมต่อไม่ได้,รถเกี่ยว,237
66,ไฟ Power ไม่ติด | Internet เชื่อมต่อไม่ได้ | เหตุเสียใช้ได้ ,ไฟ Power ไม่ติด,Internet เชื่อมต่อไม่ได้,Monitor เหตุเสียครบตามเงื่อนไข,233
66,ไฟ Power ไม่ติด | Internet เชื่อมต่อไม่ได้ | เหตุเสียใช้ได้ ,ไฟ Power ไม่ติด,Internet เชื่อมต่อไม่ได้,การไฟฟ้าย้ายแนว/จัดระเบียบสาย,171
66,ไฟ Power ไม่ติด | Internet เชื่อมต่อไม่ได้ | เหตุเสียใช้ได้ ,ไฟ Power ไม่ติด,Internet เชื่อมต่อไม่ได้,CONFIG CHANGE,153
66,ไฟ Power ไม่ติด | Internet เชื่อมต่อไม่ได้ | เหตุเสียใช้ได้ ,ไฟ Power ไม่ติด,Internet เชื่อมต่อไม่ได้,ไม่ทราบสาเหตุ,114
66,ไฟ Power ไม่ติด | Internet เชื่อมต่อไม่ได้ | เหตุเสียใช้ได้ ,ไฟ Power ไม่ติด,Internet เชื่อมต่อไม่ได้,เทศบาลตัดแต่งต้นไม้,113
66,ไฟ Power ไม่ติด | Internet เชื่อมต่อไม่ได้ | เหตุเสียใช้ได้ ,ไฟ Power ไม่ติด,Internet เชื่อมต่อไม่ได้,ทดสอบและอธิบายลูกค้า,71
66,ไฟ Power ไม่ติด | Internet เชื่อมต่อไม่ได้ | เหตุเสียใช้ได้ ,ไฟ Power ไม่ติด,Internet เชื่อมต่อไม่ได้,อุปกรณ์คืนค่าโรงงาน,70
66,ไฟ Power ไม่ติด | Internet เชื่อมต่อไม่ได้ | เหตุเสียใช้ได้ ,ไฟ Power ไม่ติด,Internet เชื่อมต่อไม่ได้,สัตว์ (เช่น ลิง กระรอก ช้าง ),65
66,ไฟ Power ไม่ติด | Internet เชื่อมต่อไม่ได้ | เหตุเสียใช้ได้ ,ไฟ Power ไม่ติด,Internet เชื่อมต่อไม่ได้,ส่งงานไม่ถูกต้อง,60
66,ไฟ Power ไม่ติด | Internet เชื่อมต่อไม่ได้ | เหตุเสียใช้ได้ ,ไฟ Power ไม่ติด,Internet เชื่อมต่อไม่ได้,สายเสื่อมสภาพ,51
66,ไฟ Power ไม่ติด | Internet เชื่อมต่อไม่ได้ | เหตุเสียใช้ได้ ,ไฟ Power ไม่ติด,Internet เชื่อมต่อไม่ได้,มีค่า Loss สูง,50
66,ไฟ Power ไม่ติด | Internet เชื่อมต่อไม่ได้ | เหตุเสียใช้ได้ ,ไฟ Power ไม่ติด,Internet เชื่อมต่อไม่ได้,ไฟไหม้,37
66,ไฟ Power ไม่ติด | Internet เชื่อมต่อไม่ได้ | เหตุเสียใช้ได้ ,ไฟ Power ไม่ติด,Internet เชื่อมต่อไม่ได้,พายุ,33
66,ไฟ Power ไม่ติด | Internet เชื่อมต่อไม่ได้ | เหตุเสียใช้ได้ ,ไฟ Power ไม่ติด,Internet เชื่อมต่อไม่ได้,เปลี่ยน process การทำงาน,32
66,ไฟ Power ไม่ติด | Internet เชื่อมต่อไม่ได้ | เหตุเสียใช้ได้ ,ไฟ Power ไม่ติด,Internet เชื่อมต่อไม่ได้,Modem แตกหัก/สีผิดสภาพเดิม,28
66,ไฟ Power ไม่ติด | Internet เชื่อมต่อไม่ได้ | เหตุเสียใช้ได้ ,ไฟ Power ไม่ติด,Internet เชื่อมต่อไม่ได้,บุคคลเจตนาร้าย-ตัดทำลายข่ายสาย,27
66,ไฟ Power ไม่ติด | Internet เชื่อมต่อไม่ได้ | เหตุเสียใช้ได้ ,ไฟ Power ไม่ติด,Internet เชื่อมต่อไม่ได้,ระยะสาย Drop Wire ไกล,24
66,ไฟ Power ไม่ติด | Internet เชื่อมต่อไม่ได้ | เหตุเสียใช้ได้ ,ไฟ Power ไม่ติด,Internet เชื่อมต่อไม่ได้,Modem ไม่รองรับ Package ลูกค้า,23
66,ไฟ Power ไม่ติด | Internet เชื่อมต่อไม่ได้ | เหตุเสียใช้ได้ ,ไฟ Power ไม่ติด,Internet เชื่อมต่อไม่ได้,แมลง(เช่น จักจั่น มด ปลวก),22
66,ไฟ Power ไม่ติด | Internet เชื่อมต่อไม่ได้ | เหตุเสียใช้ได้ ,ไฟ Power ไม่ติด,Internet เชื่อมต่อไม่ได้,ไม่พบปัญหาการใช้งานแล้ว,21
66,ไฟ Power ไม่ติด | Internet เชื่อมต่อไม่ได้ | เหตุเสียใช้ได้ ,ไฟ Power ไม่ติด,Internet เชื่อมต่อไม่ได้,มีเสียงผิดปกติในตัวโมเด็ม,19
66,ไฟ Power ไม่ติด | Internet เชื่อมต่อไม่ได้ | เหตุเสียใช้ได้ ,ไฟ Power ไม่ติด,Internet เชื่อมต่อไม่ได้,ข้อต่อหลวม ไม่ดี/ไม่สนิท,16
66,ไฟ Power ไม่ติด | Internet เชื่อมต่อไม่ได้ | เหตุเสียใช้ได้ ,ไฟ Power ไม่ติด,Internet เชื่อมต่อไม่ได้,LAN เสีย,14
66,ไฟ Power ไม่ติด | Internet เชื่อมต่อไม่ได้ | เหตุเสียใช้ได้ ,ไฟ Power ไม่ติด,Internet เชื่อมต่อไม่ได้,Port เสีย,12
66,ไฟ Power ไม่ติด | Internet เชื่อมต่อไม่ได้ | เหตุเสียใช้ได้ ,ไฟ Power ไม่ติด,Internet เชื่อมต่อไม่ได้,หลอดไฟ LED Status เสีย,11
66,ไฟ Power ไม่ติด | Internet เชื่อมต่อไม่ได้ | เหตุเสียใช้ได้ ,ไฟ Power ไม่ติด,Internet เชื่อมต่อไม่ได้,ไม่ตรงรุ่น,11
66,ไฟ Power ไม่ติด | Internet เชื่อมต่อไม่ได้ | เหตุเสียใช้ได้ ,ไฟ Power ไม่ติด,Internet เชื่อมต่อไม่ได้,เสาอากาศชำรุด,10
66,ไฟ Power ไม่ติด | Internet เชื่อมต่อไม่ได้ | เหตุเสียใช้ได้ ,ไฟ Power ไม่ติด,Internet เชื่อมต่อไม่ได้,สูญหาย,8
66,ไฟ Power ไม่ติด | Internet เชื่อมต่อไม่ได้ | เหตุเสียใช้ได้ ,ไฟ Power ไม่ติด,Internet เชื่อมต่อไม่ได้,หลวม/แตกหัก,7
66,ไฟ Power ไม่ติด | Internet เชื่อมต่อไม่ได้ | เหตุเสียใช้ได้ ,ไฟ Power ไม่ติด,Internet เชื่อมต่อไม่ได้,อุปกรณ์ Hang,7
66,ไฟ Power ไม่ติด | Internet เชื่อมต่อไม่ได้ | เหตุเสียใช้ได้ ,ไฟ Power ไม่ติด,Internet เชื่อมต่อไม่ได้,ลูกค้าแจ้งขอยกเลิกบริการ,6
66,ไฟ Power ไม่ติด | Internet เชื่อมต่อไม่ได้ | เหตุเสียใช้ได้ ,ไฟ Power ไม่ติด,Internet เชื่อมต่อไม่ได้,ลูกค้าทำอุปกรณ์เสียหาย,6
66,ไฟ Power ไม่ติด | Internet เชื่อมต่อไม่ได้ | เหตุเสียใช้ได้ ,ไฟ Power ไม่ติด,Internet เชื่อมต่อไม่ได้,Voice ไม่ติด (ไฟ Phone ไม่ติด),6
66,ไฟ Power ไม่ติด | Internet เชื่อมต่อไม่ได้ | เหตุเสียใช้ได้ ,ไฟ Power ไม่ติด,Internet เชื่อมต่อไม่ได้,"สายขาด,หัก (Crack)",5
66,ไฟ Power ไม่ติด | Internet เชื่อมต่อไม่ได้ | เหตุเสียใช้ได้ ,ไฟ Power ไม่ติด,Internet เชื่อมต่อไม่ได้,BUG FIRMWARE,5
66,ไฟ Power ไม่ติด | Internet เชื่อมต่อไม่ได้ | เหตุเสียใช้ได้ ,ไฟ Power ไม่ติด,Internet เชื่อมต่อไม่ได้,ไม่มีสัญญาณ CATV หรือ ค่า RF ไม่ได้ตามค่ามาตรฐาน,4
66,ไฟ Power ไม่ติด | Internet เชื่อมต่อไม่ได้ | เหตุเสียใช้ได้ ,ไฟ Power ไม่ติด,Internet เชื่อมต่อไม่ได้,ไฟฟ้าดับ,4
66,ไฟ Power ไม่ติด | Internet เชื่อมต่อไม่ได้ | เหตุเสียใช้ได้ ,ไฟ Power ไม่ติด,Internet เชื่อมต่อไม่ได้,Remote ไม่ทำงาน,3
66,ไฟ Power ไม่ติด | Internet เชื่อมต่อไม่ได้ | เหตุเสียใช้ได้ ,ไฟ Power ไม่ติด,Internet เชื่อมต่อไม่ได้,ลูกค้าใช้งาน Wi Fi ห่างจาก Modem,3
66,ไฟ Power ไม่ติด | Internet เชื่อมต่อไม่ได้ | เหตุเสียใช้ได้ ,ไฟ Power ไม่ติด,Connectไม่ได้,ลูกค้าต้องการเปลี่ยน Modem,2
66,ไฟ Power ไม่ติด | Internet เชื่อมต่อไม่ได้ | เหตุเสียใช้ได้ ,ไฟ Power ไม่ติด,Internet เชื่อมต่อไม่ได้,CONFIG.PARAMETER ไม่ถูกต้อง,2
66,ไฟ Power ไม่ติด | Internet เชื่อมต่อไม่ได้ | เหตุเสียใช้ได้ ,ไฟ Power ไม่ติด,Internet เชื่อมต่อไม่ได้,เหตุเสียภายใน 90 วัน,2
66,ไฟ Power ไม่ติด | Internet เชื่อมต่อไม่ได้ | เหตุเสียใช้ได้ ,ไฟ Power ไม่ติด,Internet เชื่อมต่อไม่ได้,สายไม่เป็นระเบียบ,2
66,ไฟ Power ไม่ติด | Internet เชื่อมต่อไม่ได้ | เหตุเสียใช้ได้ ,ไฟ Power ไม่ติด,Internet เชื่อมต่อไม่ได้,Port HDMI/AV เสีย,1
66,ไฟ Power ไม่ติด | Internet เชื่อมต่อไม่ได้ | เหตุเสียใช้ได้ ,ไฟ Power ไม่ติด,Connectไม่ได้,Monitor เหตุเสียครบตามเงื่อนไข,1
66,ไฟ Power ไม่ติด | Internet เชื่อมต่อไม่ได้ | เหตุเสียใช้ได้ ,FTTR-ไฟ Power ไม่ติด,Internet เชื่อมต่อไม่ได้,ขัดข้อง/เสีย,1
66,ไฟ Power ไม่ติด | Internet เชื่อมต่อไม่ได้ | เหตุเสียใช้ได้ ,ไฟ Power ไม่ติด,Connectไม่ได้,ขัดข้อง/เสีย,1
66,ไฟ Power ไม่ติด | Internet เชื่อมต่อไม่ได้ | เหตุเสียใช้ได้ ,ไฟ Power ไม่ติด,Internet เชื่อมต่อไม่ได้,พบปัญหาใหม่,1
66,ไฟ Power ไม่ติด | Internet เชื่อมต่อไม่ได้ | เหตุเสียใช้ได้ ,ค่าสัญญาณไม่ดี,Internet เชื่อมต่อไม่ได้,Battery หมด/เสื่อม,1
66,ไฟ Power ไม่ติด | Internet เชื่อมต่อไม่ได้ | เหตุเสียใช้ได้ ,ไฟ Power ไม่ติด,Internet เชื่อมต่อไม่ได้,Module เสีย,1
66,ไฟ Power ไม่ติด | Internet เชื่อมต่อไม่ได้ | เหตุเสียใช้ได้ ,ไฟ Power ไม่ติด,Internet เชื่อมต่อไม่ได้,สัญญาณ Wifi ไม่ครอบคลุม,1
66,ไฟ Power ไม่ติด | Internet เชื่อมต่อไม่ได้ | เหตุเสียใช้ได้ ,ไฟ Power ไม่ติด,Internet เชื่อมต่อไม่ได้,กล่องไม่อ่านการ์ด,1
66,ไฟ Power ไม่ติด | Internet เชื่อมต่อไม่ได้ | เหตุเสียใช้ได้ ,ไฟ Power ไม่ติด,Internet เชื่อมต่อไม่ได้,แตกหัก,1
66,ไฟ Power ไม่ติด | Internet เชื่อมต่อไม่ได้ | เหตุเสียใช้ได้ ,ไฟ Power ไม่ติด,Internet เชื่อมต่อไม่ได้,กล่องรับสัญญาณขัดข้อง (CA9/CA11),1
66,ไฟ Power ไม่ติด | Internet เชื่อมต่อไม่ได้ | เหตุเสียใช้ได้ ,ไฟ Power ไม่ติด,Internet เชื่อมต่อไม่ได้,Costomer Knowledge,1
66,ไฟ Power ไม่ติด | Internet เชื่อมต่อไม่ได้ | เหตุเสียใช้ได้ ,ไฟ Power ไม่ติด,Internet เชื่อมต่อไม่ได้,เก็บค่าบริการ,1
66,ไฟ Power ไม่ติด | Internet เชื่อมต่อไม่ได้ | เหตุเสียใช้ได้ ,ไฟ Power ไม่ติด,Connectไม่ได้,การใช้งานของลูกค้า,1
66,ไฟ Power ไม่ติด | Internet เชื่อมต่อไม่ได้ | เหตุเสียใช้ได้ ,FTTR-ไฟ Power ไม่ติด,Internet เชื่อมต่อไม่ได้,ไฟไม่เข้า,1
66,ไฟ Power ไม่ติด | Internet เชื่อมต่อไม่ได้ | เหตุเสียใช้ได้ ,FTTR-ไฟ Power ไม่ติด,Internet เชื่อมต่อไม่ได้,ส่งงานไม่ถูกต้อง,1
67,ปัญหา Router | Internet หลุดบ่อย | Ticket มีการระบุให้เปลี่ย,ปัญหา Router,Internet หลุดบ่อย,ขัดข้อง/เสีย,427
67,ปัญหา Router | Internet หลุดบ่อย | Ticket มีการระบุให้เปลี่ย,ปัญหา Router,Internet ช้า,,337
67,ปัญหา Router | Internet หลุดบ่อย | Ticket มีการระบุให้เปลี่ย,ปัญหา Router,Internet หลุดบ่อย,,333
67,ปัญหา Router | Internet หลุดบ่อย | Ticket มีการระบุให้เปลี่ย,ปัญหา Router,Internet หลุดบ่อย,การใช้งานของลูกค้า,321
67,ปัญหา Router | Internet หลุดบ่อย | Ticket มีการระบุให้เปลี่ย,ปัญหา Router,Internet หลุดบ่อย,Reboot,232
67,ปัญหา Router | Internet หลุดบ่อย | Ticket มีการระบุให้เปลี่ย,ปัญหา Router,Internet ช้า,การใช้งานของลูกค้า,217
67,ปัญหา Router | Internet หลุดบ่อย | Ticket มีการระบุให้เปลี่ย,ปัญหา Router,Internet หลุดบ่อย,ลูกค้าต้องการเปลี่ยน Modem,199
67,ปัญหา Router | Internet หลุดบ่อย | Ticket มีการระบุให้เปลี่ย,ปัญหา Router,Internet หลุดบ่อย,ส่งงานไม่ถูกต้อง,199
67,ปัญหา Router | Internet หลุดบ่อย | Ticket มีการระบุให้เปลี่ย,ปัญหา Router,Internet หลุดบ่อย,เหตุเสียใช้ได้ ก่อนช่างถึงบ้าน,193
67,ปัญหา Router | Internet หลุดบ่อย | Ticket มีการระบุให้เปลี่ย,ปัญหา Router,Internet หลุดบ่อย,CONFIG CHANGE,191
67,ปัญหา Router | Internet หลุดบ่อย | Ticket มีการระบุให้เปลี่ย,ปัญหา Router,Internet หลุดบ่อย,Monitor เหตุเสียครบตามเงื่อนไข,163
67,ปัญหา Router | Internet หลุดบ่อย | Ticket มีการระบุให้เปลี่ย,ปัญหา Router,เปิด Web ไม่ได้,เหตุเสียใช้ได้ ก่อนช่างถึงบ้าน,150
67,ปัญหา Router | Internet หลุดบ่อย | Ticket มีการระบุให้เปลี่ย,ปัญหา Router,Internet ช้า,CONFIG CHANGE,149
67,ปัญหา Router | Internet หลุดบ่อย | Ticket มีการระบุให้เปลี่ย,ปัญหา Router,Internet หลุดบ่อย,ไฟไม่เข้า,130
67,ปัญหา Router | Internet หลุดบ่อย | Ticket มีการระบุให้เปลี่ย,ปัญหา Router,Internet ช้า,ลูกค้าต้องการเปลี่ยน Modem,119
67,ปัญหา Router | Internet หลุดบ่อย | Ticket มีการระบุให้เปลี่ย,ปัญหา Router,Internet หลุดบ่อย,Modemไม่ lock/ไม่ Synch/High Loss,119
67,ปัญหา Router | Internet หลุดบ่อย | Ticket มีการระบุให้เปลี่ย,ปัญหาอุปกรณ์ Router,ใช้กล้องวงจรปิดไม่ได้,,97
67,ปัญหา Router | Internet หลุดบ่อย | Ticket มีการระบุให้เปลี่ย,ปัญหา Router,Internet หลุดบ่อย,ลูกค้าเปลี่ยนใจ/ลูกค้าขอยกเลิกบริการเอง,78
67,ปัญหา Router | Internet หลุดบ่อย | Ticket มีการระบุให้เปลี่ย,ปัญหา Router,Internet หลุดบ่อย,ไม่ทราบสาเหตุ,75
67,ปัญหา Router | Internet หลุดบ่อย | Ticket มีการระบุให้เปลี่ย,ปัญหา Router,Internet หลุดบ่อย,สายหัก/สายงอ/สายถูกดึงรั้ง,69
67,ปัญหา Router | Internet หลุดบ่อย | Ticket มีการระบุให้เปลี่ย,ปัญหา Router,Internet ช้า,ส่งงานไม่ถูกต้อง,56
67,ปัญหา Router | Internet หลุดบ่อย | Ticket มีการระบุให้เปลี่ย,ปัญหา Router,Internet ช้า,ขัดข้อง/เสีย,55
67,ปัญหา Router | Internet หลุดบ่อย | Ticket มีการระบุให้เปลี่ย,ปัญหา Router,Internet ช้า,Monitor เหตุเสียครบตามเงื่อนไข,50
67,ปัญหา Router | Internet หลุดบ่อย | Ticket มีการระบุให้เปลี่ย,ปัญหา Router,Internet ช้า,เหตุเสียใช้ได้ ก่อนช่างถึงบ้าน,45
67,ปัญหา Router | Internet หลุดบ่อย | Ticket มีการระบุให้เปลี่ย,ปัญหา Router,Internet หลุดบ่อย,หัวสายสำเร็จSC-APC เสีย,37
67,ปัญหา Router | Internet หลุดบ่อย | Ticket มีการระบุให้เปลี่ย,ปัญหา Router,Internet หลุดบ่อย,อุปกรณ์คืนค่าโรงงาน,36
67,ปัญหา Router | Internet หลุดบ่อย | Ticket มีการระบุให้เปลี่ย,ปัญหา Router,Internet ช้า,ไม่ทราบสาเหตุ,27
67,ปัญหา Router | Internet หลุดบ่อย | Ticket มีการระบุให้เปลี่ย,ปัญหา Router,Internet ช้า,Reboot,26
67,ปัญหา Router | Internet หลุดบ่อย | Ticket มีการระบุให้เปลี่ย,ปัญหา Router,Internet หลุดบ่อย,ทดสอบและอธิบายลูกค้า,25
67,ปัญหา Router | Internet หลุดบ่อย | Ticket มีการระบุให้เปลี่ย,ปัญหา Router,Internet ช้า,ลูกค้าเปลี่ยนใจ/ลูกค้าขอยกเลิกบริการเอง,23
67,ปัญหา Router | Internet หลุดบ่อย | Ticket มีการระบุให้เปลี่ย,ปัญหา Router,Internet ช้า,Modem ไม่รองรับ Package ลูกค้า,22
67,ปัญหา Router | Internet หลุดบ่อย | Ticket มีการระบุให้เปลี่ย,ปัญหา Router,Internet ช้า,Modemไม่ lock/ไม่ Synch/High Loss,22
67,ปัญหา Router | Internet หลุดบ่อย | Ticket มีการระบุให้เปลี่ย,ปัญหา Router,Internet หลุดบ่อย,Area Manager เห็นชอบให้มีการเปลี่ยน CPE,20
67,ปัญหา Router | Internet หลุดบ่อย | Ticket มีการระบุให้เปลี่ย,ปัญหา Router,Internet หลุดบ่อย,Modem ไม่รองรับ Package ลูกค้า,20
67,ปัญหา Router | Internet หลุดบ่อย | Ticket มีการระบุให้เปลี่ย,ปัญหา Router,Internet หลุดบ่อย,หัวสายสำเร็จSC-APC หลวม /ไม่สนิท,17
67,ปัญหา Router | Internet หลุดบ่อย | Ticket มีการระบุให้เปลี่ย,ปัญหา Router,Internet หลุดบ่อย,ไม่พบปัญหาการใช้งานแล้ว,15
67,ปัญหา Router | Internet หลุดบ่อย | Ticket มีการระบุให้เปลี่ย,ปัญหา Router,Internet หลุดบ่อย,Switch on/off เสีย/ชำรุดแตกหัก,15
67,ปัญหา Router | Internet หลุดบ่อย | Ticket มีการระบุให้เปลี่ย,ปัญหาการใช้งานของลูกค้า,Internet ช้า,Modemไม่ lock/ไม่ Synch/High Loss,13
67,ปัญหา Router | Internet หลุดบ่อย | Ticket มีการระบุให้เปลี่ย,ปัญหา Router,Internet ช้า,ไฟไม่เข้า,13
67,ปัญหา Router | Internet หลุดบ่อย | Ticket มีการระบุให้เปลี่ย,ปัญหา Router,เปิด Web ไม่ได้,Switch on/off เสีย/ชำรุดแตกหัก,12
67,ปัญหา Router | Internet หลุดบ่อย | Ticket มีการระบุให้เปลี่ย,ปัญหา Router,เปิด Web ไม่ได้,Wi-fi 2.4G ไม่รองรับ Speed,11
67,ปัญหา Router | Internet หลุดบ่อย | Ticket มีการระบุให้เปลี่ย,ปัญหา Router,Internet ช้า,ทดสอบและอธิบายลูกค้า,11
67,ปัญหา Router | Internet หลุดบ่อย | Ticket มีการระบุให้เปลี่ย,ปัญหา Router,Internet หลุดบ่อย,Ticket มีการระบุให้เปลี่ยนอุปกรณ์,10
67,ปัญหา Router | Internet หลุดบ่อย | Ticket มีการระบุให้เปลี่ย,ปัญหา Router,Internet หลุดบ่อย,มีค่า Loss สูง,10
67,ปัญหา Router | Internet หลุดบ่อย | Ticket มีการระบุให้เปลี่ย,ปัญหา Router,Internet หลุดบ่อย,ไม่ตรงรุ่น,10
67,ปัญหา Router | Internet หลุดบ่อย | Ticket มีการระบุให้เปลี่ย,ปัญหา Router,Internet หลุดบ่อย,รถเกี่ยว,8
67,ปัญหา Router | Internet หลุดบ่อย | Ticket มีการระบุให้เปลี่ย,ปัญหา Router,Internet หลุดบ่อย,สายเสื่อมสภาพ,7
67,ปัญหา Router | Internet หลุดบ่อย | Ticket มีการระบุให้เปลี่ย,ปัญหา Router,Internet หลุดบ่อย,มีเสียงผิดปกติในตัวโมเด็ม,7
67,ปัญหา Router | Internet หลุดบ่อย | Ticket มีการระบุให้เปลี่ย,ปัญหา Router,Internet หลุดบ่อย,การไฟฟ้าย้ายแนว/จัดระเบียบสาย,7
67,ปัญหา Router | Internet หลุดบ่อย | Ticket มีการระบุให้เปลี่ย,ปัญหา Router,Internet หลุดบ่อย,สัตว์ (เช่น ลิง กระรอก ช้าง ),6
67,ปัญหา Router | Internet หลุดบ่อย | Ticket มีการระบุให้เปลี่ย,ปัญหา Router,Internet หลุดบ่อย,เทศบาลตัดแต่งต้นไม้,6
67,ปัญหา Router | Internet หลุดบ่อย | Ticket มีการระบุให้เปลี่ย,ปัญหา Router,Internet หลุดบ่อย,LAN เสีย,6
67,ปัญหา Router | Internet หลุดบ่อย | Ticket มีการระบุให้เปลี่ย,ปัญหา Router,Internet ช้า,Ticket มีการระบุให้เปลี่ยนอุปกรณ์,6
67,ปัญหา Router | Internet หลุดบ่อย | Ticket มีการระบุให้เปลี่ย,ปัญหา Router,Internet หลุดบ่อย,Modem แตกหัก/สีผิดสภาพเดิม,5
67,ปัญหา Router | Internet หลุดบ่อย | Ticket มีการระบุให้เปลี่ย,ปัญหา Router,Internet หลุดบ่อย,อุปกรณ์ Hang,5
67,ปัญหา Router | Internet หลุดบ่อย | Ticket มีการระบุให้เปลี่ย,ปัญหา Router,Internet หลุดบ่อย,เปลี่ยน process การทำงาน,5
67,ปัญหา Router | Internet หลุดบ่อย | Ticket มีการระบุให้เปลี่ย,ปัญหา Router,Internet ช้า,อุปกรณ์คืนค่าโรงงาน,5
67,ปัญหา Router | Internet หลุดบ่อย | Ticket มีการระบุให้เปลี่ย,ปัญหาอุปกรณ์ Router,เปิด Website ไม่ได้บาง Web,เหตุเสียใช้ได้ ก่อนช่างถึงบ้าน,4
67,ปัญหา Router | Internet หลุดบ่อย | Ticket มีการระบุให้เปลี่ย,ปัญหา Router,Internet หลุดบ่อย,Port เสีย,4
67,ปัญหา Router | Internet หลุดบ่อย | Ticket มีการระบุให้เปลี่ย,ปัญหา Router,Internet ช้า,มีเสียงผิดปกติในตัวโมเด็ม,4
67,ปัญหา Router | Internet หลุดบ่อย | Ticket มีการระบุให้เปลี่ย,ปัญหาอุปกรณ์ Router,ใช้กล้องวงจรปิดไม่ได้,ลูกค้าต้องการเปลี่ยน Modem,4
67,ปัญหา Router | Internet หลุดบ่อย | Ticket มีการระบุให้เปลี่ย,ปัญหา Router,Internet หลุดบ่อย,พบปัญหาใหม่,4
67,ปัญหา Router | Internet หลุดบ่อย | Ticket มีการระบุให้เปลี่ย,ปัญหา Router,Internet ช้า,หัวสายสำเร็จSC-APC หลวม /ไม่สนิท,4
67,ปัญหา Router | Internet หลุดบ่อย | Ticket มีการระบุให้เปลี่ย,ปัญหา Router,Internet ช้า,ไม่พบปัญหาการใช้งานแล้ว,4
67,ปัญหา Router | Internet หลุดบ่อย | Ticket มีการระบุให้เปลี่ย,ปัญหา Router,Internet หลุดบ่อย,เสาอากาศชำรุด,3
67,ปัญหา Router | Internet หลุดบ่อย | Ticket มีการระบุให้เปลี่ย,ปัญหาอุปกรณ์ Router,ใช้กล้องวงจรปิดไม่ได้,CONFIG CHANGE,3
67,ปัญหา Router | Internet หลุดบ่อย | Ticket มีการระบุให้เปลี่ย,ปัญหา Router,Internet ช้า,Modem แตกหัก/สีผิดสภาพเดิม,3
67,ปัญหา Router | Internet หลุดบ่อย | Ticket มีการระบุให้เปลี่ย,ปัญหา Router,Internet ช้า,สายเสื่อมสภาพ,3
67,ปัญหา Router | Internet หลุดบ่อย | Ticket มีการระบุให้เปลี่ย,ปัญหา Router,Internet หลุดบ่อย,ไม่มีสัญญาณ CATV หรือ ค่า RF ไม่ได้ตามค่ามาตรฐาน,3
67,ปัญหา Router | Internet หลุดบ่อย | Ticket มีการระบุให้เปลี่ย,ปัญหา Router,Internet ช้า,BUG FIRMWARE,3
67,ปัญหา Router | Internet หลุดบ่อย | Ticket มีการระบุให้เปลี่ย,ปัญหา Router,Internet ช้า,สายหัก/สายงอ/สายถูกดึงรั้ง,3
67,ปัญหา Router | Internet หลุดบ่อย | Ticket มีการระบุให้เปลี่ย,ปัญหา Router,Internet หลุดบ่อย,หลอดไฟ LED Status เสีย,3
67,ปัญหา Router | Internet หลุดบ่อย | Ticket มีการระบุให้เปลี่ย,ปัญหา Router,Internet ช้า,ข้อต่อหลวม ไม่ดี/ไม่สนิท,3
67,ปัญหา Router | Internet หลุดบ่อย | Ticket มีการระบุให้เปลี่ย,ปัญหา Router,Internet ช้า,LAN เสีย,2
67,ปัญหา Router | Internet หลุดบ่อย | Ticket มีการระบุให้เปลี่ย,ปัญหา Router,Internet หลุดบ่อย,ข้อต่อหลวม ไม่ดี/ไม่สนิท,2
67,ปัญหา Router | Internet หลุดบ่อย | Ticket มีการระบุให้เปลี่ย,ปัญหา Router,Internet หลุดบ่อย,สายไม่เป็นระเบียบ,2
67,ปัญหา Router | Internet หลุดบ่อย | Ticket มีการระบุให้เปลี่ย,ปัญหา Router,Internet ช้า,หัวสายสำเร็จSC-APC เสีย,2
67,ปัญหา Router | Internet หลุดบ่อย | Ticket มีการระบุให้เปลี่ย,ปัญหา Router,Internet หลุดบ่อย,แมลง(เช่น จักจั่น มด ปลวก),2
67,ปัญหา Router | Internet หลุดบ่อย | Ticket มีการระบุให้เปลี่ย,ปัญหา Router,Internet หลุดบ่อย,หัวสายสำเร็จSC-APC สกปรก,2
67,ปัญหา Router | Internet หลุดบ่อย | Ticket มีการระบุให้เปลี่ย,ปัญหา Router,Internet หลุดบ่อย,พายุ,2
67,ปัญหา Router | Internet หลุดบ่อย | Ticket มีการระบุให้เปลี่ย,ปัญหา Router,Internet หลุดบ่อย,"สายขาด,หัก (Crack)",2
67,ปัญหา Router | Internet หลุดบ่อย | Ticket มีการระบุให้เปลี่ย,ปัญหา Router,Internet ช้า,Area Manager เห็นชอบให้มีการเปลี่ยน CPE,2
67,ปัญหา Router | Internet หลุดบ่อย | Ticket มีการระบุให้เปลี่ย,ปัญหา Router,Internet ช้า,มีค่า Loss สูง,2
67,ปัญหา Router | Internet หลุดบ่อย | Ticket มีการระบุให้เปลี่ย,ปัญหา Router,Internet หลุดบ่อย,BUG FIRMWARE,2
67,ปัญหา Router | Internet หลุดบ่อย | Ticket มีการระบุให้เปลี่ย,ปัญหา Router,Internet ช้า,หัวสายสำเร็จSC-APC สกปรก,2
67,ปัญหา Router | Internet หลุดบ่อย | Ticket มีการระบุให้เปลี่ย,ปัญหา Router,Internet หลุดบ่อย,ระยะสาย Drop Wire ไกล,2
67,ปัญหา Router | Internet หลุดบ่อย | Ticket มีการระบุให้เปลี่ย,ปัญหา Router,Internet ช้า,แมลง/สัตว์,2
67,ปัญหา Router | Internet หลุดบ่อย | Ticket มีการระบุให้เปลี่ย,ปัญหา Router,Internet หลุดบ่อย,Dongle เสีย,1
67,ปัญหา Router | Internet หลุดบ่อย | Ticket มีการระบุให้เปลี่ย,ปัญหาอุปกรณ์ Router,ใช้กล้องวงจรปิดไม่ได้,ขัดข้อง/เสีย,1
67,ปัญหา Router | Internet หลุดบ่อย | Ticket มีการระบุให้เปลี่ย,ปัญหา Router,Internet ช้า,เปลี่ยน process การทำงาน,1
67,ปัญหา Router | Internet หลุดบ่อย | Ticket มีการระบุให้เปลี่ย,ปัญหา Router,Internet หลุดบ่อย,บุคคลเจตนาร้าย-ตัดทำลายข่ายสาย,1
67,ปัญหา Router | Internet หลุดบ่อย | Ticket มีการระบุให้เปลี่ย,ปัญหา Router,Internet ช้า,ระยะสาย Drop Wire ไกล,1
67,ปัญหา Router | Internet หลุดบ่อย | Ticket มีการระบุให้เปลี่ย,ปัญหา Router,Internet ช้า,CONFIG.PARAMETER ไม่ถูกต้อง,1
67,ปัญหา Router | Internet หลุดบ่อย | Ticket มีการระบุให้เปลี่ย,ปัญหา Router,Internet ช้า,Voice ไม่ติด (ไฟ Phone ไม่ติด),1
67,ปัญหา Router | Internet หลุดบ่อย | Ticket มีการระบุให้เปลี่ย,ปัญหา Router,Internet ช้า,กล่องไม่อ่านการ์ด,1
67,ปัญหา Router | Internet หลุดบ่อย | Ticket มีการระบุให้เปลี่ย,ปัญหา Router,Internet ช้า,อื่น ๆ,1
67,ปัญหา Router | Internet หลุดบ่อย | Ticket มีการระบุให้เปลี่ย,ปัญหา Router,Internet ช้า,เสาอากาศชำรุด,1
67,ปัญหา Router | Internet หลุดบ่อย | Ticket มีการระบุให้เปลี่ย,ปัญหาอุปกรณ์ Router,ใช้กล้องวงจรปิดไม่ได้,ไม่ทราบสาเหตุ,1
67,ปัญหา Router | Internet หลุดบ่อย | Ticket มีการระบุให้เปลี่ย,ปัญหาการใช้งานของลูกค้า,ใช้งาน VPN ไม่ได้,Modemไม่ lock/ไม่ Synch/High Loss,1
67,ปัญหา Router | Internet หลุดบ่อย | Ticket มีการระบุให้เปลี่ย,ปัญหา Router,Internet หลุดบ่อย,Fault After Event,1
67,ปัญหา Router | Internet หลุดบ่อย | Ticket มีการระบุให้เปลี่ย,ปัญหา Router,Internet หลุดบ่อย,ลูกค้าแจ้งขอยกเลิกบริการ,1
67,ปัญหา Router | Internet หลุดบ่อย | Ticket มีการระบุให้เปลี่ย,ปัญหา Router,Internet หลุดบ่อย,CONFIG.PARAMETER ไม่ถูกต้อง,1
67,ปัญหา Router | Internet หลุดบ่อย | Ticket มีการระบุให้เปลี่ย,ปัญหา Router,Internet ช้า,สูญหาย,1
67,ปัญหา Router | Internet หลุดบ่อย | Ticket มีการระบุให้เปลี่ย,ปัญหา Router,Internet ช้า,Costomer Knowledge,1
67,ปัญหา Router | Internet หลุดบ่อย | Ticket มีการระบุให้เปลี่ย,ปัญหาอุปกรณ์ Router,ใช้กล้องวงจรปิดไม่ได้,Reboot,1
67,ปัญหา Router | Internet หลุดบ่อย | Ticket มีการระบุให้เปลี่ย,ปัญหา Router,Internet หลุดบ่อย,ไฟไหม้,1
67,ปัญหา Router | Internet หลุดบ่อย | Ticket มีการระบุให้เปลี่ย,ปัญหา Router,Internet หลุดบ่อย,ค่าสัญญาณดี ภาพค้าง/ ขาดหาย,1
67,ปัญหา Router | Internet หลุดบ่อย | Ticket มีการระบุให้เปลี่ย,ปัญหา Router,Internet ช้า,Mesh pair ไม่สำเร็จ,1
67,ปัญหา Router | Internet หลุดบ่อย | Ticket มีการระบุให้เปลี่ย,ปัญหา Router,Internet หลุดบ่อย,Voice ไม่ติด (ไฟ Phone ไม่ติด),1
67,ปัญหา Router | Internet หลุดบ่อย | Ticket มีการระบุให้เปลี่ย,ปัญหา Router,Internet หลุดบ่อย,กล่องรับสัญญาณขัดข้อง (CA9/CA11),1
67,ปัญหา Router | Internet หลุดบ่อย | Ticket มีการระบุให้เปลี่ย,ปัญหา Router,เปิด Web ไม่ได้,เหตุเสียภายใน 90 วัน,1
67,ปัญหา Router | Internet หลุดบ่อย | Ticket มีการระบุให้เปลี่ย,ปัญหา Router,Internet ช้า,Switch on/off เสีย/ชำรุดแตกหัก,1
67,ปัญหา Router | Internet หลุดบ่อย | Ticket มีการระบุให้เปลี่ย,ปัญหา Router,Internet ช้า,สัตว์ (เช่น ลิง กระรอก ช้าง ),1
68,ปัญหา Router | เปิด Web ไม่ได้ | ลูกค้าต้องการเปลี่ยน Modem,ปัญหา Router,เปิด Web ไม่ได้,,3411
68,ปัญหา Router | เปิด Web ไม่ได้ | ลูกค้าต้องการเปลี่ยน Modem,ปัญหา Router,เปิด Web ไม่ได้,การใช้งานของลูกค้า,1093
68,ปัญหา Router | เปิด Web ไม่ได้ | ลูกค้าต้องการเปลี่ยน Modem,ปัญหา Router,เปิด Web ไม่ได้,ส่งงานไม่ถูกต้อง,1040
68,ปัญหา Router | เปิด Web ไม่ได้ | ลูกค้าต้องการเปลี่ยน Modem,ปัญหา Router,เปิด Web ไม่ได้,CONFIG CHANGE,977
68,ปัญหา Router | เปิด Web ไม่ได้ | ลูกค้าต้องการเปลี่ยน Modem,ปัญหา Router,เปิด Web ไม่ได้,Monitor เหตุเสียครบตามเงื่อนไข,575
68,ปัญหา Router | เปิด Web ไม่ได้ | ลูกค้าต้องการเปลี่ยน Modem,อุปกรณ์ลูกค้า (device),เปิด Web ไม่ได้,,469
68,ปัญหา Router | เปิด Web ไม่ได้ | ลูกค้าต้องการเปลี่ยน Modem,ปัญหา Router,เปิด Web ไม่ได้,ไม่พบปัญหาการใช้งานแล้ว,409
68,ปัญหา Router | เปิด Web ไม่ได้ | ลูกค้าต้องการเปลี่ยน Modem,ปัญหา Router,เปิด Web ไม่ได้,ไม่ทราบสาเหตุ,258
68,ปัญหา Router | เปิด Web ไม่ได้ | ลูกค้าต้องการเปลี่ยน Modem,ปัญหา Router,เปิด Web ไม่ได้,ลูกค้าต้องการเปลี่ยน Modem,210
68,ปัญหา Router | เปิด Web ไม่ได้ | ลูกค้าต้องการเปลี่ยน Modem,ปัญหา Router,เปิด Web ไม่ได้,ขัดข้อง/เสีย,182
68,ปัญหา Router | เปิด Web ไม่ได้ | ลูกค้าต้องการเปลี่ยน Modem,ปัญหา Router,เปิด Web ไม่ได้,ลูกค้าเปลี่ยนใจ/ลูกค้าขอยกเลิกบริการเอง,161
68,ปัญหา Router | เปิด Web ไม่ได้ | ลูกค้าต้องการเปลี่ยน Modem,ปัญหา Router,เปิด Web ไม่ได้,Reboot,143
68,ปัญหา Router | เปิด Web ไม่ได้ | ลูกค้าต้องการเปลี่ยน Modem,ปัญหา Router,เปิด Web ไม่ได้,อุปกรณ์คืนค่าโรงงาน,111
68,ปัญหา Router | เปิด Web ไม่ได้ | ลูกค้าต้องการเปลี่ยน Modem,ปัญหา Router,เปิด Web ไม่ได้,ไฟไม่เข้า,96
68,ปัญหา Router | เปิด Web ไม่ได้ | ลูกค้าต้องการเปลี่ยน Modem,ปัญหาอุปกรณ์ Router,เปิด Website ไม่ได้บาง Web,,84
68,ปัญหา Router | เปิด Web ไม่ได้ | ลูกค้าต้องการเปลี่ยน Modem,ปัญหา Router,เปิด Web ไม่ได้,Modemไม่ lock/ไม่ Synch/High Loss,76
68,ปัญหา Router | เปิด Web ไม่ได้ | ลูกค้าต้องการเปลี่ยน Modem,ปัญหาระบบ,ใช้งาน VPN ไม่ได้,,72
68,ปัญหา Router | เปิด Web ไม่ได้ | ลูกค้าต้องการเปลี่ยน Modem,ปัญหา Router,เปิด Web ไม่ได้,ทดสอบและอธิบายลูกค้า,39
68,ปัญหา Router | เปิด Web ไม่ได้ | ลูกค้าต้องการเปลี่ยน Modem,ปัญหา Router,เปิด Web ไม่ได้,Modem ไม่รองรับ Package ลูกค้า,31
68,ปัญหา Router | เปิด Web ไม่ได้ | ลูกค้าต้องการเปลี่ยน Modem,ปัญหา Router,เปิด Web ไม่ได้,สายหัก/สายงอ/สายถูกดึงรั้ง,26
68,ปัญหา Router | เปิด Web ไม่ได้ | ลูกค้าต้องการเปลี่ยน Modem,ปัญหา Router,เปิด Web ไม่ได้,LAN เสีย,13
68,ปัญหา Router | เปิด Web ไม่ได้ | ลูกค้าต้องการเปลี่ยน Modem,ปัญหา Router,เปิด Web ไม่ได้,หัวสายสำเร็จSC-APC หลวม /ไม่สนิท,12
68,ปัญหา Router | เปิด Web ไม่ได้ | ลูกค้าต้องการเปลี่ยน Modem,ปัญหา Router,เปิด Web ไม่ได้,มีเสียงผิดปกติในตัวโมเด็ม,11
68,ปัญหา Router | เปิด Web ไม่ได้ | ลูกค้าต้องการเปลี่ยน Modem,ปัญหา Router,เปิด Web ไม่ได้,Ticket มีการระบุให้เปลี่ยนอุปกรณ์,10
68,ปัญหา Router | เปิด Web ไม่ได้ | ลูกค้าต้องการเปลี่ยน Modem,ปัญหาระบบ,เปิด Website ไม่ได้บาง Web,ลูกค้าต้องการเปลี่ยน Modem,9
68,ปัญหา Router | เปิด Web ไม่ได้ | ลูกค้าต้องการเปลี่ยน Modem,เปิดหน้า Login Page ไม่ได้,แจ้งเสีย-WiFi,,8
68,ปัญหา Router | เปิด Web ไม่ได้ | ลูกค้าต้องการเปลี่ยน Modem,ปัญหา Router,เปิด Web ไม่ได้,หัวสายสำเร็จSC-APC เสีย,7
68,ปัญหา Router | เปิด Web ไม่ได้ | ลูกค้าต้องการเปลี่ยน Modem,ปัญหาอุปกรณ์ Router,เปิด Website ไม่ได้บาง Web,การใช้งานของลูกค้า,7
68,ปัญหา Router | เปิด Web ไม่ได้ | ลูกค้าต้องการเปลี่ยน Modem,ปัญหาระบบ,ใช้งาน VPN ไม่ได้,ลูกค้าต้องการเปลี่ยน Modem,7
68,ปัญหา Router | เปิด Web ไม่ได้ | ลูกค้าต้องการเปลี่ยน Modem,ปัญหา Router,เปิด Web ไม่ได้,เปลี่ยน process การทำงาน,7
68,ปัญหา Router | เปิด Web ไม่ได้ | ลูกค้าต้องการเปลี่ยน Modem,ปัญหาระบบ,เปิด Website ไม่ได้บาง Web,ไฟไม่เข้า,7
68,ปัญหา Router | เปิด Web ไม่ได้ | ลูกค้าต้องการเปลี่ยน Modem,ปัญหา Router,เปิด Web ไม่ได้,พบปัญหาใหม่,6
68,ปัญหา Router | เปิด Web ไม่ได้ | ลูกค้าต้องการเปลี่ยน Modem,ปัญหา Router,เปิด Web ไม่ได้,Area Manager เห็นชอบให้มีการเปลี่ยน CPE,5
68,ปัญหา Router | เปิด Web ไม่ได้ | ลูกค้าต้องการเปลี่ยน Modem,ปัญหา Router,เปิด Web ไม่ได้,Costomer Knowledge,4
68,ปัญหา Router | เปิด Web ไม่ได้ | ลูกค้าต้องการเปลี่ยน Modem,ปัญหาระบบ,เปิด Website ไม่ได้บาง Web,ขัดข้อง/เสีย,4
68,ปัญหา Router | เปิด Web ไม่ได้ | ลูกค้าต้องการเปลี่ยน Modem,ปัญหา Router,เปิด Web ไม่ได้,ไม่ตรงรุ่น,4
68,ปัญหา Router | เปิด Web ไม่ได้ | ลูกค้าต้องการเปลี่ยน Modem,ปัญหา Router,เปิด Web ไม่ได้,Mesh pair ไม่สำเร็จ,4
68,ปัญหา Router | เปิด Web ไม่ได้ | ลูกค้าต้องการเปลี่ยน Modem,ปัญหา Router,เปิด Web ไม่ได้,ลูกค้าไม่อยู่บ้าน,3
68,ปัญหา Router | เปิด Web ไม่ได้ | ลูกค้าต้องการเปลี่ยน Modem,ปัญหาอุปกรณ์ Router,เปิด Website ไม่ได้บาง Web,ขัดข้อง/เสีย,3
68,ปัญหา Router | เปิด Web ไม่ได้ | ลูกค้าต้องการเปลี่ยน Modem,ปัญหา Router,เปิด Web ไม่ได้,CONFIG.PARAMETER ไม่ถูกต้อง,3
68,ปัญหา Router | เปิด Web ไม่ได้ | ลูกค้าต้องการเปลี่ยน Modem,ปัญหาระบบ,ใช้งาน VPN ไม่ได้,ส่งงานไม่ถูกต้อง,3
68,ปัญหา Router | เปิด Web ไม่ได้ | ลูกค้าต้องการเปลี่ยน Modem,ปัญหาอุปกรณ์ Router,ใช้งาน Netflix ไม่ได้,,3
68,ปัญหา Router | เปิด Web ไม่ได้ | ลูกค้าต้องการเปลี่ยน Modem,ปัญหา Router,เปิด Web ไม่ได้,ข้อต่อหลวม ไม่ดี/ไม่สนิท,3
68,ปัญหา Router | เปิด Web ไม่ได้ | ลูกค้าต้องการเปลี่ยน Modem,อุปกรณ์ลูกค้า (device),เปิด Web ไม่ได้,Reboot,3
68,ปัญหา Router | เปิด Web ไม่ได้ | ลูกค้าต้องการเปลี่ยน Modem,ปัญหา Router,เปิด Web ไม่ได้,Modem แตกหัก/สีผิดสภาพเดิม,3
68,ปัญหา Router | เปิด Web ไม่ได้ | ลูกค้าต้องการเปลี่ยน Modem,ปัญหาอุปกรณ์ Router,เปิด Website ไม่ได้บาง Web,ลูกค้าเปลี่ยนใจ/ลูกค้าขอยกเลิกบริการเอง,2
68,ปัญหา Router | เปิด Web ไม่ได้ | ลูกค้าต้องการเปลี่ยน Modem,ปัญหา Router,เปิด Web ไม่ได้,Voice ไม่ติด (ไฟ Phone ไม่ติด),2
68,ปัญหา Router | เปิด Web ไม่ได้ | ลูกค้าต้องการเปลี่ยน Modem,ปัญหาอุปกรณ์ Router,เปิด Website ไม่ได้บาง Web,ไม่ทราบสาเหตุ,2
68,ปัญหา Router | เปิด Web ไม่ได้ | ลูกค้าต้องการเปลี่ยน Modem,ปัญหา Router,เปิด Web ไม่ได้,หลอดไฟ LED Status เสีย,2
68,ปัญหา Router | เปิด Web ไม่ได้ | ลูกค้าต้องการเปลี่ยน Modem,ค่าสัญญาณไม่ดี,เปิด Web ไม่ได้,CONFIG.PARAMETER ไม่ถูกต้อง,2
68,ปัญหา Router | เปิด Web ไม่ได้ | ลูกค้าต้องการเปลี่ยน Modem,ปัญหาระบบ,ใช้งาน VPN ไม่ได้,Ticket มีการระบุให้เปลี่ยนอุปกรณ์,2
68,ปัญหา Router | เปิด Web ไม่ได้ | ลูกค้าต้องการเปลี่ยน Modem,Disable/Enable NAT IP,บริการหลังการขาย,ส่งงานไม่ถูกต้อง,2
68,ปัญหา Router | เปิด Web ไม่ได้ | ลูกค้าต้องการเปลี่ยน Modem,ปัญหาอุปกรณ์ Router,เปิด Website ไม่ได้บาง Web,เปลี่ยน process การทำงาน,2
68,ปัญหา Router | เปิด Web ไม่ได้ | ลูกค้าต้องการเปลี่ยน Modem,ปัญหาการใช้งานของลูกค้า,เปิด Web ไม่ได้,Modem ไม่รองรับ Package ลูกค้า,2
68,ปัญหา Router | เปิด Web ไม่ได้ | ลูกค้าต้องการเปลี่ยน Modem,ปัญหา Router,เปิด Web ไม่ได้,ลูกค้าต้องการเปลี่ยน Mesh Wifi,2
68,ปัญหา Router | เปิด Web ไม่ได้ | ลูกค้าต้องการเปลี่ยน Modem,ปัญหาระบบ,เปิด Website ไม่ได้บาง Web,Modemไม่ lock/ไม่ Synch/High Loss,2
68,ปัญหา Router | เปิด Web ไม่ได้ | ลูกค้าต้องการเปลี่ยน Modem,ปัญหาระบบ,เปิด Website ไม่ได้บาง Web,Reboot,2
68,ปัญหา Router | เปิด Web ไม่ได้ | ลูกค้าต้องการเปลี่ยน Modem,ปัญหา Router,เปิด Web ไม่ได้,เสาอากาศชำรุด,2
68,ปัญหา Router | เปิด Web ไม่ได้ | ลูกค้าต้องการเปลี่ยน Modem,ปัญหาระบบ,เปิด Website ไม่ได้บาง Web,Remote ไม่ทำงาน,1
68,ปัญหา Router | เปิด Web ไม่ได้ | ลูกค้าต้องการเปลี่ยน Modem,อุปกรณ์ลูกค้า (device),เปิด Website ไม่ได้บาง Web,Reboot,1
68,ปัญหา Router | เปิด Web ไม่ได้ | ลูกค้าต้องการเปลี่ยน Modem,ปัญหา Router,เปิด Web ไม่ได้,ลูกค้าแจ้งขอยกเลิกบริการ,1
68,ปัญหา Router | เปิด Web ไม่ได้ | ลูกค้าต้องการเปลี่ยน Modem,FTTR-ปัญหา Router,เปิด Web ไม่ได้,ส่งงานไม่ถูกต้อง,1
68,ปัญหา Router | เปิด Web ไม่ได้ | ลูกค้าต้องการเปลี่ยน Modem,TrueDDNS – Login ไม่ได้,Connectได้แต่มีปัญหา,,1
68,ปัญหา Router | เปิด Web ไม่ได้ | ลูกค้าต้องการเปลี่ยน Modem,ปัญหาอุปกรณ์ Router,ใช้งาน Netflix ไม่ได้,อุปกรณ์ Hang,1
68,ปัญหา Router | เปิด Web ไม่ได้ | ลูกค้าต้องการเปลี่ยน Modem,ปัญหาอุปกรณ์ Router,เปิด Website ไม่ได้บาง Web,Wi-fi 2.4G ไม่รองรับ Speed,1
68,ปัญหา Router | เปิด Web ไม่ได้ | ลูกค้าต้องการเปลี่ยน Modem,ปัญหา Router,เปิด Web ไม่ได้,มีค่า Loss สูง,1
68,ปัญหา Router | เปิด Web ไม่ได้ | ลูกค้าต้องการเปลี่ยน Modem,ปัญหาการใช้งานของลูกค้า,ใช้งาน VPN ไม่ได้,Modem ไม่รองรับ Package ลูกค้า,1
68,ปัญหา Router | เปิด Web ไม่ได้ | ลูกค้าต้องการเปลี่ยน Modem,ปัญหา Router,เปิด Web ไม่ได้,ไม่มีสัญญาณ CATV หรือ ค่า RF ไม่ได้ตามค่ามาตรฐาน,1
68,ปัญหา Router | เปิด Web ไม่ได้ | ลูกค้าต้องการเปลี่ยน Modem,ปัญหา Router,เปิด Web ไม่ได้,ผรม ติดตั้งกล่องไม่สมบูรณ์,1
68,ปัญหา Router | เปิด Web ไม่ได้ | ลูกค้าต้องการเปลี่ยน Modem,ปัญหา Router,เปิด Web ไม่ได้,สายขาด,1
68,ปัญหา Router | เปิด Web ไม่ได้ | ลูกค้าต้องการเปลี่ยน Modem,ปัญหาอุปกรณ์ Router,ใช้กล้องวงจรปิดไม่ได้,CONFIG.PARAMETER ไม่ถูกต้อง,1
68,ปัญหา Router | เปิด Web ไม่ได้ | ลูกค้าต้องการเปลี่ยน Modem,ปัญหา Router,เปิด Web ไม่ได้,เสื่อมสภาพการใช้งาน,1
68,ปัญหา Router | เปิด Web ไม่ได้ | ลูกค้าต้องการเปลี่ยน Modem,ปัญหาระบบ,เปิด Website ไม่ได้บาง Web,Modem ไม่รองรับ Package ลูกค้า,1
68,ปัญหา Router | เปิด Web ไม่ได้ | ลูกค้าต้องการเปลี่ยน Modem,ปัญหา Router,เปิด Web ไม่ได้,ลูกค้าใช้งาน Wi Fi ห่างจาก Mesh,1
68,ปัญหา Router | เปิด Web ไม่ได้ | ลูกค้าต้องการเปลี่ยน Modem,ปัญหาระบบ,ใช้งาน VPN ไม่ได้,CONFIG CHANGE,1
68,ปัญหา Router | เปิด Web ไม่ได้ | ลูกค้าต้องการเปลี่ยน Modem,เปิดWebไม่ได้-ปัญหา Router,FTTR-Connectได้ แต่มีปัญหา,เหตุเสียใช้ได้ ก่อนช่างถึงบ้าน,1
68,ปัญหา Router | เปิด Web ไม่ได้ | ลูกค้าต้องการเปลี่ยน Modem,ปัญหาอุปกรณ์ Router,เปิด Website ไม่ได้บาง Web,CONFIG CHANGE,1
68,ปัญหา Router | เปิด Web ไม่ได้ | ลูกค้าต้องการเปลี่ยน Modem,ปัญหาอุปกรณ์ Router,เปิด Website ไม่ได้บาง Web,Modemไม่ lock/ไม่ Synch/High Loss,1
68,ปัญหา Router | เปิด Web ไม่ได้ | ลูกค้าต้องการเปลี่ยน Modem,ปัญหาระบบ,เปิด Website ไม่ได้บาง Web,ส่งงานไม่ถูกต้อง,1
68,ปัญหา Router | เปิด Web ไม่ได้ | ลูกค้าต้องการเปลี่ยน Modem,เปิดgoogle ไม่ได้ ขึ้นError 403,เปิด Website ไม่ได้บาง Web,,1
68,ปัญหา Router | เปิด Web ไม่ได้ | ลูกค้าต้องการเปลี่ยน Modem,FTTR-ปัญหาระบบ,เปิด Website ไม่ได้บาง Web,ส่งงานไม่ถูกต้อง,1
68,ปัญหา Router | เปิด Web ไม่ได้ | ลูกค้าต้องการเปลี่ยน Modem,ปัญหา Router,เปิด Web ไม่ได้,Port เสีย,1
68,ปัญหา Router | เปิด Web ไม่ได้ | ลูกค้าต้องการเปลี่ยน Modem,ปัญหา Router,เปิด Web ไม่ได้,Remote ไม่ทำงาน,1
68,ปัญหา Router | เปิด Web ไม่ได้ | ลูกค้าต้องการเปลี่ยน Modem,ปัญหา Router,เปิด Web ไม่ได้,ค่าสัญญาณดี ภาพค้าง/ ขาดหาย,1
68,ปัญหา Router | เปิด Web ไม่ได้ | ลูกค้าต้องการเปลี่ยน Modem,FTTR-ปัญหา Router,เปิด Web ไม่ได้,,1
68,ปัญหา Router | เปิด Web ไม่ได้ | ลูกค้าต้องการเปลี่ยน Modem,ปัญหา Router,เปิด Web ไม่ได้,BUG FIRMWARE,1
69,ค่าสัญญาณไม่ดี | Internet เชื่อมต่อไม่ได้ | Modem แตกหัก/สีผ,ค่าสัญญาณไม่ดี,Internet เชื่อมต่อไม่ได้,ขัดข้อง/เสีย,9252
69,ค่าสัญญาณไม่ดี | Internet เชื่อมต่อไม่ได้ | Modem แตกหัก/สีผ,ค่าสัญญาณไม่ดี,Internet เชื่อมต่อไม่ได้,เหตุเสียใช้ได้ ก่อนช่างถึงบ้าน,4317
69,ค่าสัญญาณไม่ดี | Internet เชื่อมต่อไม่ได้ | Modem แตกหัก/สีผ,ค่าสัญญาณไม่ดี,Internet เชื่อมต่อไม่ได้,สายหัก/สายงอ/สายถูกดึงรั้ง,3288
69,ค่าสัญญาณไม่ดี | Internet เชื่อมต่อไม่ได้ | Modem แตกหัก/สีผ,ค่าสัญญาณไม่ดี,Internet เชื่อมต่อไม่ได้,การใช้งานของลูกค้า,3272
69,ค่าสัญญาณไม่ดี | Internet เชื่อมต่อไม่ได้ | Modem แตกหัก/สีผ,ค่าสัญญาณไม่ดี,Internet เชื่อมต่อไม่ได้,Monitor เหตุเสียครบตามเงื่อนไข,2054
69,ค่าสัญญาณไม่ดี | Internet เชื่อมต่อไม่ได้ | Modem แตกหัก/สีผ,ค่าสัญญาณไม่ดี,Internet หลุดบ่อย,ขัดข้อง/เสีย,1895
69,ค่าสัญญาณไม่ดี | Internet เชื่อมต่อไม่ได้ | Modem แตกหัก/สีผ,ค่าสัญญาณไม่ดี,Internet เชื่อมต่อไม่ได้,หัวสายสำเร็จSC-APC เสีย,1731
69,ค่าสัญญาณไม่ดี | Internet เชื่อมต่อไม่ได้ | Modem แตกหัก/สีผ,ค่าสัญญาณไม่ดี,Internet เชื่อมต่อไม่ได้,Modemไม่ lock/ไม่ Synch/High Loss,1649
69,ค่าสัญญาณไม่ดี | Internet เชื่อมต่อไม่ได้ | Modem แตกหัก/สีผ,ค่าสัญญาณไม่ดี,Internet เชื่อมต่อไม่ได้,ลูกค้าเปลี่ยนใจ/ลูกค้าขอยกเลิกบริการเอง,1622
69,ค่าสัญญาณไม่ดี | Internet เชื่อมต่อไม่ได้ | Modem แตกหัก/สีผ,ค่าสัญญาณไม่ดี,Internet หลุดบ่อย,การใช้งานของลูกค้า,1443
69,ค่าสัญญาณไม่ดี | Internet เชื่อมต่อไม่ได้ | Modem แตกหัก/สีผ,ค่าสัญญาณไม่ดี,Internet เชื่อมต่อไม่ได้,หัวสายสำเร็จSC-APC หลวม /ไม่สนิท,1388
69,ค่าสัญญาณไม่ดี | Internet เชื่อมต่อไม่ได้ | Modem แตกหัก/สีผ,ค่าสัญญาณไม่ดี,Internet เชื่อมต่อไม่ได้,CONFIG CHANGE,1180
69,ค่าสัญญาณไม่ดี | Internet เชื่อมต่อไม่ได้ | Modem แตกหัก/สีผ,ค่าสัญญาณไม่ดี,Internet เชื่อมต่อไม่ได้,Reboot,902
69,ค่าสัญญาณไม่ดี | Internet เชื่อมต่อไม่ได้ | Modem แตกหัก/สีผ,ค่าสัญญาณไม่ดี,Internet หลุดบ่อย,เหตุเสียใช้ได้ ก่อนช่างถึงบ้าน,893
69,ค่าสัญญาณไม่ดี | Internet เชื่อมต่อไม่ได้ | Modem แตกหัก/สีผ,ค่าสัญญาณไม่ดี,Internet เชื่อมต่อไม่ได้,รถเกี่ยว,836
69,ค่าสัญญาณไม่ดี | Internet เชื่อมต่อไม่ได้ | Modem แตกหัก/สีผ,ค่าสัญญาณไม่ดี,Internet เชื่อมต่อไม่ได้,ลูกค้าต้องการเปลี่ยน Modem,830
69,ค่าสัญญาณไม่ดี | Internet เชื่อมต่อไม่ได้ | Modem แตกหัก/สีผ,ค่าสัญญาณไม่ดี,Internet เชื่อมต่อไม่ได้,ไฟไม่เข้า,782
69,ค่าสัญญาณไม่ดี | Internet เชื่อมต่อไม่ได้ | Modem แตกหัก/สีผ,ค่าสัญญาณไม่ดี,Internet ช้า,การใช้งานของลูกค้า,750
69,ค่าสัญญาณไม่ดี | Internet เชื่อมต่อไม่ได้ | Modem แตกหัก/สีผ,ค่าสัญญาณไม่ดี,Internet เชื่อมต่อไม่ได้,การไฟฟ้าย้ายแนว/จัดระเบียบสาย,749
69,ค่าสัญญาณไม่ดี | Internet เชื่อมต่อไม่ได้ | Modem แตกหัก/สีผ,ค่าสัญญาณไม่ดี,Internet หลุดบ่อย,Reboot,721
69,ค่าสัญญาณไม่ดี | Internet เชื่อมต่อไม่ได้ | Modem แตกหัก/สีผ,ค่าสัญญาณไม่ดี,Internet หลุดบ่อย,CONFIG CHANGE,706
69,ค่าสัญญาณไม่ดี | Internet เชื่อมต่อไม่ได้ | Modem แตกหัก/สีผ,ค่าสัญญาณไม่ดี,Internet หลุดบ่อย,ลูกค้าต้องการเปลี่ยน Modem,652
69,ค่าสัญญาณไม่ดี | Internet เชื่อมต่อไม่ได้ | Modem แตกหัก/สีผ,ค่าสัญญาณไม่ดี,Internet เชื่อมต่อไม่ได้,ไม่ทราบสาเหตุ,608
69,ค่าสัญญาณไม่ดี | Internet เชื่อมต่อไม่ได้ | Modem แตกหัก/สีผ,ค่าสัญญาณไม่ดี,Internet เชื่อมต่อไม่ได้,เทศบาลตัดแต่งต้นไม้,603
69,ค่าสัญญาณไม่ดี | Internet เชื่อมต่อไม่ได้ | Modem แตกหัก/สีผ,ค่าสัญญาณไม่ดี,Internet เชื่อมต่อไม่ได้,มีค่า Loss สูง,583
69,ค่าสัญญาณไม่ดี | Internet เชื่อมต่อไม่ได้ | Modem แตกหัก/สีผ,ค่าสัญญาณไม่ดี,Internet เชื่อมต่อไม่ได้,สายเสื่อมสภาพ,469
69,ค่าสัญญาณไม่ดี | Internet เชื่อมต่อไม่ได้ | Modem แตกหัก/สีผ,ค่าสัญญาณไม่ดี,Internet หลุดบ่อย,สายหัก/สายงอ/สายถูกดึงรั้ง,451
69,ค่าสัญญาณไม่ดี | Internet เชื่อมต่อไม่ได้ | Modem แตกหัก/สีผ,ค่าสัญญาณไม่ดี,Internet หลุดบ่อย,Modemไม่ lock/ไม่ Synch/High Loss,449
69,ค่าสัญญาณไม่ดี | Internet เชื่อมต่อไม่ได้ | Modem แตกหัก/สีผ,ค่าสัญญาณไม่ดี,Internet ช้า,CONFIG CHANGE,403
69,ค่าสัญญาณไม่ดี | Internet เชื่อมต่อไม่ได้ | Modem แตกหัก/สีผ,ค่าสัญญาณไม่ดี,Internet เชื่อมต่อไม่ได้,สัตว์ (เช่น ลิง กระรอก ช้าง ),378
69,ค่าสัญญาณไม่ดี | Internet เชื่อมต่อไม่ได้ | Modem แตกหัก/สีผ,ค่าสัญญาณไม่ดี,Internet ช้า,ขัดข้อง/เสีย,365
69,ค่าสัญญาณไม่ดี | Internet เชื่อมต่อไม่ได้ | Modem แตกหัก/สีผ,ค่าสัญญาณไม่ดี,Internet หลุดบ่อย,ไฟไม่เข้า,353
69,ค่าสัญญาณไม่ดี | Internet เชื่อมต่อไม่ได้ | Modem แตกหัก/สีผ,ค่าสัญญาณไม่ดี,Internet เชื่อมต่อไม่ได้,ส่งงานไม่ถูกต้อง,344
69,ค่าสัญญาณไม่ดี | Internet เชื่อมต่อไม่ได้ | Modem แตกหัก/สีผ,ค่าสัญญาณไม่ดี,Internet ช้า,เหตุเสียใช้ได้ ก่อนช่างถึงบ้าน,329
69,ค่าสัญญาณไม่ดี | Internet เชื่อมต่อไม่ได้ | Modem แตกหัก/สีผ,ค่าสัญญาณไม่ดี,Internet ช้า,ลูกค้าต้องการเปลี่ยน Modem,323
69,ค่าสัญญาณไม่ดี | Internet เชื่อมต่อไม่ได้ | Modem แตกหัก/สีผ,ค่าสัญญาณไม่ดี,Internet เชื่อมต่อไม่ได้,,313
69,ค่าสัญญาณไม่ดี | Internet เชื่อมต่อไม่ได้ | Modem แตกหัก/สีผ,ค่าสัญญาณไม่ดี,Internet หลุดบ่อย,Monitor เหตุเสียครบตามเงื่อนไข,298
69,ค่าสัญญาณไม่ดี | Internet เชื่อมต่อไม่ได้ | Modem แตกหัก/สีผ,ค่าสัญญาณไม่ดี,Internet เชื่อมต่อไม่ได้,ระยะสาย Drop Wire ไกล,283
69,ค่าสัญญาณไม่ดี | Internet เชื่อมต่อไม่ได้ | Modem แตกหัก/สีผ,ค่าสัญญาณไม่ดี,Internet หลุดบ่อย,ลูกค้าเปลี่ยนใจ/ลูกค้าขอยกเลิกบริการเอง,283
69,ค่าสัญญาณไม่ดี | Internet เชื่อมต่อไม่ได้ | Modem แตกหัก/สีผ,ค่าสัญญาณไม่ดี,Internet เชื่อมต่อไม่ได้,อุปกรณ์คืนค่าโรงงาน,262
69,ค่าสัญญาณไม่ดี | Internet เชื่อมต่อไม่ได้ | Modem แตกหัก/สีผ,ค่าสัญญาณไม่ดี,Internet เชื่อมต่อไม่ได้,ทดสอบและอธิบายลูกค้า,259
69,ค่าสัญญาณไม่ดี | Internet เชื่อมต่อไม่ได้ | Modem แตกหัก/สีผ,ค่าสัญญาณไม่ดี,Internet เชื่อมต่อไม่ได้,ไม่พบปัญหาการใช้งานแล้ว,247
69,ค่าสัญญาณไม่ดี | Internet เชื่อมต่อไม่ได้ | Modem แตกหัก/สีผ,ค่าสัญญาณไม่ดี,Internet หลุดบ่อย,หัวสายสำเร็จSC-APC เสีย,237
69,ค่าสัญญาณไม่ดี | Internet เชื่อมต่อไม่ได้ | Modem แตกหัก/สีผ,ค่าสัญญาณไม่ดี,เปิด Web ไม่ได้,การใช้งานของลูกค้า,219
69,ค่าสัญญาณไม่ดี | Internet เชื่อมต่อไม่ได้ | Modem แตกหัก/สีผ,ค่าสัญญาณไม่ดี,Internet หลุดบ่อย,หัวสายสำเร็จSC-APC หลวม /ไม่สนิท,218
69,ค่าสัญญาณไม่ดี | Internet เชื่อมต่อไม่ได้ | Modem แตกหัก/สีผ,ค่าสัญญาณไม่ดี,Internet ช้า,สายหัก/สายงอ/สายถูกดึงรั้ง,190
69,ค่าสัญญาณไม่ดี | Internet เชื่อมต่อไม่ได้ | Modem แตกหัก/สีผ,ค่าสัญญาณไม่ดี,Internet หลุดบ่อย,,181
69,ค่าสัญญาณไม่ดี | Internet เชื่อมต่อไม่ได้ | Modem แตกหัก/สีผ,ค่าสัญญาณไม่ดี,Internet ช้า,Reboot,155
69,ค่าสัญญาณไม่ดี | Internet เชื่อมต่อไม่ได้ | Modem แตกหัก/สีผ,ค่าสัญญาณไม่ดี,Internet เชื่อมต่อไม่ได้,บุคคลเจตนาร้าย-ตัดทำลายข่ายสาย,141
69,ค่าสัญญาณไม่ดี | Internet เชื่อมต่อไม่ได้ | Modem แตกหัก/สีผ,ค่าสัญญาณไม่ดี,Internet หลุดบ่อย,อุปกรณ์คืนค่าโรงงาน,138
69,ค่าสัญญาณไม่ดี | Internet เชื่อมต่อไม่ได้ | Modem แตกหัก/สีผ,ค่าสัญญาณไม่ดี,Internet หลุดบ่อย,ไม่ทราบสาเหตุ,130
69,ค่าสัญญาณไม่ดี | Internet เชื่อมต่อไม่ได้ | Modem แตกหัก/สีผ,ค่าสัญญาณไม่ดี,Internet ช้า,Modemไม่ lock/ไม่ Synch/High Loss,126
69,ค่าสัญญาณไม่ดี | Internet เชื่อมต่อไม่ได้ | Modem แตกหัก/สีผ,ค่าสัญญาณไม่ดี,เปิด Web ไม่ได้,เหตุเสียใช้ได้ ก่อนช่างถึงบ้าน,125
69,ค่าสัญญาณไม่ดี | Internet เชื่อมต่อไม่ได้ | Modem แตกหัก/สีผ,ค่าสัญญาณไม่ดี,Internet หลุดบ่อย,ทดสอบและอธิบายลูกค้า,124
69,ค่าสัญญาณไม่ดี | Internet เชื่อมต่อไม่ได้ | Modem แตกหัก/สีผ,ค่าสัญญาณไม่ดี,Internet ช้า,ลูกค้าเปลี่ยนใจ/ลูกค้าขอยกเลิกบริการเอง,123
69,ค่าสัญญาณไม่ดี | Internet เชื่อมต่อไม่ได้ | Modem แตกหัก/สีผ,ค่าสัญญาณไม่ดี,Internet เชื่อมต่อไม่ได้,ไฟไหม้,121
69,ค่าสัญญาณไม่ดี | Internet เชื่อมต่อไม่ได้ | Modem แตกหัก/สีผ,ค่าสัญญาณไม่ดี,Internet ช้า,Monitor เหตุเสียครบตามเงื่อนไข,116
69,ค่าสัญญาณไม่ดี | Internet เชื่อมต่อไม่ได้ | Modem แตกหัก/สีผ,ค่าสัญญาณไม่ดี,เปิด Web ไม่ได้,ขัดข้อง/เสีย,111
69,ค่าสัญญาณไม่ดี | Internet เชื่อมต่อไม่ได้ | Modem แตกหัก/สีผ,ค่าสัญญาณไม่ดี,Internet หลุดบ่อย,มีค่า Loss สูง,108
69,ค่าสัญญาณไม่ดี | Internet เชื่อมต่อไม่ได้ | Modem แตกหัก/สีผ,ค่าสัญญาณไม่ดี,Internet เชื่อมต่อไม่ได้,แมลง(เช่น จักจั่น มด ปลวก),105
69,ค่าสัญญาณไม่ดี | Internet เชื่อมต่อไม่ได้ | Modem แตกหัก/สีผ,ค่าสัญญาณไม่ดี,Internet เชื่อมต่อไม่ได้,พายุ,104
69,ค่าสัญญาณไม่ดี | Internet เชื่อมต่อไม่ได้ | Modem แตกหัก/สีผ,ค่าสัญญาณไม่ดี,Internet ช้า,หัวสายสำเร็จSC-APC เสีย,100
69,ค่าสัญญาณไม่ดี | Internet เชื่อมต่อไม่ได้ | Modem แตกหัก/สีผ,ค่าสัญญาณไม่ดี,Internet หลุดบ่อย,ส่งงานไม่ถูกต้อง,94
69,ค่าสัญญาณไม่ดี | Internet เชื่อมต่อไม่ได้ | Modem แตกหัก/สีผ,ค่าสัญญาณไม่ดี,Internet เชื่อมต่อไม่ได้,Modem ไม่รองรับ Package ลูกค้า,92
69,ค่าสัญญาณไม่ดี | Internet เชื่อมต่อไม่ได้ | Modem แตกหัก/สีผ,ค่าสัญญาณไม่ดี,เปิด Web ไม่ได้,CONFIG CHANGE,83
69,ค่าสัญญาณไม่ดี | Internet เชื่อมต่อไม่ได้ | Modem แตกหัก/สีผ,ค่าสัญญาณไม่ดี,Internet เชื่อมต่อไม่ได้,Port เสีย,80
69,ค่าสัญญาณไม่ดี | Internet เชื่อมต่อไม่ได้ | Modem แตกหัก/สีผ,ค่าสัญญาณไม่ดี,Internet เชื่อมต่อไม่ได้,หัวสายสำเร็จSC-APC สกปรก,79
69,ค่าสัญญาณไม่ดี | Internet เชื่อมต่อไม่ได้ | Modem แตกหัก/สีผ,ค่าสัญญาณไม่ดี,Internet ช้า,หัวสายสำเร็จSC-APC หลวม /ไม่สนิท,77
69,ค่าสัญญาณไม่ดี | Internet เชื่อมต่อไม่ได้ | Modem แตกหัก/สีผ,ค่าสัญญาณไม่ดี,Internet เชื่อมต่อไม่ได้,ข้อต่อหลวม ไม่ดี/ไม่สนิท,77
69,ค่าสัญญาณไม่ดี | Internet เชื่อมต่อไม่ได้ | Modem แตกหัก/สีผ,ค่าสัญญาณไม่ดี,Internet เชื่อมต่อไม่ได้,เปลี่ยน process การทำงาน,77
69,ค่าสัญญาณไม่ดี | Internet เชื่อมต่อไม่ได้ | Modem แตกหัก/สีผ,มีสัญญาณแต่โทรเข้า-ออกยาก,คุณภาพสัญญาน,CONFIG CHANGE/BUG FIRMWARE,74
69,ค่าสัญญาณไม่ดี | Internet เชื่อมต่อไม่ได้ | Modem แตกหัก/สีผ,ค่าสัญญาณไม่ดี,Internet เชื่อมต่อไม่ได้,หลวม/แตกหัก,70
69,ค่าสัญญาณไม่ดี | Internet เชื่อมต่อไม่ได้ | Modem แตกหัก/สีผ,ค่าสัญญาณไม่ดี,Internet หลุดบ่อย,สายเสื่อมสภาพ,67
69,ค่าสัญญาณไม่ดี | Internet เชื่อมต่อไม่ได้ | Modem แตกหัก/สีผ,ค่าสัญญาณไม่ดี,Internet ช้า,ไฟไม่เข้า,67
69,ค่าสัญญาณไม่ดี | Internet เชื่อมต่อไม่ได้ | Modem แตกหัก/สีผ,ค่าสัญญาณไม่ดี,Internet หลุดบ่อย,การไฟฟ้าย้ายแนว/จัดระเบียบสาย,67
69,ค่าสัญญาณไม่ดี | Internet เชื่อมต่อไม่ได้ | Modem แตกหัก/สีผ,ค่าสัญญาณไม่ดี,Internet เชื่อมต่อไม่ได้,Switch on/off เสีย/ชำรุดแตกหัก,66
69,ค่าสัญญาณไม่ดี | Internet เชื่อมต่อไม่ได้ | Modem แตกหัก/สีผ,ค่าสัญญาณไม่ดี,Internet เชื่อมต่อไม่ได้,มีเสียงผิดปกติในตัวโมเด็ม,66
69,ค่าสัญญาณไม่ดี | Internet เชื่อมต่อไม่ได้ | Modem แตกหัก/สีผ,ค่าสัญญาณไม่ดี,Internet ช้า,ทดสอบและอธิบายลูกค้า,62
69,ค่าสัญญาณไม่ดี | Internet เชื่อมต่อไม่ได้ | Modem แตกหัก/สีผ,ค่าสัญญาณไม่ดี,เปิด Web ไม่ได้,ลูกค้าต้องการเปลี่ยน Modem,58
69,ค่าสัญญาณไม่ดี | Internet เชื่อมต่อไม่ได้ | Modem แตกหัก/สีผ,ค่าสัญญาณไม่ดี,Internet ช้า,,56
69,ค่าสัญญาณไม่ดี | Internet เชื่อมต่อไม่ได้ | Modem แตกหัก/สีผ,ค่าสัญญาณไม่ดี,Internet เชื่อมต่อไม่ได้,Area Manager เห็นชอบให้มีการเปลี่ยน CPE,54
69,ค่าสัญญาณไม่ดี | Internet เชื่อมต่อไม่ได้ | Modem แตกหัก/สีผ,ค่าสัญญาณไม่ดี,Internet เชื่อมต่อไม่ได้,"สายขาด,หัก (Crack)",54
69,ค่าสัญญาณไม่ดี | Internet เชื่อมต่อไม่ได้ | Modem แตกหัก/สีผ,ค่าสัญญาณไม่ดี,Internet ช้า,ไม่ทราบสาเหตุ,52
69,ค่าสัญญาณไม่ดี | Internet เชื่อมต่อไม่ได้ | Modem แตกหัก/สีผ,ค่าสัญญาณไม่ดี,Internet หลุดบ่อย,รถเกี่ยว,52
69,ค่าสัญญาณไม่ดี | Internet เชื่อมต่อไม่ได้ | Modem แตกหัก/สีผ,ค่าสัญญาณไม่ดี,Internet หลุดบ่อย,Switch on/off เสีย/ชำรุดแตกหัก,51
69,ค่าสัญญาณไม่ดี | Internet เชื่อมต่อไม่ได้ | Modem แตกหัก/สีผ,ค่าสัญญาณไม่ดี,Internet หลุดบ่อย,ไม่ตรงรุ่น,47
69,ค่าสัญญาณไม่ดี | Internet เชื่อมต่อไม่ได้ | Modem แตกหัก/สีผ,ค่าสัญญาณไม่ดี,เปิด Web ไม่ได้,ลูกค้าเปลี่ยนใจ/ลูกค้าขอยกเลิกบริการเอง,47
69,ค่าสัญญาณไม่ดี | Internet เชื่อมต่อไม่ได้ | Modem แตกหัก/สีผ,ค่าสัญญาณไม่ดี,Internet เชื่อมต่อไม่ได้,เหตุเสียภายใน 90 วัน,46
69,ค่าสัญญาณไม่ดี | Internet เชื่อมต่อไม่ได้ | Modem แตกหัก/สีผ,ค่าสัญญาณไม่ดี,Internet หลุดบ่อย,เทศบาลตัดแต่งต้นไม้,43
69,ค่าสัญญาณไม่ดี | Internet เชื่อมต่อไม่ได้ | Modem แตกหัก/สีผ,ค่าสัญญาณไม่ดี,Internet หลุดบ่อย,Modem ไม่รองรับ Package ลูกค้า,43
69,ค่าสัญญาณไม่ดี | Internet เชื่อมต่อไม่ได้ | Modem แตกหัก/สีผ,ค่าสัญญาณไม่ดี,เปิด Web ไม่ได้,Reboot,41
69,ค่าสัญญาณไม่ดี | Internet เชื่อมต่อไม่ได้ | Modem แตกหัก/สีผ,ค่าสัญญาณไม่ดี,เปิด Web ไม่ได้,Modemไม่ lock/ไม่ Synch/High Loss,40
69,ค่าสัญญาณไม่ดี | Internet เชื่อมต่อไม่ได้ | Modem แตกหัก/สีผ,ค่าสัญญาณไม่ดี,Internet ช้า,ส่งงานไม่ถูกต้อง,40
69,ค่าสัญญาณไม่ดี | Internet เชื่อมต่อไม่ได้ | Modem แตกหัก/สีผ,ค่าสัญญาณไม่ดี,Internet เชื่อมต่อไม่ได้,CONFIG.PARAMETER ไม่ถูกต้อง,39
69,ค่าสัญญาณไม่ดี | Internet เชื่อมต่อไม่ได้ | Modem แตกหัก/สีผ,ค่าสัญญาณไม่ดี,Internet เชื่อมต่อไม่ได้,ไม่ตรงรุ่น,38
69,ค่าสัญญาณไม่ดี | Internet เชื่อมต่อไม่ได้ | Modem แตกหัก/สีผ,ค่าสัญญาณไม่ดี,Internet หลุดบ่อย,Area Manager เห็นชอบให้มีการเปลี่ยน CPE,37
69,ค่าสัญญาณไม่ดี | Internet เชื่อมต่อไม่ได้ | Modem แตกหัก/สีผ,ค่าสัญญาณไม่ดี,Internet ช้า,Modem ไม่รองรับ Package ลูกค้า,37
69,ค่าสัญญาณไม่ดี | Internet เชื่อมต่อไม่ได้ | Modem แตกหัก/สีผ,ค่าสัญญาณไม่ดี,เปิด Web ไม่ได้,ไฟไม่เข้า,35
69,ค่าสัญญาณไม่ดี | Internet เชื่อมต่อไม่ได้ | Modem แตกหัก/สีผ,ค่าสัญญาณไม่ดี,Internet เชื่อมต่อไม่ได้,LAN เสีย,35
69,ค่าสัญญาณไม่ดี | Internet เชื่อมต่อไม่ได้ | Modem แตกหัก/สีผ,ค่าสัญญาณไม่ดี,Internet หลุดบ่อย,Modem แตกหัก/สีผิดสภาพเดิม,35
69,ค่าสัญญาณไม่ดี | Internet เชื่อมต่อไม่ได้ | Modem แตกหัก/สีผ,ค่าสัญญาณไม่ดี,Internet หลุดบ่อย,มีเสียงผิดปกติในตัวโมเด็ม,34
69,ค่าสัญญาณไม่ดี | Internet เชื่อมต่อไม่ได้ | Modem แตกหัก/สีผ,เงียบ ไม่มีสัญญาณบางช่วงเวลา,คุณภาพสัญญาน,CONFIG CHANGE/BUG FIRMWARE,34
69,ค่าสัญญาณไม่ดี | Internet เชื่อมต่อไม่ได้ | Modem แตกหัก/สีผ,ค่าสัญญาณไม่ดี,Internet เชื่อมต่อไม่ได้,ไม่มีสัญญาณ CATV หรือ ค่า RF ไม่ได้ตามค่ามาตรฐาน,33
69,ค่าสัญญาณไม่ดี | Internet เชื่อมต่อไม่ได้ | Modem แตกหัก/สีผ,ค่าสัญญาณไม่ดี,Internet เชื่อมต่อไม่ได้,อื่น ๆ,33
69,ค่าสัญญาณไม่ดี | Internet เชื่อมต่อไม่ได้ | Modem แตกหัก/สีผ,ค่าสัญญาณไม่ดี,เปิด Web ไม่ได้,สายหัก/สายงอ/สายถูกดึงรั้ง,33
69,ค่าสัญญาณไม่ดี | Internet เชื่อมต่อไม่ได้ | Modem แตกหัก/สีผ,ค่าสัญญาณไม่ดี,Internet เชื่อมต่อไม่ได้,Modem แตกหัก/สีผิดสภาพเดิม,31
69,ค่าสัญญาณไม่ดี | Internet เชื่อมต่อไม่ได้ | Modem แตกหัก/สีผ,ค่าสัญญาณไม่ดี,Internet หลุดบ่อย,เปลี่ยน process การทำงาน,31
69,ค่าสัญญาณไม่ดี | Internet เชื่อมต่อไม่ได้ | Modem แตกหัก/สีผ,ค่าสัญญาณไม่ดี,เปิด Web ไม่ได้,อุปกรณ์คืนค่าโรงงาน,30
69,ค่าสัญญาณไม่ดี | Internet เชื่อมต่อไม่ได้ | Modem แตกหัก/สีผ,ค่าสัญญาณไม่ดี,Internet ช้า,มีค่า Loss สูง,30
69,ค่าสัญญาณไม่ดี | Internet เชื่อมต่อไม่ได้ | Modem แตกหัก/สีผ,ค่าสัญญาณไม่ดี,Internet หลุดบ่อย,ไม่พบปัญหาการใช้งานแล้ว,29
69,ค่าสัญญาณไม่ดี | Internet เชื่อมต่อไม่ได้ | Modem แตกหัก/สีผ,ค่าสัญญาณไม่ดี,Internet หลุดบ่อย,ระยะสาย Drop Wire ไกล,28
69,ค่าสัญญาณไม่ดี | Internet เชื่อมต่อไม่ได้ | Modem แตกหัก/สีผ,ค่าสัญญาณไม่ดี,Internet เชื่อมต่อไม่ได้,อุปกรณ์ Hang,27
69,ค่าสัญญาณไม่ดี | Internet เชื่อมต่อไม่ได้ | Modem แตกหัก/สีผ,ค่าสัญญาณไม่ดี,Internet เชื่อมต่อไม่ได้,Remote ไม่ทำงาน,27
69,ค่าสัญญาณไม่ดี | Internet เชื่อมต่อไม่ได้ | Modem แตกหัก/สีผ,ค่าสัญญาณไม่ดี,Internet หลุดบ่อย,สัตว์ (เช่น ลิง กระรอก ช้าง ),26
69,ค่าสัญญาณไม่ดี | Internet เชื่อมต่อไม่ได้ | Modem แตกหัก/สีผ,ค่าสัญญาณไม่ดี,Internet ช้า,อุปกรณ์คืนค่าโรงงาน,25
69,ค่าสัญญาณไม่ดี | Internet เชื่อมต่อไม่ได้ | Modem แตกหัก/สีผ,ค่าสัญญาณไม่ดี,Internet เชื่อมต่อไม่ได้,BUG FIRMWARE,25
69,ค่าสัญญาณไม่ดี | Internet เชื่อมต่อไม่ได้ | Modem แตกหัก/สีผ,ค่าสัญญาณไม่ดี,Internet หลุดบ่อย,ข้อต่อหลวม ไม่ดี/ไม่สนิท,23
69,ค่าสัญญาณไม่ดี | Internet เชื่อมต่อไม่ได้ | Modem แตกหัก/สีผ,ค่าสัญญาณไม่ดี,เปิด Web ไม่ได้,Monitor เหตุเสียครบตามเงื่อนไข,22
69,ค่าสัญญาณไม่ดี | Internet เชื่อมต่อไม่ได้ | Modem แตกหัก/สีผ,ค่าสัญญาณไม่ดี,Internet ช้า,สายเสื่อมสภาพ,21
69,ค่าสัญญาณไม่ดี | Internet เชื่อมต่อไม่ได้ | Modem แตกหัก/สีผ,ค่าสัญญาณไม่ดี,Internet หลุดบ่อย,อุปกรณ์ Hang,21
69,ค่าสัญญาณไม่ดี | Internet เชื่อมต่อไม่ได้ | Modem แตกหัก/สีผ,ค่าสัญญาณไม่ดี,Internet เชื่อมต่อไม่ได้,Module เสีย,20
69,ค่าสัญญาณไม่ดี | Internet เชื่อมต่อไม่ได้ | Modem แตกหัก/สีผ,ค่าสัญญาณไม่ดี,Internet หลุดบ่อย,LAN เสีย,20
69,ค่าสัญญาณไม่ดี | Internet เชื่อมต่อไม่ได้ | Modem แตกหัก/สีผ,ค่าสัญญาณไม่ดี,เปิด Web ไม่ได้,หัวสายสำเร็จSC-APC หลวม /ไม่สนิท,20
69,ค่าสัญญาณไม่ดี | Internet เชื่อมต่อไม่ได้ | Modem แตกหัก/สีผ,ค่าสัญญาณไม่ดี,เปิด Web ไม่ได้,ไม่ทราบสาเหตุ,19
69,ค่าสัญญาณไม่ดี | Internet เชื่อมต่อไม่ได้ | Modem แตกหัก/สีผ,ค่าสัญญาณไม่ดี,เปิด Web ไม่ได้,หัวสายสำเร็จSC-APC เสีย,19
69,ค่าสัญญาณไม่ดี | Internet เชื่อมต่อไม่ได้ | Modem แตกหัก/สีผ,ค่าสัญญาณไม่ดี,Internet ช้า,การไฟฟ้าย้ายแนว/จัดระเบียบสาย,18
69,ค่าสัญญาณไม่ดี | Internet เชื่อมต่อไม่ได้ | Modem แตกหัก/สีผ,ค่าสัญญาณไม่ดี,Internet ช้า,เทศบาลตัดแต่งต้นไม้,18
69,ค่าสัญญาณไม่ดี | Internet เชื่อมต่อไม่ได้ | Modem แตกหัก/สีผ,ค่าสัญญาณไม่ดี,เปิด Web ไม่ได้,ทดสอบและอธิบายลูกค้า,17
69,ค่าสัญญาณไม่ดี | Internet เชื่อมต่อไม่ได้ | Modem แตกหัก/สีผ,ค่าสัญญาณไม่ดี,Internet หลุดบ่อย,พายุ,15
69,ค่าสัญญาณไม่ดี | Internet เชื่อมต่อไม่ได้ | Modem แตกหัก/สีผ,ค่าสัญญาณไม่ดี,Internet เชื่อมต่อไม่ได้,ลูกค้าแจ้งขอยกเลิกบริการ,15
69,ค่าสัญญาณไม่ดี | Internet เชื่อมต่อไม่ได้ | Modem แตกหัก/สีผ,ค่าสัญญาณไม่ดี,Internet เชื่อมต่อไม่ได้,Ticket มีการระบุให้เปลี่ยนอุปกรณ์,15
69,ค่าสัญญาณไม่ดี | Internet เชื่อมต่อไม่ได้ | Modem แตกหัก/สีผ,ค่าสัญญาณไม่ดี,เปิด Web ไม่ได้,ส่งงานไม่ถูกต้อง,15
69,ค่าสัญญาณไม่ดี | Internet เชื่อมต่อไม่ได้ | Modem แตกหัก/สีผ,ค่าสัญญาณไม่ดี,Internet ช้า,รถเกี่ยว,15
69,ค่าสัญญาณไม่ดี | Internet เชื่อมต่อไม่ได้ | Modem แตกหัก/สีผ,ค่าสัญญาณไม่ดี,Internet ช้า,สัตว์ (เช่น ลิง กระรอก ช้าง ),15
69,ค่าสัญญาณไม่ดี | Internet เชื่อมต่อไม่ได้ | Modem แตกหัก/สีผ,ค่าสัญญาณไม่ดี,Internet หลุดบ่อย,BUG FIRMWARE,14
69,ค่าสัญญาณไม่ดี | Internet เชื่อมต่อไม่ได้ | Modem แตกหัก/สีผ,ค่าสัญญาณไม่ดี,เปิด Web ไม่ได้,,14
69,ค่าสัญญาณไม่ดี | Internet เชื่อมต่อไม่ได้ | Modem แตกหัก/สีผ,ค่าสัญญาณไม่ดี,Internet เชื่อมต่อไม่ได้,Costomer Knowledge,14
69,ค่าสัญญาณไม่ดี | Internet เชื่อมต่อไม่ได้ | Modem แตกหัก/สีผ,ค่าสัญญาณไม่ดี,Internet เชื่อมต่อไม่ได้,Voice ไม่ติด (ไฟ Phone ไม่ติด),13
69,ค่าสัญญาณไม่ดี | Internet เชื่อมต่อไม่ได้ | Modem แตกหัก/สีผ,ค่าสัญญาณไม่ดี,Internet เชื่อมต่อไม่ได้,ช่องรายการถูกล็อค(CA14),12
69,ค่าสัญญาณไม่ดี | Internet เชื่อมต่อไม่ได้ | Modem แตกหัก/สีผ,ค่าสัญญาณไม่ดี,Internet หลุดบ่อย,Remote ไม่ทำงาน,12
69,ค่าสัญญาณไม่ดี | Internet เชื่อมต่อไม่ได้ | Modem แตกหัก/สีผ,ค่าสัญญาณไม่ดี,Internet หลุดบ่อย,แมลง(เช่น จักจั่น มด ปลวก),12
69,ค่าสัญญาณไม่ดี | Internet เชื่อมต่อไม่ได้ | Modem แตกหัก/สีผ,ค่าสัญญาณไม่ดี,Internet หลุดบ่อย,Port เสีย,12
69,ค่าสัญญาณไม่ดี | Internet เชื่อมต่อไม่ได้ | Modem แตกหัก/สีผ,ค่าสัญญาณไม่ดี,Internet หลุดบ่อย,หัวสายสำเร็จSC-APC สกปรก,12
69,ค่าสัญญาณไม่ดี | Internet เชื่อมต่อไม่ได้ | Modem แตกหัก/สีผ,ค่าสัญญาณไม่ดี,Internet ช้า,เปลี่ยน process การทำงาน,12
69,ค่าสัญญาณไม่ดี | Internet เชื่อมต่อไม่ได้ | Modem แตกหัก/สีผ,ค่าสัญญาณไม่ดี,Internet เชื่อมต่อไม่ได้,สายขาด,12
69,ค่าสัญญาณไม่ดี | Internet เชื่อมต่อไม่ได้ | Modem แตกหัก/สีผ,ค่าสัญญาณไม่ดี,Internet เชื่อมต่อไม่ได้,ค่าสัญญาณดี ภาพค้าง/ ขาดหาย,11
69,ค่าสัญญาณไม่ดี | Internet เชื่อมต่อไม่ได้ | Modem แตกหัก/สีผ,ค่าสัญญาณไม่ดี,Internet หลุดบ่อย,บุคคลเจตนาร้าย-ตัดทำลายข่ายสาย,11
69,ค่าสัญญาณไม่ดี | Internet เชื่อมต่อไม่ได้ | Modem แตกหัก/สีผ,ค่าสัญญาณไม่ดี,Internet ช้า,BUG FIRMWARE,11
69,ค่าสัญญาณไม่ดี | Internet เชื่อมต่อไม่ได้ | Modem แตกหัก/สีผ,ค่าสัญญาณไม่ดี,Internet หลุดบ่อย,CONFIG.PARAMETER ไม่ถูกต้อง,11
69,ค่าสัญญาณไม่ดี | Internet เชื่อมต่อไม่ได้ | Modem แตกหัก/สีผ,ค่าสัญญาณไม่ดี,Internet หลุดบ่อย,Ticket มีการระบุให้เปลี่ยนอุปกรณ์,11
69,ค่าสัญญาณไม่ดี | Internet เชื่อมต่อไม่ได้ | Modem แตกหัก/สีผ,ค่าสัญญาณไม่ดี,Internet เชื่อมต่อไม่ได้,สายไม่เป็นระเบียบ,11
69,ค่าสัญญาณไม่ดี | Internet เชื่อมต่อไม่ได้ | Modem แตกหัก/สีผ,ค่าสัญญาณไม่ดี,Internet เชื่อมต่อไม่ได้,ลูกค้าต้องการเปลี่ยน Hybrid Box,10
69,ค่าสัญญาณไม่ดี | Internet เชื่อมต่อไม่ได้ | Modem แตกหัก/สีผ,ค่าสัญญาณไม่ดี,Internet ช้า,Area Manager เห็นชอบให้มีการเปลี่ยน CPE,10
69,ค่าสัญญาณไม่ดี | Internet เชื่อมต่อไม่ได้ | Modem แตกหัก/สีผ,ค่าสัญญาณไม่ดี,Internet หลุดบ่อย,หลอดไฟ LED Status เสีย,10
69,ค่าสัญญาณไม่ดี | Internet เชื่อมต่อไม่ได้ | Modem แตกหัก/สีผ,ค่าสัญญาณไม่ดี,Internet หลุดบ่อย,อื่น ๆ,9
69,ค่าสัญญาณไม่ดี | Internet เชื่อมต่อไม่ได้ | Modem แตกหัก/สีผ,ค่าสัญญาณไม่ดี,เปิด Web ไม่ได้,LAN เสีย,9
69,ค่าสัญญาณไม่ดี | Internet เชื่อมต่อไม่ได้ | Modem แตกหัก/สีผ,ค่าสัญญาณไม่ดี,Internet ช้า,มีเสียงผิดปกติในตัวโมเด็ม,9
69,ค่าสัญญาณไม่ดี | Internet เชื่อมต่อไม่ได้ | Modem แตกหัก/สีผ,ค่าสัญญาณไม่ดี,Internet เชื่อมต่อไม่ได้,ลูกค้าต้องการเปลี่ยน Set Top Box,9
69,ค่าสัญญาณไม่ดี | Internet เชื่อมต่อไม่ได้ | Modem แตกหัก/สีผ,ค่าสัญญาณไม่ดี,Internet หลุดบ่อย,"สายขาด,หัก (Crack)",9
69,ค่าสัญญาณไม่ดี | Internet เชื่อมต่อไม่ได้ | Modem แตกหัก/สีผ,ค่าสัญญาณไม่ดี,Internet เชื่อมต่อไม่ได้,ค่าสัญญาณดี ไม่มีภาพ/ ไม่มีเสียง,8
69,ค่าสัญญาณไม่ดี | Internet เชื่อมต่อไม่ได้ | Modem แตกหัก/สีผ,ค่าสัญญาณไม่ดี,Internet ช้า,Modem แตกหัก/สีผิดสภาพเดิม,8
69,ค่าสัญญาณไม่ดี | Internet เชื่อมต่อไม่ได้ | Modem แตกหัก/สีผ,ค่าสัญญาณไม่ดี,Internet ช้า,Costomer Knowledge,8
69,ค่าสัญญาณไม่ดี | Internet เชื่อมต่อไม่ได้ | Modem แตกหัก/สีผ,ค่าสัญญาณไม่ดี,เปิด Web ไม่ได้,Modem ไม่รองรับ Package ลูกค้า,8
69,ค่าสัญญาณไม่ดี | Internet เชื่อมต่อไม่ได้ | Modem แตกหัก/สีผ,ค่าสัญญาณไม่ดี,Internet เชื่อมต่อไม่ได้,กล่องไม่อ่านการ์ด,8
69,ค่าสัญญาณไม่ดี | Internet เชื่อมต่อไม่ได้ | Modem แตกหัก/สีผ,ค่าสัญญาณไม่ดี,Internet เชื่อมต่อไม่ได้,เสาอากาศชำรุด,8
69,ค่าสัญญาณไม่ดี | Internet เชื่อมต่อไม่ได้ | Modem แตกหัก/สีผ,ค่าสัญญาณไม่ดี,Internet หลุดบ่อย,Costomer Knowledge,8
69,ค่าสัญญาณไม่ดี | Internet เชื่อมต่อไม่ได้ | Modem แตกหัก/สีผ,ค่าสัญญาณไม่ดี,Internet ช้า,ไม่พบปัญหาการใช้งานแล้ว,7
69,ค่าสัญญาณไม่ดี | Internet เชื่อมต่อไม่ได้ | Modem แตกหัก/สีผ,ค่าสัญญาณไม่ดี,Internet หลุดบ่อย,ค่าสัญญาณดี ภาพค้าง/ ขาดหาย,7
69,ค่าสัญญาณไม่ดี | Internet เชื่อมต่อไม่ได้ | Modem แตกหัก/สีผ,ค่าสัญญาณไม่ดี,Internet เชื่อมต่อไม่ได้,แมลง/สัตว์,7
69,ค่าสัญญาณไม่ดี | Internet เชื่อมต่อไม่ได้ | Modem แตกหัก/สีผ,006 คุณภาพสัญญาณไม่ดี,โทรออก,CONFIG CHANGE/BUG FIRMWARE,7
69,ค่าสัญญาณไม่ดี | Internet เชื่อมต่อไม่ได้ | Modem แตกหัก/สีผ,ค่าสัญญาณไม่ดี,Internet ช้า,Switch on/off เสีย/ชำรุดแตกหัก,7
69,ค่าสัญญาณไม่ดี | Internet เชื่อมต่อไม่ได้ | Modem แตกหัก/สีผ,ค่าสัญญาณไม่ดี,Internet ช้า,ระยะสาย Drop Wire ไกล,7
69,ค่าสัญญาณไม่ดี | Internet เชื่อมต่อไม่ได้ | Modem แตกหัก/สีผ,ค่าสัญญาณไม่ดี,เปิด Web ไม่ได้,เปลี่ยน process การทำงาน,7
69,ค่าสัญญาณไม่ดี | Internet เชื่อมต่อไม่ได้ | Modem แตกหัก/สีผ,ค่าสัญญาณไม่ดี,Internet หลุดบ่อย,ไม่มีสัญญาณ CATV หรือ ค่า RF ไม่ได้ตามค่ามาตรฐาน,6
69,ค่าสัญญาณไม่ดี | Internet เชื่อมต่อไม่ได้ | Modem แตกหัก/สีผ,ค่าสัญญาณไม่ดี,Internet เชื่อมต่อไม่ได้,ไฟฟ้าดับ,6
69,ค่าสัญญาณไม่ดี | Internet เชื่อมต่อไม่ได้ | Modem แตกหัก/สีผ,ค่าสัญญาณไม่ดี,Internet ช้า,LAN เสีย,6
69,ค่าสัญญาณไม่ดี | Internet เชื่อมต่อไม่ได้ | Modem แตกหัก/สีผ,ค่าสัญญาณไม่ดี,Internet หลุดบ่อย,หลวม/แตกหัก,6
69,ค่าสัญญาณไม่ดี | Internet เชื่อมต่อไม่ได้ | Modem แตกหัก/สีผ,ค่าสัญญาณไม่ดี,Internet ช้า,ข้อต่อหลวม ไม่ดี/ไม่สนิท,6
69,ค่าสัญญาณไม่ดี | Internet เชื่อมต่อไม่ได้ | Modem แตกหัก/สีผ,ค่าสัญญาณไม่ดี,Internet หลุดบ่อย,ช่องรายการถูกล็อค(CA14),5
69,ค่าสัญญาณไม่ดี | Internet เชื่อมต่อไม่ได้ | Modem แตกหัก/สีผ,ค่าสัญญาณไม่ดี,Internet เชื่อมต่อไม่ได้,อุปกรณ์ลูกค้า TV/เครื่องเสียง/อุปกรณ์ Bluetooth,5
69,ค่าสัญญาณไม่ดี | Internet เชื่อมต่อไม่ได้ | Modem แตกหัก/สีผ,ค่าสัญญาณไม่ดี,Internet หลุดบ่อย,ค่าสัญญาณดี แต่พบภาพขาดหาย/ ภาพแตก/ เสียงขาดหาย,5
69,ค่าสัญญาณไม่ดี | Internet เชื่อมต่อไม่ได้ | Modem แตกหัก/สีผ,ค่าสัญญาณไม่ดี,Internet ช้า,CONFIG.PARAMETER ไม่ถูกต้อง,5
69,ค่าสัญญาณไม่ดี | Internet เชื่อมต่อไม่ได้ | Modem แตกหัก/สีผ,ค่าสัญญาณไม่ดี,Internet หลุดบ่อย,ไฟไหม้,5
69,ค่าสัญญาณไม่ดี | Internet เชื่อมต่อไม่ได้ | Modem แตกหัก/สีผ,ค่าสัญญาณไม่ดี,เปิด Web ไม่ได้,มีค่า Loss สูง,5
69,ค่าสัญญาณไม่ดี | Internet เชื่อมต่อไม่ได้ | Modem แตกหัก/สีผ,ค่าสัญญาณไม่ดี,เปิด Web ไม่ได้,เหตุเสียภายใน 90 วัน,5
69,ค่าสัญญาณไม่ดี | Internet เชื่อมต่อไม่ได้ | Modem แตกหัก/สีผ,ค่าสัญญาณไม่ดี,Internet ช้า,ไม่ตรงรุ่น,5
69,ค่าสัญญาณไม่ดี | Internet เชื่อมต่อไม่ได้ | Modem แตกหัก/สีผ,ค่าสัญญาณไม่ดี,เปิด Web ไม่ได้,สายเสื่อมสภาพ,5
69,ค่าสัญญาณไม่ดี | Internet เชื่อมต่อไม่ได้ | Modem แตกหัก/สีผ,ค่าสัญญาณไม่ดี,Internet หลุดบ่อย,เหตุเสียภายใน 90 วัน,5
69,ค่าสัญญาณไม่ดี | Internet เชื่อมต่อไม่ได้ | Modem แตกหัก/สีผ,ค่าสัญญาณไม่ดี,เปิด Web ไม่ได้,Area Manager เห็นชอบให้มีการเปลี่ยน CPE,4
69,ค่าสัญญาณไม่ดี | Internet เชื่อมต่อไม่ได้ | Modem แตกหัก/สีผ,ค่าสัญญาณไม่ดี,Internet เชื่อมต่อไม่ได้,ลูกค้าทำอุปกรณ์เสียหาย,4
69,ค่าสัญญาณไม่ดี | Internet เชื่อมต่อไม่ได้ | Modem แตกหัก/สีผ,ค่าสัญญาณไม่ดี,Internet หลุดบ่อย,ช่องรายการถูกล็อค(E016/E017),4
69,ค่าสัญญาณไม่ดี | Internet เชื่อมต่อไม่ได้ | Modem แตกหัก/สีผ,ค่าสัญญาณไม่ดี,Internet หลุดบ่อย,กล่องรับสัญญาณขัดข้อง (CA9/CA11),4
69,ค่าสัญญาณไม่ดี | Internet เชื่อมต่อไม่ได้ | Modem แตกหัก/สีผ,ค่าสัญญาณไม่ดี,Internet หลุดบ่อย,Voice ไม่ติด (ไฟ Phone ไม่ติด),4
69,ค่าสัญญาณไม่ดี | Internet เชื่อมต่อไม่ได้ | Modem แตกหัก/สีผ,ค่าสัญญาณไม่ดี,เปิด Web ไม่ได้,Costomer Knowledge,4
69,ค่าสัญญาณไม่ดี | Internet เชื่อมต่อไม่ได้ | Modem แตกหัก/สีผ,ค่าสัญญาณไม่ดี,เปิด Web ไม่ได้,BUG FIRMWARE,4
69,ค่าสัญญาณไม่ดี | Internet เชื่อมต่อไม่ได้ | Modem แตกหัก/สีผ,ค่าสัญญาณไม่ดี,เปิด Web ไม่ได้,ไม่พบปัญหาการใช้งานแล้ว,4
69,ค่าสัญญาณไม่ดี | Internet เชื่อมต่อไม่ได้ | Modem แตกหัก/สีผ,ค่าสัญญาณไม่ดี,Internet เชื่อมต่อไม่ได้,เชื่อมต่อ Remote ไม่ได้ (กล่องเสีย),4
69,ค่าสัญญาณไม่ดี | Internet เชื่อมต่อไม่ได้ | Modem แตกหัก/สีผ,ค่าสัญญาณไม่ดี,Internet เชื่อมต่อไม่ได้,ค่าสัญญาณดี แต่พบภาพขาดหาย/ ภาพแตก/ เสียงขาดหาย,4
69,ค่าสัญญาณไม่ดี | Internet เชื่อมต่อไม่ได้ | Modem แตกหัก/สีผ,ค่าสัญญาณไม่ดี,Internet ช้า,หลวม/แตกหัก,4
69,ค่าสัญญาณไม่ดี | Internet เชื่อมต่อไม่ได้ | Modem แตกหัก/สีผ,ค่าสัญญาณไม่ดี,Internet ช้า,ไม่มีสัญญาณ CATV หรือ ค่า RF ไม่ได้ตามค่ามาตรฐาน,4
69,ค่าสัญญาณไม่ดี | Internet เชื่อมต่อไม่ได้ | Modem แตกหัก/สีผ,ค่าสัญญาณไม่ดี,Internet ช้า,เหตุเสียภายใน 90 วัน,4
69,ค่าสัญญาณไม่ดี | Internet เชื่อมต่อไม่ได้ | Modem แตกหัก/สีผ,ค่าสัญญาณไม่ดี,Internet ช้า,Ticket มีการระบุให้เปลี่ยนอุปกรณ์,4
69,ค่าสัญญาณไม่ดี | Internet เชื่อมต่อไม่ได้ | Modem แตกหัก/สีผ,ค่าสัญญาณไม่ดี,Internet เชื่อมต่อไม่ได้,Auto close by BOT,3
69,ค่าสัญญาณไม่ดี | Internet เชื่อมต่อไม่ได้ | Modem แตกหัก/สีผ,ค่าสัญญาณไม่ดี,Internet ช้า,พายุ,3
69,ค่าสัญญาณไม่ดี | Internet เชื่อมต่อไม่ได้ | Modem แตกหัก/สีผ,ค่าสัญญาณไม่ดี,Internet เชื่อมต่อไม่ได้,สูญหาย,3
69,ค่าสัญญาณไม่ดี | Internet เชื่อมต่อไม่ได้ | Modem แตกหัก/สีผ,ค่าสัญญาณไม่ดี,Internet เชื่อมต่อไม่ได้,กล่องรับสัญญาณขัดข้อง (CA9/CA11),3
69,ค่าสัญญาณไม่ดี | Internet เชื่อมต่อไม่ได้ | Modem แตกหัก/สีผ,ค่าสัญญาณไม่ดี,Internet ช้า,สูญหาย,3
69,ค่าสัญญาณไม่ดี | Internet เชื่อมต่อไม่ได้ | Modem แตกหัก/สีผ,ค่าสัญญาณไม่ดี,Internet เชื่อมต่อไม่ได้,เสื่อมสภาพการใช้งาน,3
69,ค่าสัญญาณไม่ดี | Internet เชื่อมต่อไม่ได้ | Modem แตกหัก/สีผ,ค่าสัญญาณไม่ดี,Internet หลุดบ่อย,ลูกค้าแจ้งขอยกเลิกบริการ,3
69,ค่าสัญญาณไม่ดี | Internet เชื่อมต่อไม่ได้ | Modem แตกหัก/สีผ,ค่าสัญญาณไม่ดี,Internet หลุดบ่อย,ค่าสัญญาณดี ไม่มีภาพ/ ไม่มีเสียง,3
69,ค่าสัญญาณไม่ดี | Internet เชื่อมต่อไม่ได้ | Modem แตกหัก/สีผ,มีสัญญาณแต่โทรเข้า-ออกยาก,คุณภาพสัญญาน,ขัดข้อง/เสีย,3
69,ค่าสัญญาณไม่ดี | Internet เชื่อมต่อไม่ได้ | Modem แตกหัก/สีผ,ค่าสัญญาณไม่ดี,เปิด Web ไม่ได้,Modem แตกหัก/สีผิดสภาพเดิม,3
69,ค่าสัญญาณไม่ดี | Internet เชื่อมต่อไม่ได้ | Modem แตกหัก/สีผ,ค่าสัญญาณไม่ดี,Internet ช้า,อุปกรณ์ Hang,3
69,ค่าสัญญาณไม่ดี | Internet เชื่อมต่อไม่ได้ | Modem แตกหัก/สีผ,ค่าสัญญาณไม่ดี,เปิด Web ไม่ได้,ข้อต่อหลวม ไม่ดี/ไม่สนิท,3
69,ค่าสัญญาณไม่ดี | Internet เชื่อมต่อไม่ได้ | Modem แตกหัก/สีผ,ค่าสัญญาณไม่ดี,Internet ช้า,Remote ไม่ทำงาน,3
69,ค่าสัญญาณไม่ดี | Internet เชื่อมต่อไม่ได้ | Modem แตกหัก/สีผ,ค่าสัญญาณไม่ดี,Internet ช้า,แมลง(เช่น จักจั่น มด ปลวก),3
69,ค่าสัญญาณไม่ดี | Internet เชื่อมต่อไม่ได้ | Modem แตกหัก/สีผ,ค่าสัญญาณไม่ดี,เปิด Web ไม่ได้,เทศบาลตัดแต่งต้นไม้,3
69,ค่าสัญญาณไม่ดี | Internet เชื่อมต่อไม่ได้ | Modem แตกหัก/สีผ,ค่าสัญญาณไม่ดี,เปิด Web ไม่ได้,การไฟฟ้าย้ายแนว/จัดระเบียบสาย,3
69,ค่าสัญญาณไม่ดี | Internet เชื่อมต่อไม่ได้ | Modem แตกหัก/สีผ,ค่าสัญญาณไม่ดี,เปิด Web ไม่ได้,สัตว์ (เช่น ลิง กระรอก ช้าง ),3
69,ค่าสัญญาณไม่ดี | Internet เชื่อมต่อไม่ได้ | Modem แตกหัก/สีผ,ค่าสัญญาณไม่ดี,Internet ช้า,ไฟไหม้,3
69,ค่าสัญญาณไม่ดี | Internet เชื่อมต่อไม่ได้ | Modem แตกหัก/สีผ,ค่าสัญญาณไม่ดี,Internet ช้า,Port เสีย,3
69,ค่าสัญญาณไม่ดี | Internet เชื่อมต่อไม่ได้ | Modem แตกหัก/สีผ,ค่าสัญญาณไม่ดี,Internet เชื่อมต่อไม่ได้,คำสั่งเสียงไม่ทำงาน,2
69,ค่าสัญญาณไม่ดี | Internet เชื่อมต่อไม่ได้ | Modem แตกหัก/สีผ,ค่าสัญญาณไม่ดี,Internet เชื่อมต่อไม่ได้,สกปรก,2
69,ค่าสัญญาณไม่ดี | Internet เชื่อมต่อไม่ได้ | Modem แตกหัก/สีผ,ค่าสัญญาณไม่ดี,Internet เชื่อมต่อไม่ได้,Port Lan เสีย,2
69,ค่าสัญญาณไม่ดี | Internet เชื่อมต่อไม่ได้ | Modem แตกหัก/สีผ,ค่าสัญญาณไม่ดี,Connectได้แต่มีปัญหา,การใช้งานของลูกค้า,2
69,ค่าสัญญาณไม่ดี | Internet เชื่อมต่อไม่ได้ | Modem แตกหัก/สีผ,ค่าสัญญาณไม่ดี,เปิด Web ไม่ได้,Ticket มีการระบุให้เปลี่ยนอุปกรณ์,2
69,ค่าสัญญาณไม่ดี | Internet เชื่อมต่อไม่ได้ | Modem แตกหัก/สีผ,ค่าสัญญาณไม่ดี,Internet หลุดบ่อย,เสาอากาศชำรุด,2
69,ค่าสัญญาณไม่ดี | Internet เชื่อมต่อไม่ได้ | Modem แตกหัก/สีผ,ค่าสัญญาณไม่ดี,Internet เชื่อมต่อไม่ได้,พบปัญหาใหม่,2
69,ค่าสัญญาณไม่ดี | Internet เชื่อมต่อไม่ได้ | Modem แตกหัก/สีผ,ค่าสัญญาณไม่ดี,เปิด Web ไม่ได้,พายุ,2
69,ค่าสัญญาณไม่ดี | Internet เชื่อมต่อไม่ได้ | Modem แตกหัก/สีผ,ค่าสัญญาณไม่ดี,Internet ช้า,Mesh pair ไม่สำเร็จ,2
69,ค่าสัญญาณไม่ดี | Internet เชื่อมต่อไม่ได้ | Modem แตกหัก/สีผ,006 คุณภาพสัญญาณไม่ดี,โทรออก,การใช้งานของลูกค้า,2
69,ค่าสัญญาณไม่ดี | Internet เชื่อมต่อไม่ได้ | Modem แตกหัก/สีผ,ค่าสัญญาณไม่ดี,เปิด Web ไม่ได้,มีเสียงผิดปกติในตัวโมเด็ม,2
69,ค่าสัญญาณไม่ดี | Internet เชื่อมต่อไม่ได้ | Modem แตกหัก/สีผ,ค่าสัญญาณไม่ดี,เปิด Web ไม่ได้,"สายขาด,หัก (Crack)",2
69,ค่าสัญญาณไม่ดี | Internet เชื่อมต่อไม่ได้ | Modem แตกหัก/สีผ,Local Low Speed ค่าสัญญาณดี,แจ้งเสีย-Internet&Data,,2
69,ค่าสัญญาณไม่ดี | Internet เชื่อมต่อไม่ได้ | Modem แตกหัก/สีผ,อุปกรณ์ลูกค้า (device),Internet ช้า,ไฟไม่เข้า,2
69,ค่าสัญญาณไม่ดี | Internet เชื่อมต่อไม่ได้ | Modem แตกหัก/สีผ,ค่าสัญญาณไม่ดี,Internet หลุดบ่อย,ลูกค้าต้องการเปลี่ยน Hybrid Box,2
69,ค่าสัญญาณไม่ดี | Internet เชื่อมต่อไม่ได้ | Modem แตกหัก/สีผ,สายพัน/สายสลับกัน,คุณภาพสัญญาน,ส่งงานไม่ถูกต้อง,2
69,ค่าสัญญาณไม่ดี | Internet เชื่อมต่อไม่ได้ | Modem แตกหัก/สีผ,ค่าสัญญาณไม่ดี,Internet เชื่อมต่อไม่ได้,ลูกค้าร้องขอ,2
69,ค่าสัญญาณไม่ดี | Internet เชื่อมต่อไม่ได้ | Modem แตกหัก/สีผ,ค่าสัญญาณไม่ดี,Internet ช้า,Voice ไม่ติด (ไฟ Phone ไม่ติด),2
69,ค่าสัญญาณไม่ดี | Internet เชื่อมต่อไม่ได้ | Modem แตกหัก/สีผ,ค่าสัญญาณไม่ดี,Internet เชื่อมต่อไม่ได้,ลูกค้าไม่อยู่บ้าน,2
69,ค่าสัญญาณไม่ดี | Internet เชื่อมต่อไม่ได้ | Modem แตกหัก/สีผ,ค่าสัญญาณไม่ดี,Internet เชื่อมต่อไม่ได้,ผรม ติดตั้งกล่องไม่สมบูรณ์,2
69,ค่าสัญญาณไม่ดี | Internet เชื่อมต่อไม่ได้ | Modem แตกหัก/สีผ,ค่าสัญญาณไม่ดี,Internet ช้า,wifi ของกล่องเสีย,2
69,ค่าสัญญาณไม่ดี | Internet เชื่อมต่อไม่ได้ | Modem แตกหัก/สีผ,ค่าสัญญาณไม่ดี,เปิด Web ไม่ได้,แมลง(เช่น จักจั่น มด ปลวก),2
69,ค่าสัญญาณไม่ดี | Internet เชื่อมต่อไม่ได้ | Modem แตกหัก/สีผ,ค่าสัญญาณไม่ดี,Internet หลุดบ่อย,เชื่อมต่อ Remote ไม่ได้ (กล่องเสีย),2
69,ค่าสัญญาณไม่ดี | Internet เชื่อมต่อไม่ได้ | Modem แตกหัก/สีผ,ค่าสัญญาณไม่ดี,Internet หลุดบ่อย,สายขาด,2
69,ค่าสัญญาณไม่ดี | Internet เชื่อมต่อไม่ได้ | Modem แตกหัก/สีผ,ค่าสัญญาณไม่ดี,เปิด Web ไม่ได้,Port เสีย,2
69,ค่าสัญญาณไม่ดี | Internet เชื่อมต่อไม่ได้ | Modem แตกหัก/สีผ,ค่าสัญญาณไม่ดี,Internet เชื่อมต่อไม่ได้,CONFIG CHANGE/BUG FIRMWARE,2
69,ค่าสัญญาณไม่ดี | Internet เชื่อมต่อไม่ได้ | Modem แตกหัก/สีผ,ค่าสัญญาณไม่ดี,Internet หลุดบ่อย,ผรม ติดตั้งกล่องไม่สมบูรณ์,2
69,ค่าสัญญาณไม่ดี | Internet เชื่อมต่อไม่ได้ | Modem แตกหัก/สีผ,ค่าสัญญาณไม่ดี,Internet ช้า,บุคคลเจตนาร้าย-ตัดทำลายข่ายสาย,2
69,ค่าสัญญาณไม่ดี | Internet เชื่อมต่อไม่ได้ | Modem แตกหัก/สีผ,ค่าสัญญาณไม่ดี,Internet ช้า,"สายขาด,หัก (Crack)",2
69,ค่าสัญญาณไม่ดี | Internet เชื่อมต่อไม่ได้ | Modem แตกหัก/สีผ,Repeatมากกว่า2ครั้ง-ปัญหาWirelessค่าสัญญาณดี,Connectได้แต่มีปัญหา,เหตุเสียใช้ได้ ก่อนช่างถึงบ้าน,2
69,ค่าสัญญาณไม่ดี | Internet เชื่อมต่อไม่ได้ | Modem แตกหัก/สีผ,ปัญหาระบบ,ใช้กล้องวงจรปิดไม่ได้,LAN เสีย,2
69,ค่าสัญญาณไม่ดี | Internet เชื่อมต่อไม่ได้ | Modem แตกหัก/สีผ,ค่าสัญญาณไม่ดี,Internet ช้า,ลูกค้าแจ้งขอยกเลิกบริการ,2
69,ค่าสัญญาณไม่ดี | Internet เชื่อมต่อไม่ได้ | Modem แตกหัก/สีผ,ค่าสัญญาณไม่ดี,เปิด Web ไม่ได้,ไฟไหม้,2
69,ค่าสัญญาณไม่ดี | Internet เชื่อมต่อไม่ได้ | Modem แตกหัก/สีผ,ค่าสัญญาณไม่ดี,Internet หลุดบ่อย,"ลูกค้าไม่สะดวก (ไม่อยู่บ้าน,ไม่แจ้งเหตุผล)",1
69,ค่าสัญญาณไม่ดี | Internet เชื่อมต่อไม่ได้ | Modem แตกหัก/สีผ,ค่าสัญญาณไม่ดี,FTTR-Connectได้ แต่มีปัญหา,ส่งงานไม่ถูกต้อง,1
69,ค่าสัญญาณไม่ดี | Internet เชื่อมต่อไม่ได้ | Modem แตกหัก/สีผ,อุปกรณ์ลูกค้า (device),Internet ช้า,Modemไม่ lock/ไม่ Synch/High Loss,1
69,ค่าสัญญาณไม่ดี | Internet เชื่อมต่อไม่ได้ | Modem แตกหัก/สีผ,ค่าสัญญาณไม่ดี,Internet ช้า,CONFIG CHANGE/BUG FIRMWARE,1
69,ค่าสัญญาณไม่ดี | Internet เชื่อมต่อไม่ได้ | Modem แตกหัก/สีผ,มีสัญญาณแต่โทรเข้า-ออกยาก,คุณภาพสัญญาน,CONFIG CHANGE,1
69,ค่าสัญญาณไม่ดี | Internet เชื่อมต่อไม่ได้ | Modem แตกหัก/สีผ,ค่าสัญญาณไม่ดี,Internet หลุดบ่อย,เสนอบริการพิเศษ,1
69,ค่าสัญญาณไม่ดี | Internet เชื่อมต่อไม่ได้ | Modem แตกหัก/สีผ,ค่าสัญญาณไม่ดี,Internet หลุดบ่อย,Port HDMI/AV เสีย,1
69,ค่าสัญญาณไม่ดี | Internet เชื่อมต่อไม่ได้ | Modem แตกหัก/สีผ,2Gbps ปัญหา low speed,Internet ช้า,เหตุเสียใช้ได้ ก่อนช่างถึงบ้าน,1
69,ค่าสัญญาณไม่ดี | Internet เชื่อมต่อไม่ได้ | Modem แตกหัก/สีผ,ค่าสัญญาณไม่ดี,Internet หลุดบ่อย,ติดตั้ง AP ระยะ 20 ม.,1
69,ค่าสัญญาณไม่ดี | Internet เชื่อมต่อไม่ได้ | Modem แตกหัก/สีผ,ค่าสัญญาณไม่ดี,CMDU-ปัญหาสัญญาณ,ขัดข้อง/เสีย,1
69,ค่าสัญญาณไม่ดี | Internet เชื่อมต่อไม่ได้ | Modem แตกหัก/สีผ,ค่าสัญญาณไม่ดี,Connectได้แต่มีปัญหา,เหตุเสียใช้ได้ ก่อนช่างถึงบ้าน,1
69,ค่าสัญญาณไม่ดี | Internet เชื่อมต่อไม่ได้ | Modem แตกหัก/สีผ,ค่าสัญญาณไม่ดี,Connectได้แต่มีปัญหา,ลูกค้าเปลี่ยนใจ/ลูกค้าขอยกเลิกบริการเอง,1
69,ค่าสัญญาณไม่ดี | Internet เชื่อมต่อไม่ได้ | Modem แตกหัก/สีผ,ค่าสัญญาณไม่ดี,CMDU-ปัญหาสัญญาณ,CONFIG CHANGE,1
69,ค่าสัญญาณไม่ดี | Internet เชื่อมต่อไม่ได้ | Modem แตกหัก/สีผ,ค่าสัญญาณไม่ดี,Internet หลุดบ่อย,Module เสีย,1
69,ค่าสัญญาณไม่ดี | Internet เชื่อมต่อไม่ได้ | Modem แตกหัก/สีผ,ค่าสัญญาณไม่ดี,Internet หลุดบ่อย,แมลง/สัตว์,1
69,ค่าสัญญาณไม่ดี | Internet เชื่อมต่อไม่ได้ | Modem แตกหัก/สีผ,ค่าสัญญาณไม่ดี,Internet เชื่อมต่อไม่ได้,ระยะสาย D/W,1
69,ค่าสัญญาณไม่ดี | Internet เชื่อมต่อไม่ได้ | Modem แตกหัก/สีผ,ค่าสัญญาณไม่ดี,Internet ช้า,ลูกค้าต้องการเปลี่ยน Set Top Box,1
69,ค่าสัญญาณไม่ดี | Internet เชื่อมต่อไม่ได้ | Modem แตกหัก/สีผ,อุปกรณ์ลูกค้า (device),เปิด Website ไม่ได้บาง Web,ไม่มีสัญญาณ CATV หรือ ค่า RF ไม่ได้ตามค่ามาตรฐาน,1
69,ค่าสัญญาณไม่ดี | Internet เชื่อมต่อไม่ได้ | Modem แตกหัก/สีผ,ค่าสัญญาณไม่ดี,Internet ช้า,Module เสีย,1
69,ค่าสัญญาณไม่ดี | Internet เชื่อมต่อไม่ได้ | Modem แตกหัก/สีผ,ค่าสัญญาณไม่ดี,Internet ช้า,ค่าสัญญาณดี ไม่มีภาพ/ ไม่มีเสียง,1
69,ค่าสัญญาณไม่ดี | Internet เชื่อมต่อไม่ได้ | Modem แตกหัก/สีผ,ค่าสัญญาณไม่ดี,Internet ช้า,หลอดไฟ LED Status เสีย,1
69,ค่าสัญญาณไม่ดี | Internet เชื่อมต่อไม่ได้ | Modem แตกหัก/สีผ,ค่าสัญญาณไม่ดี,เปิด Web ไม่ได้,เสาอากาศชำรุด,1
69,ค่าสัญญาณไม่ดี | Internet เชื่อมต่อไม่ได้ | Modem แตกหัก/สีผ,ค่าสัญญาณไม่ดี,Internet เชื่อมต่อไม่ได้,ช่องรายการถูกล็อค(E016/E017),1
69,ค่าสัญญาณไม่ดี | Internet เชื่อมต่อไม่ได้ | Modem แตกหัก/สีผ,ค่าสัญญาณไม่ดี,Internet หลุดบ่อย,Dongle เสีย,1
69,ค่าสัญญาณไม่ดี | Internet เชื่อมต่อไม่ได้ | Modem แตกหัก/สีผ,ค่าสัญญาณไม่ดี,FTTR-Connectไม่ได้,เหตุเสียใช้ได้ ก่อนช่างถึงบ้าน,1
69,ค่าสัญญาณไม่ดี | Internet เชื่อมต่อไม่ได้ | Modem แตกหัก/สีผ,006 คุณภาพสัญญาณไม่ดี,โทรออก,,1
69,ค่าสัญญาณไม่ดี | Internet เชื่อมต่อไม่ได้ | Modem แตกหัก/สีผ,ค่าสัญญาณไม่ดี,Internet ช้า,เสาอากาศชำรุด,1
69,ค่าสัญญาณไม่ดี | Internet เชื่อมต่อไม่ได้ | Modem แตกหัก/สีผ,Repeatมากกว่า2ครั้ง-ปัญหาWirelessค่าสัญญาณดี,Connectได้แต่มีปัญหา,ลูกค้าเปลี่ยนใจ/ลูกค้าขอยกเลิกบริการเอง,1
69,ค่าสัญญาณไม่ดี | Internet เชื่อมต่อไม่ได้ | Modem แตกหัก/สีผ,ค่าสัญญาณไม่ดี,Connectได้แต่มีปัญหา,ขัดข้อง/เสีย,1
69,ค่าสัญญาณไม่ดี | Internet เชื่อมต่อไม่ได้ | Modem แตกหัก/สีผ,ค่าสัญญาณไม่ดี,Internet หลุดบ่อย,CONFIG CHANGE/BUG FIRMWARE,1
69,ค่าสัญญาณไม่ดี | Internet เชื่อมต่อไม่ได้ | Modem แตกหัก/สีผ,Internetหลุดบ่อย-อุปกรณ์ลูกค้า (device),FTTR-Connectได้ แต่มีปัญหา,ส่งงานไม่ถูกต้อง,1
69,ค่าสัญญาณไม่ดี | Internet เชื่อมต่อไม่ได้ | Modem แตกหัก/สีผ,ค่าสัญญาณไม่ดี,เปิด Web ไม่ได้,หลวม/แตกหัก,1
69,ค่าสัญญาณไม่ดี | Internet เชื่อมต่อไม่ได้ | Modem แตกหัก/สีผ,ค่าสัญญาณไม่ดี,Internet เชื่อมต่อไม่ได้,ลูกค้าปิด Modem,1
69,ค่าสัญญาณไม่ดี | Internet เชื่อมต่อไม่ได้ | Modem แตกหัก/สีผ,ค่าสัญญาณไม่ดี,เปิด Web ไม่ได้,อุปกรณ์ Hang,1
69,ค่าสัญญาณไม่ดี | Internet เชื่อมต่อไม่ได้ | Modem แตกหัก/สีผ,ค่าสัญญาณไม่ดี,Internet ช้า,หัวสายสำเร็จSC-APC สกปรก,1
69,ค่าสัญญาณไม่ดี | Internet เชื่อมต่อไม่ได้ | Modem แตกหัก/สีผ,ค่าสัญญาณไม่ดี,Internet หลุดบ่อย,Port HDMI/AV/optical/usb เสีย,1
69,ค่าสัญญาณไม่ดี | Internet เชื่อมต่อไม่ได้ | Modem แตกหัก/สีผ,ค่าสัญญาณไม่ดี,FTTR-Connectไม่ได้,ขัดข้อง/เสีย,1
69,ค่าสัญญาณไม่ดี | Internet เชื่อมต่อไม่ได้ | Modem แตกหัก/สีผ,ค่าสัญญาณไม่ดี,เปิด Web ไม่ได้,wifi ของกล่องเสีย,1
69,ค่าสัญญาณไม่ดี | Internet เชื่อมต่อไม่ได้ | Modem แตกหัก/สีผ,ค่าสัญญาณไม่ดี,FTTR-Connectได้ แต่มีปัญหา,ขัดข้อง/เสีย,1
69,ค่าสัญญาณไม่ดี | Internet เชื่อมต่อไม่ได้ | Modem แตกหัก/สีผ,อุปกรณ์ลูกค้า (device),Internet หลุดบ่อย,LAN เสีย,1
69,ค่าสัญญาณไม่ดี | Internet เชื่อมต่อไม่ได้ | Modem แตกหัก/สีผ,ค่าสัญญาณไม่ดี,Internet ช้า,กล่องรับสัญญาณขัดข้อง (ER16/E048),1
69,ค่าสัญญาณไม่ดี | Internet เชื่อมต่อไม่ได้ | Modem แตกหัก/สีผ,ค่าสัญญาณไม่ดี,เปิด Web ไม่ได้,หัวสายสำเร็จSC-APC สกปรก,1
69,ค่าสัญญาณไม่ดี | Internet เชื่อมต่อไม่ได้ | Modem แตกหัก/สีผ,ค่าสัญญาณไม่ดี,เปิด Web ไม่ได้,ระยะสาย Drop Wire ไกล,1
69,ค่าสัญญาณไม่ดี | Internet เชื่อมต่อไม่ได้ | Modem แตกหัก/สีผ,ค่าสัญญาณไม่ดี,Internet เชื่อมต่อไม่ได้,Fault After Event,1
69,ค่าสัญญาณไม่ดี | Internet เชื่อมต่อไม่ได้ | Modem แตกหัก/สีผ,ค่าสัญญาณไม่ดี,FTTR-Connectได้ แต่มีปัญหา,รถเกี่ยว,1
69,ค่าสัญญาณไม่ดี | Internet เชื่อมต่อไม่ได้ | Modem แตกหัก/สีผ,ค่าสัญญาณไม่ดี,Internet หลุดบ่อย,Mesh pair ไม่สำเร็จ,1
69,ค่าสัญญาณไม่ดี | Internet เชื่อมต่อไม่ได้ | Modem แตกหัก/สีผ,ค่าสัญญาณไม่ดี,Internet เชื่อมต่อไม่ได้,ติดตั้งไม่ได้มาตรฐาน,1
69,ค่าสัญญาณไม่ดี | Internet เชื่อมต่อไม่ได้ | Modem แตกหัก/สีผ,ค่าสัญญาณไม่ดี,เปิด Web ไม่ได้,ค่าสัญญาณดี แต่พบภาพขาดหาย/ ภาพแตก/ เสียงขาดหาย,1
69,ค่าสัญญาณไม่ดี | Internet เชื่อมต่อไม่ได้ | Modem แตกหัก/สีผ,ค่าสัญญาณไม่ดี,Internet หลุดบ่อย,คำสั่งเสียงไม่ทำงาน,1
69,ค่าสัญญาณไม่ดี | Internet เชื่อมต่อไม่ได้ | Modem แตกหัก/สีผ,ค่าสัญญาณไม่ดี,Internet เชื่อมต่อไม่ได้,Port HDMI/AV เสีย,1
69,ค่าสัญญาณไม่ดี | Internet เชื่อมต่อไม่ได้ | Modem แตกหัก/สีผ,ค่าสัญญาณไม่ดี,Internet หลุดบ่อย,อุปกรณ์ลูกค้า TV/เครื่องเสียง/อุปกรณ์ Bluetooth,1
69,ค่าสัญญาณไม่ดี | Internet เชื่อมต่อไม่ได้ | Modem แตกหัก/สีผ,ค่าสัญญาณไม่ดี,Internet หลุดบ่อย,สกปรก,1
69,ค่าสัญญาณไม่ดี | Internet เชื่อมต่อไม่ได้ | Modem แตกหัก/สีผ,ค่าสัญญาณไม่ดี,Internet เชื่อมต่อไม่ได้,ทรูรับผิดชอบ,1
69,ค่าสัญญาณไม่ดี | Internet เชื่อมต่อไม่ได้ | Modem แตกหัก/สีผ,ค่าสัญญาณไม่ดี,Internet เชื่อมต่อไม่ได้,Process,1
69,ค่าสัญญาณไม่ดี | Internet เชื่อมต่อไม่ได้ | Modem แตกหัก/สีผ,ค่าสัญญาณไม่ดี,เปิด Web ไม่ได้,ลูกค้าไม่อยู่บ้าน,1
69,ค่าสัญญาณไม่ดี | Internet เชื่อมต่อไม่ได้ | Modem แตกหัก/สีผ,ค่าสัญญาณไม่ดี,Internet หลุดบ่อย,กล่องรับสัญญาณขัดข้อง (ER16/E048),1
69,ค่าสัญญาณไม่ดี | Internet เชื่อมต่อไม่ได้ | Modem แตกหัก/สีผ,เงียบ ไม่มีสัญญาณบางช่วงเวลา,คุณภาพสัญญาน,Modem ไม่รองรับ Package ลูกค้า,1
69,ค่าสัญญาณไม่ดี | Internet เชื่อมต่อไม่ได้ | Modem แตกหัก/สีผ,ค่าสัญญาณไม่ดี,Internet ช้า,สั่งด้วยเสียไม่ได้ (กล่องเสีย),1
69,ค่าสัญญาณไม่ดี | Internet เชื่อมต่อไม่ได้ | Modem แตกหัก/สีผ,ค่าสัญญาณไม่ดี,เปิด Web ไม่ได้,บุคคลเจตนาร้าย-ตัดทำลายข่ายสาย,1
69,ค่าสัญญาณไม่ดี | Internet เชื่อมต่อไม่ได้ | Modem แตกหัก/สีผ,ค่าสัญญาณไม่ดี,Internet หลุดบ่อย,ลูกค้าทำอุปกรณ์เสียหาย,1
69,ค่าสัญญาณไม่ดี | Internet เชื่อมต่อไม่ได้ | Modem แตกหัก/สีผ,ค่าสัญญาณไม่ดี,FTTR-Connectไม่ได้,CONFIG CHANGE,1
69,ค่าสัญญาณไม่ดี | Internet เชื่อมต่อไม่ได้ | Modem แตกหัก/สีผ,ค่าสัญญาณไม่ดี,CMDU-ปัญหาสัญญาณ,การใช้งานของลูกค้า,1
69,ค่าสัญญาณไม่ดี | Internet เชื่อมต่อไม่ได้ | Modem แตกหัก/สีผ,ค่าสัญญาณไม่ดี,เปิด Web ไม่ได้,Port Lan เสีย,1
69,ค่าสัญญาณไม่ดี | Internet เชื่อมต่อไม่ได้ | Modem แตกหัก/สีผ,ค่าสัญญาณไม่ดี,เปิด Web ไม่ได้,ลูกค้าทำอุปกรณ์เสียหาย,1
69,ค่าสัญญาณไม่ดี | Internet เชื่อมต่อไม่ได้ | Modem แตกหัก/สีผ,2Gbps ปัญหา low speed,Internet ช้า,Costomer Knowledge,1
69,ค่าสัญญาณไม่ดี | Internet เชื่อมต่อไม่ได้ | Modem แตกหัก/สีผ,ค่าสัญญาณไม่ดี,Internet หลุดบ่อย,สูญหาย,1
69,ค่าสัญญาณไม่ดี | Internet เชื่อมต่อไม่ได้ | Modem แตกหัก/สีผ,2Gbps ปัญหา low speed,Internet ช้า,อุปกรณ์คืนค่าโรงงาน,1
69,ค่าสัญญาณไม่ดี | Internet เชื่อมต่อไม่ได้ | Modem แตกหัก/สีผ,ค่าสัญญาณไม่ดี,Internet ช้า,ค่าสัญญาณดี ภาพค้าง/ ขาดหาย,1
69,ค่าสัญญาณไม่ดี | Internet เชื่อมต่อไม่ได้ | Modem แตกหัก/สีผ,ค่าสัญญาณไม่ดี,Internet ช้า,เสื่อมสภาพการใช้งาน,1
69,ค่าสัญญาณไม่ดี | Internet เชื่อมต่อไม่ได้ | Modem แตกหัก/สีผ,ค่าสัญญาณไม่ดี,Internet ช้า,ค่าสัญญาณดี แต่พบภาพขาดหาย/ ภาพแตก/ เสียงขาดหาย,1
69,ค่าสัญญาณไม่ดี | Internet เชื่อมต่อไม่ได้ | Modem แตกหัก/สีผ,ค่าสัญญาณไม่ดี,Internet เชื่อมต่อไม่ได้,Exp ดี - ลูกค้าไม่สะดวกให้ตรวจสอบ,1
69,ค่าสัญญาณไม่ดี | Internet เชื่อมต่อไม่ได้ | Modem แตกหัก/สีผ,ค่าสัญญาณไม่ดี,Internet หลุดบ่อย,พบปัญหาใหม่,1
69,ค่าสัญญาณไม่ดี | Internet เชื่อมต่อไม่ได้ | Modem แตกหัก/สีผ,ค่าสัญญาณไม่ดี,Internet หลุดบ่อย,กล่องรับสัญญาณขัดข้อง (E161),1
69,ค่าสัญญาณไม่ดี | Internet เชื่อมต่อไม่ได้ | Modem แตกหัก/สีผ,ค่าสัญญาณไม่ดี,เปิด Web ไม่ได้,รถเกี่ยว,1
69,ค่าสัญญาณไม่ดี | Internet เชื่อมต่อไม่ได้ | Modem แตกหัก/สีผ,ค่าสัญญาณไม่ดี,เปิด Web ไม่ได้,ไม่ตรงรุ่น,1
69,ค่าสัญญาณไม่ดี | Internet เชื่อมต่อไม่ได้ | Modem แตกหัก/สีผ,ค่าสัญญาณไม่ดี,Internet เชื่อมต่อไม่ได้,กล่องรับสัญญาณขัดข้อง (E161),1
69,ค่าสัญญาณไม่ดี | Internet เชื่อมต่อไม่ได้ | Modem แตกหัก/สีผ,ค่าสัญญาณไม่ดี,Internet ช้า,สายขาด,1
69,ค่าสัญญาณไม่ดี | Internet เชื่อมต่อไม่ได้ | Modem แตกหัก/สีผ,ค่าสัญญาณไม่ดี,Internet หลุดบ่อย,ลูกค้าต้องการเปลี่ยน Set Top Box,1
70,ปัญหา WiFi | Internet หลุดบ่อย | การใช้งานของลูกค้า,ปัญหา WiFi,Internet ช้า,,18169
70,ปัญหา WiFi | Internet หลุดบ่อย | การใช้งานของลูกค้า,ปัญหา WiFi,เปิด Web ไม่ได้,,10405
70,ปัญหา WiFi | Internet หลุดบ่อย | การใช้งานของลูกค้า,ปัญหา WiFi,Internet หลุดบ่อย,ส่งงานไม่ถูกต้อง,7381
70,ปัญหา WiFi | Internet หลุดบ่อย | การใช้งานของลูกค้า,ปัญหา WiFi,Internet หลุดบ่อย,,6809
70,ปัญหา WiFi | Internet หลุดบ่อย | การใช้งานของลูกค้า,ปัญหา WiFi,Internet หลุดบ่อย,CONFIG CHANGE,6653
70,ปัญหา WiFi | Internet หลุดบ่อย | การใช้งานของลูกค้า,ปัญหา WiFi,Internet หลุดบ่อย,การใช้งานของลูกค้า,4840
70,ปัญหา WiFi | Internet หลุดบ่อย | การใช้งานของลูกค้า,ปัญหา WiFi,Internet หลุดบ่อย,Monitor เหตุเสียครบตามเงื่อนไข,3626
70,ปัญหา WiFi | Internet หลุดบ่อย | การใช้งานของลูกค้า,ปัญหา WiFi,Internet หลุดบ่อย,มีสัญญาณรบกวน WiFi สูง,3131
70,ปัญหา WiFi | Internet หลุดบ่อย | การใช้งานของลูกค้า,ปัญหา WiFi,Internet หลุดบ่อย,ไม่พบปัญหาการใช้งานแล้ว,2574
70,ปัญหา WiFi | Internet หลุดบ่อย | การใช้งานของลูกค้า,ปัญหา WiFi,Internet ช้า,CONFIG CHANGE,2107
70,ปัญหา WiFi | Internet หลุดบ่อย | การใช้งานของลูกค้า,ปัญหา WiFi,Internet หลุดบ่อย,ไม่ทราบสาเหตุ,1534
70,ปัญหา WiFi | Internet หลุดบ่อย | การใช้งานของลูกค้า,ปัญหา WiFi,Internet ช้า,การใช้งานของลูกค้า,1374
70,ปัญหา WiFi | Internet หลุดบ่อย | การใช้งานของลูกค้า,ปัญหา WiFi,Internet ช้า,ส่งงานไม่ถูกต้อง,999
70,ปัญหา WiFi | Internet หลุดบ่อย | การใช้งานของลูกค้า,ปัญหา WiFi,Internet ช้า,Monitor เหตุเสียครบตามเงื่อนไข,841
70,ปัญหา WiFi | Internet หลุดบ่อย | การใช้งานของลูกค้า,ปัญหา WiFi,Internet หลุดบ่อย,ลูกค้าต้องการเปลี่ยน Modem,768
70,ปัญหา WiFi | Internet หลุดบ่อย | การใช้งานของลูกค้า,ปัญหา WiFi,Internet หลุดบ่อย,ลูกค้าเปลี่ยนใจ/ลูกค้าขอยกเลิกบริการเอง,712
70,ปัญหา WiFi | Internet หลุดบ่อย | การใช้งานของลูกค้า,ปัญหา WiFi,Internet ช้า,มีสัญญาณรบกวน WiFi สูง,656
70,ปัญหา WiFi | Internet หลุดบ่อย | การใช้งานของลูกค้า,ปัญหา WiFi,Internet หลุดบ่อย,ขัดข้อง/เสีย,637
70,ปัญหา WiFi | Internet หลุดบ่อย | การใช้งานของลูกค้า,ปัญหา WiFi,Internet หลุดบ่อย,Reboot,497
70,ปัญหา WiFi | Internet หลุดบ่อย | การใช้งานของลูกค้า,ปัญหา WiFi,Internet หลุดบ่อย,เหตุเสียใช้ได้ ก่อนช่างถึงบ้าน,458
70,ปัญหา WiFi | Internet หลุดบ่อย | การใช้งานของลูกค้า,ปัญหา WiFi,Internet ช้า,ไม่ทราบสาเหตุ,380
70,ปัญหา WiFi | Internet หลุดบ่อย | การใช้งานของลูกค้า,ปัญหา Router,เปิด Web ไม่ได้,มีสัญญาณรบกวน WiFi สูง,360
70,ปัญหา WiFi | Internet หลุดบ่อย | การใช้งานของลูกค้า,ปัญหา WiFi,Internet หลุดบ่อย,อุปกรณ์คืนค่าโรงงาน,351
70,ปัญหา WiFi | Internet หลุดบ่อย | การใช้งานของลูกค้า,ปัญหา WiFi,เปิด Web ไม่ได้,CONFIG CHANGE,329
70,ปัญหา WiFi | Internet หลุดบ่อย | การใช้งานของลูกค้า,ปัญหา WiFi,เปิด Web ไม่ได้,ส่งงานไม่ถูกต้อง,321
70,ปัญหา WiFi | Internet หลุดบ่อย | การใช้งานของลูกค้า,ปัญหา WiFi,เปิด Web ไม่ได้,การใช้งานของลูกค้า,312
70,ปัญหา WiFi | Internet หลุดบ่อย | การใช้งานของลูกค้า,ปัญหา WiFi,Internet ช้า,ไม่พบปัญหาการใช้งานแล้ว,294
70,ปัญหา WiFi | Internet หลุดบ่อย | การใช้งานของลูกค้า,ปัญหา WiFi,Internet ช้า,ลูกค้าต้องการเปลี่ยน Modem,259
70,ปัญหา WiFi | Internet หลุดบ่อย | การใช้งานของลูกค้า,ปัญหา WiFi,Internet หลุดบ่อย,ลูกค้าใช้งาน Wi Fi ห่างจาก Modem,250
70,ปัญหา WiFi | Internet หลุดบ่อย | การใช้งานของลูกค้า,ปัญหา WiFi,Internet ช้า,ลูกค้าเปลี่ยนใจ/ลูกค้าขอยกเลิกบริการเอง,222
70,ปัญหา WiFi | Internet หลุดบ่อย | การใช้งานของลูกค้า,ปัญหา WiFi,Internet หลุดบ่อย,ไฟไม่เข้า,216
70,ปัญหา WiFi | Internet หลุดบ่อย | การใช้งานของลูกค้า,ปัญหา WiFi,Internet หลุดบ่อย,Modemไม่ lock/ไม่ Synch/High Loss,203
70,ปัญหา WiFi | Internet หลุดบ่อย | การใช้งานของลูกค้า,ปัญหา WiFi,Internet ช้า,เหตุเสียใช้ได้ ก่อนช่างถึงบ้าน,167
70,ปัญหา WiFi | Internet หลุดบ่อย | การใช้งานของลูกค้า,ปัญหา WiFi,Internet ช้า,ขัดข้อง/เสีย,157
70,ปัญหา WiFi | Internet หลุดบ่อย | การใช้งานของลูกค้า,ปัญหา WiFi,เปิด Web ไม่ได้,Monitor เหตุเสียครบตามเงื่อนไข,152
70,ปัญหา WiFi | Internet หลุดบ่อย | การใช้งานของลูกค้า,ปัญหาการใช้งานของลูกค้า,Internet ช้า,มีสัญญาณรบกวน WiFi สูง,141
70,ปัญหา WiFi | Internet หลุดบ่อย | การใช้งานของลูกค้า,ปัญหา WiFi,Internet ช้า,ลูกค้าใช้งาน Wi Fi ห่างจาก Modem,124
70,ปัญหา WiFi | Internet หลุดบ่อย | การใช้งานของลูกค้า,ปัญหา WiFi,Internet ช้า,Reboot,105
70,ปัญหา WiFi | Internet หลุดบ่อย | การใช้งานของลูกค้า,หลุดบ่อย,แจ้งเสีย-WiFi,,90
70,ปัญหา WiFi | Internet หลุดบ่อย | การใช้งานของลูกค้า,ปัญหา WiFi,เปิด Web ไม่ได้,ไม่ทราบสาเหตุ,86
70,ปัญหา WiFi | Internet หลุดบ่อย | การใช้งานของลูกค้า,ปัญหา WiFi,Internet หลุดบ่อย,ทดสอบและอธิบายลูกค้า,81
70,ปัญหา WiFi | Internet หลุดบ่อย | การใช้งานของลูกค้า,ปัญหา WiFi,เปิด Web ไม่ได้,มีสัญญาณรบกวน WiFi สูง,79
70,ปัญหา WiFi | Internet หลุดบ่อย | การใช้งานของลูกค้า,ปัญหา WiFi,เปิด Web ไม่ได้,ลูกค้าเปลี่ยนใจ/ลูกค้าขอยกเลิกบริการเอง,77
70,ปัญหา WiFi | Internet หลุดบ่อย | การใช้งานของลูกค้า,ปัญหา WiFi,Internet หลุดบ่อย,Modem ไม่รองรับ Package ลูกค้า,74
70,ปัญหา WiFi | Internet หลุดบ่อย | การใช้งานของลูกค้า,ปัญหา WiFi,Internet ช้า,Modemไม่ lock/ไม่ Synch/High Loss,68
70,ปัญหา WiFi | Internet หลุดบ่อย | การใช้งานของลูกค้า,ปัญหา WiFi,เปิด Web ไม่ได้,เหตุเสียใช้ได้ ก่อนช่างถึงบ้าน,66
70,ปัญหา WiFi | Internet หลุดบ่อย | การใช้งานของลูกค้า,ปัญหา WiFi,Internet หลุดบ่อย,สายหัก/สายงอ/สายถูกดึงรั้ง,57
70,ปัญหา WiFi | Internet หลุดบ่อย | การใช้งานของลูกค้า,ปัญหา WiFi,เปิด Web ไม่ได้,ไม่พบปัญหาการใช้งานแล้ว,56
70,ปัญหา WiFi | Internet หลุดบ่อย | การใช้งานของลูกค้า,ปัญหา WiFi,เปิด Web ไม่ได้,ลูกค้าต้องการเปลี่ยน Modem,55
70,ปัญหา WiFi | Internet หลุดบ่อย | การใช้งานของลูกค้า,ปัญหา WiFi,เปิด Web ไม่ได้,อุปกรณ์คืนค่าโรงงาน,54
70,ปัญหา WiFi | Internet หลุดบ่อย | การใช้งานของลูกค้า,ปัญหา WiFi,เปิด Web ไม่ได้,ขัดข้อง/เสีย,48
70,ปัญหา WiFi | Internet หลุดบ่อย | การใช้งานของลูกค้า,ปัญหา WiFi,Internet ช้า,ไฟไม่เข้า,46
70,ปัญหา WiFi | Internet หลุดบ่อย | การใช้งานของลูกค้า,ปัญหา WiFi,Internet ช้า,อุปกรณ์คืนค่าโรงงาน,46
70,ปัญหา WiFi | Internet หลุดบ่อย | การใช้งานของลูกค้า,ปัญหา WiFi,Internet หลุดบ่อย,พบปัญหาใหม่,46
70,ปัญหา WiFi | Internet หลุดบ่อย | การใช้งานของลูกค้า,ปัญหา WiFi,Internet หลุดบ่อย,หัวสายสำเร็จSC-APC หลวม /ไม่สนิท,43
70,ปัญหา WiFi | Internet หลุดบ่อย | การใช้งานของลูกค้า,ปัญหา WiFi,Internet หลุดบ่อย,Switch on/off เสีย/ชำรุดแตกหัก,43
70,ปัญหา WiFi | Internet หลุดบ่อย | การใช้งานของลูกค้า,ปัญหา WiFi,Internet หลุดบ่อย,Wi-fi 2.4G ไม่รองรับ Speed,40
70,ปัญหา WiFi | Internet หลุดบ่อย | การใช้งานของลูกค้า,ปัญหา Router,Internet หลุดบ่อย,มีสัญญาณรบกวน WiFi สูง,37
70,ปัญหา WiFi | Internet หลุดบ่อย | การใช้งานของลูกค้า,ปัญหา WiFi,Internet ช้า,ทดสอบและอธิบายลูกค้า,35
70,ปัญหา WiFi | Internet หลุดบ่อย | การใช้งานของลูกค้า,ปัญหา WiFi,เปิด Web ไม่ได้,ไฟไม่เข้า,35
70,ปัญหา WiFi | Internet หลุดบ่อย | การใช้งานของลูกค้า,ปัญหา WiFi,Internet หลุดบ่อย,หัวสายสำเร็จSC-APC เสีย,32
70,ปัญหา WiFi | Internet หลุดบ่อย | การใช้งานของลูกค้า,ปัญหา WiFi,Internet หลุดบ่อย,Modem แตกหัก/สีผิดสภาพเดิม,31
70,ปัญหา WiFi | Internet หลุดบ่อย | การใช้งานของลูกค้า,ปัญหา WiFi,Internet หลุดบ่อย,เปลี่ยน process การทำงาน,31
70,ปัญหา WiFi | Internet หลุดบ่อย | การใช้งานของลูกค้า,ปัญหาการใช้งานของลูกค้า,Internet ช้า,ลูกค้าใช้งาน Wi Fi ห่างจาก Modem,31
70,ปัญหา WiFi | Internet หลุดบ่อย | การใช้งานของลูกค้า,ปัญหาการใช้งานของลูกค้า,Internet หลุดบ่อย,มีสัญญาณรบกวน WiFi สูง,30
70,ปัญหา WiFi | Internet หลุดบ่อย | การใช้งานของลูกค้า,ปัญหา WiFi,Internet ช้า,Modem ไม่รองรับ Package ลูกค้า,29
70,ปัญหา WiFi | Internet หลุดบ่อย | การใช้งานของลูกค้า,ปัญหา WiFi,Internet หลุดบ่อย,สัญญาณ Wifi ไม่ครอบคลุม,28
70,ปัญหา WiFi | Internet หลุดบ่อย | การใช้งานของลูกค้า,ปัญหา WiFi,เปิด Web ไม่ได้,Reboot,27
70,ปัญหา WiFi | Internet หลุดบ่อย | การใช้งานของลูกค้า,ปัญหา WiFi,Internet ช้า,สัญญาณ Wifi ไม่ครอบคลุม,26
70,ปัญหา WiFi | Internet หลุดบ่อย | การใช้งานของลูกค้า,ปัญหา WiFi,Internet ช้า,BUG FIRMWARE,23
70,ปัญหา WiFi | Internet หลุดบ่อย | การใช้งานของลูกค้า,ปัญหา WiFi,Internet หลุดบ่อย,มีเสียงผิดปกติในตัวโมเด็ม,23
70,ปัญหา WiFi | Internet หลุดบ่อย | การใช้งานของลูกค้า,ปัญหา WiFi,Internet ช้า,สายหัก/สายงอ/สายถูกดึงรั้ง,22
70,ปัญหา WiFi | Internet หลุดบ่อย | การใช้งานของลูกค้า,ค่าสัญญาณไม่ดี,Internet เชื่อมต่อไม่ได้,Wi-fi 2.4G ไม่รองรับ Speed,22
70,ปัญหา WiFi | Internet หลุดบ่อย | การใช้งานของลูกค้า,ติดต่อกลับ-แนะนำ/แก้ไขปัญหาการใช้งาน,แจ้งเสีย-WiFi,,22
70,ปัญหา WiFi | Internet หลุดบ่อย | การใช้งานของลูกค้า,ปัญหา Router,เปิด Web ไม่ได้,ลูกค้าใช้งาน Wi Fi ห่างจาก Modem,21
70,ปัญหา WiFi | Internet หลุดบ่อย | การใช้งานของลูกค้า,ปัญหา WiFi,Internet หลุดบ่อย,ไม่ตรงรุ่น,21
70,ปัญหา WiFi | Internet หลุดบ่อย | การใช้งานของลูกค้า,ค่าสัญญาณไม่ดี,Internet เชื่อมต่อไม่ได้,ลูกค้าใช้งาน Wi Fi ห่างจาก Modem,21
70,ปัญหา WiFi | Internet หลุดบ่อย | การใช้งานของลูกค้า,ปัญหา WiFi,Internet หลุดบ่อย,Area Manager เห็นชอบให้มีการเปลี่ยน CPE,20
70,ปัญหา WiFi | Internet หลุดบ่อย | การใช้งานของลูกค้า,ปัญหา WiFi,เปิด Web ไม่ได้,Modemไม่ lock/ไม่ Synch/High Loss,19
70,ปัญหา WiFi | Internet หลุดบ่อย | การใช้งานของลูกค้า,ปัญหา WiFi,Internet หลุดบ่อย,มีค่า Loss สูง,19
70,ปัญหา WiFi | Internet หลุดบ่อย | การใช้งานของลูกค้า,ปัญหา WiFi,Internet หลุดบ่อย,Ticket มีการระบุให้เปลี่ยนอุปกรณ์,18
70,ปัญหา WiFi | Internet หลุดบ่อย | การใช้งานของลูกค้า,ค่าสัญญาณไม่ดี,Internet หลุดบ่อย,Wi-fi 2.4G ไม่รองรับ Speed,16
70,ปัญหา WiFi | Internet หลุดบ่อย | การใช้งานของลูกค้า,ค่าสัญญาณไม่ดี,Internet หลุดบ่อย,ลูกค้าใช้งาน Wi Fi ห่างจาก Modem,16
70,ปัญหา WiFi | Internet หลุดบ่อย | การใช้งานของลูกค้า,ปัญหา WiFi,Internet หลุดบ่อย,LAN เสีย,16
70,ปัญหา WiFi | Internet หลุดบ่อย | การใช้งานของลูกค้า,ปัญหา Router,Internet ช้า,มีสัญญาณรบกวน WiFi สูง,15
70,ปัญหา WiFi | Internet หลุดบ่อย | การใช้งานของลูกค้า,ปัญหา WiFi,Internet หลุดบ่อย,BUG FIRMWARE,15
70,ปัญหา WiFi | Internet หลุดบ่อย | การใช้งานของลูกค้า,ปัญหา WiFi,Internet ช้า,หัวสายสำเร็จSC-APC เสีย,15
70,ปัญหา WiFi | Internet หลุดบ่อย | การใช้งานของลูกค้า,ค่าสัญญาณไม่ดี,Internet ช้า,ลูกค้าใช้งาน Wi Fi ห่างจาก Modem,14
70,ปัญหา WiFi | Internet หลุดบ่อย | การใช้งานของลูกค้า,Retention Fault,คุณภาพสัญญาน,ลูกค้าใช้งาน Wi Fi ห่างจาก Modem,14
70,ปัญหา WiFi | Internet หลุดบ่อย | การใช้งานของลูกค้า,ปัญหา WiFi,Internet หลุดบ่อย,CONFIG.PARAMETER ไม่ถูกต้อง,13
70,ปัญหา WiFi | Internet หลุดบ่อย | การใช้งานของลูกค้า,ค่าสัญญาณไม่ดี,Internet หลุดบ่อย,มีสัญญาณรบกวน WiFi สูง,13
70,ปัญหา WiFi | Internet หลุดบ่อย | การใช้งานของลูกค้า,ปัญหา WiFi,Internet หลุดบ่อย,ข้อต่อหลวม ไม่ดี/ไม่สนิท,13
70,ปัญหา WiFi | Internet หลุดบ่อย | การใช้งานของลูกค้า,ปัญหา WiFi,Internet หลุดบ่อย,อุปกรณ์ Hang,13
70,ปัญหา WiFi | Internet หลุดบ่อย | การใช้งานของลูกค้า,ปัญหา WiFi,Internet หลุดบ่อย,สายเสื่อมสภาพ,13
70,ปัญหา WiFi | Internet หลุดบ่อย | การใช้งานของลูกค้า,ปัญหา WiFi,Internet หลุดบ่อย,เสาอากาศชำรุด,12
70,ปัญหา WiFi | Internet หลุดบ่อย | การใช้งานของลูกค้า,ค่าสัญญาณไม่ดี,Internet เชื่อมต่อไม่ได้,มีสัญญาณรบกวน WiFi สูง,12
70,ปัญหา WiFi | Internet หลุดบ่อย | การใช้งานของลูกค้า,ปัญหา WiFi,Internet ช้า,หัวสายสำเร็จSC-APC หลวม /ไม่สนิท,12
70,ปัญหา WiFi | Internet หลุดบ่อย | การใช้งานของลูกค้า,ปัญหา WiFi,เปิด Web ไม่ได้,ทดสอบและอธิบายลูกค้า,12
70,ปัญหา WiFi | Internet หลุดบ่อย | การใช้งานของลูกค้า,ปัญหา WiFi,Internet หลุดบ่อย,ลูกค้าไม่อยู่บ้าน,10
70,ปัญหา WiFi | Internet หลุดบ่อย | การใช้งานของลูกค้า,ปัญหา WiFi,Internet หลุดบ่อย,Costomer Knowledge,10
70,ปัญหา WiFi | Internet หลุดบ่อย | การใช้งานของลูกค้า,ปัญหาการใช้งานของลูกค้า,เปิด Web ไม่ได้,มีสัญญาณรบกวน WiFi สูง,10
70,ปัญหา WiFi | Internet หลุดบ่อย | การใช้งานของลูกค้า,Retention Fault,คุณภาพสัญญาน,มีสัญญาณรบกวน WiFi สูง,9
70,ปัญหา WiFi | Internet หลุดบ่อย | การใช้งานของลูกค้า,ปัญหาการใช้งานของลูกค้า,Internet หลุดบ่อย,Modemไม่ lock/ไม่ Synch/High Loss,9
70,ปัญหา WiFi | Internet หลุดบ่อย | การใช้งานของลูกค้า,ปัญหา WiFi,Internet ช้า,มีเสียงผิดปกติในตัวโมเด็ม,9
70,ปัญหา WiFi | Internet หลุดบ่อย | การใช้งานของลูกค้า,ปัญหา WiFi,Internet ช้า,Wi-fi 2.4G ไม่รองรับ Speed,9
70,ปัญหา WiFi | Internet หลุดบ่อย | การใช้งานของลูกค้า,ปัญหา WiFi,Internet ช้า,Ticket มีการระบุให้เปลี่ยนอุปกรณ์,8
70,ปัญหา WiFi | Internet หลุดบ่อย | การใช้งานของลูกค้า,ปัญหา WiFi,เปิด Web ไม่ได้,Modem ไม่รองรับ Package ลูกค้า,8
70,ปัญหา WiFi | Internet หลุดบ่อย | การใช้งานของลูกค้า,ปัญหา WiFi,Internet หลุดบ่อย,การไฟฟ้าย้ายแนว/จัดระเบียบสาย,8
70,ปัญหา WiFi | Internet หลุดบ่อย | การใช้งานของลูกค้า,ปัญหา WiFi,Internet ช้า,Costomer Knowledge,8
70,ปัญหา WiFi | Internet หลุดบ่อย | การใช้งานของลูกค้า,Proactive-Fiber broken,Proactive,Wi-fi 2.4G ไม่รองรับ Speed,7
70,ปัญหา WiFi | Internet หลุดบ่อย | การใช้งานของลูกค้า,Retention Fault,คุณภาพสัญญาน,สัญญาณ Wifi ไม่ครอบคลุม,7
70,ปัญหา WiFi | Internet หลุดบ่อย | การใช้งานของลูกค้า,ปัญหา WiFi,Internet ช้า,เปลี่ยน process การทำงาน,7
70,ปัญหา WiFi | Internet หลุดบ่อย | การใช้งานของลูกค้า,ปัญหา Router,Internet หลุดบ่อย,Wi-fi 2.4G ไม่รองรับ Speed,7
70,ปัญหา WiFi | Internet หลุดบ่อย | การใช้งานของลูกค้า,ปัญหา Router,Internet ช้า,ลูกค้าใช้งาน Wi Fi ห่างจาก Modem,7
70,ปัญหา WiFi | Internet หลุดบ่อย | การใช้งานของลูกค้า,ปัญหา WiFi,Internet ช้า,ข้อต่อหลวม ไม่ดี/ไม่สนิท,6
70,ปัญหา WiFi | Internet หลุดบ่อย | การใช้งานของลูกค้า,ปัญหา WiFi,เปิด Web ไม่ได้,สายหัก/สายงอ/สายถูกดึงรั้ง,6
70,ปัญหา WiFi | Internet หลุดบ่อย | การใช้งานของลูกค้า,ปัญหา WiFi,Internet ช้า,Switch on/off เสีย/ชำรุดแตกหัก,6
70,ปัญหา WiFi | Internet หลุดบ่อย | การใช้งานของลูกค้า,ปัญหา WiFi,Internet หลุดบ่อย,หัวสายสำเร็จSC-APC สกปรก,6
70,ปัญหา WiFi | Internet หลุดบ่อย | การใช้งานของลูกค้า,ปัญหา WiFi,Internet ช้า,Area Manager เห็นชอบให้มีการเปลี่ยน CPE,6
70,ปัญหา WiFi | Internet หลุดบ่อย | การใช้งานของลูกค้า,ปัญหา Router,Internet หลุดบ่อย,ลูกค้าใช้งาน Wi Fi ห่างจาก Modem,6
70,ปัญหา WiFi | Internet หลุดบ่อย | การใช้งานของลูกค้า,ปัญหา WiFi,Internet หลุดบ่อย,ลูกค้าต้องการเปลี่ยน Mesh Wifi,6
70,ปัญหา WiFi | Internet หลุดบ่อย | การใช้งานของลูกค้า,ปัญหา WiFi,Internet ช้า,LAN เสีย,6
70,ปัญหา WiFi | Internet หลุดบ่อย | การใช้งานของลูกค้า,ปัญหา WiFi,เปิด Web ไม่ได้,Wi-fi 2.4G ไม่รองรับ Speed,5
70,ปัญหา WiFi | Internet หลุดบ่อย | การใช้งานของลูกค้า,ไฟ Power ไม่ติด,Internet เชื่อมต่อไม่ได้,Wi-fi 2.4G ไม่รองรับ Speed,5
70,ปัญหา WiFi | Internet หลุดบ่อย | การใช้งานของลูกค้า,ค่าสัญญาณไม่ดี,Internet ช้า,Wi-fi 2.4G ไม่รองรับ Speed,5
70,ปัญหา WiFi | Internet หลุดบ่อย | การใช้งานของลูกค้า,ปัญหา WiFi,Internet หลุดบ่อย,หลอดไฟ LED Status เสีย,5
70,ปัญหา WiFi | Internet หลุดบ่อย | การใช้งานของลูกค้า,ปัญหา WiFi,Internet ช้า,มีค่า Loss สูง,5
70,ปัญหา WiFi | Internet หลุดบ่อย | การใช้งานของลูกค้า,ปัญหาการใช้งานของลูกค้า,Internet หลุดบ่อย,ลูกค้าใช้งาน Wi Fi ห่างจาก Modem,5
70,ปัญหา WiFi | Internet หลุดบ่อย | การใช้งานของลูกค้า,ปัญหา WiFi,Internet ช้า,ไม่ตรงรุ่น,5
70,ปัญหา WiFi | Internet หลุดบ่อย | การใช้งานของลูกค้า,ปัญหา WiFi,Internet หลุดบ่อย,ลูกค้าใช้งาน Wi Fi ห่างจาก Mesh,4
70,ปัญหา WiFi | Internet หลุดบ่อย | การใช้งานของลูกค้า,ค่าสัญญาณไม่ดี,เปิด Web ไม่ได้,Wi-fi 2.4G ไม่รองรับ Speed,4
70,ปัญหา WiFi | Internet หลุดบ่อย | การใช้งานของลูกค้า,ปัญหา WiFi,เปิด Web ไม่ได้,หัวสายสำเร็จSC-APC เสีย,4
70,ปัญหา WiFi | Internet หลุดบ่อย | การใช้งานของลูกค้า,ปัญหา WiFi,Internet หลุดบ่อย,Remote ไม่ทำงาน,4
70,ปัญหา WiFi | Internet หลุดบ่อย | การใช้งานของลูกค้า,ปัญหา WiFi,Internet ช้า,พบปัญหาใหม่,4
70,ปัญหา WiFi | Internet หลุดบ่อย | การใช้งานของลูกค้า,Network Event,แจ้งเสีย-WiFi,,4
70,ปัญหา WiFi | Internet หลุดบ่อย | การใช้งานของลูกค้า,ปัญหา WiFi,Internet หลุดบ่อย,สัตว์ (เช่น ลิง กระรอก ช้าง ),4
70,ปัญหา WiFi | Internet หลุดบ่อย | การใช้งานของลูกค้า,ปัญหา WiFi,Internet ช้า,CONFIG.PARAMETER ไม่ถูกต้อง,4
70,ปัญหา WiFi | Internet หลุดบ่อย | การใช้งานของลูกค้า,ปัญหา WiFi,Internet ช้า,อุปกรณ์ Hang,4
70,ปัญหา WiFi | Internet หลุดบ่อย | การใช้งานของลูกค้า,ปัญหา WiFi,Internet หลุดบ่อย,รถเกี่ยว,4
70,ปัญหา WiFi | Internet หลุดบ่อย | การใช้งานของลูกค้า,ค่าสัญญาณไม่ดี,Internet เชื่อมต่อไม่ได้,ลูกค้าต้องการเปลี่ยน Mesh Wifi,4
70,ปัญหา WiFi | Internet หลุดบ่อย | การใช้งานของลูกค้า,ปัญหา WiFi,Internet หลุดบ่อย,เทศบาลตัดแต่งต้นไม้,4
70,ปัญหา WiFi | Internet หลุดบ่อย | การใช้งานของลูกค้า,ปัญหา WiFi,Internet ช้า,ลูกค้าใช้งาน Wi Fi ห่างจาก Mesh,3
70,ปัญหา WiFi | Internet หลุดบ่อย | การใช้งานของลูกค้า,ปัญหา WiFi,Internet ช้า,สูญหาย,3
70,ปัญหา WiFi | Internet หลุดบ่อย | การใช้งานของลูกค้า,ปัญหา WiFi,เปิด Web ไม่ได้,เปลี่ยน process การทำงาน,3
70,ปัญหา WiFi | Internet หลุดบ่อย | การใช้งานของลูกค้า,ค่าสัญญาณไม่ดี,Internet ช้า,มีสัญญาณรบกวน WiFi สูง,3
70,ปัญหา WiFi | Internet หลุดบ่อย | การใช้งานของลูกค้า,ค่าสัญญาณไม่ดี,Internet เชื่อมต่อไม่ได้,สัญญาณ Wifi ไม่ครอบคลุม,3
70,ปัญหา WiFi | Internet หลุดบ่อย | การใช้งานของลูกค้า,ค่าสัญญาณไม่ดี,Internet หลุดบ่อย,ลูกค้าต้องการเปลี่ยน Mesh Wifi,3
70,ปัญหา WiFi | Internet หลุดบ่อย | การใช้งานของลูกค้า,ปัญหา WiFi,เปิด Web ไม่ได้,หัวสายสำเร็จSC-APC หลวม /ไม่สนิท,3
70,ปัญหา WiFi | Internet หลุดบ่อย | การใช้งานของลูกค้า,ปัญหา WiFi,Internet หลุดบ่อย,ค่าสัญญาณดี ภาพค้าง/ ขาดหาย,3
70,ปัญหา WiFi | Internet หลุดบ่อย | การใช้งานของลูกค้า,ค่าสัญญาณไม่ดี,Internet ช้า,ลูกค้าต้องการเปลี่ยน Mesh Wifi,3
70,ปัญหา WiFi | Internet หลุดบ่อย | การใช้งานของลูกค้า,ปัญหา WiFi,เปิด Web ไม่ได้,รถเกี่ยว,3
70,ปัญหา WiFi | Internet หลุดบ่อย | การใช้งานของลูกค้า,ค่าสัญญาณไม่ดี,Internet เชื่อมต่อไม่ได้,ลูกค้าใช้งาน Wi Fi ห่างจาก Mesh,3
70,ปัญหา WiFi | Internet หลุดบ่อย | การใช้งานของลูกค้า,ทรูการันตี-สัญญาณ Wifi ไม่ครอบคลุมพิจารณาติด Mesh,Internet หลุดบ่อย,,3
70,ปัญหา WiFi | Internet หลุดบ่อย | การใช้งานของลูกค้า,Retention Fault,คุณภาพสัญญาน,ลูกค้าใช้งาน Wi Fi ห่างจาก Mesh,3
70,ปัญหา WiFi | Internet หลุดบ่อย | การใช้งานของลูกค้า,ปัญหา WiFi,เปิด Web ไม่ได้,การไฟฟ้าย้ายแนว/จัดระเบียบสาย,2
70,ปัญหา WiFi | Internet หลุดบ่อย | การใช้งานของลูกค้า,ปัญหา WiFi,เปิด Web ไม่ได้,พบปัญหาใหม่,2
70,ปัญหา WiFi | Internet หลุดบ่อย | การใช้งานของลูกค้า,Repeatมากกว่า2ครั้ง-ปัญหาWirelessค่าสัญญาณดี,Connectได้แต่มีปัญหา,การใช้งานของลูกค้า,2
70,ปัญหา WiFi | Internet หลุดบ่อย | การใช้งานของลูกค้า,ปัญหา WiFi,Internet ช้า,หัวสายสำเร็จSC-APC สกปรก,2
70,ปัญหา WiFi | Internet หลุดบ่อย | การใช้งานของลูกค้า,ปัญหา WiFi,Internet หลุดบ่อย,พายุ,2
70,ปัญหา WiFi | Internet หลุดบ่อย | การใช้งานของลูกค้า,ปัญหา WiFi,Internet ช้า,Voice ไม่ติด (ไฟ Phone ไม่ติด),2
70,ปัญหา WiFi | Internet หลุดบ่อย | การใช้งานของลูกค้า,ปัญหา WiFi,Internet หลุดบ่อย,สูญหาย,2
70,ปัญหา WiFi | Internet หลุดบ่อย | การใช้งานของลูกค้า,ปัญหา WiFi,Internet หลุดบ่อย,Voice ไม่ติด (ไฟ Phone ไม่ติด),2
70,ปัญหา WiFi | Internet หลุดบ่อย | การใช้งานของลูกค้า,ปัญหา WiFi,Internet ช้า,เหตุเสียภายใน 90 วัน,2
70,ปัญหา WiFi | Internet หลุดบ่อย | การใช้งานของลูกค้า,ปัญหา WiFi,Internet ช้า,รถเกี่ยว,2
70,ปัญหา WiFi | Internet หลุดบ่อย | การใช้งานของลูกค้า,ทรูการันตี-สัญญาณ Wifi ไม่ครอบคลุมพิจารณาติด Mesh,Internet ช้า,ส่งงานไม่ถูกต้อง,2
70,ปัญหา WiFi | Internet หลุดบ่อย | การใช้งานของลูกค้า,ปัญหา WiFi,Internet หลุดบ่อย,หลวม/แตกหัก,2
70,ปัญหา WiFi | Internet หลุดบ่อย | การใช้งานของลูกค้า,ปัญหา WiFi,เปิด Web ไม่ได้,BUG FIRMWARE,2
70,ปัญหา WiFi | Internet หลุดบ่อย | การใช้งานของลูกค้า,ปัญหา WiFi,เปิด Web ไม่ได้,CONFIG.PARAMETER ไม่ถูกต้อง,2
70,ปัญหา WiFi | Internet หลุดบ่อย | การใช้งานของลูกค้า,ปัญหา WiFi,เปิด Web ไม่ได้,LAN เสีย,2
70,ปัญหา WiFi | Internet หลุดบ่อย | การใช้งานของลูกค้า,ค่าสัญญาณไม่ดี,Internet หลุดบ่อย,ลูกค้าใช้งาน Wi Fi ห่างจาก Mesh,2
70,ปัญหา WiFi | Internet หลุดบ่อย | การใช้งานของลูกค้า,ปัญหา WiFi,Internet ช้า,การไฟฟ้าย้ายแนว/จัดระเบียบสาย,2
70,ปัญหา WiFi | Internet หลุดบ่อย | การใช้งานของลูกค้า,ปัญหา Router,เปิด Web ไม่ได้,สัญญาณ Wifi ไม่ครอบคลุม,2
70,ปัญหา WiFi | Internet หลุดบ่อย | การใช้งานของลูกค้า,ปัญหา WiFi,Internet ช้า,ระยะสาย Drop Wire ไกล,2
70,ปัญหา WiFi | Internet หลุดบ่อย | การใช้งานของลูกค้า,ปัญหา WiFi,Internet หลุดบ่อย,ระยะสาย Drop Wire ไกล,2
70,ปัญหา WiFi | Internet หลุดบ่อย | การใช้งานของลูกค้า,ปัญหา WiFi,Internet หลุดบ่อย,เหตุเสียภายใน 90 วัน,2
70,ปัญหา WiFi | Internet หลุดบ่อย | การใช้งานของลูกค้า,ปัญหาการใช้งานของลูกค้า,ใช้งานบาง Program/App ไม่ได้,ลูกค้าต้องการเปลี่ยน Mesh Wifi,1
70,ปัญหา WiFi | Internet หลุดบ่อย | การใช้งานของลูกค้า,ปัญหา WiFi,Internet ช้า,Process,1
70,ปัญหา WiFi | Internet หลุดบ่อย | การใช้งานของลูกค้า,ปัญหา WiFi,เปิด Web ไม่ได้,มีค่า Loss สูง,1
70,ปัญหา WiFi | Internet หลุดบ่อย | การใช้งานของลูกค้า,ปัญหา WiFi,Internet หลุดบ่อย,ช่องรายการถูกล็อค(E016/E017),1
70,ปัญหา WiFi | Internet หลุดบ่อย | การใช้งานของลูกค้า,Repeatมากกว่า2ครั้ง-ปัญหาWirelessค่าสัญญาณดี,Connectได้แต่มีปัญหา,ลูกค้าต้องการเปลี่ยน Modem,1
70,ปัญหา WiFi | Internet หลุดบ่อย | การใช้งานของลูกค้า,ปัญหาการใช้งานของลูกค้า,เปิด Web ไม่ได้,Wi-fi 2.4G ไม่รองรับ Speed,1
70,ปัญหา WiFi | Internet หลุดบ่อย | การใช้งานของลูกค้า,Proactive WiFi หลุดบ่อย,Proactive,LAN เสีย,1
70,ปัญหา WiFi | Internet หลุดบ่อย | การใช้งานของลูกค้า,ทรูการันตี-สัญญาณ Wifi ไม่ครอบคลุมพิจารณาติด Mesh,Internet หลุดบ่อย,ขัดข้อง/เสีย,1
70,ปัญหา WiFi | Internet หลุดบ่อย | การใช้งานของลูกค้า,ปัญหา WiFi,เปิด Web ไม่ได้,Area Manager เห็นชอบให้มีการเปลี่ยน CPE,1
70,ปัญหา WiFi | Internet หลุดบ่อย | การใช้งานของลูกค้า,Proactive WiFi หลุดบ่อย,Proactive,อื่น ๆ,1
70,ปัญหา WiFi | Internet หลุดบ่อย | การใช้งานของลูกค้า,ปัญหา WiFi,Internet ช้า,ลูกค้าไม่อยู่บ้าน,1
70,ปัญหา WiFi | Internet หลุดบ่อย | การใช้งานของลูกค้า,ปัญหา WiFi,Internet ช้า,Mesh pair ไม่สำเร็จ,1
70,ปัญหา WiFi | Internet หลุดบ่อย | การใช้งานของลูกค้า,ปัญหา WiFi,เปิด Web ไม่ได้,อุปกรณ์ Hang,1
70,ปัญหา WiFi | Internet หลุดบ่อย | การใช้งานของลูกค้า,ปัญหาระบบ,ใช้งานบาง Program/App ไม่ได้,สัญญาณ Wifi ไม่ครอบคลุม,1
70,ปัญหา WiFi | Internet หลุดบ่อย | การใช้งานของลูกค้า,ปัญหา WiFi,Internet หลุดบ่อย,สายขาด,1
70,ปัญหา WiFi | Internet หลุดบ่อย | การใช้งานของลูกค้า,Repeatมากกว่า2ครั้ง-ปัญหาWirelessค่าสัญญาณดี,Connectได้แต่มีปัญหา,ขัดข้อง/เสีย,1
70,ปัญหา WiFi | Internet หลุดบ่อย | การใช้งานของลูกค้า,ปัญหา WiFi,เปิด Web ไม่ได้,ลูกค้าไม่อยู่บ้าน,1
70,ปัญหา WiFi | Internet หลุดบ่อย | การใช้งานของลูกค้า,Repeatมากกว่า2ครั้ง-ปัญหาWirelessค่าสัญญาณดี,Connectได้แต่มีปัญหา,CONFIG CHANGE,1
70,ปัญหา WiFi | Internet หลุดบ่อย | การใช้งานของลูกค้า,ค่าสัญญาณไม่ดี,Internet ช้า,สัญญาณ Wifi ไม่ครอบคลุม,1
70,ปัญหา WiFi | Internet หลุดบ่อย | การใช้งานของลูกค้า,ปัญหา WiFi,Internet หลุดบ่อย,หน้าจอแสดง Error C0002,1
70,ปัญหา WiFi | Internet หลุดบ่อย | การใช้งานของลูกค้า,ปัญหาการใช้งานของลูกค้า,ใช้กล้องวงจรปิดไม่ได้,ลูกค้าใช้งาน Wi Fi ห่างจาก Modem,1
70,ปัญหา WiFi | Internet หลุดบ่อย | การใช้งานของลูกค้า,ปัญหา WiFi,Internet ช้า,เสาอากาศชำรุด,1
70,ปัญหา WiFi | Internet หลุดบ่อย | การใช้งานของลูกค้า,ปัญหา WiFi,Internet หลุดบ่อย,เสนอบริการพิเศษ,1
70,ปัญหา WiFi | Internet หลุดบ่อย | การใช้งานของลูกค้า,ปัญหา WiFi,Internet ช้า,ลูกค้าต้องการเปลี่ยน Mesh Wifi,1
70,ปัญหา WiFi | Internet หลุดบ่อย | การใช้งานของลูกค้า,Proactive WiFi หลุดบ่อย,Proactive,สายเสื่อมสภาพ,1
70,ปัญหา WiFi | Internet หลุดบ่อย | การใช้งานของลูกค้า,ปัญหา WiFi,Internet หลุดบ่อย,Port HDMI/AV/optical/usb เสีย,1
70,ปัญหา WiFi | Internet หลุดบ่อย | การใช้งานของลูกค้า,ปัญหา Router,Internet ช้า,สัญญาณ Wifi ไม่ครอบคลุม,1
70,ปัญหา WiFi | Internet หลุดบ่อย | การใช้งานของลูกค้า,ปัญหา WiFi,Internet ช้า,หลวม/แตกหัก,1
70,ปัญหา WiFi | Internet หลุดบ่อย | การใช้งานของลูกค้า,ทรูการันตี-สัญญาณ Wifi ไม่ครอบคลุมพิจารณาติด Mesh,Internet ช้า,CONFIG.PARAMETER ไม่ถูกต้อง,1
70,ปัญหา WiFi | Internet หลุดบ่อย | การใช้งานของลูกค้า,ปัญหาการใช้งานของลูกค้า,Internet ช้า,ลูกค้าต้องการเปลี่ยน Mesh Wifi,1
70,ปัญหา WiFi | Internet หลุดบ่อย | การใช้งานของลูกค้า,Retention Fault,คุณภาพสัญญาน,ลูกค้าต้องการเปลี่ยน Mesh Wifi,1
70,ปัญหา WiFi | Internet หลุดบ่อย | การใช้งานของลูกค้า,Proactive-Fiber broken,Proactive,ลูกค้าใช้งาน Wi Fi ห่างจาก Modem,1
70,ปัญหา WiFi | Internet หลุดบ่อย | การใช้งานของลูกค้า,ปัญหา WiFi,Internet หลุดบ่อย,ผรม ติดตั้งกล่องไม่สมบูรณ์,1
70,ปัญหา WiFi | Internet หลุดบ่อย | การใช้งานของลูกค้า,ปัญหา WiFi,Internet หลุดบ่อย,Port เสีย,1
70,ปัญหา WiFi | Internet หลุดบ่อย | การใช้งานของลูกค้า,Proactive WiFi หลุดบ่อย,Proactive,การไฟฟ้าย้ายแนว/จัดระเบียบสาย,1
70,ปัญหา WiFi | Internet หลุดบ่อย | การใช้งานของลูกค้า,ปัญหา WiFi,Internet หลุดบ่อย,Port Lan เสีย,1
70,ปัญหา WiFi | Internet หลุดบ่อย | การใช้งานของลูกค้า,ทรูการันตี-สัญญาณ Wifi ไม่ครอบคลุมพิจารณาติด Mesh,Internet ช้า,,1
70,ปัญหา WiFi | Internet หลุดบ่อย | การใช้งานของลูกค้า,Repeatมากกว่า2ครั้ง-ปัญหาWirelessค่าสัญญาณดี,Connectได้แต่มีปัญหา,ทรูรับผิดชอบ,1
70,ปัญหา WiFi | Internet หลุดบ่อย | การใช้งานของลูกค้า,มีสัญญาณแต่โทรเข้าไม่ได้,โทรเข้า,Wi-fi 2.4G ไม่รองรับ Speed,1
70,ปัญหา WiFi | Internet หลุดบ่อย | การใช้งานของลูกค้า,FTTR-ปัญหา WiFi,Internet หลุดบ่อย,ไม่ทราบสาเหตุ,1
70,ปัญหา WiFi | Internet หลุดบ่อย | การใช้งานของลูกค้า,ปัญหา WiFi,Internet ช้า,กล่องไม่อ่านการ์ด,1
70,ปัญหา WiFi | Internet หลุดบ่อย | การใช้งานของลูกค้า,ปัญหา WiFi,Internet ช้า,ช่องรายการถูกล็อค(CA14),1
70,ปัญหา WiFi | Internet หลุดบ่อย | การใช้งานของลูกค้า,ปัญหา WiFi,Internet หลุดบ่อย,CONFIG CHANGE/BUG FIRMWARE,1
70,ปัญหา WiFi | Internet หลุดบ่อย | การใช้งานของลูกค้า,ปัญหา WiFi,Internet หลุดบ่อย,กล่องรับสัญญาณขัดข้อง (E161),1
70,ปัญหา WiFi | Internet หลุดบ่อย | การใช้งานของลูกค้า,ปัญหา WiFi,เปิด Web ไม่ได้,มีเสียงผิดปกติในตัวโมเด็ม,1
70,ปัญหา WiFi | Internet หลุดบ่อย | การใช้งานของลูกค้า,ปัญหา WiFi,Internet ช้า,ไฟฟ้าดับ,1
70,ปัญหา WiFi | Internet หลุดบ่อย | การใช้งานของลูกค้า,ปัญหา WiFi,Internet หลุดบ่อย,Exp ดี - ลูกค้าไม่สะดวกให้ตรวจสอบ,1
70,ปัญหา WiFi | Internet หลุดบ่อย | การใช้งานของลูกค้า,ปัญหา WiFi,Internet หลุดบ่อย,ลูกค้าต้องการเปลี่ยน Set Top Box,1
70,ปัญหา WiFi | Internet หลุดบ่อย | การใช้งานของลูกค้า,ปัญหา WiFi,เปิด Web ไม่ได้,สายเสื่อมสภาพ,1
70,ปัญหา WiFi | Internet หลุดบ่อย | การใช้งานของลูกค้า,Proactive WiFi หลุดบ่อย,Proactive,ค่าสัญญาณดี ภาพค้าง/ ขาดหาย,1
70,ปัญหา WiFi | Internet หลุดบ่อย | การใช้งานของลูกค้า,ปัญหา WiFi,เปิด Web ไม่ได้,สัตว์ (เช่น ลิง กระรอก ช้าง ),1
70,ปัญหา WiFi | Internet หลุดบ่อย | การใช้งานของลูกค้า,ปัญหา WiFi,Internet ช้า,ค่าสัญญาณดี แต่พบภาพขาดหาย/ ภาพแตก/ เสียงขาดหาย,1
70,ปัญหา WiFi | Internet หลุดบ่อย | การใช้งานของลูกค้า,ใช้โปรแกรมอื่นไม่ได้ (ระบุชื่อโปรแกรม),แจ้งเสีย-WiFi,,1
70,ปัญหา WiFi | Internet หลุดบ่อย | การใช้งานของลูกค้า,ปัญหา WiFi,Internet ช้า,ค่าสัญญาณดี ไม่มีภาพ/ ไม่มีเสียง,1
70,ปัญหา WiFi | Internet หลุดบ่อย | การใช้งานของลูกค้า,ปัญหา WiFi,Internet หลุดบ่อย,ไฟไหม้,1
70,ปัญหา WiFi | Internet หลุดบ่อย | การใช้งานของลูกค้า,ปัญหา Router,Internet ช้า,ลูกค้าต้องการเปลี่ยน Mesh Wifi,1
70,ปัญหา WiFi | Internet หลุดบ่อย | การใช้งานของลูกค้า,ปัญหา WiFi,Internet หลุดบ่อย,กล่องไม่อ่านการ์ด,1
70,ปัญหา WiFi | Internet หลุดบ่อย | การใช้งานของลูกค้า,ปัญหาการใช้งานของลูกค้า,Internet ช้า,สัญญาณ Wifi ไม่ครอบคลุม,1
70,ปัญหา WiFi | Internet หลุดบ่อย | การใช้งานของลูกค้า,ปัญหา WiFi,Internet ช้า,Modem แตกหัก/สีผิดสภาพเดิม,1
70,ปัญหา WiFi | Internet หลุดบ่อย | การใช้งานของลูกค้า,ปัญหา WiFi,เปิด Web ไม่ได้,ลูกค้าใช้งาน Wi Fi ห่างจาก Modem,1
70,ปัญหา WiFi | Internet หลุดบ่อย | การใช้งานของลูกค้า,ค่าสัญญาณไม่ดี,Internet หลุดบ่อย,สัญญาณ Wifi ไม่ครอบคลุม,1
70,ปัญหา WiFi | Internet หลุดบ่อย | การใช้งานของลูกค้า,Proactive Wifi interference (antman),Proactive,LAN เสีย,1
70,ปัญหา WiFi | Internet หลุดบ่อย | การใช้งานของลูกค้า,ปัญหา WiFi,Internet ช้า,เทศบาลตัดแต่งต้นไม้,1
70,ปัญหา WiFi | Internet หลุดบ่อย | การใช้งานของลูกค้า,ปัญหา WiFi,Internet หลุดบ่อย,อุปกรณ์ลูกค้า TV/เครื่องเสียง/อุปกรณ์ Bluetooth,1
70,ปัญหา WiFi | Internet หลุดบ่อย | การใช้งานของลูกค้า,ปัญหา WiFi,เปิด Web ไม่ได้,ลูกค้าต้องการเปลี่ยน Mesh Wifi,1
70,ปัญหา WiFi | Internet หลุดบ่อย | การใช้งานของลูกค้า,ปัญหาการใช้งานของลูกค้า,Internet หลุดบ่อย,ลูกค้าต้องการเปลี่ยน Mesh Wifi,1
70,ปัญหา WiFi | Internet หลุดบ่อย | การใช้งานของลูกค้า,ปัญหา WiFi,Internet ช้า,ลูกค้าใช้งาน Wi Fi ห่างจาก AP,1
70,ปัญหา WiFi | Internet หลุดบ่อย | การใช้งานของลูกค้า,ปัญหา WiFi,Internet ช้า,AP ไม่รองรับ Package ลูกค้า,1
70,ปัญหา WiFi | Internet หลุดบ่อย | การใช้งานของลูกค้า,ทรูการันตี-สัญญาณ Wifi ไม่ครอบคลุมพิจารณาติด Mesh,Internet หลุดบ่อย,การใช้งานของลูกค้า,1
70,ปัญหา WiFi | Internet หลุดบ่อย | การใช้งานของลูกค้า,ปัญหา WiFi,Internet หลุดบ่อย,แมลง(เช่น จักจั่น มด ปลวก),1
70,ปัญหา WiFi | Internet หลุดบ่อย | การใช้งานของลูกค้า,Proactive WiFi หลุดบ่อย,Proactive,ทดสอบและอธิบายลูกค้า,1
70,ปัญหา WiFi | Internet หลุดบ่อย | การใช้งานของลูกค้า,ปัญหา WiFi,Internet หลุดบ่อย,ลูกค้าใช้งาน Wi Fi ห่างจาก AP,1
70,ปัญหา WiFi | Internet หลุดบ่อย | การใช้งานของลูกค้า,Proactive WiFi หลุดบ่อย,Proactive,ส่งงานไม่ถูกต้อง,1
70,ปัญหา WiFi | Internet หลุดบ่อย | การใช้งานของลูกค้า,Access Point Down,แจ้งเสีย-WiFi,,1
70,ปัญหา WiFi | Internet หลุดบ่อย | การใช้งานของลูกค้า,Proactive WiFi หลุดบ่อย,Proactive,การใช้งานของลูกค้า,1
